{"type":"FeatureCollection","features":[{"type":"Feature","properties":{"kind":"piste","difficulty":"intermediate","name":"Dorfstrasse","aerialway":null,"osm":"way/9496344"},"geometry":{"type":"LineString","coordinates":[[10.3565,46.94179],[10.35687,46.94192]]}},{"type":"Feature","properties":{"kind":"lift","difficulty":null,"name":"Silvrettabahn I","aerialway":"gondola","osm":"way/22995030"},"geometry":{"type":"LineString","coordinates":[[10.28801,47.01014],[10.30221,46.99612]]}},{"type":"Feature","properties":{"kind":"lift","difficulty":null,"name":"Fimbabahn II","aerialway":"gondola","osm":"way/22995063"},"geometry":{"type":"LineString","coordinates":[[10.30101,46.99749],[10.3171,46.98265]]}},{"type":"Feature","properties":{"kind":"lift","difficulty":null,"name":"Zeblasbahn","aerialway":"chair_lift","osm":"way/22995076"},"geometry":{"type":"LineString","coordinates":[[10.31888,46.96257],[10.31134,46.95072]]}},{"type":"Feature","properties":{"kind":"lift","difficulty":null,"name":"Palinkopfbahn","aerialway":"chair_lift","osm":"way/22995077"},"geometry":{"type":"LineString","coordinates":[[10.31862,46.96287],[10.30942,46.9507]]}},{"type":"Feature","properties":{"kind":"lift","difficulty":null,"name":"Greitspitzbahn","aerialway":"chair_lift","osm":"way/22995103"},"geometry":{"type":"LineString","coordinates":[[10.35215,46.96957],[10.33422,46.97014]]}},{"type":"Feature","properties":{"kind":"lift","difficulty":null,"name":"Viderjochbahn 2","aerialway":"chair_lift","osm":"way/22995104"},"geometry":{"type":"LineString","coordinates":[[10.35217,46.96977],[10.33763,46.9752]]}},{"type":"Feature","properties":{"kind":"lift","difficulty":null,"name":"Idjochbahn","aerialway":"chair_lift","osm":"way/22995110"},"geometry":{"type":"LineString","coordinates":[[10.31639,46.98117],[10.33799,46.97578]]}},{"type":"Feature","properties":{"kind":"lift","difficulty":null,"name":"Flimjochbahn","aerialway":"chair_lift","osm":"way/22995115"},"geometry":{"type":"LineString","coordinates":[[10.31658,46.9814],[10.33964,46.97996]]}},{"type":"Feature","properties":{"kind":"lift","difficulty":null,"name":"Paznauner Thayabahn","aerialway":"chair_lift","osm":"way/22995122"},"geometry":{"type":"LineString","coordinates":[[10.2911,46.972],[10.30735,46.97232]]}},{"type":"Feature","properties":{"kind":"lift","difficulty":null,"name":"Bodenalpbahn","aerialway":"chair_lift","osm":"way/22995123"},"geometry":{"type":"LineString","coordinates":[[10.28586,46.96726],[10.29377,46.96498]]}},{"type":"Feature","properties":{"kind":"lift","difficulty":null,"name":"Twinliner","aerialway":"cable_car","osm":"way/22995144"},"geometry":{"type":"LineString","coordinates":[[10.37472,46.9514],[10.3663,46.96996]]}},{"type":"Feature","properties":{"kind":"lift","difficulty":null,"name":"Alp Trida Sattelbahn","aerialway":"chair_lift","osm":"way/22995152"},"geometry":{"type":"LineString","coordinates":[[10.37389,46.97863],[10.36745,46.97052]]}},{"type":"Feature","properties":{"kind":"lift","difficulty":null,"name":"Flimsattelbahn","aerialway":"chair_lift","osm":"way/22995155"},"geometry":{"type":"LineString","coordinates":[[10.37521,46.97779],[10.34032,46.97996]]}},{"type":"Feature","properties":{"kind":"lift","difficulty":null,"name":"Viderjochbahn 1","aerialway":"chair_lift","osm":"way/22995164"},"geometry":{"type":"LineString","coordinates":[[10.37493,46.97755],[10.35497,46.976]]}},{"type":"Feature","properties":{"kind":"lift","difficulty":null,"name":"Visnitzbahn","aerialway":"chair_lift","osm":"way/22995175"},"geometry":{"type":"LineString","coordinates":[[10.37606,46.97829],[10.37251,46.98857]]}},{"type":"Feature","properties":{"kind":"lift","difficulty":null,"name":"Mullerbahn","aerialway":"chair_lift","osm":"way/22995179"},"geometry":{"type":"LineString","coordinates":[[10.38766,46.98253],[10.37772,46.98411]]}},{"type":"Feature","properties":{"kind":"lift","difficulty":null,"name":"Grivaleabahn","aerialway":"chair_lift","osm":"way/22995180"},"geometry":{"type":"LineString","coordinates":[[10.38692,46.9828],[10.3845,46.99627]]}},{"type":"Feature","properties":{"kind":"lift","difficulty":null,"name":"Gratbahn","aerialway":"chair_lift","osm":"way/22995188"},"geometry":{"type":"LineString","coordinates":[[10.31656,46.98347],[10.32454,46.98999]]}},{"type":"Feature","properties":{"kind":"lift","difficulty":null,"name":"Velillbahn","aerialway":"chair_lift","osm":"way/22995191"},"geometry":{"type":"LineString","coordinates":[[10.3191,46.98245],[10.33629,46.98833]]}},{"type":"Feature","properties":{"kind":"lift","difficulty":null,"name":"Luftseilbahn Samnaun","aerialway":"cable_car","osm":"way/26385251"},"geometry":{"type":"LineString","coordinates":[[10.37524,46.95121],[10.36781,46.97017]]}},{"type":"Feature","properties":{"kind":"lift","difficulty":null,"name":"Höllspitzbahn","aerialway":"chair_lift","osm":"way/29132347"},"geometry":{"type":"LineString","coordinates":[[10.29337,46.97137],[10.30674,46.95928]]}},{"type":"Feature","properties":{"kind":"lift","difficulty":null,"name":"Blais Grondalift","aerialway":"t-bar","osm":"way/29408062"},"geometry":{"type":"LineString","coordinates":[[10.3538,46.96985],[10.35495,46.97653]]}},{"type":"Feature","properties":{"kind":"piste","difficulty":"easy","name":"69","aerialway":null,"osm":"way/30900852"},"geometry":{"type":"LineString","coordinates":[[10.36691,46.97053],[10.36695,46.97137],[10.36756,46.97369],[10.36764,46.97478],[10.36839,46.97651],[10.36906,46.97719],[10.37187,46.97766]]}},{"type":"Feature","properties":{"kind":"piste","difficulty":"intermediate","name":"76","aerialway":null,"osm":"way/30901358"},"geometry":{"type":"LineString","coordinates":[[10.3845,46.99627],[10.38431,46.99631],[10.38407,46.99611],[10.38439,46.9936],[10.38437,46.9926],[10.38413,46.99215],[10.38383,46.99095],[10.38406,46.99074],[10.38514,46.99079],[10.38579,46.99041],[10.38659,46.9895],[10.38708,46.98733],[10.38645,46.98535],[10.38715,46.98428],[10.38746,46.98343],[10.38787,46.98291],[10.38795,46.98247],[10.38766,46.98253]]}},{"type":"Feature","properties":{"kind":"piste","difficulty":"intermediate","name":"69b","aerialway":null,"osm":"way/30962130"},"geometry":{"type":"LineString","coordinates":[[10.36722,46.97058],[10.36866,46.9737],[10.36945,46.97451],[10.37024,46.97603],[10.37093,46.97681],[10.3717,46.97674],[10.37349,46.97725],[10.37529,46.97728],[10.37554,46.97745],[10.37549,46.97769],[10.37493,46.97755]]}},{"type":"Feature","properties":{"kind":"piste","difficulty":"intermediate","name":"70","aerialway":null,"osm":"way/30962210"},"geometry":{"type":"LineString","coordinates":[[10.33422,46.97014],[10.33412,46.97021],[10.33426,46.97044],[10.33473,46.97044],[10.33657,46.96946],[10.33675,46.96925],[10.33685,46.96902],[10.3367,46.96876],[10.33579,46.96834],[10.33559,46.96819],[10.33556,46.96795],[10.33607,46.96689],[10.33661,46.96671],[10.34123,46.96779],[10.34382,46.96855],[10.34599,46.9693],[10.34774,46.97047],[10.34849,46.97051],[10.34951,46.97037]]}},{"type":"Feature","properties":{"kind":"piste","difficulty":"intermediate","name":"72a","aerialway":null,"osm":"way/30962244"},"geometry":{"type":"LineString","coordinates":[[10.33776,46.97539],[10.33805,46.97529],[10.33776,46.97503],[10.3375,46.97446],[10.33752,46.97413],[10.3377,46.97386],[10.33825,46.97364],[10.33908,46.97359],[10.3407,46.97416],[10.34314,46.9742]]}},{"type":"Feature","properties":{"kind":"piste","difficulty":"easy","name":"71","aerialway":null,"osm":"way/30962295"},"geometry":{"type":"LineString","coordinates":[[10.35413,46.97615],[10.35024,46.9722],[10.3496,46.97146],[10.34924,46.9708],[10.34951,46.97037],[10.35205,46.97001],[10.35236,46.96983],[10.35217,46.96977]]}},{"type":"Feature","properties":{"kind":"piste","difficulty":"intermediate","name":"66","aerialway":null,"osm":"way/30962338"},"geometry":{"type":"LineString","coordinates":[[10.37277,46.98864],[10.37785,46.9886],[10.3792,46.98844],[10.37971,46.98749],[10.38046,46.98725],[10.3815,46.98729],[10.38249,46.98744],[10.38333,46.98773],[10.38406,46.98777],[10.38456,46.98756],[10.38523,46.98691],[10.38645,46.98535],[10.3861,46.98383],[10.38655,46.9828],[10.38695,46.9827]]}},{"type":"Feature","properties":{"kind":"piste","difficulty":"intermediate","name":"67","aerialway":null,"osm":"way/30962381"},"geometry":{"type":"LineString","coordinates":[[10.3733,46.98783],[10.37448,46.9866],[10.37472,46.98605],[10.37472,46.98555],[10.37447,46.98505],[10.37357,46.98423],[10.37151,46.98166]]}},{"type":"Feature","properties":{"kind":"piste","difficulty":"easy","name":"63","aerialway":null,"osm":"way/30984207"},"geometry":{"type":"LineString","coordinates":[[10.33964,46.97996],[10.34009,46.97994],[10.34057,46.97923],[10.3413,46.97874],[10.34253,46.97805],[10.34321,46.97787],[10.3493,46.97668],[10.35117,46.97656],[10.35261,46.97692],[10.35446,46.97706]]}},{"type":"Feature","properties":{"kind":"piste","difficulty":"easy","name":null,"aerialway":null,"osm":"way/30984232"},"geometry":{"type":"LineString","coordinates":[[10.35413,46.97615],[10.35446,46.97706]]}},{"type":"Feature","properties":{"kind":"piste","difficulty":"intermediate","name":"67","aerialway":null,"osm":"way/30984338"},"geometry":{"type":"LineString","coordinates":[[10.37772,46.98411],[10.37644,46.98367],[10.37547,46.98362],[10.37398,46.98391],[10.37318,46.98376]]}},{"type":"Feature","properties":{"kind":"piste","difficulty":"intermediate","name":"68","aerialway":null,"osm":"way/30984348"},"geometry":{"type":"LineString","coordinates":[[10.37749,46.98399],[10.37914,46.98374],[10.38214,46.98226],[10.38301,46.982],[10.38548,46.98244],[10.38681,46.98235]]}},{"type":"Feature","properties":{"kind":"piste","difficulty":"easy","name":"70","aerialway":null,"osm":"way/30984505"},"geometry":{"type":"LineString","coordinates":[[10.34951,46.97037],[10.35196,46.9694],[10.35225,46.96943],[10.35233,46.96951],[10.35215,46.96957]]}},{"type":"Feature","properties":{"kind":"piste","difficulty":"intermediate","name":"40","aerialway":null,"osm":"way/31904871"},"geometry":{"type":"LineString","coordinates":[[10.30904,46.9496],[10.30913,46.94953],[10.30899,46.94946],[10.30849,46.94942],[10.30815,46.94856],[10.30801,46.94846],[10.30775,46.94875],[10.30692,46.95047],[10.30639,46.94895],[10.30639,46.94863],[10.30698,46.94759],[10.30701,46.94728],[10.30783,46.94561],[10.30801,46.94463],[10.30796,46.9438],[10.30722,46.94274],[10.30604,46.94208],[10.30496,46.94266],[10.30439,46.94332],[10.30366,46.94453],[10.30253,46.9457],[10.30051,46.94696],[10.29988,46.94698],[10.29762,46.94606],[10.29572,46.94565],[10.29488,46.94559],[10.29439,46.94584],[10.29391,46.94628],[10.2926,46.94937],[10.29152,46.95003],[10.28981,46.95228],[10.28846,46.95269],[10.28827,46.95309],[10.28788,46.95323],[10.28501,46.95317],[10.28346,46.95379],[10.28183,46.95478],[10.28152,46.95514],[10.28138,46.95599],[10.28157,46.95656]]}},{"type":"Feature","properties":{"kind":"piste","difficulty":"advanced","name":"41","aerialway":null,"osm":"way/31905225"},"geometry":{"type":"LineString","coordinates":[[10.30625,46.94215],[10.30573,46.94161],[10.30558,46.9413],[10.30566,46.9409],[10.30474,46.93964],[10.30183,46.93726],[10.29976,46.93694],[10.29914,46.9371],[10.29856,46.93752]]}},{"type":"Feature","properties":{"kind":"piste","difficulty":"intermediate","name":"40a","aerialway":null,"osm":"way/31905228"},"geometry":{"type":"LineString","coordinates":[[10.29276,46.9491],[10.29192,46.94915],[10.28994,46.94983],[10.28884,46.94996],[10.28778,46.94982],[10.28572,46.95032],[10.28463,46.95021],[10.28381,46.94984],[10.28333,46.95005],[10.28221,46.9508],[10.28181,46.95154],[10.28179,46.9522],[10.28193,46.95274],[10.28256,46.95402],[10.28257,46.95433]]}},{"type":"Feature","properties":{"kind":"piste","difficulty":"intermediate","name":"38","aerialway":null,"osm":"way/31906558"},"geometry":{"type":"LineString","coordinates":[[10.30674,46.95928],[10.30689,46.95922],[10.3061,46.95905],[10.3046,46.95846],[10.30342,46.95724],[10.30276,46.95687],[10.30146,46.9554],[10.30102,46.95523],[10.29968,46.95556],[10.29898,46.95594],[10.29589,46.95816],[10.29541,46.95809],[10.29403,46.95746],[10.29244,46.95617],[10.29172,46.95624],[10.29022,46.95675],[10.28855,46.95671],[10.28628,46.95608],[10.28553,46.95614],[10.28466,46.95597],[10.28372,46.95533],[10.28327,46.9552],[10.28239,46.95617],[10.28157,46.95656]]}},{"type":"Feature","properties":{"kind":"piste","difficulty":"intermediate","name":"30","aerialway":null,"osm":"way/31906563"},"geometry":{"type":"LineString","coordinates":[[10.30812,46.97212],[10.30601,46.97135],[10.30532,46.97121],[10.30442,46.97179],[10.304,46.97192],[10.30342,46.97189],[10.30261,46.97149],[10.30176,46.9708],[10.30116,46.97109],[10.30055,46.9718],[10.29951,46.97211],[10.29736,46.97229],[10.29389,46.97216],[10.29341,46.97186],[10.29324,46.97161],[10.29337,46.97137]]}},{"type":"Feature","properties":{"kind":"piste","difficulty":"easy","name":null,"aerialway":null,"osm":"way/31906567"},"geometry":{"type":"LineString","coordinates":[[10.30879,46.94946],[10.3086,46.94988]]}},{"type":"Feature","properties":{"kind":"piste","difficulty":"easy","name":"23","aerialway":null,"osm":"way/31906569"},"geometry":{"type":"LineString","coordinates":[[10.31904,46.96165],[10.31873,46.96181],[10.31756,46.96295],[10.31695,46.96366],[10.31666,46.96433],[10.31548,46.96566],[10.31514,46.96649],[10.31528,46.96739],[10.31562,46.96812],[10.31564,46.9687],[10.31516,46.9695],[10.31378,46.97098],[10.31294,46.97133],[10.31249,46.97213],[10.31182,46.97425],[10.31145,46.97488]]}},{"type":"Feature","properties":{"kind":"piste","difficulty":"intermediate","name":"70","aerialway":null,"osm":"way/31906573"},"geometry":{"type":"LineString","coordinates":[[10.33422,46.97014],[10.33378,46.96919],[10.33497,46.96963],[10.33657,46.96946]]}},{"type":"Feature","properties":{"kind":"piste","difficulty":"intermediate","name":"15","aerialway":null,"osm":"way/31906576"},"geometry":{"type":"LineString","coordinates":[[10.33378,46.96919],[10.33289,46.96881],[10.33257,46.96818],[10.33155,46.96747],[10.33145,46.96722],[10.33104,46.9669],[10.33064,46.96598],[10.32997,46.96495],[10.32946,46.96443],[10.32913,46.96344],[10.32917,46.96257],[10.32873,46.96212],[10.32863,46.96182],[10.32903,46.96103],[10.32909,46.96032],[10.32926,46.96003],[10.32919,46.95901],[10.32881,46.95815],[10.32835,46.95756],[10.32753,46.9572],[10.32681,46.95641],[10.32628,46.95604],[10.32567,46.95582],[10.32447,46.95487]]}},{"type":"Feature","properties":{"kind":"piste","difficulty":"advanced","name":"14b","aerialway":null,"osm":"way/31906577"},"geometry":{"type":"LineString","coordinates":[[10.33031,46.9655],[10.32887,46.96488],[10.32832,46.9629],[10.32767,46.96217],[10.32658,46.96217],[10.32615,46.96226],[10.32499,46.9631],[10.32387,46.96357],[10.32204,46.96465],[10.31982,46.96564],[10.31841,46.96606]]}},{"type":"Feature","properties":{"kind":"piste","difficulty":"intermediate","name":"24","aerialway":null,"osm":"way/31906581"},"geometry":{"type":"LineString","coordinates":[[10.32154,46.96124],[10.3201,46.96377],[10.31808,46.96648],[10.31751,46.96745],[10.31339,46.97286],[10.31221,46.97386],[10.31145,46.97488]]}},{"type":"Feature","properties":{"kind":"piste","difficulty":"intermediate","name":"70","aerialway":null,"osm":"way/31906583"},"geometry":{"type":"LineString","coordinates":[[10.3357,46.96761],[10.33659,46.96757],[10.33833,46.96715]]}},{"type":"Feature","properties":{"kind":"lift","difficulty":null,"name":"Nachtweidebahn","aerialway":"chair_lift","osm":"way/31909729"},"geometry":{"type":"LineString","coordinates":[[10.30563,46.9799],[10.32496,46.98613]]}},{"type":"Feature","properties":{"kind":"piste","difficulty":"easy","name":"6","aerialway":null,"osm":"way/31909731"},"geometry":{"type":"LineString","coordinates":[[10.32458,46.98586],[10.32469,46.98561],[10.31997,46.98408],[10.31822,46.98331],[10.3168,46.98299]]}},{"type":"Feature","properties":{"kind":"piste","difficulty":"easy","name":null,"aerialway":null,"osm":"way/31909733"},"geometry":{"type":"LineString","coordinates":[[10.33763,46.9752],[10.33776,46.97539],[10.33956,46.97574],[10.34023,46.97633],[10.34202,46.97841]]}},{"type":"Feature","properties":{"kind":"piste","difficulty":"easy","name":"64","aerialway":null,"osm":"way/31909735"},"geometry":{"type":"LineString","coordinates":[[10.34202,46.97841],[10.34162,46.97715],[10.34184,46.97539],[10.34235,46.9746],[10.34269,46.97436],[10.34683,46.97362],[10.34868,46.97418],[10.34936,46.9741],[10.34953,46.97389],[10.34945,46.97304],[10.34851,46.97131],[10.34852,46.97101],[10.34865,46.97082],[10.34951,46.97037]]}},{"type":"Feature","properties":{"kind":"piste","difficulty":"intermediate","name":"13","aerialway":null,"osm":"way/31909736"},"geometry":{"type":"LineString","coordinates":[[10.33259,46.97638],[10.33001,46.97756],[10.32837,46.97803],[10.3277,46.978],[10.32414,46.97905],[10.32182,46.97954],[10.32062,46.97995],[10.31893,46.98087]]}},{"type":"Feature","properties":{"kind":"piste","difficulty":"easy","name":"11","aerialway":null,"osm":"way/31909737"},"geometry":{"type":"LineString","coordinates":[[10.34057,46.97923],[10.34051,46.97865],[10.33952,46.97836],[10.33818,46.97848],[10.33668,46.97819],[10.3351,46.97826],[10.32878,46.97945],[10.32683,46.98023],[10.32564,46.98096],[10.32421,46.98119],[10.32283,46.9812],[10.32119,46.98139],[10.31894,46.9821]]}},{"type":"Feature","properties":{"kind":"piste","difficulty":"intermediate","name":null,"aerialway":null,"osm":"way/31909739"},"geometry":{"type":"LineString","coordinates":[[10.34032,46.97996],[10.34009,46.97994]]}},{"type":"Feature","properties":{"kind":"piste","difficulty":"easy","name":"8","aerialway":null,"osm":"way/31909741"},"geometry":{"type":"LineString","coordinates":[[10.33629,46.98833],[10.33645,46.98839],[10.33637,46.98845],[10.33577,46.98851],[10.33528,46.98809],[10.33374,46.98734],[10.3325,46.98682],[10.32797,46.98533],[10.32647,46.9845],[10.32516,46.98402]]}},{"type":"Feature","properties":{"kind":"piste","difficulty":"easy","name":"62","aerialway":null,"osm":"way/31909745"},"geometry":{"type":"LineString","coordinates":[[10.34494,46.97756],[10.34718,46.97732],[10.34858,46.97748],[10.35033,46.9782],[10.35443,46.97821],[10.35537,46.97842],[10.35825,46.97855],[10.35962,46.97934],[10.3603,46.97936],[10.36222,46.97896],[10.36348,46.97886],[10.36725,46.97888],[10.3681,46.97867],[10.36996,46.97785],[10.37098,46.9778],[10.37233,46.97753],[10.37479,46.97813]]}},{"type":"Feature","properties":{"kind":"piste","difficulty":"intermediate","name":"62a","aerialway":null,"osm":"way/31909746"},"geometry":{"type":"LineString","coordinates":[[10.34978,46.97796],[10.35459,46.97776]]}},{"type":"Feature","properties":{"kind":"piste","difficulty":"intermediate","name":"65a","aerialway":null,"osm":"way/31909752"},"geometry":{"type":"LineString","coordinates":[[10.37118,46.98747],[10.37197,46.9859],[10.37213,46.98521],[10.37135,46.98382],[10.37078,46.98315]]}},{"type":"Feature","properties":{"kind":"piste","difficulty":"intermediate","name":"12","aerialway":null,"osm":"way/31909755"},"geometry":{"type":"LineString","coordinates":[[10.33776,46.97539],[10.33707,46.97523],[10.33556,46.97588],[10.33259,46.97638],[10.32921,46.97551],[10.3262,46.97567],[10.32518,46.9754],[10.32461,46.97508],[10.32432,46.97472],[10.32365,46.97451],[10.32046,46.97453],[10.31977,46.97474],[10.31739,46.97638],[10.31569,46.97701],[10.31441,46.97732]]}},{"type":"Feature","properties":{"kind":"piste","difficulty":"easy","name":null,"aerialway":null,"osm":"way/31909756"},"geometry":{"type":"LineString","coordinates":[[10.3171,46.98265],[10.31721,46.98171]]}},{"type":"Feature","properties":{"kind":"lift","difficulty":null,"name":"Gampenbahn","aerialway":"chair_lift","osm":"way/32317428"},"geometry":{"type":"LineString","coordinates":[[10.28145,46.95702],[10.30904,46.9496]]}},{"type":"Feature","properties":{"kind":"piste","difficulty":"intermediate","name":"80","aerialway":null,"osm":"way/32320125"},"geometry":{"type":"LineString","coordinates":[[10.30743,46.94299],[10.30741,46.94263],[10.30717,46.94226],[10.30717,46.94186],[10.31063,46.94035],[10.31245,46.94051],[10.31447,46.9405],[10.31475,46.94075],[10.31607,46.94347],[10.31667,46.94382],[10.31717,46.94389],[10.31851,46.9437],[10.3195,46.9433],[10.32079,46.94333],[10.32166,46.94285],[10.32301,46.9428],[10.32384,46.94263],[10.32609,46.94287],[10.32748,46.94327],[10.32766,46.94301],[10.32732,46.94251],[10.3273,46.9422],[10.32823,46.94117],[10.32866,46.94091],[10.32963,46.93951],[10.33011,46.93935],[10.33165,46.93927],[10.3334,46.93936],[10.33459,46.93964],[10.33623,46.93961],[10.33817,46.93986],[10.34061,46.93893],[10.34187,46.93854],[10.34264,46.93846],[10.34608,46.93919]]}},{"type":"Feature","properties":{"kind":"piste","difficulty":"easy","name":"Südstrasse","aerialway":null,"osm":"way/32320126"},"geometry":{"type":"LineString","coordinates":[[10.35687,46.94192],[10.35709,46.94179],[10.35817,46.94186],[10.35977,46.94224]]}},{"type":"Feature","properties":{"kind":"piste","difficulty":"easy","name":null,"aerialway":null,"osm":"way/32320141"},"geometry":{"type":"LineString","coordinates":[[10.35977,46.94224],[10.36073,46.94269],[10.36109,46.94336]]}},{"type":"Feature","properties":{"kind":"piste","difficulty":"intermediate","name":null,"aerialway":null,"osm":"way/32320169"},"geometry":{"type":"LineString","coordinates":[[10.35474,46.94142],[10.35554,46.94181],[10.35581,46.94237],[10.35656,46.94284],[10.35865,46.9437],[10.35937,46.94454]]}},{"type":"Feature","properties":{"kind":"piste","difficulty":"intermediate","name":null,"aerialway":null,"osm":"way/32320171"},"geometry":{"type":"LineString","coordinates":[[10.3615,46.94464],[10.36228,46.94642]]}},{"type":"Feature","properties":{"kind":"piste","difficulty":"intermediate","name":null,"aerialway":null,"osm":"way/32320180"},"geometry":{"type":"LineString","coordinates":[[10.36274,46.94628],[10.36259,46.94706],[10.3628,46.94747]]}},{"type":"Feature","properties":{"kind":"piste","difficulty":"intermediate","name":"80","aerialway":null,"osm":"way/32320181"},"geometry":{"type":"LineString","coordinates":[[10.32866,46.94091],[10.32917,46.94106],[10.3299,46.94079],[10.32934,46.9407],[10.32901,46.9401],[10.32854,46.93987],[10.32863,46.93951],[10.32917,46.9393],[10.33032,46.93934]]}},{"type":"Feature","properties":{"kind":"piste","difficulty":"advanced","name":"81","aerialway":null,"osm":"way/32320182"},"geometry":{"type":"LineString","coordinates":[[10.31657,46.95195],[10.31816,46.95227],[10.32033,46.95187],[10.32148,46.95187],[10.32196,46.95157],[10.32202,46.95137],[10.32187,46.95099],[10.32153,46.95063],[10.32106,46.95046],[10.31952,46.95035],[10.31771,46.94998],[10.31752,46.94862],[10.31774,46.94664],[10.31665,46.94583],[10.31659,46.9456],[10.31761,46.94491],[10.31851,46.9437]]}},{"type":"Feature","properties":{"kind":"piste","difficulty":"easy","name":null,"aerialway":null,"osm":"way/32320183"},"geometry":{"type":"LineString","coordinates":[[10.30942,46.9507],[10.30885,46.95062]]}},{"type":"Feature","properties":{"kind":"piste","difficulty":"advanced","name":"33","aerialway":null,"osm":"way/32320184"},"geometry":{"type":"LineString","coordinates":[[10.30931,46.9528],[10.30896,46.95296]]}},{"type":"Feature","properties":{"kind":"piste","difficulty":"intermediate","name":null,"aerialway":null,"osm":"way/32320185"},"geometry":{"type":"LineString","coordinates":[[10.28157,46.95656],[10.28128,46.95681],[10.28145,46.95702]]}},{"type":"Feature","properties":{"kind":"piste","difficulty":"easy","name":"40b","aerialway":null,"osm":"way/32320186"},"geometry":{"type":"LineString","coordinates":[[10.28157,46.95656],[10.28197,46.95675],[10.28227,46.95735],[10.28243,46.9578],[10.28259,46.95927],[10.28315,46.96003],[10.28365,46.96119],[10.2845,46.96254],[10.2852,46.96423],[10.28529,46.96576],[10.28566,46.96727],[10.28586,46.96726]]}},{"type":"Feature","properties":{"kind":"piste","difficulty":"easy","name":"Palinkopf - Palinkopfbahn valley","aerialway":null,"osm":"way/32320187"},"geometry":{"type":"LineString","coordinates":[[10.31657,46.95195],[10.31799,46.95237],[10.32076,46.95206],[10.32392,46.95252]]}},{"type":"Feature","properties":{"kind":"piste","difficulty":"advanced","name":"20","aerialway":null,"osm":"way/32320189"},"geometry":{"type":"LineString","coordinates":[[10.30917,46.95156],[10.30932,46.95211],[10.30935,46.95315],[10.31136,46.95481],[10.3125,46.95545],[10.31502,46.95858],[10.31519,46.95927],[10.31492,46.96056],[10.31494,46.96105],[10.31516,46.96142],[10.31647,46.96242],[10.31688,46.96292],[10.31706,46.96331],[10.31695,46.96366]]}},{"type":"Feature","properties":{"kind":"piste","difficulty":"easy","name":null,"aerialway":null,"osm":"way/32320190"},"geometry":{"type":"LineString","coordinates":[[10.31941,46.96292],[10.31915,46.96308],[10.31862,46.96287]]}},{"type":"Feature","properties":{"kind":"piste","difficulty":"easy","name":null,"aerialway":null,"osm":"way/32320191"},"geometry":{"type":"LineString","coordinates":[[10.32168,46.96144],[10.32154,46.96124],[10.31941,46.96292],[10.31888,46.96257]]}},{"type":"Feature","properties":{"kind":"piste","difficulty":"intermediate","name":null,"aerialway":null,"osm":"way/32320192"},"geometry":{"type":"LineString","coordinates":[[10.30055,46.9718],[10.30041,46.97238],[10.29999,46.97293],[10.29969,46.97298],[10.29914,46.97247],[10.29844,46.9722]]}},{"type":"Feature","properties":{"kind":"piste","difficulty":"intermediate","name":"37","aerialway":null,"osm":"way/32320193"},"geometry":{"type":"LineString","coordinates":[[10.29401,46.96932],[10.29422,46.97016],[10.29405,46.97107],[10.29361,46.97157],[10.29324,46.97161]]}},{"type":"Feature","properties":{"kind":"piste","difficulty":"easy","name":null,"aerialway":null,"osm":"way/32320194"},"geometry":{"type":"LineString","coordinates":[[10.31893,46.98087],[10.31797,46.98091],[10.31731,46.98027]]}},{"type":"Feature","properties":{"kind":"lift","difficulty":null,"name":"Schwarzwasserlift","aerialway":"platter","osm":"way/32320200"},"geometry":{"type":"LineString","coordinates":[[10.29873,46.98564],[10.29955,46.99214]]}},{"type":"Feature","properties":{"kind":"piste","difficulty":"intermediate","name":null,"aerialway":null,"osm":"way/32320201"},"geometry":{"type":"LineString","coordinates":[[10.30001,46.99301],[10.30026,46.99374],[10.30023,46.99472]]}},{"type":"Feature","properties":{"kind":"piste","difficulty":"easy","name":null,"aerialway":null,"osm":"way/32320203"},"geometry":{"type":"LineString","coordinates":[[10.35497,46.976],[10.35413,46.97615]]}},{"type":"Feature","properties":{"kind":"piste","difficulty":"easy","name":null,"aerialway":null,"osm":"way/32320204"},"geometry":{"type":"LineString","coordinates":[[10.37524,46.97824],[10.37542,46.97821],[10.37557,46.97794],[10.37549,46.97769],[10.37521,46.97779]]}},{"type":"Feature","properties":{"kind":"piste","difficulty":"easy","name":null,"aerialway":null,"osm":"way/32320207"},"geometry":{"type":"LineString","coordinates":[[10.37187,46.97766],[10.37369,46.97871],[10.37389,46.97863]]}},{"type":"Feature","properties":{"kind":"piste","difficulty":"intermediate","name":"65","aerialway":null,"osm":"way/32320208"},"geometry":{"type":"LineString","coordinates":[[10.37277,46.98864],[10.3733,46.98783],[10.37327,46.9876],[10.37301,46.98744],[10.36864,46.9876],[10.36828,46.98757],[10.36806,46.98726],[10.36812,46.98638],[10.36894,46.98525],[10.37078,46.98315],[10.37151,46.98166],[10.3713,46.98107],[10.37052,46.97982],[10.37049,46.9794],[10.37083,46.97855],[10.37187,46.97766]]}},{"type":"Feature","properties":{"kind":"piste","difficulty":"easy","name":null,"aerialway":null,"osm":"way/32320212"},"geometry":{"type":"LineString","coordinates":[[10.36701,46.97035],[10.36722,46.97058]]}},{"type":"Feature","properties":{"kind":"piste","difficulty":"easy","name":null,"aerialway":null,"osm":"way/32320214"},"geometry":{"type":"LineString","coordinates":[[10.3663,46.96996],[10.36701,46.97035],[10.36691,46.97053]]}},{"type":"Feature","properties":{"kind":"piste","difficulty":"easy","name":null,"aerialway":null,"osm":"way/32320216"},"geometry":{"type":"LineString","coordinates":[[10.36745,46.97052],[10.36726,46.97035],[10.36701,46.97035]]}},{"type":"Feature","properties":{"kind":"piste","difficulty":"intermediate","name":"10","aerialway":null,"osm":"way/32320578"},"geometry":{"type":"LineString","coordinates":[[10.34009,46.97994],[10.33971,46.98015],[10.33881,46.98016],[10.33794,46.98046],[10.33492,46.98107],[10.33137,46.9826],[10.3306,46.98276],[10.33016,46.9827],[10.33011,46.98302],[10.32984,46.98321],[10.32853,46.98359],[10.32789,46.98365],[10.32351,46.98329]]}},{"type":"Feature","properties":{"kind":"piste","difficulty":"intermediate","name":null,"aerialway":null,"osm":"way/32320580"},"geometry":{"type":"LineString","coordinates":[[10.37251,46.98857],[10.37277,46.98864]]}},{"type":"Feature","properties":{"kind":"lift","difficulty":null,"name":"Höllkarbahn","aerialway":"chair_lift","osm":"way/32322742"},"geometry":{"type":"LineString","coordinates":[[10.31192,46.97461],[10.32168,46.96144]]}},{"type":"Feature","properties":{"kind":"piste","difficulty":"easy","name":null,"aerialway":null,"osm":"way/32323557"},"geometry":{"type":"LineString","coordinates":[[10.32764,46.94313],[10.32644,46.94251],[10.32642,46.9424],[10.32701,46.94241],[10.3273,46.9422]]}},{"type":"Feature","properties":{"kind":"piste","difficulty":"advanced","name":"14a","aerialway":null,"osm":"way/32344995"},"geometry":{"type":"LineString","coordinates":[[10.33325,46.97099],[10.33309,46.97089],[10.33298,46.97044],[10.33182,46.96973],[10.33037,46.96925],[10.32963,46.96915],[10.32796,46.96938],[10.32532,46.96953],[10.32404,46.96981],[10.32218,46.97056],[10.32143,46.97106],[10.32035,46.971],[10.31735,46.97008],[10.31563,46.9699]]}},{"type":"Feature","properties":{"kind":"piste","difficulty":"advanced","name":"14a","aerialway":null,"osm":"way/32344996"},"geometry":{"type":"LineString","coordinates":[[10.33378,46.96919],[10.33322,46.96988],[10.33298,46.97044]]}},{"type":"Feature","properties":{"kind":"piste","difficulty":"intermediate","name":"13","aerialway":null,"osm":"way/32345064"},"geometry":{"type":"LineString","coordinates":[[10.3262,46.97567],[10.32293,46.97616],[10.32253,46.97637],[10.32206,46.97699],[10.3219,46.97751],[10.32208,46.97828],[10.32196,46.97865],[10.32062,46.97995]]}},{"type":"Feature","properties":{"kind":"lift","difficulty":null,"name":"Greitspitzlift","aerialway":"t-bar","osm":"way/32345117"},"geometry":{"type":"LineString","coordinates":[[10.33624,46.97486],[10.33456,46.97306],[10.33396,46.97031]]}},{"type":"Feature","properties":{"kind":"piste","difficulty":"advanced","name":"72","aerialway":null,"osm":"way/32345210"},"geometry":{"type":"LineString","coordinates":[[10.33426,46.97044],[10.33496,46.97115],[10.335,46.97135],[10.33784,46.97254],[10.33845,46.9729],[10.33908,46.97359]]}},{"type":"Feature","properties":{"kind":"piste","difficulty":"advanced","name":"4","aerialway":null,"osm":"way/32345747"},"geometry":{"type":"LineString","coordinates":[[10.32451,46.99115],[10.32459,46.99152],[10.32369,46.99351],[10.32172,46.99634],[10.3208,46.99667],[10.32022,46.99759],[10.31955,46.99923],[10.31894,46.99994],[10.31835,47.00033],[10.31763,47.00058],[10.31698,47.00044],[10.31666,47.00006]]}},{"type":"Feature","properties":{"kind":"lift","difficulty":null,"name":"Velilleckbahn","aerialway":"chair_lift","osm":"way/32346046"},"geometry":{"type":"LineString","coordinates":[[10.31731,47.0057],[10.32534,46.98973]]}},{"type":"Feature","properties":{"kind":"piste","difficulty":"intermediate","name":null,"aerialway":null,"osm":"way/32346047"},"geometry":{"type":"LineString","coordinates":[[10.31666,47.00006],[10.31547,47.00048],[10.31467,47.00133],[10.31341,47.00211],[10.31239,47.00231],[10.31159,47.0029],[10.31136,47.00287],[10.31041,47.00225],[10.31072,47.00108],[10.31051,47.00079],[10.30948,47.00064],[10.30939,47.00029]]}},{"type":"Feature","properties":{"kind":"piste","difficulty":"advanced","name":null,"aerialway":null,"osm":"way/32346048"},"geometry":{"type":"LineString","coordinates":[[10.31239,47.00231],[10.31186,47.00178],[10.31192,47.00103],[10.31146,47.00083],[10.31051,47.00079]]}},{"type":"Feature","properties":{"kind":"piste","difficulty":"intermediate","name":"1a","aerialway":null,"osm":"way/32346256"},"geometry":{"type":"LineString","coordinates":[[10.31344,46.98395],[10.31233,46.98442],[10.31065,46.98468],[10.30983,46.98658],[10.30981,46.9869],[10.31025,46.98805],[10.31087,46.98876],[10.31095,46.9891],[10.31016,46.98978],[10.31001,46.99005],[10.30971,46.99157],[10.30882,46.99293],[10.30848,46.99402],[10.30848,46.99465],[10.30944,46.99562],[10.30912,46.99651],[10.30927,46.99694],[10.30921,46.99739],[10.30942,46.998],[10.30932,46.99834],[10.3087,46.99916],[10.3085,46.99986]]}},{"type":"Feature","properties":{"kind":"piste","difficulty":"advanced","name":"1a","aerialway":null,"osm":"way/32346257"},"geometry":{"type":"LineString","coordinates":[[10.30736,46.99987],[10.30523,46.9996],[10.30428,46.99976]]}},{"type":"Feature","properties":{"kind":"piste","difficulty":"advanced","name":"1","aerialway":null,"osm":"way/32346258"},"geometry":{"type":"LineString","coordinates":[[10.30882,46.99293],[10.30615,46.99442],[10.30594,46.99493],[10.30633,46.99604]]}},{"type":"Feature","properties":{"kind":"piste","difficulty":"advanced","name":"1","aerialway":null,"osm":"way/32346259"},"geometry":{"type":"LineString","coordinates":[[10.30633,46.99604],[10.30248,46.99546]]}},{"type":"Feature","properties":{"kind":"piste","difficulty":"easy","name":null,"aerialway":null,"osm":"way/32346384"},"geometry":{"type":"LineString","coordinates":[[10.32447,46.99069],[10.32471,46.9902],[10.32454,46.98999]]}},{"type":"Feature","properties":{"kind":"piste","difficulty":"intermediate","name":"7","aerialway":null,"osm":"way/32346385"},"geometry":{"type":"LineString","coordinates":[[10.33577,46.98851],[10.33349,46.98872],[10.33084,46.98963]]}},{"type":"Feature","properties":{"kind":"piste","difficulty":"intermediate","name":"10","aerialway":null,"osm":"way/32346432"},"geometry":{"type":"LineString","coordinates":[[10.33016,46.9827],[10.32883,46.98214],[10.32831,46.98208],[10.32704,46.98237],[10.32499,46.98261],[10.32336,46.98256]]}},{"type":"Feature","properties":{"kind":"piste","difficulty":"intermediate","name":"3","aerialway":null,"osm":"way/32346433"},"geometry":{"type":"LineString","coordinates":[[10.31145,46.97488],[10.31164,46.97524],[10.31162,46.97564],[10.31132,46.97607],[10.31076,46.9764],[10.30984,46.97605],[10.30924,46.97597],[10.308,46.97654]]}},{"type":"Feature","properties":{"kind":"piste","difficulty":"intermediate","name":"25","aerialway":null,"osm":"way/32346505"},"geometry":{"type":"LineString","coordinates":[[10.30917,46.97389],[10.31151,46.97376],[10.31184,46.97395]]}},{"type":"Feature","properties":{"kind":"piste","difficulty":"intermediate","name":"31","aerialway":null,"osm":"way/32346526"},"geometry":{"type":"LineString","coordinates":[[10.30735,46.97232],[10.30769,46.97234],[10.30723,46.97249],[10.3067,46.97289],[10.3048,46.97262],[10.30317,46.97272],[10.30148,46.97253],[10.29999,46.97293]]}},{"type":"Feature","properties":{"kind":"piste","difficulty":"intermediate","name":"36","aerialway":null,"osm":"way/32346610"},"geometry":{"type":"LineString","coordinates":[[10.29281,46.97186],[10.2917,46.9718],[10.29107,46.97158],[10.29061,46.97108],[10.29021,46.97005],[10.29001,46.96991],[10.2885,46.96978],[10.28789,46.96955],[10.28762,46.9693],[10.28759,46.96892],[10.28735,46.96856],[10.28638,46.96784],[10.28621,46.96759],[10.2859,46.96746],[10.28586,46.96726]]}},{"type":"Feature","properties":{"kind":"piste","difficulty":"advanced","name":"35","aerialway":null,"osm":"way/32346673"},"geometry":{"type":"LineString","coordinates":[[10.30703,46.95958],[10.30423,46.96197],[10.3051,46.96414],[10.3031,46.96625],[10.30112,46.96766],[10.30046,46.96853],[10.29994,46.96951],[10.29829,46.97113],[10.29736,46.97229]]}},{"type":"Feature","properties":{"kind":"piste","difficulty":"advanced","name":"34","aerialway":null,"osm":"way/32346674"},"geometry":{"type":"LineString","coordinates":[[10.30423,46.96197],[10.30299,46.96247],[10.30208,46.96237],[10.30097,46.96201],[10.30003,46.96198],[10.29948,46.96231],[10.29949,46.96299],[10.29981,46.96354],[10.29953,46.96529],[10.29914,46.96556],[10.29822,46.96586],[10.29676,46.96609],[10.29643,46.96599],[10.29517,46.96505],[10.29479,46.9649],[10.29416,46.96497]]}},{"type":"Feature","properties":{"kind":"piste","difficulty":"advanced","name":"34","aerialway":null,"osm":"way/32346675"},"geometry":{"type":"LineString","coordinates":[[10.29981,46.96389],[10.29804,46.96477],[10.29486,46.96586],[10.2946,46.96629],[10.29427,46.96898],[10.2935,46.97065],[10.29324,46.97161]]}},{"type":"Feature","properties":{"kind":"piste","difficulty":"intermediate","name":"32","aerialway":null,"osm":"way/32346720"},"geometry":{"type":"LineString","coordinates":[[10.30689,46.95922],[10.30703,46.95958],[10.3083,46.96115],[10.3087,46.96191],[10.3091,46.96241],[10.30943,46.96257],[10.30992,46.96393],[10.31022,46.96416],[10.3111,46.96288],[10.31195,46.96214],[10.31306,46.96142],[10.31413,46.96109],[10.31478,46.96117],[10.31576,46.96172],[10.31635,46.96187],[10.3176,46.96162],[10.31857,46.9618]]}},{"type":"Feature","properties":{"kind":"piste","difficulty":"advanced","name":"20","aerialway":null,"osm":"way/32346849"},"geometry":{"type":"LineString","coordinates":[[10.31107,46.95111],[10.31191,46.95249],[10.3124,46.95372]]}},{"type":"Feature","properties":{"kind":"piste","difficulty":"advanced","name":"33","aerialway":null,"osm":"way/32346850"},"geometry":{"type":"LineString","coordinates":[[10.31107,46.95111],[10.30964,46.95262],[10.30931,46.9528]]}},{"type":"Feature","properties":{"kind":"piste","difficulty":"advanced","name":"21","aerialway":null,"osm":"way/32346888"},"geometry":{"type":"LineString","coordinates":[[10.3178,46.95233],[10.31692,46.95332],[10.31491,46.95507],[10.31516,46.9555],[10.31676,46.95645],[10.31697,46.95696],[10.3164,46.95879],[10.31646,46.9592],[10.31927,46.96265]]}},{"type":"Feature","properties":{"kind":"piste","difficulty":"advanced","name":"20","aerialway":null,"osm":"way/32346889"},"geometry":{"type":"LineString","coordinates":[[10.3164,46.95879],[10.31519,46.95927]]}},{"type":"Feature","properties":{"kind":"piste","difficulty":"easy","name":"69","aerialway":null,"osm":"way/32347016"},"geometry":{"type":"LineString","coordinates":[[10.36411,46.9713],[10.3639,46.97133],[10.36334,46.97196],[10.36527,46.97452],[10.36643,46.9757],[10.36711,46.97574],[10.36839,46.97651]]}},{"type":"Feature","properties":{"kind":"piste","difficulty":"easy","name":"69","aerialway":null,"osm":"way/32347018"},"geometry":{"type":"LineString","coordinates":[[10.36691,46.97093],[10.36561,46.97198],[10.36574,46.97363],[10.36711,46.97574],[10.36716,46.97587],[10.3669,46.97606]]}},{"type":"Feature","properties":{"kind":"piste","difficulty":"intermediate","name":"80c","aerialway":null,"osm":"way/32347121"},"geometry":{"type":"LineString","coordinates":[[10.31323,46.95112],[10.31327,46.95103],[10.31265,46.95073],[10.31227,46.95033],[10.31134,46.94823],[10.30866,46.9466],[10.30828,46.94598],[10.30823,46.94546],[10.30838,46.94446],[10.3079,46.94364]]}},{"type":"Feature","properties":{"kind":"piste","difficulty":"easy","name":null,"aerialway":null,"osm":"way/32347349"},"geometry":{"type":"LineString","coordinates":[[10.32154,46.96124],[10.31972,46.96139],[10.31929,46.96185],[10.31927,46.96265],[10.31941,46.96292]]}},{"type":"Feature","properties":{"kind":"piste","difficulty":"easy","name":"23","aerialway":null,"osm":"way/32347351"},"geometry":{"type":"LineString","coordinates":[[10.31915,46.96308],[10.31814,46.96332],[10.31732,46.96372],[10.31666,46.96433]]}},{"type":"Feature","properties":{"kind":"piste","difficulty":"intermediate","name":"12","aerialway":null,"osm":"way/32347436"},"geometry":{"type":"LineString","coordinates":[[10.33952,46.97836],[10.33752,46.97746],[10.33259,46.97638]]}},{"type":"Feature","properties":{"kind":"piste","difficulty":"easy","name":null,"aerialway":null,"osm":"way/32347488"},"geometry":{"type":"LineString","coordinates":[[10.33799,46.97578],[10.33831,46.97583],[10.33899,46.97693],[10.34051,46.97865],[10.3413,46.97874]]}},{"type":"Feature","properties":{"kind":"piste","difficulty":"easy","name":"62","aerialway":null,"osm":"way/32347557"},"geometry":{"type":"LineString","coordinates":[[10.35443,46.97821],[10.35538,46.97795],[10.35795,46.97812],[10.36005,46.97795],[10.36118,46.97806],[10.36324,46.97866],[10.36485,46.97888]]}},{"type":"Feature","properties":{"kind":"piste","difficulty":"advanced","name":"21","aerialway":null,"osm":"way/32347789"},"geometry":{"type":"LineString","coordinates":[[10.31212,46.95094],[10.31491,46.95507]]}},{"type":"Feature","properties":{"kind":"lift","difficulty":null,"name":"Milolift","aerialway":"platter","osm":"way/32595247"},"geometry":{"type":"LineString","coordinates":[[10.37489,46.97807],[10.37163,46.97679]]}},{"type":"Feature","properties":{"kind":"piste","difficulty":"freeride","name":"39","aerialway":null,"osm":"way/48049743"},"geometry":{"type":"LineString","coordinates":[[10.30639,46.94895],[10.30609,46.94966],[10.30461,46.95039],[10.30437,46.95142],[10.30404,46.95177],[10.30324,46.95215],[10.2987,46.95307],[10.29793,46.95303],[10.29689,46.95335],[10.29644,46.9538],[10.29526,46.9539],[10.2944,46.95375],[10.29336,46.95327],[10.29261,46.95339],[10.29205,46.95375],[10.29113,46.95491],[10.29018,46.95434],[10.28932,46.9544],[10.28884,46.95412],[10.28822,46.954],[10.28781,46.95412],[10.28783,46.95461],[10.28686,46.95477],[10.28626,46.95442],[10.28436,46.95396],[10.28389,46.9536]]}},{"type":"Feature","properties":{"kind":"piste","difficulty":"advanced","name":"14b","aerialway":null,"osm":"way/48049744"},"geometry":{"type":"LineString","coordinates":[[10.32238,46.96446],[10.32123,46.96419],[10.32018,46.96362]]}},{"type":"Feature","properties":{"kind":"piste","difficulty":"intermediate","name":"70a","aerialway":null,"osm":"way/48049745"},"geometry":{"type":"LineString","coordinates":[[10.34123,46.96779],[10.34557,46.96788],[10.34875,46.96868],[10.35064,46.96935],[10.35225,46.96943]]}},{"type":"Feature","properties":{"kind":"piste","difficulty":"intermediate","name":"12","aerialway":null,"osm":"way/51033731"},"geometry":{"type":"LineString","coordinates":[[10.31833,46.97571],[10.317,46.97525],[10.31363,46.97462],[10.31221,46.97386]]}},{"type":"Feature","properties":{"kind":"piste","difficulty":"intermediate","name":"37","aerialway":null,"osm":"way/51034222"},"geometry":{"type":"LineString","coordinates":[[10.29324,46.97161],[10.29068,46.97335],[10.28974,46.97438],[10.28946,46.97514],[10.28956,46.97616],[10.2887,46.97639],[10.28792,46.97713],[10.28774,46.97754],[10.28821,46.97814],[10.28916,46.97887],[10.29423,46.98129],[10.29593,46.9836],[10.29681,46.98414]]}},{"type":"Feature","properties":{"kind":"piste","difficulty":"advanced","name":"7a","aerialway":null,"osm":"way/53186179"},"geometry":{"type":"LineString","coordinates":[[10.31822,47.00544],[10.31802,47.00611],[10.31778,47.00636],[10.31686,47.00678],[10.31523,47.00693],[10.31089,47.00629],[10.31,47.00632],[10.3089,47.00588],[10.30647,47.00533],[10.30465,47.00469],[10.30416,47.00426],[10.30393,47.00373],[10.30367,47.00354],[10.30227,47.00326]]}},{"type":"Feature","properties":{"kind":"piste","difficulty":"intermediate","name":"40c","aerialway":null,"osm":"way/56001400"},"geometry":{"type":"LineString","coordinates":[[10.29039,46.95156],[10.28923,46.95187],[10.2875,46.95177],[10.28613,46.95188],[10.2848,46.95268],[10.28389,46.9536]]}},{"type":"Feature","properties":{"kind":"piste","difficulty":"easy","name":null,"aerialway":null,"osm":"way/56001403"},"geometry":{"type":"LineString","coordinates":[[10.33799,46.97578],[10.3381,46.97573],[10.33776,46.97539]]}},{"type":"Feature","properties":{"kind":"piste","difficulty":"intermediate","name":null,"aerialway":null,"osm":"way/56001404"},"geometry":{"type":"LineString","coordinates":[[10.3228,46.98825],[10.3211,46.98741],[10.32066,46.98733],[10.31989,46.98755],[10.3193,46.98833],[10.3183,46.99046],[10.31833,46.99282],[10.31866,46.99329],[10.31906,46.99427],[10.31843,46.99543],[10.31751,46.9963],[10.31675,46.99999]]}},{"type":"Feature","properties":{"kind":"piste","difficulty":"easy","name":null,"aerialway":null,"osm":"way/56001408"},"geometry":{"type":"LineString","coordinates":[[10.31721,46.98171],[10.3163,46.98168],[10.31658,46.9814],[10.31639,46.98117]]}},{"type":"Feature","properties":{"kind":"piste","difficulty":"intermediate","name":null,"aerialway":null,"osm":"way/56001410"},"geometry":{"type":"LineString","coordinates":[[10.29025,47.00813],[10.29009,47.00821],[10.29043,47.0085],[10.29087,47.00938],[10.2908,47.00986],[10.29053,47.01037]]}},{"type":"Feature","properties":{"kind":"piste","difficulty":"intermediate","name":null,"aerialway":null,"osm":"way/56001411"},"geometry":{"type":"LineString","coordinates":[[10.29743,47.00907],[10.29737,47.00961],[10.29758,47.01093],[10.29794,47.01152],[10.29712,47.01085],[10.29701,47.01091],[10.29751,47.01214],[10.29603,47.01121],[10.29569,47.01111],[10.29557,47.0112],[10.29578,47.01184],[10.29624,47.01259],[10.2968,47.01307],[10.2962,47.01293],[10.29488,47.01212],[10.29367,47.01183],[10.29373,47.01156]]}},{"type":"Feature","properties":{"kind":"piste","difficulty":"intermediate","name":null,"aerialway":null,"osm":"way/56001414"},"geometry":{"type":"LineString","coordinates":[[10.30939,47.00029],[10.30958,47],[10.30945,46.99955],[10.30907,46.99949]]}},{"type":"Feature","properties":{"kind":"lift","difficulty":null,"name":"Lange Wandbahn","aerialway":"chair_lift","osm":"way/83705826"},"geometry":{"type":"LineString","coordinates":[[10.31491,46.97149],[10.33318,46.96868]]}},{"type":"Feature","properties":{"kind":"piste","difficulty":"easy","name":"22","aerialway":null,"osm":"way/136937638"},"geometry":{"type":"LineString","coordinates":[[10.32392,46.95252],[10.32409,46.95269],[10.32315,46.95369],[10.32226,46.95525],[10.32208,46.95588],[10.32205,46.95665],[10.32238,46.95714],[10.32323,46.95784],[10.32347,46.95825],[10.32333,46.95876],[10.32243,46.95978],[10.32149,46.96045],[10.31904,46.96165]]}},{"type":"Feature","properties":{"kind":"piste","difficulty":"intermediate","name":"15","aerialway":null,"osm":"way/136937639"},"geometry":{"type":"LineString","coordinates":[[10.32447,46.95487],[10.32362,46.95457],[10.32268,46.9545]]}},{"type":"Feature","properties":{"kind":"lift","difficulty":null,"name":"Alp Trider Ecklift","aerialway":"drag_lift","osm":"way/136937642"},"geometry":{"type":"LineString","coordinates":[[10.36695,46.97615],[10.36392,46.97097]]}},{"type":"Feature","properties":{"kind":"lift","difficulty":null,"name":"Förderband Musella","aerialway":"magic_carpet","osm":"way/142587941"},"geometry":{"type":"LineString","coordinates":[[10.35845,46.94378],[10.35818,46.94388]]}},{"type":"Feature","properties":{"kind":"lift","difficulty":null,"name":"Musellalift","aerialway":"t-bar","osm":"way/142587943"},"geometry":{"type":"LineString","coordinates":[[10.35875,46.94392],[10.35349,46.94435]]}},{"type":"Feature","properties":{"kind":"lift","difficulty":null,"name":"Sonnenbahn","aerialway":"chair_lift","osm":"way/142587944"},"geometry":{"type":"LineString","coordinates":[[10.31668,46.98332],[10.32458,46.98586]]}},{"type":"Feature","properties":{"kind":"lift","difficulty":null,"name":"Pardatschgratbahn","aerialway":"gondola","osm":"way/142587945"},"geometry":{"type":"LineString","coordinates":[[10.2945,47.01268],[10.32412,46.99155]]}},{"type":"Feature","properties":{"kind":"lift","difficulty":null,"name":"Förderband Viderböden","aerialway":"magic_carpet","osm":"way/142602713"},"geometry":{"type":"LineString","coordinates":[[10.31921,46.98123],[10.32023,46.98117]]}},{"type":"Feature","properties":{"kind":"lift","difficulty":null,"name":"Übungslift Velill","aerialway":"t-bar","osm":"way/142602715"},"geometry":{"type":"LineString","coordinates":[[10.31878,46.9825],[10.32384,46.98426]]}},{"type":"Feature","properties":{"kind":"lift","difficulty":null,"name":"Übungslift Viderböden","aerialway":"t-bar","osm":"way/142602716"},"geometry":{"type":"LineString","coordinates":[[10.31896,46.9813],[10.32207,46.98111]]}},{"type":"Feature","properties":{"kind":"lift","difficulty":null,"name":"Übungslift Mathon","aerialway":"t-bar","osm":"way/142605511"},"geometry":{"type":"LineString","coordinates":[[10.24036,46.98632],[10.24016,46.98809],[10.23865,46.99011]]}},{"type":"Feature","properties":{"kind":"piste","difficulty":"advanced","name":"4a","aerialway":null,"osm":"way/142608373"},"geometry":{"type":"LineString","coordinates":[[10.3168,47.00324],[10.31836,47.00453],[10.3184,47.00492],[10.31822,47.00544]]}},{"type":"Feature","properties":{"kind":"piste","difficulty":"freeride","name":"7a","aerialway":null,"osm":"way/142608374"},"geometry":{"type":"LineString","coordinates":[[10.3106,47.00627],[10.30987,47.0056],[10.30825,47.00499],[10.30658,47.00416],[10.30596,47.00371],[10.30578,47.00339],[10.30565,47.00255],[10.30534,47.00196],[10.30535,47.00163],[10.30498,47.00104],[10.30518,47.00059],[10.30478,47.00005],[10.3042,46.99987]]}},{"type":"Feature","properties":{"kind":"piste","difficulty":"freeride","name":"9","aerialway":null,"osm":"way/142608375"},"geometry":{"type":"LineString","coordinates":[[10.33802,46.98281],[10.33781,46.98404],[10.33646,46.98535],[10.33558,46.98548],[10.33454,46.986],[10.33187,46.98661]]}},{"type":"Feature","properties":{"kind":"piste","difficulty":"intermediate","name":null,"aerialway":null,"osm":"way/151868556"},"geometry":{"type":"LineString","coordinates":[[10.31459,46.97126],[10.31491,46.97149]]}},{"type":"Feature","properties":{"kind":"piste","difficulty":"intermediate","name":null,"aerialway":null,"osm":"way/151868559"},"geometry":{"type":"LineString","coordinates":[[10.33334,46.96862],[10.33303,46.96817]]}},{"type":"Feature","properties":{"kind":"piste","difficulty":"easy","name":null,"aerialway":null,"osm":"way/151868560"},"geometry":{"type":"LineString","coordinates":[[10.3188,46.98227],[10.31876,46.98252],[10.31903,46.98258]]}},{"type":"Feature","properties":{"kind":"piste","difficulty":"easy","name":null,"aerialway":null,"osm":"way/151868561"},"geometry":{"type":"LineString","coordinates":[[10.31894,46.9821],[10.3188,46.98227],[10.3191,46.98245]]}},{"type":"Feature","properties":{"kind":"piste","difficulty":"easy","name":null,"aerialway":null,"osm":"way/151868562"},"geometry":{"type":"LineString","coordinates":[[10.31822,46.98331],[10.31825,46.98276],[10.3186,46.98232],[10.3188,46.98227]]}},{"type":"Feature","properties":{"kind":"piste","difficulty":"intermediate","name":"37","aerialway":null,"osm":"way/151876922"},"geometry":{"type":"LineString","coordinates":[[10.29434,46.96715],[10.29401,46.96932],[10.29353,46.97027],[10.29316,46.97073],[10.29222,46.97131],[10.2917,46.9718],[10.291,46.97192],[10.2911,46.972]]}},{"type":"Feature","properties":{"kind":"piste","difficulty":"easy","name":null,"aerialway":null,"osm":"way/151876923"},"geometry":{"type":"LineString","coordinates":[[10.35233,46.96951],[10.35227,46.96973]]}},{"type":"Feature","properties":{"kind":"piste","difficulty":"easy","name":null,"aerialway":null,"osm":"way/151876924"},"geometry":{"type":"LineString","coordinates":[[10.31655,46.98323],[10.31668,46.98332]]}},{"type":"Feature","properties":{"kind":"piste","difficulty":"easy","name":null,"aerialway":null,"osm":"way/151876925"},"geometry":{"type":"LineString","coordinates":[[10.3168,46.98299],[10.31649,46.98327],[10.31656,46.98347]]}},{"type":"Feature","properties":{"kind":"piste","difficulty":"intermediate","name":"14","aerialway":null,"osm":"way/151882520"},"geometry":{"type":"LineString","coordinates":[[10.33484,46.97252],[10.33503,46.97316],[10.33535,46.97366],[10.33606,46.97431],[10.33776,46.97539]]}},{"type":"Feature","properties":{"kind":"piste","difficulty":"easy","name":"2b","aerialway":null,"osm":"way/203304977"},"geometry":{"type":"LineString","coordinates":[[10.31344,46.98395],[10.31036,46.98234],[10.30962,46.98178],[10.30821,46.98149],[10.30588,46.98124],[10.30549,46.98101],[10.30539,46.98072],[10.30546,46.97997],[10.30563,46.9799]]}},{"type":"Feature","properties":{"kind":"piste","difficulty":"advanced","name":"14c","aerialway":null,"osm":"way/215083392"},"geometry":{"type":"LineString","coordinates":[[10.33212,46.97187],[10.33059,46.9718],[10.32862,46.97221],[10.32654,46.97243],[10.32531,46.97227],[10.32143,46.97106]]}},{"type":"Feature","properties":{"kind":"piste","difficulty":"easy","name":"Samnaun Dorf – Talstation Ravaisch","aerialway":null,"osm":"way/231192077"},"geometry":{"type":"LineString","coordinates":[[10.36362,46.94423],[10.3638,46.94436],[10.36402,46.94569],[10.36468,46.94672],[10.36536,46.94687],[10.36695,46.94758],[10.36929,46.94911],[10.37173,46.95035],[10.373,46.95052],[10.37424,46.95152],[10.37452,46.95155],[10.37472,46.9514]]}},{"type":"Feature","properties":{"kind":"lift","difficulty":null,"name":"Piz Val Grondabahn","aerialway":"cable_car","osm":"way/245326282"},"geometry":{"type":"LineString","coordinates":[[10.29451,46.94493],[10.29118,46.92355]]}},{"type":"Feature","properties":{"kind":"piste","difficulty":"intermediate","name":"42","aerialway":null,"osm":"way/259193846"},"geometry":{"type":"LineString","coordinates":[[10.29118,46.92355],[10.29127,46.92323],[10.29213,46.92261],[10.29347,46.92207],[10.29401,46.92226],[10.29448,46.92296],[10.29532,46.92496],[10.29591,46.92602],[10.2962,46.9272],[10.29675,46.92834],[10.29677,46.92867],[10.29617,46.93015],[10.29625,46.93208],[10.29682,46.93337],[10.29781,46.93512],[10.29847,46.93687],[10.29856,46.93752]]}},{"type":"Feature","properties":{"kind":"piste","difficulty":"advanced","name":"15","aerialway":null,"osm":"way/268024822"},"geometry":{"type":"LineString","coordinates":[[10.32835,46.95756],[10.32737,46.95924],[10.32638,46.9595],[10.32269,46.95953]]}},{"type":"Feature","properties":{"kind":"piste","difficulty":"intermediate","name":"32","aerialway":null,"osm":"way/268024823"},"geometry":{"type":"LineString","coordinates":[[10.31254,46.96172],[10.31282,46.96201],[10.31303,46.96334],[10.31367,46.96391],[10.31428,46.96416],[10.31488,46.96459],[10.31537,46.96508],[10.31552,46.96539],[10.31548,46.96566]]}},{"type":"Feature","properties":{"kind":"piste","difficulty":"intermediate","name":"30","aerialway":null,"osm":"way/268040338"},"geometry":{"type":"LineString","coordinates":[[10.30261,46.97149],[10.30055,46.9718]]}},{"type":"Feature","properties":{"kind":"piste","difficulty":"intermediate","name":null,"aerialway":null,"osm":"way/268043446"},"geometry":{"type":"LineString","coordinates":[[10.28956,46.97616],[10.29074,46.97876],[10.2916,46.98003]]}},{"type":"Feature","properties":{"kind":"piste","difficulty":"easy","name":"8","aerialway":null,"osm":"way/268045848"},"geometry":{"type":"LineString","coordinates":[[10.32496,46.98613],[10.32518,46.98611],[10.32562,46.98506],[10.32516,46.98402],[10.32351,46.98329],[10.32094,46.98256]]}},{"type":"Feature","properties":{"kind":"piste","difficulty":"advanced","name":null,"aerialway":null,"osm":"way/275729067"},"geometry":{"type":"LineString","coordinates":[[10.31784,46.97018],[10.31589,46.9705],[10.31474,46.97106]]}},{"type":"Feature","properties":{"kind":"piste","difficulty":"advanced","name":"13","aerialway":null,"osm":"way/275729068"},"geometry":{"type":"LineString","coordinates":[[10.33405,46.96971],[10.33376,46.96995],[10.33364,46.97034],[10.33369,46.97066],[10.33234,46.97164],[10.33189,46.97234],[10.33116,46.97304],[10.33084,46.97359],[10.33082,46.9745],[10.33051,46.9751],[10.32988,46.97564]]}},{"type":"Feature","properties":{"kind":"piste","difficulty":"advanced","name":"13","aerialway":null,"osm":"way/275729069"},"geometry":{"type":"LineString","coordinates":[[10.33484,46.97252],[10.33467,46.97266],[10.33427,46.97256],[10.33379,46.97176],[10.33212,46.97187]]}},{"type":"Feature","properties":{"kind":"piste","difficulty":"easy","name":null,"aerialway":null,"osm":"way/275735734"},"geometry":{"type":"LineString","coordinates":[[10.36421,46.97683],[10.36606,46.97602],[10.36711,46.97574]]}},{"type":"Feature","properties":{"kind":"piste","difficulty":"intermediate","name":null,"aerialway":null,"osm":"way/304252864"},"geometry":{"type":"LineString","coordinates":[[10.30018,46.99584],[10.30048,46.99654]]}},{"type":"Feature","properties":{"kind":"piste","difficulty":"intermediate","name":null,"aerialway":null,"osm":"way/304252867"},"geometry":{"type":"LineString","coordinates":[[10.30023,46.99472],[10.30006,46.99526],[10.30018,46.99584]]}},{"type":"Feature","properties":{"kind":"lift","difficulty":null,"name":"Pardoramabahn","aerialway":"gondola","osm":"way/306691770"},"geometry":{"type":"LineString","coordinates":[[10.30907,46.99949],[10.32408,46.99125]]}},{"type":"Feature","properties":{"kind":"piste","difficulty":"intermediate","name":"68a","aerialway":null,"osm":"way/318738949"},"geometry":{"type":"LineString","coordinates":[[10.37944,46.98357],[10.38001,46.98358],[10.38052,46.98458],[10.381,46.98498],[10.3829,46.98551],[10.38366,46.98627],[10.38416,46.98734],[10.38473,46.98739]]}},{"type":"Feature","properties":{"kind":"piste","difficulty":"easy","name":null,"aerialway":null,"osm":"way/318738950"},"geometry":{"type":"LineString","coordinates":[[10.31544,46.9691],[10.31543,46.97013]]}},{"type":"Feature","properties":{"kind":"piste","difficulty":"intermediate","name":null,"aerialway":null,"osm":"way/318738953"},"geometry":{"type":"LineString","coordinates":[[10.33334,46.96862],[10.33378,46.96919]]}},{"type":"Feature","properties":{"kind":"piste","difficulty":"intermediate","name":null,"aerialway":null,"osm":"way/318738954"},"geometry":{"type":"LineString","coordinates":[[10.33776,46.97539],[10.33624,46.97486]]}},{"type":"Feature","properties":{"kind":"piste","difficulty":"intermediate","name":"14","aerialway":null,"osm":"way/318738955"},"geometry":{"type":"LineString","coordinates":[[10.33722,46.97507],[10.3372,46.97512]]}},{"type":"Feature","properties":{"kind":"piste","difficulty":"advanced","name":null,"aerialway":null,"osm":"way/318738956"},"geometry":{"type":"LineString","coordinates":[[10.30885,46.95062],[10.30917,46.95156]]}},{"type":"Feature","properties":{"kind":"piste","difficulty":"easy","name":null,"aerialway":null,"osm":"way/318739233"},"geometry":{"type":"LineString","coordinates":[[10.31145,46.97488],[10.31192,46.97461]]}},{"type":"Feature","properties":{"kind":"piste","difficulty":"easy","name":null,"aerialway":null,"osm":"way/318739234"},"geometry":{"type":"LineString","coordinates":[[10.31145,46.97488],[10.31092,46.97485]]}},{"type":"Feature","properties":{"kind":"piste","difficulty":"easy","name":null,"aerialway":null,"osm":"way/318739235"},"geometry":{"type":"LineString","coordinates":[[10.31145,46.97488],[10.31112,46.97502]]}},{"type":"Feature","properties":{"kind":"piste","difficulty":"easy","name":null,"aerialway":null,"osm":"way/318739583"},"geometry":{"type":"LineString","coordinates":[[10.30885,46.95062],[10.3086,46.94988]]}},{"type":"Feature","properties":{"kind":"piste","difficulty":"easy","name":null,"aerialway":null,"osm":"way/318739584"},"geometry":{"type":"LineString","coordinates":[[10.30917,46.95156],[10.30964,46.95175],[10.31151,46.95097]]}},{"type":"Feature","properties":{"kind":"piste","difficulty":"easy","name":null,"aerialway":null,"osm":"way/318739585"},"geometry":{"type":"LineString","coordinates":[[10.3086,46.94988],[10.30833,46.95064],[10.30917,46.95156]]}},{"type":"Feature","properties":{"kind":"piste","difficulty":"intermediate","name":null,"aerialway":null,"osm":"way/318739586"},"geometry":{"type":"LineString","coordinates":[[10.3086,46.94988],[10.30849,46.94942]]}},{"type":"Feature","properties":{"kind":"piste","difficulty":"intermediate","name":null,"aerialway":null,"osm":"way/318851991"},"geometry":{"type":"LineString","coordinates":[[10.32018,46.96362],[10.31941,46.96292]]}},{"type":"Feature","properties":{"kind":"piste","difficulty":"intermediate","name":null,"aerialway":null,"osm":"way/318851992"},"geometry":{"type":"LineString","coordinates":[[10.38639,46.98241],[10.38695,46.9827],[10.38692,46.9828]]}},{"type":"Feature","properties":{"kind":"piste","difficulty":"intermediate","name":null,"aerialway":null,"osm":"way/318851993"},"geometry":{"type":"LineString","coordinates":[[10.38681,46.98235],[10.38762,46.98221],[10.3879,46.98232],[10.38795,46.98247]]}},{"type":"Feature","properties":{"kind":"lift","difficulty":null,"name":"Förderband Übungsareal","aerialway":"magic_carpet","osm":"way/337696666"},"geometry":{"type":"LineString","coordinates":[[10.31883,46.98274],[10.31969,46.98311]]}},{"type":"Feature","properties":{"kind":"piste","difficulty":"easy","name":"Samnaun valley – valley station Ravaisch","aerialway":null,"osm":"way/371584556"},"geometry":{"type":"LineString","coordinates":[[10.36568,46.94877],[10.36701,46.94915],[10.36858,46.94986],[10.36971,46.9502],[10.37143,46.95048]]}},{"type":"Feature","properties":{"kind":"piste","difficulty":"easy","name":"Samnaun valley – valley station Ravaisch","aerialway":null,"osm":"way/371584559"},"geometry":{"type":"LineString","coordinates":[[10.3628,46.94747],[10.36462,46.94821]]}},{"type":"Feature","properties":{"kind":"piste","difficulty":"intermediate","name":null,"aerialway":null,"osm":"way/388125694"},"geometry":{"type":"LineString","coordinates":[[10.35189,46.94082],[10.352,46.94085]]}},{"type":"Feature","properties":{"kind":"piste","difficulty":"intermediate","name":null,"aerialway":null,"osm":"way/388125695"},"geometry":{"type":"LineString","coordinates":[[10.34608,46.93919],[10.34616,46.93921]]}},{"type":"Feature","properties":{"kind":"piste","difficulty":"intermediate","name":null,"aerialway":null,"osm":"way/388125696"},"geometry":{"type":"LineString","coordinates":[[10.352,46.94085],[10.35318,46.94101],[10.3565,46.94179]]}},{"type":"Feature","properties":{"kind":"piste","difficulty":"intermediate","name":null,"aerialway":null,"osm":"way/388125697"},"geometry":{"type":"LineString","coordinates":[[10.34616,46.93921],[10.34786,46.93971],[10.35025,46.94011],[10.35189,46.94082]]}},{"type":"Feature","properties":{"kind":"piste","difficulty":"intermediate","name":"61","aerialway":null,"osm":"way/391945018"},"geometry":{"type":"LineString","coordinates":[[10.38799,46.98262],[10.38878,46.98159],[10.39112,46.98016],[10.3922,46.97793],[10.39231,46.97711],[10.39205,46.97635],[10.39322,46.9762],[10.39387,46.97597],[10.39387,46.97569],[10.39298,46.97474],[10.39312,46.97417],[10.39377,46.97352]]}},{"type":"Feature","properties":{"kind":"piste","difficulty":"intermediate","name":null,"aerialway":null,"osm":"way/424999282"},"geometry":{"type":"LineString","coordinates":[[10.31675,46.99999],[10.31666,47.00006]]}},{"type":"Feature","properties":{"kind":"piste","difficulty":"intermediate","name":"5","aerialway":null,"osm":"way/424999285"},"geometry":{"type":"LineString","coordinates":[[10.31666,47.00006],[10.31416,46.99718],[10.31317,46.99629],[10.31056,46.99631],[10.31002,46.9966],[10.30981,46.99698],[10.30923,46.99714]]}},{"type":"Feature","properties":{"kind":"piste","difficulty":"advanced","name":null,"aerialway":null,"osm":"way/425005838"},"geometry":{"type":"LineString","coordinates":[[10.30896,46.95296],[10.30876,46.95328],[10.30874,46.95441],[10.30803,46.95562],[10.30568,46.95601]]}},{"type":"Feature","properties":{"kind":"piste","difficulty":"advanced","name":"33","aerialway":null,"osm":"way/425005841"},"geometry":{"type":"LineString","coordinates":[[10.30568,46.95601],[10.30494,46.9561],[10.30433,46.95645],[10.30267,46.958],[10.30173,46.95997],[10.30003,46.96198]]}},{"type":"Feature","properties":{"kind":"piste","difficulty":"easy","name":"2","aerialway":null,"osm":"way/441113957"},"geometry":{"type":"LineString","coordinates":[[10.3163,46.98168],[10.31534,46.98144],[10.31503,46.98109],[10.31491,46.98037],[10.315,46.97997],[10.31531,46.97949],[10.31524,46.9785]]}},{"type":"Feature","properties":{"kind":"piste","difficulty":"freeride","name":"41 Palinkopf - Piz Val Gronda Tal","aerialway":null,"osm":"way/441114767"},"geometry":{"type":"LineString","coordinates":[[10.30573,46.94161],[10.3038,46.94261],[10.30315,46.94327],[10.30118,46.94414],[10.30021,46.94436],[10.29916,46.94478],[10.29642,46.94509],[10.29488,46.94559]]}},{"type":"Feature","properties":{"kind":"piste","difficulty":"intermediate","name":null,"aerialway":null,"osm":"way/452935297"},"geometry":{"type":"LineString","coordinates":[[10.36242,46.94581],[10.36274,46.94628]]}},{"type":"Feature","properties":{"kind":"piste","difficulty":"intermediate","name":null,"aerialway":null,"osm":"way/475481897"},"geometry":{"type":"LineString","coordinates":[[10.3339,46.97034],[10.33438,46.97107],[10.33496,46.97115]]}},{"type":"Feature","properties":{"kind":"piste","difficulty":"easy","name":"Übungspisten Samnaun - Dorf","aerialway":null,"osm":"way/480236698"},"geometry":{"type":"LineString","coordinates":[[10.35371,46.94434],[10.35404,46.9445],[10.35708,46.94438],[10.35841,46.94409],[10.3586,46.94393]]}},{"type":"Feature","properties":{"kind":"piste","difficulty":"easy","name":null,"aerialway":null,"osm":"way/482241358"},"geometry":{"type":"LineString","coordinates":[[10.37163,46.97679],[10.3717,46.97674]]}},{"type":"Feature","properties":{"kind":"piste","difficulty":"easy","name":null,"aerialway":null,"osm":"way/482241360"},"geometry":{"type":"LineString","coordinates":[[10.35483,46.97585],[10.35447,46.97605]]}},{"type":"Feature","properties":{"kind":"piste","difficulty":"easy","name":"Skiweg Laret-West","aerialway":null,"osm":"way/645467070"},"geometry":{"type":"LineString","coordinates":[[10.39637,46.96248],[10.39628,46.9623],[10.39649,46.96197],[10.39645,46.96141],[10.39631,46.96117],[10.39604,46.96097],[10.39483,46.96084],[10.39459,46.96069],[10.39451,46.96045]]}},{"type":"Feature","properties":{"kind":"piste","difficulty":"easy","name":null,"aerialway":null,"osm":"way/645467072"},"geometry":{"type":"LineString","coordinates":[[10.39783,46.961],[10.39845,46.96061],[10.39871,46.96059]]}},{"type":"Feature","properties":{"kind":"piste","difficulty":"easy","name":"Skiweg Compatsch","aerialway":null,"osm":"way/645467073"},"geometry":{"type":"LineString","coordinates":[[10.39499,46.96497],[10.39623,46.96376],[10.39645,46.9633],[10.39751,46.96273],[10.39827,46.96213],[10.39895,46.96188],[10.40021,46.96169],[10.40255,46.961],[10.40409,46.96187],[10.40455,46.96191]]}},{"type":"Feature","properties":{"kind":"piste","difficulty":"easy","name":"2","aerialway":null,"osm":"way/680758783"},"geometry":{"type":"LineString","coordinates":[[10.31524,46.9785],[10.31362,46.97821],[10.31222,46.97734],[10.31207,46.97681],[10.31206,46.9755]]}},{"type":"Feature","properties":{"kind":"piste","difficulty":"easy","name":null,"aerialway":null,"osm":"way/680758785"},"geometry":{"type":"LineString","coordinates":[[10.30915,46.97784],[10.30853,46.97839],[10.30772,46.97853],[10.3064,46.97939],[10.30567,46.97969],[10.30553,46.97986],[10.30563,46.9799]]}},{"type":"Feature","properties":{"kind":"piste","difficulty":"intermediate","name":"1","aerialway":null,"osm":"way/680973779"},"geometry":{"type":"LineString","coordinates":[[10.29084,47.00822],[10.28904,47.0079],[10.28737,47.00905]]}},{"type":"Feature","properties":{"kind":"piste","difficulty":"intermediate","name":null,"aerialway":null,"osm":"way/680973780"},"geometry":{"type":"LineString","coordinates":[[10.29084,47.00822],[10.29071,47.00823]]}},{"type":"Feature","properties":{"kind":"piste","difficulty":"intermediate","name":null,"aerialway":null,"osm":"way/680975996"},"geometry":{"type":"LineString","coordinates":[[10.30932,46.99834],[10.30937,46.99922],[10.30907,46.99949]]}},{"type":"Feature","properties":{"kind":"piste","difficulty":"intermediate","name":"1a","aerialway":null,"osm":"way/680975997"},"geometry":{"type":"LineString","coordinates":[[10.3085,46.99986],[10.30736,46.99987],[10.30723,46.99895],[10.30572,46.99757],[10.30553,46.99755],[10.30538,46.99766],[10.30563,46.99829],[10.30443,46.99906],[10.3042,46.99987]]}},{"type":"Feature","properties":{"kind":"piste","difficulty":"advanced","name":null,"aerialway":null,"osm":"way/680978155"},"geometry":{"type":"LineString","coordinates":[[10.3124,46.95372],[10.31383,46.95481],[10.31491,46.95507]]}},{"type":"Feature","properties":{"kind":"piste","difficulty":"intermediate","name":"1a","aerialway":null,"osm":"way/681236933"},"geometry":{"type":"LineString","coordinates":[[10.3042,46.99987],[10.3037,47.00035],[10.30334,47.00092],[10.30312,47.00201],[10.30264,47.00292],[10.30134,47.004],[10.3011,47.0049],[10.30071,47.00537],[10.30076,47.00627],[10.29873,47.00745],[10.29807,47.00801],[10.29668,47.01008],[10.29461,47.01204],[10.29414,47.01275],[10.29423,47.01285],[10.2945,47.01268]]}},{"type":"Feature","properties":{"kind":"piste","difficulty":"intermediate","name":null,"aerialway":null,"osm":"way/681236934"},"geometry":{"type":"LineString","coordinates":[[10.28788,47.00873],[10.28725,47.00846],[10.28687,47.00883]]}},{"type":"Feature","properties":{"kind":"piste","difficulty":"easy","name":"60 Alp Trida-Samnaun Laret","aerialway":null,"osm":"way/681240971"},"geometry":{"type":"LineString","coordinates":[[10.37524,46.97824],[10.37788,46.97818],[10.38449,46.97742],[10.38569,46.97749],[10.38708,46.97726],[10.38967,46.97557],[10.39031,46.97534],[10.39139,46.97528],[10.39206,46.97492],[10.39264,46.97422],[10.39377,46.97352],[10.39366,46.97244],[10.39336,46.97175],[10.39366,46.97058],[10.39462,46.96916],[10.39395,46.96701],[10.39443,46.96584],[10.39504,46.96519],[10.39492,46.96462],[10.39582,46.96305],[10.39694,46.96203],[10.39717,46.96145],[10.39783,46.961],[10.39833,46.95985]]}},{"type":"Feature","properties":{"kind":"piste","difficulty":"intermediate","name":null,"aerialway":null,"osm":"way/681246107"},"geometry":{"type":"LineString","coordinates":[[10.29488,46.94559],[10.29454,46.94515],[10.29451,46.94493]]}},{"type":"Feature","properties":{"kind":"piste","difficulty":"intermediate","name":"42","aerialway":null,"osm":"way/681251367"},"geometry":{"type":"LineString","coordinates":[[10.29856,46.93752],[10.29747,46.93909],[10.29709,46.9399],[10.29577,46.94352],[10.29531,46.94418],[10.29488,46.94454],[10.29469,46.94511],[10.29428,46.94523],[10.29391,46.94584],[10.29391,46.94628]]}},{"type":"Feature","properties":{"kind":"piste","difficulty":"freeride","name":"26","aerialway":null,"osm":"way/681253044"},"geometry":{"type":"LineString","coordinates":[[10.31389,46.96794],[10.314,46.96949],[10.31378,46.96996],[10.31364,46.97104]]}},{"type":"Feature","properties":{"kind":"piste","difficulty":"intermediate","name":"3","aerialway":null,"osm":"way/681555117"},"geometry":{"type":"LineString","coordinates":[[10.31076,46.9764],[10.30986,46.97676],[10.30983,46.9771],[10.30915,46.97784]]}},{"type":"Feature","properties":{"kind":"piste","difficulty":"intermediate","name":"2a Idalp - Nachtweide Tal","aerialway":null,"osm":"way/681555865"},"geometry":{"type":"LineString","coordinates":[[10.31521,46.98129],[10.31383,46.9809],[10.31349,46.9802],[10.31322,46.98003],[10.30826,46.98014],[10.30685,46.9804],[10.30569,46.98019],[10.30552,46.98007],[10.30551,46.97991],[10.30563,46.9799]]}},{"type":"Feature","properties":{"kind":"piste","difficulty":"easy","name":null,"aerialway":null,"osm":"way/681566619"},"geometry":{"type":"LineString","coordinates":[[10.32379,46.98532],[10.32266,46.98529],[10.32085,46.98494],[10.32038,46.98471],[10.31997,46.98408]]}},{"type":"Feature","properties":{"kind":"piste","difficulty":"easy","name":null,"aerialway":null,"osm":"way/681566621"},"geometry":{"type":"LineString","coordinates":[[10.32518,46.98611],[10.32499,46.98569],[10.32469,46.98561]]}},{"type":"Feature","properties":{"kind":"piste","difficulty":"easy","name":null,"aerialway":null,"osm":"way/681566622"},"geometry":{"type":"LineString","coordinates":[[10.32094,46.98256],[10.31721,46.98171]]}},{"type":"Feature","properties":{"kind":"piste","difficulty":"novice","name":null,"aerialway":null,"osm":"way/681566623"},"geometry":{"type":"LineString","coordinates":[[10.32332,46.98408],[10.32305,46.98423],[10.32128,46.98363],[10.31987,46.9834],[10.31825,46.98276]]}},{"type":"Feature","properties":{"kind":"piste","difficulty":"intermediate","name":"1","aerialway":null,"osm":"way/681566624"},"geometry":{"type":"LineString","coordinates":[[10.31643,46.9823],[10.31583,46.98305]]}},{"type":"Feature","properties":{"kind":"piste","difficulty":"easy","name":"11","aerialway":null,"osm":"way/681566626"},"geometry":{"type":"LineString","coordinates":[[10.32683,46.98023],[10.3259,46.9805],[10.32348,46.98078],[10.32217,46.98068]]}},{"type":"Feature","properties":{"kind":"piste","difficulty":"easy","name":"2","aerialway":null,"osm":"way/681566627"},"geometry":{"type":"LineString","coordinates":[[10.31721,46.98171],[10.31731,46.98027],[10.31524,46.9785],[10.31525,46.97781],[10.31483,46.97746],[10.31441,46.97732],[10.31397,46.97736],[10.31284,46.97683],[10.31194,46.97527],[10.31145,46.97488]]}},{"type":"Feature","properties":{"kind":"piste","difficulty":"easy","name":null,"aerialway":null,"osm":"way/681566628"},"geometry":{"type":"LineString","coordinates":[[10.31721,46.98171],[10.31695,46.98248]]}},{"type":"Feature","properties":{"kind":"piste","difficulty":"novice","name":null,"aerialway":null,"osm":"way/681566629"},"geometry":{"type":"LineString","coordinates":[[10.32207,46.98111],[10.3222,46.98105],[10.32211,46.98091],[10.31893,46.98105],[10.31896,46.9813]]}},{"type":"Feature","properties":{"kind":"piste","difficulty":"easy","name":"11","aerialway":null,"osm":"way/681566630"},"geometry":{"type":"LineString","coordinates":[[10.32217,46.98068],[10.31893,46.98087]]}},{"type":"Feature","properties":{"kind":"piste","difficulty":"novice","name":null,"aerialway":null,"osm":"way/681566631"},"geometry":{"type":"LineString","coordinates":[[10.32023,46.98117],[10.32019,46.98099]]}},{"type":"Feature","properties":{"kind":"piste","difficulty":"novice","name":null,"aerialway":null,"osm":"way/681566632"},"geometry":{"type":"LineString","coordinates":[[10.31923,46.98104],[10.31921,46.98123]]}},{"type":"Feature","properties":{"kind":"piste","difficulty":"easy","name":null,"aerialway":null,"osm":"way/681566633"},"geometry":{"type":"LineString","coordinates":[[10.31893,46.98105],[10.31841,46.98097]]}},{"type":"Feature","properties":{"kind":"piste","difficulty":"easy","name":null,"aerialway":null,"osm":"way/681566634"},"geometry":{"type":"LineString","coordinates":[[10.31841,46.98097],[10.31721,46.98171]]}},{"type":"Feature","properties":{"kind":"piste","difficulty":"easy","name":null,"aerialway":null,"osm":"way/681566635"},"geometry":{"type":"LineString","coordinates":[[10.31534,46.98144],[10.31493,46.9813],[10.31488,46.98233],[10.31416,46.98347]]}},{"type":"Feature","properties":{"kind":"piste","difficulty":"novice","name":null,"aerialway":null,"osm":"way/681566636"},"geometry":{"type":"LineString","coordinates":[[10.31969,46.98311],[10.3198,46.98326],[10.31958,46.98328]]}},{"type":"Feature","properties":{"kind":"piste","difficulty":"intermediate","name":null,"aerialway":null,"osm":"way/681570502"},"geometry":{"type":"LineString","coordinates":[[10.30316,47.00224],[10.30331,47.00203],[10.30335,47.00129],[10.3037,47.00068],[10.30439,47.00012],[10.30481,46.99996],[10.30408,46.99952],[10.30385,46.99966],[10.30303,47.00097],[10.30293,47.00216],[10.30188,47.00326],[10.30178,47.00355],[10.30124,47.00402],[10.30097,47.00488],[10.3006,47.00547],[10.30072,47.00622],[10.29814,47.00789],[10.29729,47.00899],[10.29657,47.00921],[10.2959,47.00964],[10.29508,47.01103],[10.29406,47.01191],[10.29399,47.01229],[10.29415,47.01248],[10.29433,47.01261],[10.29434,47.01231],[10.2949,47.01207],[10.29573,47.01137],[10.29648,47.0102],[10.29691,47.00982],[10.29723,47.01009],[10.29746,47.01009],[10.29749,47.00902],[10.29829,47.00796],[10.29923,47.00723],[10.30089,47.00626],[10.30079,47.00542],[10.30124,47.00468],[10.3014,47.00414],[10.302,47.00353],[10.30255,47.00325],[10.30316,47.00224]]}},{"type":"Feature","properties":{"kind":"piste","difficulty":"intermediate","name":"5a","aerialway":null,"osm":"way/681572990"},"geometry":{"type":"LineString","coordinates":[[10.3243,46.99213],[10.32259,46.99306],[10.32218,46.99304],[10.32083,46.99257],[10.31834,46.99246]]}},{"type":"Feature","properties":{"kind":"piste","difficulty":"intermediate","name":"7","aerialway":null,"osm":"way/681572991"},"geometry":{"type":"LineString","coordinates":[[10.32447,46.99069],[10.32532,46.99023],[10.3259,46.99017],[10.32695,46.99062],[10.3275,46.9906],[10.32806,46.9904],[10.32889,46.98968],[10.32935,46.98949],[10.32997,46.98942],[10.3305,46.98951],[10.33084,46.98963],[10.33057,46.98982],[10.33044,46.99011],[10.33081,46.99053],[10.33175,46.99108],[10.3321,46.99152],[10.33321,46.99227],[10.3332,46.99243],[10.332,46.99339],[10.3315,46.99365],[10.33053,46.99491],[10.32934,46.99734],[10.32863,46.99832],[10.32478,47.00201],[10.32078,47.00406],[10.31903,47.00521],[10.31841,47.00536],[10.31771,47.00574],[10.31731,47.0057]]}},{"type":"Feature","properties":{"kind":"piste","difficulty":"easy","name":"6","aerialway":null,"osm":"way/681572992"},"geometry":{"type":"LineString","coordinates":[[10.32447,46.99069],[10.32402,46.99055],[10.32341,46.99014],[10.32289,46.98951],[10.32276,46.98902],[10.3228,46.98825],[10.32299,46.98797],[10.3236,46.9876],[10.32647,46.98754],[10.32776,46.98714],[10.32793,46.98684],[10.32552,46.9855]]}},{"type":"Feature","properties":{"kind":"piste","difficulty":"intermediate","name":"68b","aerialway":null,"osm":"way/681576250"},"geometry":{"type":"LineString","coordinates":[[10.37944,46.98357],[10.37957,46.98313],[10.3794,46.98205],[10.37906,46.98152],[10.37897,46.98089],[10.37823,46.97936],[10.37787,46.97913],[10.37578,46.97887],[10.37524,46.97824]]}},{"type":"Feature","properties":{"kind":"piste","difficulty":"intermediate","name":"3","aerialway":null,"osm":"way/681651566"},"geometry":{"type":"LineString","coordinates":[[10.31222,46.97734],[10.31076,46.9764]]}},{"type":"Feature","properties":{"kind":"piste","difficulty":"intermediate","name":"3","aerialway":null,"osm":"way/681651567"},"geometry":{"type":"LineString","coordinates":[[10.31362,46.97821],[10.30831,46.97769],[10.30798,46.97753],[10.3079,46.97735],[10.30816,46.9769],[10.30818,46.9767],[10.308,46.97654],[10.30776,46.97659],[10.30751,46.97684],[10.3067,46.97682],[10.30434,46.97732],[10.30309,46.97815],[10.30172,46.97851],[10.30084,46.97894],[10.29968,46.97927],[10.29866,46.97981],[10.29843,46.98038],[10.2979,46.98101],[10.29763,46.98214],[10.29741,46.98259],[10.29698,46.98298],[10.29674,46.98389],[10.29681,46.98414],[10.29852,46.98552],[10.29865,46.98575],[10.29934,46.99186],[10.29964,46.99266],[10.30001,46.99301]]}},{"type":"Feature","properties":{"kind":"piste","difficulty":"intermediate","name":null,"aerialway":null,"osm":"way/681654566"},"geometry":{"type":"LineString","coordinates":[[10.29852,46.98552],[10.29873,46.98564]]}},{"type":"Feature","properties":{"kind":"piste","difficulty":"advanced","name":"14c","aerialway":null,"osm":"way/681895968"},"geometry":{"type":"LineString","coordinates":[[10.33632,46.97493],[10.33572,46.97491],[10.33512,46.97471],[10.33457,46.97425],[10.33145,46.97269],[10.33076,46.97266],[10.33022,46.97285],[10.32913,46.97286],[10.32757,46.97274],[10.32654,46.97243]]}},{"type":"Feature","properties":{"kind":"piste","difficulty":"advanced","name":"14a","aerialway":null,"osm":"way/681895969"},"geometry":{"type":"LineString","coordinates":[[10.33212,46.97187],[10.33069,46.97137],[10.33015,46.97078],[10.32971,46.97052],[10.33006,46.96967],[10.33037,46.96925]]}},{"type":"Feature","properties":{"kind":"piste","difficulty":"easy","name":null,"aerialway":null,"osm":"way/682146484"},"geometry":{"type":"LineString","coordinates":[[10.37479,46.97813],[10.37489,46.97807]]}},{"type":"Feature","properties":{"kind":"piste","difficulty":"intermediate","name":"62a","aerialway":null,"osm":"way/682148031"},"geometry":{"type":"LineString","coordinates":[[10.35364,46.97823],[10.35459,46.97776]]}},{"type":"Feature","properties":{"kind":"piste","difficulty":"intermediate","name":null,"aerialway":null,"osm":"way/682149206"},"geometry":{"type":"LineString","coordinates":[[10.33133,46.97689],[10.33011,46.97834],[10.32945,46.97933]]}},{"type":"Feature","properties":{"kind":"piste","difficulty":"easy","name":null,"aerialway":null,"osm":"way/682149750"},"geometry":{"type":"LineString","coordinates":[[10.31397,46.97736],[10.31222,46.97734]]}},{"type":"Feature","properties":{"kind":"piste","difficulty":"easy","name":"63","aerialway":null,"osm":"way/682533609"},"geometry":{"type":"LineString","coordinates":[[10.35446,46.97706],[10.35703,46.97641],[10.35777,46.97607],[10.35829,46.97603],[10.35919,46.97656],[10.36048,46.97682],[10.36291,46.97694],[10.36421,46.97683],[10.36576,46.97715],[10.36906,46.97719],[10.37093,46.97681],[10.37187,46.97766]]}},{"type":"Feature","properties":{"kind":"piste","difficulty":"easy","name":null,"aerialway":null,"osm":"way/682533610"},"geometry":{"type":"LineString","coordinates":[[10.35459,46.97776],[10.35446,46.97706]]}},{"type":"Feature","properties":{"kind":"piste","difficulty":"intermediate","name":"62a","aerialway":null,"osm":"way/682533611"},"geometry":{"type":"LineString","coordinates":[[10.35459,46.97776],[10.36238,46.97751],[10.37187,46.97766]]}},{"type":"Feature","properties":{"kind":"piste","difficulty":"easy","name":null,"aerialway":null,"osm":"way/682533612"},"geometry":{"type":"LineString","coordinates":[[10.35459,46.97776],[10.35538,46.97795]]}},{"type":"Feature","properties":{"kind":"piste","difficulty":"intermediate","name":null,"aerialway":null,"osm":"way/682536421"},"geometry":{"type":"LineString","coordinates":[[10.33396,46.97031],[10.33374,46.97009]]}},{"type":"Feature","properties":{"kind":"piste","difficulty":"easy","name":null,"aerialway":null,"osm":"way/700689178"},"geometry":{"type":"LineString","coordinates":[[10.31151,46.95097],[10.31212,46.95094],[10.31343,46.95117]]}},{"type":"Feature","properties":{"kind":"piste","difficulty":"intermediate","name":null,"aerialway":null,"osm":"way/748645545"},"geometry":{"type":"LineString","coordinates":[[10.29071,47.00823],[10.29164,47.00906],[10.29286,47.01053],[10.29287,47.01071],[10.29235,47.01096]]}},{"type":"Feature","properties":{"kind":"piste","difficulty":"easy","name":"Edelweiss","aerialway":null,"osm":"way/777171491"},"geometry":{"type":"LineString","coordinates":[[10.23865,46.99011],[10.23843,46.98864],[10.23883,46.98755],[10.23926,46.98676],[10.24036,46.98632]]}},{"type":"Feature","properties":{"kind":"piste","difficulty":"easy","name":"62","aerialway":null,"osm":"way/958602954"},"geometry":{"type":"LineString","coordinates":[[10.37479,46.97813],[10.37524,46.97824]]}},{"type":"Feature","properties":{"kind":"piste","difficulty":"advanced","name":"6a","aerialway":null,"osm":"way/980515526"},"geometry":{"type":"LineString","coordinates":[[10.32534,46.98973],[10.32559,46.98928],[10.32589,46.98906],[10.32761,46.98813],[10.32869,46.98732],[10.32834,46.98685],[10.32768,46.98661]]}},{"type":"Feature","properties":{"kind":"piste","difficulty":"freeride","name":"3a","aerialway":null,"osm":"way/1008875424"},"geometry":{"type":"LineString","coordinates":[[10.31016,46.98978],[10.30908,46.98983],[10.30871,46.98972],[10.30835,46.99011],[10.30606,46.99076],[10.30255,46.9913],[10.3014,46.99223],[10.30113,46.9927],[10.3002,46.99347]]}},{"type":"Feature","properties":{"kind":"piste","difficulty":"freeride","name":"3a","aerialway":null,"osm":"way/1008875425"},"geometry":{"type":"LineString","coordinates":[[10.30953,46.99192],[10.30724,46.99157],[10.30704,46.99147],[10.30673,46.99097],[10.30626,46.9907]]}},{"type":"Feature","properties":{"kind":"piste","difficulty":"intermediate","name":null,"aerialway":null,"osm":"way/1054180979"},"geometry":{"type":"LineString","coordinates":[[10.35835,46.94359],[10.3586,46.94393]]}},{"type":"Feature","properties":{"kind":"piste","difficulty":"easy","name":null,"aerialway":null,"osm":"way/1054180980"},"geometry":{"type":"LineString","coordinates":[[10.35748,46.9443],[10.35851,46.94421],[10.35937,46.94454]]}},{"type":"Feature","properties":{"kind":"piste","difficulty":"intermediate","name":"1","aerialway":null,"osm":"way/1157589879"},"geometry":{"type":"LineString","coordinates":[[10.29497,47.00805],[10.29403,47.00874],[10.29249,47.00877],[10.29051,47.00811],[10.28948,47.0075],[10.2862,47.00638],[10.28491,47.00638],[10.28424,47.00674],[10.284,47.00728]]}},{"type":"Feature","properties":{"kind":"piste","difficulty":"freeride","name":"26","aerialway":null,"osm":"way/1161385521"},"geometry":{"type":"LineString","coordinates":[[10.31022,46.96416],[10.31115,46.96513],[10.3109,46.9655],[10.31102,46.96593],[10.31179,46.96648],[10.31298,46.967],[10.31389,46.96794]]}},{"type":"Feature","properties":{"kind":"piste","difficulty":"intermediate","name":null,"aerialway":null,"osm":"way/1162500294"},"geometry":{"type":"LineString","coordinates":[[10.30048,46.99654],[10.30058,46.99668]]}},{"type":"Feature","properties":{"kind":"piste","difficulty":"intermediate","name":"1","aerialway":null,"osm":"way/1162500298"},"geometry":{"type":"LineString","coordinates":[[10.29715,47.00518],[10.296,47.00639],[10.29514,47.00774]]}},{"type":"Feature","properties":{"kind":"piste","difficulty":"intermediate","name":"1","aerialway":null,"osm":"way/1162500300"},"geometry":{"type":"LineString","coordinates":[[10.29514,47.00774],[10.29497,47.00805]]}},{"type":"Feature","properties":{"kind":"piste","difficulty":"intermediate","name":null,"aerialway":null,"osm":"way/1250058556"},"geometry":{"type":"LineString","coordinates":[[10.28726,47.009],[10.2883,47.00841],[10.2886,47.00803],[10.28906,47.00774],[10.29078,47.00816],[10.291,47.00837],[10.29046,47.00822],[10.29013,47.00828],[10.28926,47.00798],[10.28874,47.00819],[10.28811,47.0087],[10.28741,47.00906],[10.28726,47.009]]}},{"type":"Feature","properties":{"kind":"piste","difficulty":"intermediate","name":null,"aerialway":null,"osm":"way/1250058557"},"geometry":{"type":"LineString","coordinates":[[10.291,47.00837],[10.29255,47.0089],[10.29424,47.00878],[10.29511,47.00812],[10.29573,47.00686],[10.2974,47.00509],[10.29769,47.00432],[10.2983,47.00352],[10.29816,47.00349],[10.29747,47.00423],[10.29687,47.00538],[10.29523,47.00713],[10.29481,47.00811],[10.29429,47.00853],[10.29385,47.00871],[10.2926,47.00875],[10.29078,47.00816],[10.291,47.00837]]}},{"type":"Feature","properties":{"kind":"piste","difficulty":"intermediate","name":"1","aerialway":null,"osm":"way/1250058558"},"geometry":{"type":"LineString","coordinates":[[10.29964,47.00081],[10.2995,47.00121],[10.29957,47.00199],[10.29795,47.0038],[10.29715,47.00518]]}},{"type":"Feature","properties":{"kind":"piste","difficulty":"intermediate","name":"1","aerialway":null,"osm":"way/1250058559"},"geometry":{"type":"LineString","coordinates":[[10.29995,47.00019],[10.29964,47.00081]]}},{"type":"Feature","properties":{"kind":"piste","difficulty":"intermediate","name":null,"aerialway":null,"osm":"way/1250058560"},"geometry":{"type":"LineString","coordinates":[[10.30057,46.99539],[10.30019,46.99614],[10.30052,46.99665],[10.30066,46.99662],[10.30063,46.99599],[10.30124,46.99563],[10.30194,46.99549],[10.30259,46.99581],[10.30299,46.99563],[10.30276,46.9952],[10.30204,46.99512],[10.30116,46.9952],[10.30057,46.99539]]}},{"type":"Feature","properties":{"kind":"piste","difficulty":"intermediate","name":null,"aerialway":null,"osm":"way/1250058561"},"geometry":{"type":"LineString","coordinates":[[10.30911,46.99737],[10.30766,46.99721],[10.30687,46.99689],[10.30685,46.99655],[10.30654,46.99648],[10.30635,46.99658],[10.30651,46.99616],[10.30647,46.99582],[10.30704,46.99613],[10.30751,46.99685],[10.30804,46.99694],[10.30912,46.99687],[10.30911,46.99737]]}},{"type":"Feature","properties":{"kind":"piste","difficulty":"advanced","name":null,"aerialway":null,"osm":"way/1250058562"},"geometry":{"type":"LineString","coordinates":[[10.30622,46.99609],[10.30618,46.99565],[10.30566,46.99576],[10.30517,46.9957],[10.30276,46.9952],[10.30299,46.99563],[10.30531,46.99608],[10.30622,46.99609]]}},{"type":"Feature","properties":{"kind":"piste","difficulty":"intermediate","name":null,"aerialway":null,"osm":"way/1250058563"},"geometry":{"type":"LineString","coordinates":[[10.30541,46.99744],[10.30601,46.99698],[10.30621,46.99635],[10.30618,46.99565],[10.30639,46.99563],[10.30651,46.99616],[10.30612,46.9971],[10.30574,46.99743],[10.30567,46.99733],[10.30541,46.99744]]}},{"type":"Feature","properties":{"kind":"piste","difficulty":"intermediate","name":null,"aerialway":null,"osm":"way/1250058564"},"geometry":{"type":"LineString","coordinates":[[10.30259,46.99581],[10.30265,46.99589],[10.30233,46.99623],[10.30306,46.99697],[10.30356,46.99824],[10.30357,46.99808],[10.30381,46.99833],[10.30305,46.9966],[10.30299,46.99563],[10.30259,46.99581]]}},{"type":"Feature","properties":{"kind":"piste","difficulty":"intermediate","name":null,"aerialway":null,"osm":"way/1250058565"},"geometry":{"type":"LineString","coordinates":[[10.31305,46.98425],[10.31221,46.98457],[10.31106,46.9847],[10.31061,46.98513],[10.31006,46.9869],[10.31041,46.98808],[10.31082,46.98838],[10.31049,46.98856],[10.30995,46.98794],[10.30964,46.98674],[10.30994,46.98634],[10.31007,46.98561],[10.31053,46.98468],[10.31094,46.98445],[10.31241,46.98428],[10.31323,46.9839],[10.31348,46.98405],[10.31305,46.98425]]}},{"type":"Feature","properties":{"kind":"piste","difficulty":"intermediate","name":null,"aerialway":null,"osm":"way/1250058566"},"geometry":{"type":"LineString","coordinates":[[10.31049,46.98856],[10.31069,46.98883],[10.31062,46.98901],[10.30972,46.98961],[10.30929,46.99021],[10.30952,46.99059],[10.30843,46.9925],[10.30834,46.99375],[10.30867,46.99369],[10.30978,46.99233],[10.31052,46.99187],[10.31043,46.99119],[10.31018,46.99095],[10.31018,46.99062],[10.31143,46.9893],[10.31119,46.98865],[10.31103,46.98852],[10.31082,46.98838],[10.31049,46.98856]]}},{"type":"Feature","properties":{"kind":"piste","difficulty":"advanced","name":null,"aerialway":null,"osm":"way/1250058567"},"geometry":{"type":"LineString","coordinates":[[10.30843,46.9925],[10.30693,46.99382],[10.30615,46.99413],[10.30595,46.99435],[10.30583,46.99475],[10.30591,46.9952],[10.30618,46.99565],[10.30639,46.99563],[10.30616,46.99517],[10.30622,46.99479],[10.30643,46.9946],[10.30709,46.9941],[10.30834,46.99375],[10.30843,46.9925]]}},{"type":"Feature","properties":{"kind":"piste","difficulty":"advanced","name":null,"aerialway":null,"osm":"way/1250559969"},"geometry":{"type":"LineString","coordinates":[[10.30231,47.00339],[10.30255,47.00325],[10.30359,47.00344],[10.30406,47.00373],[10.30408,47.00416],[10.30557,47.00505],[10.30854,47.00577],[10.30908,47.00579],[10.31079,47.00633],[10.31077,47.00642],[10.31048,47.00647],[10.30912,47.00595],[10.30649,47.00551],[10.30555,47.00523],[10.30388,47.00425],[10.30383,47.00397],[10.30398,47.00385],[10.30381,47.00371],[10.30231,47.00339]]}},{"type":"Feature","properties":{"kind":"piste","difficulty":"advanced","name":null,"aerialway":null,"osm":"way/1250559972"},"geometry":{"type":"LineString","coordinates":[[10.31075,47.00632],[10.31088,47.00622],[10.31521,47.00687],[10.31589,47.00673],[10.31709,47.00671],[10.31781,47.00626],[10.31794,47.00585],[10.31833,47.00557],[10.31832,47.00587],[10.31814,47.00611],[10.3173,47.00673],[10.31534,47.007],[10.31272,47.00675],[10.31075,47.00632]]}},{"type":"Feature","properties":{"kind":"piste","difficulty":"advanced","name":null,"aerialway":null,"osm":"way/1250559977"},"geometry":{"type":"LineString","coordinates":[[10.31672,47.00343],[10.31704,47.00327],[10.3181,47.004],[10.3185,47.00443],[10.31839,47.00529],[10.31816,47.00538],[10.31831,47.00494],[10.31822,47.00462],[10.31672,47.00343]]}},{"type":"Feature","properties":{"kind":"piste","difficulty":"advanced","name":null,"aerialway":null,"osm":"way/1250559978"},"geometry":{"type":"LineString","coordinates":[[10.31919,46.99999],[10.31872,47.00129],[10.31722,47.00267],[10.31704,47.00327],[10.31631,47.00351],[10.31525,47.00355],[10.31471,47.00318],[10.31471,47.00261],[10.31505,47.00224],[10.31505,47.00206],[10.31456,47.00195],[10.31498,47.00145],[10.31529,47.00205],[10.31486,47.00263],[10.3148,47.0029],[10.31544,47.00332],[10.31783,47.00178],[10.31879,47.00069],[10.31882,47.00017],[10.31919,46.99999]]}},{"type":"Feature","properties":{"kind":"piste","difficulty":"advanced","name":"4","aerialway":null,"osm":"way/1250559979"},"geometry":{"type":"LineString","coordinates":[[10.31894,46.99994],[10.31892,47.00053],[10.31868,47.00107],[10.31825,47.00162],[10.31697,47.00271],[10.31696,47.00305],[10.3168,47.00324],[10.31601,47.00342],[10.31504,47.00331],[10.31473,47.00296],[10.31481,47.0026],[10.31513,47.00223],[10.31516,47.00191],[10.31467,47.00133]]}},{"type":"Feature","properties":{"kind":"piste","difficulty":"advanced","name":null,"aerialway":null,"osm":"way/1250856513"},"geometry":{"type":"LineString","coordinates":[[10.31882,47.00017],[10.31769,47.00067],[10.31617,47.0005],[10.31689,46.99999],[10.31703,47.00019],[10.31747,47.00036],[10.31785,47.00034],[10.31894,46.99951],[10.31882,47.00017]]}},{"type":"Feature","properties":{"kind":"piste","difficulty":"advanced","name":null,"aerialway":null,"osm":"way/1250856514"},"geometry":{"type":"LineString","coordinates":[[10.32388,46.9927],[10.32353,46.99328],[10.32301,46.99371],[10.32262,46.99472],[10.32188,46.99586],[10.32047,46.99666],[10.31958,46.99808],[10.31939,46.9989],[10.31894,46.99951],[10.31882,47.00017],[10.31958,46.9996],[10.32092,46.9968],[10.32149,46.99664],[10.32199,46.99631],[10.32233,46.99563],[10.32407,46.99344],[10.32425,46.99292],[10.32455,46.99257],[10.32459,46.99203],[10.32388,46.9927]]}},{"type":"Feature","properties":{"kind":"piste","difficulty":"intermediate","name":null,"aerialway":null,"osm":"way/1250856515"},"geometry":{"type":"LineString","coordinates":[[10.32443,46.9914],[10.32473,46.99133],[10.32478,46.99159],[10.32459,46.99203],[10.32379,46.99269],[10.32279,46.99318],[10.32224,46.99321],[10.32108,46.99279],[10.3201,46.99263],[10.3184,46.99258],[10.31846,46.99234],[10.32061,46.9924],[10.32249,46.99297],[10.32419,46.99187],[10.32442,46.99164],[10.32443,46.9914]]}},{"type":"Feature","properties":{"kind":"piste","difficulty":"intermediate","name":null,"aerialway":null,"osm":"way/1250856516"},"geometry":{"type":"LineString","coordinates":[[10.3184,46.99257],[10.31847,46.99293],[10.31881,46.99346],[10.31905,46.99447],[10.3184,46.99549],[10.31761,46.99634],[10.3176,46.99681],[10.31713,46.99833],[10.31689,46.99999],[10.31663,46.99982],[10.31691,46.99889],[10.31688,46.99857],[10.31722,46.99785],[10.31719,46.99758],[10.31742,46.99701],[10.31737,46.99624],[10.31761,46.99575],[10.31832,46.9951],[10.31859,46.99452],[10.3185,46.99349],[10.3181,46.99276],[10.31809,46.99258],[10.3184,46.99257]]}},{"type":"Feature","properties":{"kind":"piste","difficulty":"intermediate","name":null,"aerialway":null,"osm":"way/1250856517"},"geometry":{"type":"LineString","coordinates":[[10.30992,46.99694],[10.30992,46.99635],[10.31053,46.99608],[10.31307,46.99598],[10.31434,46.99706],[10.31551,46.99861],[10.31663,46.99982],[10.31658,47.00003],[10.31623,46.99982],[10.31401,46.99714],[10.31318,46.99646],[10.31089,46.99641],[10.31057,46.99647],[10.30992,46.99694]]}},{"type":"Feature","properties":{"kind":"piste","difficulty":"intermediate","name":null,"aerialway":null,"osm":"way/1250856518"},"geometry":{"type":"LineString","coordinates":[[10.31663,46.99982],[10.31689,46.99999],[10.31661,47.00024],[10.31617,47.0005],[10.31548,47.00068],[10.31498,47.00116],[10.31498,47.00145],[10.31456,47.00195],[10.31353,47.00254],[10.31264,47.00264],[10.31158,47.00313],[10.31018,47.00221],[10.31064,47.00138],[10.31049,47.001],[10.31081,47.00094],[10.31048,47.00211],[10.3111,47.00261],[10.31157,47.00266],[10.31172,47.00258],[10.31165,47.00244],[10.31175,47.00228],[10.3129,47.00193],[10.31448,47.00114],[10.31515,47.00038],[10.31551,47.00016],[10.31599,46.99996],[10.31658,47.00003],[10.31663,46.99982]]}},{"type":"Feature","properties":{"kind":"piste","difficulty":"advanced","name":null,"aerialway":null,"osm":"way/1250856519"},"geometry":{"type":"LineString","coordinates":[[10.31175,47.00228],[10.31218,47.00208],[10.31198,47.00182],[10.31207,47.001],[10.31108,47.00058],[10.3104,47.00056],[10.31081,47.00094],[10.31125,47.00089],[10.31188,47.00123],[10.31178,47.00177],[10.31186,47.00206],[10.31175,47.00228]]}},{"type":"Feature","properties":{"kind":"piste","difficulty":"intermediate","name":null,"aerialway":null,"osm":"way/1250858456"},"geometry":{"type":"LineString","coordinates":[[10.31081,47.00094],[10.31049,47.001],[10.30935,47.00067],[10.3092,47.00052],[10.30923,47.00004],[10.30906,46.99994],[10.30856,47.00001],[10.30866,46.99968],[10.30946,46.99973],[10.3094,46.99951],[10.30962,46.99941],[10.30968,46.99983],[10.30945,47.00034],[10.31041,47.00056],[10.31081,47.00094]]}},{"type":"Feature","properties":{"kind":"piste","difficulty":"advanced","name":null,"aerialway":null,"osm":"way/1250858457"},"geometry":{"type":"LineString","coordinates":[[10.30528,46.99975],[10.30729,47],[10.30724,46.99974],[10.30556,46.99954],[10.30528,46.99975]]}},{"type":"Feature","properties":{"kind":"piste","difficulty":"intermediate","name":null,"aerialway":null,"osm":"way/1250858458"},"geometry":{"type":"LineString","coordinates":[[10.30856,47.00001],[10.30729,47],[10.30724,46.99974],[10.30866,46.99968],[10.30856,47.00001]]}},{"type":"Feature","properties":{"kind":"piste","difficulty":"intermediate","name":null,"aerialway":null,"osm":"way/1250858459"},"geometry":{"type":"LineString","coordinates":[[10.30592,46.99799],[10.30666,46.99851],[10.30724,46.99974],[10.30782,46.99968],[10.30756,46.99947],[10.30729,46.99888],[10.30676,46.9984],[10.30612,46.99785],[10.30616,46.99804],[10.30592,46.99799]]}},{"type":"Feature","properties":{"kind":"piste","difficulty":"intermediate","name":null,"aerialway":null,"osm":"way/1250858460"},"geometry":{"type":"LineString","coordinates":[[10.30992,46.99635],[10.30947,46.99635],[10.30921,46.99658],[10.30911,46.99737],[10.30932,46.99815],[10.30916,46.9985],[10.30848,46.99924],[10.30841,46.99963],[10.30866,46.99968],[10.3086,46.99936],[10.30877,46.99917],[10.30933,46.99929],[10.30953,46.99915],[10.30944,46.99842],[10.30995,46.99703],[10.30984,46.99672],[10.30992,46.99635]]}},{"type":"Feature","properties":{"kind":"piste","difficulty":"intermediate","name":null,"aerialway":null,"osm":"way/1251294900"},"geometry":{"type":"LineString","coordinates":[[10.32242,46.98854],[10.32267,46.98799],[10.32045,46.98717],[10.31989,46.98737],[10.31943,46.98776],[10.31832,46.98987],[10.31813,46.99054],[10.31832,46.99193],[10.31809,46.99258],[10.3184,46.99257],[10.31859,46.99214],[10.3184,46.991],[10.31847,46.99029],[10.31949,46.98862],[10.31968,46.98802],[10.32034,46.98761],[10.32107,46.98758],[10.32175,46.98794],[10.32242,46.98854]]}},{"type":"Feature","properties":{"kind":"piste","difficulty":"easy","name":null,"aerialway":null,"osm":"way/1251294901"},"geometry":{"type":"LineString","coordinates":[[10.32441,46.99041],[10.32446,46.99025],[10.32408,46.99026],[10.32361,46.99007],[10.32312,46.98955],[10.32301,46.98862],[10.32316,46.98821],[10.32351,46.98788],[10.32409,46.98769],[10.32604,46.98779],[10.32665,46.98769],[10.32855,46.98714],[10.32869,46.98677],[10.32753,46.98695],[10.32704,46.98727],[10.32615,46.9875],[10.32386,46.98752],[10.32267,46.98799],[10.32242,46.98854],[10.32267,46.98978],[10.32337,46.99049],[10.32415,46.991],[10.32441,46.99041]]}},{"type":"Feature","properties":{"kind":"piste","difficulty":"intermediate","name":null,"aerialway":null,"osm":"way/1251294902"},"geometry":{"type":"LineString","coordinates":[[10.32477,46.99064],[10.32477,46.99039],[10.32569,46.99006],[10.32622,46.99014],[10.32691,46.99056],[10.32717,46.99053],[10.32809,46.99031],[10.32859,46.98982],[10.32936,46.9894],[10.3307,46.98946],[10.33056,46.98969],[10.32993,46.98949],[10.32931,46.98954],[10.32887,46.98975],[10.32816,46.99043],[10.32697,46.99079],[10.32682,46.99081],[10.32643,46.99046],[10.32587,46.99031],[10.32518,46.99041],[10.32477,46.99064]]}},{"type":"Feature","properties":{"kind":"piste","difficulty":"easy","name":null,"aerialway":null,"osm":"way/1251294903"},"geometry":{"type":"LineString","coordinates":[[10.32302,46.98905],[10.32362,46.9895],[10.32464,46.98938],[10.32536,46.98947],[10.32544,46.98961],[10.32346,46.98964],[10.32311,46.98949],[10.32302,46.98905]]}},{"type":"Feature","properties":{"kind":"piste","difficulty":"easy","name":null,"aerialway":null,"osm":"way/1251294904"},"geometry":{"type":"LineString","coordinates":[[10.32466,46.98969],[10.32477,46.98989],[10.32451,46.99009],[10.32415,46.991],[10.32443,46.9914],[10.32473,46.99133],[10.32477,46.99039],[10.32517,46.98961],[10.32466,46.98969]]}},{"type":"Feature","properties":{"kind":"piste","difficulty":"intermediate","name":null,"aerialway":null,"osm":"way/1251294905"},"geometry":{"type":"LineString","coordinates":[[10.33056,46.98969],[10.3307,46.98946],[10.33291,46.98877],[10.33393,46.98861],[10.33499,46.98862],[10.33546,46.98847],[10.33585,46.98857],[10.33305,46.98899],[10.33091,46.98985],[10.33056,46.98969]]}},{"type":"Feature","properties":{"kind":"piste","difficulty":"intermediate","name":null,"aerialway":null,"osm":"way/1251294906"},"geometry":{"type":"LineString","coordinates":[[10.33091,46.98985],[10.3306,46.99006],[10.33101,46.99047],[10.33215,46.99121],[10.33263,46.99173],[10.33323,46.99209],[10.33337,46.99276],[10.33288,46.9934],[10.33204,46.99392],[10.33111,46.99473],[10.33071,46.99571],[10.32985,46.99691],[10.32925,46.99818],[10.32736,47.00022],[10.32492,47.00234],[10.32405,47.0029],[10.32056,47.00467],[10.31833,47.00557],[10.31794,47.00585],[10.31755,47.00584],[10.31764,47.00565],[10.31816,47.00538],[10.31888,47.00518],[10.31969,47.00446],[10.32272,47.00305],[10.32447,47.00208],[10.32508,47.00136],[10.32699,46.99976],[10.32893,46.99761],[10.32908,46.9968],[10.33004,46.99562],[10.33091,46.99401],[10.33303,46.99244],[10.33294,46.99223],[10.33193,46.99176],[10.3316,46.99114],[10.33011,46.99025],[10.32997,46.99005],[10.32993,46.98949],[10.33091,46.98985]]}},{"type":"Feature","properties":{"kind":"piste","difficulty":"easy","name":null,"aerialway":null,"osm":"way/1251294907"},"geometry":{"type":"LineString","coordinates":[[10.33297,46.98668],[10.33493,46.9876],[10.33576,46.98831],[10.33654,46.98837],[10.33638,46.9885],[10.33585,46.98857],[10.33546,46.98847],[10.33291,46.98712],[10.32786,46.98536],[10.32415,46.98391],[10.32343,46.98344],[10.31895,46.98226],[10.32128,46.98173],[10.32328,46.98208],[10.32413,46.98275],[10.3253,46.98323],[10.32654,46.98398],[10.32751,46.98478],[10.32841,46.98502],[10.32919,46.98537],[10.32933,46.98555],[10.33297,46.98668]]}},{"type":"Feature","properties":{"kind":"piste","difficulty":"easy","name":null,"aerialway":null,"osm":"way/1251294908"},"geometry":{"type":"LineString","coordinates":[[10.32484,46.98568],[10.32467,46.98582],[10.3212,46.98473],[10.31904,46.98431],[10.31829,46.98371],[10.31733,46.9832],[10.31674,46.98314],[10.31652,46.98341],[10.3163,46.98342],[10.3169,46.98282],[10.3179,46.9828],[10.32452,46.98541],[10.32482,46.98542],[10.32484,46.98568]]}},{"type":"Feature","properties":{"kind":"piste","difficulty":"novice","name":null,"aerialway":null,"osm":"way/1251642521"},"geometry":{"type":"LineString","coordinates":[[10.31875,46.98247],[10.31846,46.98262],[10.31999,46.98331],[10.32156,46.98351],[10.32337,46.98415],[10.32312,46.98438],[10.31884,46.98322],[10.3179,46.9828],[10.31823,46.98237],[10.31849,46.9823],[10.31882,46.98239],[10.31875,46.98247]]}},{"type":"Feature","properties":{"kind":"piste","difficulty":"freeride","name":null,"aerialway":null,"osm":"way/1251642523"},"geometry":{"type":"LineString","coordinates":[[10.33299,46.98665],[10.32933,46.98555],[10.32919,46.98537],[10.33306,46.98642],[10.33642,46.98753],[10.33643,46.9877],[10.33557,46.98811],[10.33546,46.98807],[10.33568,46.98784],[10.33299,46.98665]]}},{"type":"Feature","properties":{"kind":"piste","difficulty":"intermediate","name":null,"aerialway":null,"osm":"way/1251642524"},"geometry":{"type":"LineString","coordinates":[[10.33984,46.98005],[10.33722,46.98025],[10.33594,46.98068],[10.33508,46.98083],[10.33318,46.98171],[10.33101,46.98245],[10.33035,46.98255],[10.32968,46.98309],[10.3288,46.98339],[10.3277,46.98349],[10.3253,46.98323],[10.32573,46.98358],[10.32788,46.9838],[10.32952,46.9836],[10.33013,46.98341],[10.33093,46.9829],[10.33311,46.98222],[10.33414,46.98163],[10.33574,46.98113],[10.33694,46.98098],[10.33912,46.98029],[10.33959,46.98034],[10.33984,46.98005]]}},{"type":"Feature","properties":{"kind":"piste","difficulty":"intermediate","name":null,"aerialway":null,"osm":"way/1251642525"},"geometry":{"type":"LineString","coordinates":[[10.33035,46.98255],[10.329,46.98214],[10.32872,46.98192],[10.32821,46.98188],[10.32742,46.98214],[10.32443,46.98256],[10.32413,46.98275],[10.32498,46.98278],[10.32861,46.98219],[10.32996,46.98283],[10.33035,46.98255]]}},{"type":"Feature","properties":{"kind":"piste","difficulty":"easy","name":null,"aerialway":null,"osm":"way/1251642526"},"geometry":{"type":"LineString","coordinates":[[10.34034,46.97869],[10.33973,46.97861],[10.33702,46.97891],[10.33549,46.97859],[10.33461,46.97872],[10.33346,46.97934],[10.33253,46.97961],[10.32988,46.97954],[10.32838,46.97985],[10.32701,46.98041],[10.32747,46.97966],[10.32802,46.97931],[10.32873,46.9793],[10.33004,46.97875],[10.33162,46.97838],[10.33433,46.97798],[10.33763,46.97812],[10.33828,46.97832],[10.33941,46.97818],[10.34046,46.97856],[10.34034,46.97869]]}},{"type":"Feature","properties":{"kind":"piste","difficulty":"easy","name":null,"aerialway":null,"osm":"way/1251642527"},"geometry":{"type":"LineString","coordinates":[[10.33984,46.98005],[10.33986,46.97983],[10.3403,46.97928],[10.34042,46.97887],[10.34034,46.97869],[10.34046,46.97856],[10.34105,46.97848],[10.34139,46.9786],[10.34159,46.9789],[10.34097,46.97918],[10.34,46.98023],[10.33959,46.98034],[10.33984,46.98005]]}},{"type":"Feature","properties":{"kind":"piste","difficulty":"novice","name":null,"aerialway":null,"osm":"way/1251642528"},"geometry":{"type":"LineString","coordinates":[[10.32211,46.98113],[10.32236,46.98111],[10.32232,46.9807],[10.31892,46.98089],[10.31878,46.98109],[10.31883,46.98132],[10.32129,46.98103],[10.32211,46.98113]]}},{"type":"Feature","properties":{"kind":"piste","difficulty":"easy","name":null,"aerialway":null,"osm":"way/1251642529"},"geometry":{"type":"LineString","coordinates":[[10.31947,46.9818],[10.32063,46.9813],[10.32554,46.98055],[10.32747,46.97966],[10.32701,46.98041],[10.32625,46.98074],[10.32598,46.98105],[10.32429,46.98142],[10.32239,46.98138],[10.32161,46.98147],[10.32072,46.98178],[10.31947,46.9818]]}},{"type":"Feature","properties":{"kind":"piste","difficulty":"easy","name":null,"aerialway":null,"osm":"way/1251642530"},"geometry":{"type":"LineString","coordinates":[[10.32607,46.98031],[10.32516,46.98012],[10.32348,46.98069],[10.3217,46.9803],[10.3205,46.98029],[10.31892,46.98089],[10.32232,46.9807],[10.32236,46.98111],[10.32554,46.98055],[10.32607,46.98031]]}},{"type":"Feature","properties":{"kind":"piste","difficulty":"easy","name":null,"aerialway":null,"osm":"way/1251642531"},"geometry":{"type":"LineString","coordinates":[[10.31581,46.98259],[10.31648,46.98208],[10.3168,46.98235],[10.31665,46.9827],[10.3169,46.98282],[10.3163,46.98342],[10.31581,46.98259]]}},{"type":"Feature","properties":{"kind":"piste","difficulty":"easy","name":null,"aerialway":null,"osm":"way/1251642532"},"geometry":{"type":"LineString","coordinates":[[10.31659,46.98074],[10.31777,46.97989],[10.31855,46.98045],[10.31899,46.9805],[10.31876,46.98152],[10.31897,46.98173],[10.32072,46.98178],[10.31895,46.98226],[10.31894,46.98246],[10.31713,46.9821],[10.3168,46.98235],[10.31611,46.98181],[10.31628,46.98139],[10.31708,46.98145],[10.31707,46.98118],[10.31659,46.98074]]}},{"type":"Feature","properties":{"kind":"piste","difficulty":"easy","name":null,"aerialway":null,"osm":"way/1251642533"},"geometry":{"type":"LineString","coordinates":[[10.32029,46.97993],[10.32076,46.98002],[10.3205,46.98029],[10.31892,46.98089],[10.31899,46.9805],[10.3195,46.98042],[10.32029,46.97993]]}},{"type":"Feature","properties":{"kind":"piste","difficulty":"easy","name":null,"aerialway":null,"osm":"way/1251642534"},"geometry":{"type":"LineString","coordinates":[[10.30558,46.98088],[10.30574,46.98031],[10.30553,46.98001],[10.30563,46.97976],[10.3054,46.97993],[10.30539,46.98042],[10.30523,46.98078],[10.30541,46.98107],[10.30632,46.9814],[10.30919,46.98179],[10.30964,46.98194],[10.31158,46.98321],[10.31323,46.9839],[10.31358,46.9837],[10.31192,46.98315],[10.30958,46.98168],[10.30813,46.98133],[10.30642,46.9813],[10.3059,46.98113],[10.30558,46.98088]]}},{"type":"Feature","properties":{"kind":"piste","difficulty":"intermediate","name":null,"aerialway":null,"osm":"way/1251642535"},"geometry":{"type":"LineString","coordinates":[[10.30565,46.98006],[10.30706,46.98032],[10.30822,46.98003],[10.31326,46.97984],[10.31351,46.97998],[10.31378,46.98038],[10.31381,46.98078],[10.31404,46.98082],[10.31383,46.98093],[10.31328,46.98025],[10.31291,46.98013],[10.30813,46.98027],[10.30714,46.98048],[10.30637,46.98049],[10.30574,46.98031],[10.30565,46.98006]]}},{"type":"Feature","properties":{"kind":"piste","difficulty":"intermediate","name":null,"aerialway":null,"osm":"way/1251642536"},"geometry":{"type":"LineString","coordinates":[[10.30803,46.97661],[10.30809,46.97698],[10.30774,46.97737],[10.3083,46.97782],[10.30893,46.97796],[10.30927,46.97765],[10.30848,46.97759],[10.30811,46.97742],[10.30822,46.97669],[10.30803,46.97661]]}},{"type":"Feature","properties":{"kind":"piste","difficulty":"intermediate","name":null,"aerialway":null,"osm":"way/1251642537"},"geometry":{"type":"LineString","coordinates":[[10.30893,46.97796],[10.30909,46.97799],[10.30943,46.97768],[10.30927,46.97765],[10.30893,46.97796]]}},{"type":"Feature","properties":{"kind":"piste","difficulty":"intermediate","name":null,"aerialway":null,"osm":"way/1251642538"},"geometry":{"type":"LineString","coordinates":[[10.30812,46.97658],[10.30801,46.97649],[10.30931,46.97587],[10.31104,46.9762],[10.31062,46.97642],[10.30935,46.97606],[10.30873,46.97623],[10.30812,46.97658]]}},{"type":"Feature","properties":{"kind":"piste","difficulty":"easy","name":null,"aerialway":null,"osm":"way/1251642539"},"geometry":{"type":"LineString","coordinates":[[10.31167,46.97493],[10.31225,46.97533],[10.31272,46.97616],[10.31319,46.97666],[10.31496,46.97709],[10.31414,46.97745],[10.31311,46.97754],[10.31203,46.97705],[10.31192,46.97591],[10.3117,46.97519],[10.31152,46.97501],[10.31167,46.97493]]}},{"type":"Feature","properties":{"kind":"piste","difficulty":"easy","name":null,"aerialway":null,"osm":"way/1251642540"},"geometry":{"type":"LineString","coordinates":[[10.31496,46.97709],[10.31546,46.97722],[10.31589,46.9775],[10.31694,46.97917],[10.31777,46.97989],[10.3168,46.98057],[10.31571,46.97909],[10.31518,46.97887],[10.31516,46.97823],[10.3149,46.97784],[10.31459,46.97759],[10.31414,46.97745],[10.31496,46.97709]]}},{"type":"Feature","properties":{"kind":"piste","difficulty":"easy","name":null,"aerialway":null,"osm":"way/1251642541"},"geometry":{"type":"LineString","coordinates":[[10.31518,46.97836],[10.31432,46.97806],[10.31319,46.97787],[10.31244,46.97744],[10.31203,46.97705],[10.31229,46.97752],[10.31341,46.97824],[10.3143,46.97844],[10.31485,46.97876],[10.31523,46.9795],[10.31492,46.98],[10.31486,46.98044],[10.31463,46.9807],[10.31479,46.98101],[10.31531,46.98087],[10.31509,46.98063],[10.31502,46.98006],[10.3154,46.97962],[10.31549,46.97915],[10.31571,46.97909],[10.31518,46.97887],[10.31518,46.97836]]}},{"type":"Feature","properties":{"kind":"piste","difficulty":"intermediate","name":null,"aerialway":null,"osm":"way/1251683449"},"geometry":{"type":"LineString","coordinates":[[10.31062,46.97642],[10.31072,46.9765],[10.31119,46.97624],[10.31104,46.9762],[10.31062,46.97642]]}},{"type":"Feature","properties":{"kind":"piste","difficulty":"intermediate","name":null,"aerialway":null,"osm":"way/1251683450"},"geometry":{"type":"LineString","coordinates":[[10.31072,46.9765],[10.31155,46.97719],[10.31229,46.97752],[10.31197,46.97691],[10.31119,46.97624],[10.31072,46.9765]]}},{"type":"Feature","properties":{"kind":"piste","difficulty":"intermediate","name":null,"aerialway":null,"osm":"way/1251683451"},"geometry":{"type":"LineString","coordinates":[[10.30943,46.97768],[10.31082,46.97789],[10.31286,46.97785],[10.31341,46.97824],[10.3095,46.97807],[10.30909,46.97799],[10.30943,46.97768]]}},{"type":"Feature","properties":{"kind":"piste","difficulty":"intermediate","name":null,"aerialway":null,"osm":"way/1251683452"},"geometry":{"type":"LineString","coordinates":[[10.33729,46.9752],[10.3366,46.97516],[10.33614,46.97528],[10.33545,46.97568],[10.33312,46.97591],[10.33249,46.97629],[10.33302,46.97638],[10.33405,46.97619],[10.33512,46.97623],[10.3366,46.97578],[10.33688,46.97538],[10.33759,46.97548],[10.33729,46.9752]]}},{"type":"Feature","properties":{"kind":"piste","difficulty":"intermediate","name":null,"aerialway":null,"osm":"way/1251683453"},"geometry":{"type":"LineString","coordinates":[[10.3322,46.97635],[10.33153,46.9764],[10.33098,46.97661],[10.33081,46.97684],[10.32945,46.97756],[10.32838,46.97787],[10.32765,46.97785],[10.32505,46.97864],[10.3215,46.97938],[10.32076,46.98002],[10.32126,46.97975],[10.32516,46.97894],[10.32775,46.97809],[10.3283,46.97817],[10.33134,46.97737],[10.33275,46.97649],[10.3322,46.97635]]}},{"type":"Feature","properties":{"kind":"piste","difficulty":"intermediate","name":null,"aerialway":null,"osm":"way/1251683454"},"geometry":{"type":"LineString","coordinates":[[10.3322,46.97635],[10.33249,46.97629],[10.33374,46.97655],[10.33255,46.97671],[10.33246,46.97664],[10.33275,46.97649],[10.3322,46.97635]]}},{"type":"Feature","properties":{"kind":"piste","difficulty":"intermediate","name":null,"aerialway":null,"osm":"way/1251683455"},"geometry":{"type":"LineString","coordinates":[[10.33312,46.97591],[10.33199,46.976],[10.32935,46.97539],[10.32592,46.97544],[10.32548,46.97564],[10.32621,46.97586],[10.3277,46.97559],[10.32899,46.97559],[10.3322,46.97635],[10.33312,46.97591]]}},{"type":"Feature","properties":{"kind":"piste","difficulty":"intermediate","name":null,"aerialway":null,"osm":"way/1251683456"},"geometry":{"type":"LineString","coordinates":[[10.32548,46.97564],[10.32529,46.97577],[10.3231,46.97594],[10.32261,46.97608],[10.32216,46.9765],[10.32176,46.97739],[10.32202,46.97832],[10.32197,46.97855],[10.32029,46.97993],[10.32076,46.98002],[10.32225,46.97865],[10.32225,46.97713],[10.32268,46.97643],[10.32324,46.97622],[10.32621,46.97586],[10.32548,46.97564]]}},{"type":"Feature","properties":{"kind":"piste","difficulty":"intermediate","name":null,"aerialway":null,"osm":"way/1251683457"},"geometry":{"type":"LineString","coordinates":[[10.32592,46.97544],[10.32538,46.97527],[10.32456,46.97457],[10.32412,46.97442],[10.32154,46.9743],[10.32018,46.97444],[10.31932,46.97473],[10.31875,46.9751],[10.31789,46.97533],[10.31852,46.97573],[10.32052,46.97461],[10.32203,46.97457],[10.32281,46.97469],[10.32365,46.97464],[10.32417,46.97482],[10.32469,46.97534],[10.32548,46.97564],[10.32592,46.97544]]}},{"type":"Feature","properties":{"kind":"piste","difficulty":"intermediate","name":null,"aerialway":null,"osm":"way/1251683458"},"geometry":{"type":"LineString","coordinates":[[10.31852,46.97573],[10.31734,46.97659],[10.31546,46.97722],[10.31496,46.97709],[10.31713,46.97634],[10.31786,46.97576],[10.31789,46.97533],[10.31852,46.97573]]}},{"type":"Feature","properties":{"kind":"piste","difficulty":"intermediate","name":null,"aerialway":null,"osm":"way/1251683459"},"geometry":{"type":"LineString","coordinates":[[10.31789,46.97533],[10.31398,46.97463],[10.31277,46.97409],[10.31222,46.97411],[10.31287,46.97455],[10.31371,46.97487],[10.31594,46.97525],[10.31786,46.97576],[10.31789,46.97533]]}},{"type":"Feature","properties":{"kind":"piste","difficulty":"advanced","name":null,"aerialway":null,"osm":"way/1251683460"},"geometry":{"type":"LineString","coordinates":[[10.32935,46.97539],[10.33009,46.97522],[10.33056,46.97488],[10.33071,46.97442],[10.33064,46.97354],[10.33081,46.97311],[10.33125,46.9727],[10.33157,46.97285],[10.33116,46.97323],[10.331,46.97356],[10.33085,46.97499],[10.33015,46.97554],[10.32935,46.97539]]}},{"type":"Feature","properties":{"kind":"piste","difficulty":"advanced","name":null,"aerialway":null,"osm":"way/1251683461"},"geometry":{"type":"LineString","coordinates":[[10.33126,46.97266],[10.33085,46.97261],[10.33018,46.97275],[10.32788,46.97265],[10.32709,46.97275],[10.32987,46.97307],[10.33076,46.97269],[10.33126,46.97266]]}},{"type":"Feature","properties":{"kind":"piste","difficulty":"advanced","name":null,"aerialway":null,"osm":"way/1251683462"},"geometry":{"type":"LineString","coordinates":[[10.33186,46.9719],[10.33071,46.97189],[10.32788,46.97265],[10.32709,46.97275],[10.32671,46.97264],[10.3267,46.97236],[10.33008,46.97171],[10.33089,46.9716],[10.33186,46.9719]]}},{"type":"Feature","properties":{"kind":"piste","difficulty":"advanced","name":null,"aerialway":null,"osm":"way/1251683463"},"geometry":{"type":"LineString","coordinates":[[10.3267,46.97236],[10.32596,46.97231],[10.32495,46.97182],[10.32191,46.97098],[10.32154,46.97096],[10.32124,46.97118],[10.32548,46.97239],[10.32671,46.97264],[10.3267,46.97236]]}},{"type":"Feature","properties":{"kind":"piste","difficulty":"expert","name":null,"aerialway":null,"osm":"way/1251683464"},"geometry":{"type":"LineString","coordinates":[[10.32124,46.97118],[10.31973,46.97106],[10.31792,46.97047],[10.31819,46.97008],[10.32019,46.97079],[10.32129,46.97091],[10.32124,46.97118]]}},{"type":"Feature","properties":{"kind":"piste","difficulty":"advanced","name":null,"aerialway":null,"osm":"way/1251683465"},"geometry":{"type":"LineString","coordinates":[[10.33039,46.96914],[10.33011,46.96893],[10.32951,46.96894],[10.32723,46.96908],[10.32485,46.96945],[10.32263,46.97018],[10.32129,46.97091],[10.32127,46.97107],[10.32266,46.97037],[10.32492,46.96974],[10.32935,46.96924],[10.33022,46.96935],[10.33039,46.96914]]}},{"type":"Feature","properties":{"kind":"piste","difficulty":"advanced","name":null,"aerialway":null,"osm":"way/1251683466"},"geometry":{"type":"LineString","coordinates":[[10.33138,46.97171],[10.33203,46.97173],[10.33375,46.97052],[10.33387,46.97085],[10.33244,46.97202],[10.33233,46.97237],[10.33157,46.97285],[10.33125,46.9727],[10.33127,46.97261],[10.33182,46.97224],[10.33191,46.97204],[10.33186,46.9719],[10.33138,46.97171]]}},{"type":"Feature","properties":{"kind":"piste","difficulty":"advanced","name":null,"aerialway":null,"osm":"way/1251683467"},"geometry":{"type":"LineString","coordinates":[[10.33039,46.96914],[10.33166,46.96949],[10.33309,46.97028],[10.33309,46.97071],[10.33331,46.97088],[10.33306,46.97103],[10.33277,46.97054],[10.33198,46.97003],[10.33022,46.96935],[10.33039,46.96914]]}},{"type":"Feature","properties":{"kind":"piste","difficulty":"advanced","name":"14","aerialway":null,"osm":"way/1251683468"},"geometry":{"type":"LineString","coordinates":[[10.335,46.97135],[10.33482,46.97201],[10.33484,46.97252]]}},{"type":"Feature","properties":{"kind":"piste","difficulty":"easy","name":null,"aerialway":null,"osm":"way/1251692868"},"geometry":{"type":"LineString","coordinates":[[10.33757,46.97523],[10.33741,46.9753],[10.33759,46.97548],[10.33812,46.97582],[10.33829,46.97576],[10.33801,46.97549],[10.33821,46.97534],[10.33801,46.97516],[10.33757,46.97523]]}},{"type":"Feature","properties":{"kind":"piste","difficulty":"intermediate","name":null,"aerialway":null,"osm":"way/1251692869"},"geometry":{"type":"LineString","coordinates":[[10.33627,46.97496],[10.33627,46.97486],[10.33682,46.97479],[10.33756,46.97524],[10.33741,46.9753],[10.33684,46.97502],[10.33627,46.97496]]}},{"type":"Feature","properties":{"kind":"piste","difficulty":"easy","name":null,"aerialway":null,"osm":"way/1251692870"},"geometry":{"type":"LineString","coordinates":[[10.34159,46.9789],[10.34459,46.97772],[10.3474,46.97745],[10.34746,46.97714],[10.34615,46.97713],[10.34325,46.97768],[10.34185,46.97778],[10.34105,46.97848],[10.34139,46.9786],[10.34159,46.9789]]}},{"type":"Feature","properties":{"kind":"piste","difficulty":"easy","name":null,"aerialway":null,"osm":"way/1251692871"},"geometry":{"type":"LineString","coordinates":[[10.34177,46.97505],[10.34147,46.97595],[10.34141,46.97654],[10.34145,46.97745],[10.34165,46.97787],[10.34181,46.9778],[10.34187,46.97744],[10.3419,46.97596],[10.34237,46.97471],[10.34271,46.97447],[10.34217,46.97445],[10.34189,46.97472],[10.34177,46.97505]]}},{"type":"Feature","properties":{"kind":"piste","difficulty":"easy","name":null,"aerialway":null,"osm":"way/1251692872"},"geometry":{"type":"LineString","coordinates":[[10.3474,46.97745],[10.34843,46.97761],[10.34912,46.97787],[10.34947,46.97814],[10.35002,46.97822],[10.35227,46.97841],[10.35407,46.97831],[10.35469,46.97839],[10.3543,46.97804],[10.35119,46.97817],[10.3501,46.97808],[10.34919,46.9775],[10.34776,46.97717],[10.34746,46.97714],[10.3474,46.97745]]}},{"type":"Feature","properties":{"kind":"piste","difficulty":"easy","name":null,"aerialway":null,"osm":"way/1251692873"},"geometry":{"type":"LineString","coordinates":[[10.3543,46.97804],[10.35537,46.97828],[10.35711,46.97824],[10.35813,46.97839],[10.35834,46.97817],[10.35962,46.97912],[10.36068,46.97908],[10.36191,46.97879],[10.36313,46.97869],[10.36319,46.97898],[10.36222,46.97907],[10.36066,46.97946],[10.35963,46.97949],[10.35915,46.97933],[10.3582,46.97868],[10.35555,46.97859],[10.35469,46.97839],[10.3543,46.97804]]}},{"type":"Feature","properties":{"kind":"piste","difficulty":"easy","name":null,"aerialway":null,"osm":"way/1251692874"},"geometry":{"type":"LineString","coordinates":[[10.36313,46.97869],[10.364,46.97876],[10.3654,46.97865],[10.36679,46.97878],[10.36884,46.97791],[10.37073,46.97775],[10.37081,46.978],[10.36953,46.9781],[10.36838,46.97878],[10.36714,46.97913],[10.36319,46.97898],[10.36313,46.97869]]}},{"type":"Feature","properties":{"kind":"piste","difficulty":"easy","name":null,"aerialway":null,"osm":"way/1251692875"},"geometry":{"type":"LineString","coordinates":[[10.35472,46.97685],[10.35666,46.97644],[10.35805,46.97591],[10.35845,46.97596],[10.35926,46.97647],[10.35985,46.97662],[10.3625,46.97681],[10.36323,46.9767],[10.36457,46.97677],[10.36445,46.97702],[10.36074,46.97701],[10.35911,46.97669],[10.35856,46.97631],[10.35797,46.97615],[10.35516,46.9771],[10.35482,46.97716],[10.35472,46.97685]]}},{"type":"Feature","properties":{"kind":"piste","difficulty":"easy","name":null,"aerialway":null,"osm":"way/1251692876"},"geometry":{"type":"LineString","coordinates":[[10.3539,46.97642],[10.3537,46.97606],[10.35264,46.97494],[10.34943,46.97172],[10.34901,46.97081],[10.34948,46.97061],[10.3495,46.97096],[10.34988,46.97152],[10.35238,46.97401],[10.35362,46.97548],[10.3541,46.9758],[10.35452,46.97584],[10.3539,46.97642]]}},{"type":"Feature","properties":{"kind":"piste","difficulty":"easy","name":null,"aerialway":null,"osm":"way/1251692877"},"geometry":{"type":"LineString","coordinates":[[10.3539,46.97642],[10.35452,46.97584],[10.35485,46.97582],[10.35476,46.9759],[10.35488,46.97603],[10.35443,46.97614],[10.35436,46.97631],[10.35482,46.97716],[10.35432,46.97713],[10.3539,46.97642]]}},{"type":"Feature","properties":{"kind":"piste","difficulty":"easy","name":null,"aerialway":null,"osm":"way/1251692878"},"geometry":{"type":"LineString","coordinates":[[10.3474,46.97394],[10.34653,46.97368],[10.34368,46.97433],[10.34217,46.97445],[10.34258,46.97414],[10.34626,46.97352],[10.34689,46.97348],[10.34892,46.97413],[10.34886,46.97431],[10.3474,46.97394]]}},{"type":"Feature","properties":{"kind":"piste","difficulty":"intermediate","name":null,"aerialway":null,"osm":"way/1251692879"},"geometry":{"type":"LineString","coordinates":[[10.33855,46.97356],[10.33802,46.97363],[10.33714,46.97415],[10.33753,46.97486],[10.3379,46.97518],[10.33801,46.97516],[10.33769,46.97484],[10.33753,46.97431],[10.33798,46.97386],[10.33829,46.97375],[10.33915,46.9738],[10.33892,46.97353],[10.33855,46.97356]]}},{"type":"Feature","properties":{"kind":"piste","difficulty":"intermediate","name":null,"aerialway":null,"osm":"way/1251692880"},"geometry":{"type":"LineString","coordinates":[[10.33915,46.9738],[10.34052,46.97427],[10.34217,46.97445],[10.34258,46.97414],[10.34055,46.97407],[10.33892,46.97353],[10.33915,46.9738]]}},{"type":"Feature","properties":{"kind":"piste","difficulty":"advanced","name":null,"aerialway":null,"osm":"way/1251692881"},"geometry":{"type":"LineString","coordinates":[[10.33778,46.97248],[10.33872,46.97355],[10.3392,46.97356],[10.33825,46.97267],[10.33792,46.97245],[10.33778,46.97248]]}},{"type":"Feature","properties":{"kind":"piste","difficulty":"intermediate","name":null,"aerialway":null,"osm":"way/1251692882"},"geometry":{"type":"LineString","coordinates":[[10.33385,46.96913],[10.33458,46.96946],[10.33525,46.96945],[10.33643,46.96915],[10.33652,46.96896],[10.33641,46.96878],[10.33565,46.96837],[10.33544,46.96812],[10.33543,46.96788],[10.33589,46.96676],[10.3363,46.96649],[10.33854,46.96702],[10.3381,46.96714],[10.33668,46.96679],[10.33635,46.96678],[10.33621,46.96692],[10.33577,46.9679],[10.33578,46.96811],[10.3367,46.9686],[10.33697,46.9688],[10.33701,46.96902],[10.33661,46.96962],[10.33567,46.97005],[10.33523,46.96998],[10.33394,46.96928],[10.33385,46.96913]]}},{"type":"Feature","properties":{"kind":"piste","difficulty":"intermediate","name":null,"aerialway":null,"osm":"way/1251692883"},"geometry":{"type":"LineString","coordinates":[[10.33854,46.96702],[10.34288,46.96813],[10.34562,46.96902],[10.34615,46.96922],[10.34715,46.97008],[10.34791,46.97043],[10.34953,46.97033],[10.34854,46.97057],[10.34764,46.97049],[10.34586,46.96929],[10.34469,46.96901],[10.34364,46.96859],[10.3381,46.96714],[10.33854,46.96702]]}},{"type":"Feature","properties":{"kind":"piste","difficulty":"intermediate","name":null,"aerialway":null,"osm":"way/1251710612"},"geometry":{"type":"LineString","coordinates":[[10.38453,46.99632],[10.3844,46.9963],[10.38437,46.99613],[10.38469,46.99441],[10.38466,46.99276],[10.38418,46.99089],[10.38506,46.99092],[10.38587,46.99054],[10.38668,46.98949],[10.3871,46.98872],[10.38731,46.98749],[10.38691,46.98521],[10.38602,46.98643],[10.38642,46.98662],[10.38663,46.98735],[10.38651,46.9888],[10.38625,46.98938],[10.38583,46.98966],[10.38523,46.99055],[10.38491,46.99073],[10.38385,46.99056],[10.38349,46.99092],[10.38424,46.99331],[10.38398,46.99617],[10.38425,46.99634],[10.38453,46.99632]]}},{"type":"Feature","properties":{"kind":"piste","difficulty":"intermediate","name":null,"aerialway":null,"osm":"way/1251710613"},"geometry":{"type":"LineString","coordinates":[[10.37306,46.98856],[10.37428,46.98838],[10.37898,46.98841],[10.37915,46.98776],[10.37985,46.98726],[10.38033,46.98716],[10.38135,46.98709],[10.38387,46.9876],[10.38413,46.98756],[10.38492,46.98705],[10.38579,46.98569],[10.38621,46.98526],[10.38659,46.98563],[10.38602,46.98643],[10.38489,46.98756],[10.38402,46.98787],[10.38307,46.98791],[10.38164,46.98753],[10.38043,46.98741],[10.37979,46.9876],[10.37949,46.98793],[10.37969,46.98854],[10.37927,46.98863],[10.37798,46.98876],[10.37434,46.9887],[10.37307,46.98896],[10.37285,46.98889],[10.37306,46.98856]]}},{"type":"Feature","properties":{"kind":"piste","difficulty":"intermediate","name":null,"aerialway":null,"osm":"way/1251758486"},"geometry":{"type":"LineString","coordinates":[[10.37243,46.98862],[10.37266,46.98862],[10.37304,46.98788],[10.37293,46.98759],[10.37273,46.98752],[10.37191,46.9875],[10.3692,46.98784],[10.3683,46.98778],[10.36787,46.9875],[10.36777,46.98728],[10.36794,46.98622],[10.36869,46.98516],[10.36943,46.98454],[10.37055,46.98321],[10.37115,46.9818],[10.37012,46.97967],[10.3702,46.97893],[10.37043,46.97839],[10.37081,46.978],[10.37165,46.97817],[10.37094,46.97915],[10.37078,46.97967],[10.37174,46.98131],[10.37184,46.98172],[10.37094,46.98385],[10.37005,46.98478],[10.36897,46.9856],[10.36845,46.9864],[10.36833,46.98705],[10.36862,46.98745],[10.37349,46.9874],[10.37362,46.98772],[10.37285,46.98889],[10.37243,46.98862]]}},{"type":"Feature","properties":{"kind":"piste","difficulty":"intermediate","name":null,"aerialway":null,"osm":"way/1251758487"},"geometry":{"type":"LineString","coordinates":[[10.37349,46.9874],[10.37398,46.98699],[10.37433,46.98626],[10.37444,46.9856],[10.37324,46.98465],[10.37153,46.9826],[10.37184,46.98172],[10.37302,46.98341],[10.37403,46.98462],[10.37478,46.98512],[10.375,46.9856],[10.37486,46.98626],[10.37437,46.9871],[10.37362,46.98772],[10.37349,46.9874]]}},{"type":"Feature","properties":{"kind":"piste","difficulty":"intermediate","name":null,"aerialway":null,"osm":"way/1251758488"},"geometry":{"type":"LineString","coordinates":[[10.37759,46.98417],[10.37749,46.98386],[10.37644,46.98353],[10.37514,46.98356],[10.37397,46.98376],[10.37312,46.98353],[10.37373,46.98417],[10.37538,46.98373],[10.37679,46.98379],[10.37723,46.98413],[10.37759,46.98417]]}},{"type":"Feature","properties":{"kind":"piste","difficulty":"intermediate","name":null,"aerialway":null,"osm":"way/1251758489"},"geometry":{"type":"LineString","coordinates":[[10.37517,46.97835],[10.37567,46.9789],[10.37808,46.9793],[10.37854,46.98033],[10.37908,46.98275],[10.37942,46.9833],[10.37979,46.98317],[10.37951,46.98257],[10.37951,46.98205],[10.37917,46.98083],[10.37913,46.98019],[10.37868,46.97927],[10.37836,46.97907],[10.37598,46.97884],[10.37563,46.97856],[10.37566,46.97832],[10.37517,46.97835]]}},{"type":"Feature","properties":{"kind":"piste","difficulty":"intermediate","name":null,"aerialway":null,"osm":"way/1251758490"},"geometry":{"type":"LineString","coordinates":[[10.37749,46.98386],[10.37903,46.98366],[10.37942,46.9833],[10.38189,46.98204],[10.38295,46.98184],[10.38464,46.98211],[10.38496,46.98228],[10.38653,46.98232],[10.38636,46.9825],[10.38515,46.98254],[10.38318,46.98217],[10.38076,46.983],[10.37966,46.98369],[10.37908,46.98391],[10.37754,46.98402],[10.37749,46.98386]]}},{"type":"Feature","properties":{"kind":"piste","difficulty":"intermediate","name":null,"aerialway":null,"osm":"way/1251758491"},"geometry":{"type":"LineString","coordinates":[[10.37102,46.98745],[10.37153,46.98614],[10.37183,46.98571],[10.37189,46.98533],[10.37081,46.98397],[10.37116,46.98351],[10.37193,46.98466],[10.37228,46.98553],[10.37216,46.986],[10.37142,46.9874],[10.37102,46.98745]]}},{"type":"Feature","properties":{"kind":"piste","difficulty":"intermediate","name":null,"aerialway":null,"osm":"way/1251758492"},"geometry":{"type":"LineString","coordinates":[[10.38579,46.98569],[10.38588,46.9847],[10.38567,46.98391],[10.38636,46.98275],[10.38661,46.98263],[10.38686,46.98275],[10.38671,46.98282],[10.3864,46.98366],[10.38633,46.98465],[10.38642,46.98486],[10.38579,46.98569]]}},{"type":"Feature","properties":{"kind":"piste","difficulty":"intermediate","name":null,"aerialway":null,"osm":"way/1251758493"},"geometry":{"type":"LineString","coordinates":[[10.38621,46.98526],[10.38659,46.98563],[10.38691,46.98521],[10.38686,46.985],[10.3884,46.9826],[10.38833,46.98252],[10.38799,46.98242],[10.38781,46.98262],[10.38733,46.98268],[10.38747,46.98295],[10.38621,46.98526]]}},{"type":"Feature","properties":{"kind":"piste","difficulty":"intermediate","name":null,"aerialway":null,"osm":"way/1251758494"},"geometry":{"type":"LineString","coordinates":[[10.38739,46.9828],[10.38686,46.98275],[10.38636,46.9825],[10.3869,46.98218],[10.38775,46.98216],[10.38795,46.98227],[10.388,46.98248],[10.38758,46.98228],[10.38675,46.98247],[10.38739,46.9828]]}},{"type":"Feature","properties":{"kind":"piste","difficulty":"easy","name":null,"aerialway":null,"osm":"way/1251764933"},"geometry":{"type":"LineString","coordinates":[[10.37611,46.97815],[10.3761,46.97805],[10.37642,46.97802],[10.37712,46.97813],[10.37932,46.97806],[10.38118,46.9777],[10.38663,46.97721],[10.3873,46.97698],[10.38978,46.9754],[10.39017,46.97526],[10.39106,46.97521],[10.39244,46.97422],[10.39342,46.9737],[10.39319,46.97178],[10.39332,46.97109],[10.39367,46.9702],[10.39428,46.96947],[10.39397,46.96702],[10.39439,46.9658],[10.39498,46.96524],[10.39489,46.96453],[10.39508,46.96411],[10.39575,46.9631],[10.39629,46.96252],[10.3964,46.96263],[10.39575,46.96329],[10.39518,46.96437],[10.39511,46.96526],[10.39443,46.96617],[10.39414,46.96722],[10.39443,46.96792],[10.39455,46.96934],[10.39359,46.97146],[10.39396,46.9734],[10.39375,46.97387],[10.39257,46.97438],[10.39225,46.97484],[10.39147,46.97534],[10.38966,46.9757],[10.38755,46.97705],[10.38643,46.97746],[10.38342,46.9776],[10.37928,46.97817],[10.37725,46.97826],[10.37611,46.97815]]}},{"type":"Feature","properties":{"kind":"piste","difficulty":"intermediate","name":null,"aerialway":null,"osm":"way/1251764934"},"geometry":{"type":"LineString","coordinates":[[10.39206,46.97713],[10.3921,46.97673],[10.39197,46.97639],[10.39217,46.97622],[10.3929,46.97619],[10.39373,46.97588],[10.39357,46.97542],[10.39302,46.97491],[10.39268,46.97433],[10.39287,46.97424],[10.39286,46.97435],[10.39395,46.97526],[10.39418,46.97578],[10.39412,46.97599],[10.39333,46.97634],[10.39234,46.97641],[10.39234,46.97732],[10.39206,46.97713]]}},{"type":"Feature","properties":{"kind":"piste","difficulty":"intermediate","name":null,"aerialway":null,"osm":"way/1251764935"},"geometry":{"type":"LineString","coordinates":[[10.3684,46.97368],[10.36939,46.97471],[10.36973,46.97565],[10.37034,46.97673],[10.37125,46.97654],[10.3706,46.97594],[10.36977,46.97449],[10.36908,46.97364],[10.36862,46.97277],[10.36795,46.9719],[10.36758,46.97093],[10.3672,46.97096],[10.3675,46.97213],[10.3684,46.97368]]}},{"type":"Feature","properties":{"kind":"piste","difficulty":"easy","name":null,"aerialway":null,"osm":"way/1251764936"},"geometry":{"type":"LineString","coordinates":[[10.3672,46.97096],[10.36673,46.97148],[10.36675,46.97218],[10.36715,46.97387],[10.36714,46.97495],[10.36736,46.9763],[10.36856,46.97716],[10.37034,46.97673],[10.36945,46.97671],[10.36881,46.9765],[10.36836,46.97603],[10.36826,46.97551],[10.36834,46.97373],[10.3675,46.97213],[10.3672,46.97096]]}},{"type":"Feature","properties":{"kind":"piste","difficulty":"intermediate","name":null,"aerialway":null,"osm":"way/1251764937"},"geometry":{"type":"LineString","coordinates":[[10.36457,46.97677],[10.36607,46.97704],[10.36729,46.97708],[10.36727,46.97731],[10.36538,46.97722],[10.36445,46.97702],[10.36457,46.97677]]}},{"type":"Feature","properties":{"kind":"piste","difficulty":"intermediate","name":null,"aerialway":null,"osm":"way/1251764938"},"geometry":{"type":"LineString","coordinates":[[10.35506,46.97771],[10.36249,46.97739],[10.36927,46.97757],[10.36921,46.97776],[10.36215,46.97766],[10.35555,46.9779],[10.35506,46.97771]]}},{"type":"Feature","properties":{"kind":"piste","difficulty":"intermediate","name":null,"aerialway":null,"osm":"way/1251764939"},"geometry":{"type":"LineString","coordinates":[[10.34919,46.9775],[10.3503,46.97789],[10.35442,46.97773],[10.35396,46.97792],[10.3501,46.97808],[10.34919,46.9775]]}},{"type":"Feature","properties":{"kind":"piste","difficulty":"easy","name":null,"aerialway":null,"osm":"way/1251764940"},"geometry":{"type":"LineString","coordinates":[[10.35901,46.97808],[10.36107,46.97815],[10.36298,46.9787],[10.36454,46.9787],[10.36333,46.97858],[10.36154,46.97799],[10.36035,46.97785],[10.358,46.97798],[10.35704,46.97786],[10.35555,46.9779],[10.35592,46.9781],[10.35662,46.97815],[10.35621,46.97826],[10.35711,46.97824],[10.35813,46.97839],[10.35834,46.97817],[10.35901,46.97808]]}},{"type":"Feature","properties":{"kind":"piste","difficulty":"easy","name":null,"aerialway":null,"osm":"way/1251764941"},"geometry":{"type":"LineString","coordinates":[[10.35496,46.97811],[10.35592,46.9781],[10.35506,46.97771],[10.35442,46.97773],[10.35318,46.97812],[10.35496,46.97811]]}},{"type":"Feature","properties":{"kind":"piste","difficulty":"intermediate","name":null,"aerialway":null,"osm":"way/1251764942"},"geometry":{"type":"LineString","coordinates":[[10.37125,46.97654],[10.37336,46.97714],[10.37527,46.97719],[10.37562,46.97729],[10.37556,46.97761],[10.37544,46.97738],[10.37311,46.97732],[10.37163,46.97676],[10.37034,46.97673],[10.37125,46.97654]]}},{"type":"Feature","properties":{"kind":"piste","difficulty":"easy","name":null,"aerialway":null,"osm":"way/1251764943"},"geometry":{"type":"LineString","coordinates":[[10.37163,46.97676],[10.37034,46.97673],[10.36856,46.97716],[10.36927,46.97757],[10.36921,46.97776],[10.37073,46.97775],[10.37081,46.978],[10.37165,46.97817],[10.37179,46.97745],[10.37163,46.97676]]}},{"type":"Feature","properties":{"kind":"piste","difficulty":"easy","name":null,"aerialway":null,"osm":"way/1251764944"},"geometry":{"type":"LineString","coordinates":[[10.37158,46.9768],[10.37212,46.97706],[10.37234,46.9774],[10.37213,46.97767],[10.37296,46.9781],[10.3741,46.97826],[10.37533,46.97811],[10.37548,46.97788],[10.37528,46.97776],[10.37546,46.97753],[10.37577,46.978],[10.3761,46.97805],[10.37611,46.97815],[10.37596,46.97829],[10.37431,46.97847],[10.37353,46.97842],[10.37393,46.97867],[10.37384,46.97877],[10.37236,46.97824],[10.37165,46.97817],[10.37179,46.97745],[10.37201,46.97739],[10.37189,46.97722],[10.37169,46.97728],[10.37158,46.9768]]}},{"type":"Feature","properties":{"kind":"piste","difficulty":"easy","name":null,"aerialway":null,"osm":"way/1251764945"},"geometry":{"type":"LineString","coordinates":[[10.37526,46.97763],[10.37546,46.97753],[10.37501,46.97754],[10.37526,46.97763]]}},{"type":"Feature","properties":{"kind":"piste","difficulty":"easy","name":null,"aerialway":null,"osm":"way/1251770751"},"geometry":{"type":"LineString","coordinates":[[10.3672,46.97096],[10.3666,46.97081],[10.36608,46.9714],[10.3655,46.97178],[10.36548,46.97239],[10.36573,46.97398],[10.36706,46.97592],[10.367,46.97604],[10.3671,46.97601],[10.36736,46.9763],[10.36714,46.97495],[10.36658,46.97433],[10.36609,46.97348],[10.36607,46.97257],[10.36591,46.97195],[10.36649,46.97152],[10.36673,46.97148],[10.3672,46.97096]]}},{"type":"Feature","properties":{"kind":"piste","difficulty":"easy","name":null,"aerialway":null,"osm":"way/1251770752"},"geometry":{"type":"LineString","coordinates":[[10.3666,46.97081],[10.3665,46.97026],[10.36663,46.97002],[10.36754,46.97022],[10.36747,46.97041],[10.36728,46.97047],[10.36758,46.97093],[10.3666,46.97081]]}},{"type":"Feature","properties":{"kind":"piste","difficulty":"intermediate","name":null,"aerialway":null,"osm":"way/1251770753"},"geometry":{"type":"LineString","coordinates":[[10.36743,46.97073],[10.36842,46.9708],[10.36857,46.97092],[10.36853,46.97125],[10.37021,46.97302],[10.37013,46.97347],[10.37031,46.97381],[10.37117,46.97445],[10.37155,46.97489],[10.37116,46.9753],[10.37106,46.9756],[10.37125,46.97654],[10.3706,46.97594],[10.37066,46.97546],[10.37037,46.97469],[10.36934,46.97354],[10.36743,46.97073]]}},{"type":"Feature","properties":{"kind":"piste","difficulty":"easy","name":null,"aerialway":null,"osm":"way/1251770754"},"geometry":{"type":"LineString","coordinates":[[10.36411,46.9713],[10.36452,46.97129],[10.36538,46.97153],[10.36561,46.97198]]}},{"type":"Feature","properties":{"kind":"piste","difficulty":"easy","name":null,"aerialway":null,"osm":"way/1251770755"},"geometry":{"type":"LineString","coordinates":[[10.34615,46.97713],[10.35068,46.97638],[10.35419,46.97692],[10.35432,46.97713],[10.3533,46.97711],[10.35143,46.97661],[10.34746,46.97714],[10.34615,46.97713]]}},{"type":"Feature","properties":{"kind":"piste","difficulty":"intermediate","name":null,"aerialway":null,"osm":"way/1251770756"},"geometry":{"type":"LineString","coordinates":[[10.33605,46.96744],[10.3366,46.96744],[10.33791,46.9671],[10.3388,46.96733],[10.33746,46.96738],[10.33577,46.9679],[10.33605,46.96744]]}},{"type":"Feature","properties":{"kind":"piste","difficulty":"intermediate","name":null,"aerialway":null,"osm":"way/1251770757"},"geometry":{"type":"LineString","coordinates":[[10.34072,46.96754],[10.34197,46.9677],[10.34358,46.96765],[10.3456,46.9678],[10.3486,46.96849],[10.35051,46.96923],[10.35181,46.9693],[10.35114,46.9695],[10.35063,46.96945],[10.34824,46.96864],[10.34541,46.968],[10.34201,46.96791],[10.34072,46.96754]]}},{"type":"Feature","properties":{"kind":"piste","difficulty":"advanced","name":null,"aerialway":null,"osm":"way/1251770758"},"geometry":{"type":"LineString","coordinates":[[10.34727,46.97363],[10.34908,46.97307],[10.34922,46.97279],[10.34935,46.97322],[10.34889,46.97346],[10.34773,46.9738],[10.34727,46.97363]]}},{"type":"Feature","properties":{"kind":"piste","difficulty":"easy","name":null,"aerialway":null,"osm":"way/1251770759"},"geometry":{"type":"LineString","coordinates":[[10.34892,46.97413],[10.3491,46.97411],[10.34925,46.97389],[10.34935,46.97322],[10.34922,46.97279],[10.34846,46.9717],[10.3483,46.9711],[10.34865,46.97056],[10.34902,46.97052],[10.34902,46.97067],[10.34866,46.97101],[10.34873,46.97137],[10.34948,46.9726],[10.34961,46.97344],[10.34943,46.97428],[10.34886,46.97431],[10.34892,46.97413]]}},{"type":"Feature","properties":{"kind":"piste","difficulty":"easy","name":null,"aerialway":null,"osm":"way/1251770760"},"geometry":{"type":"LineString","coordinates":[[10.34901,46.97081],[10.34902,46.97052],[10.34953,46.97033],[10.35208,46.9699],[10.35234,46.96978],[10.35224,46.96954],[10.35241,46.96953],[10.35254,46.96972],[10.35364,46.96968],[10.35379,46.96996],[10.35312,46.96983],[10.35163,46.97019],[10.35015,46.97033],[10.34901,46.97081]]}},{"type":"Feature","properties":{"kind":"piste","difficulty":"easy","name":null,"aerialway":null,"osm":"way/1251770761"},"geometry":{"type":"LineString","coordinates":[[10.3525,46.96963],[10.3524,46.96941],[10.35181,46.9693],[10.34909,46.97037],[10.35085,46.96997],[10.35166,46.96955],[10.35224,46.96951],[10.3525,46.96963]]}},{"type":"Feature","properties":{"kind":"piste","difficulty":"advanced","name":null,"aerialway":null,"osm":"way/1251774589"},"geometry":{"type":"LineString","coordinates":[[10.33393,46.97205],[10.33262,46.97222],[10.33233,46.97237],[10.33244,46.97202],[10.33265,46.97186],[10.33374,46.97172],[10.33404,46.97195],[10.33393,46.97205]]}},{"type":"Feature","properties":{"kind":"piste","difficulty":"easy","name":null,"aerialway":null,"osm":"way/1251774591"},"geometry":{"type":"LineString","coordinates":[[10.31611,46.98181],[10.31475,46.98115],[10.31383,46.98093],[10.31404,46.98082],[10.31495,46.98107],[10.31479,46.98101],[10.31531,46.98087],[10.31526,46.9811],[10.31584,46.98144],[10.31628,46.98139],[10.31611,46.98181]]}},{"type":"Feature","properties":{"kind":"piste","difficulty":"freeride","name":"12a","aerialway":null,"osm":"way/1251780344"},"geometry":{"type":"LineString","coordinates":[[10.32988,46.97564],[10.32911,46.97512],[10.32768,46.97461],[10.32562,46.97389],[10.32242,46.97303],[10.32081,46.97276],[10.31933,46.97275],[10.31757,46.97302],[10.31679,46.97266],[10.31563,46.97261],[10.31498,46.97272],[10.31356,46.97258]]}},{"type":"Feature","properties":{"kind":"piste","difficulty":"advanced","name":null,"aerialway":null,"osm":"way/1251780345"},"geometry":{"type":"LineString","coordinates":[[10.32769,46.96214],[10.32631,46.96204],[10.3249,46.96286],[10.3237,46.96327],[10.32225,46.96436],[10.32256,46.96454],[10.32649,46.96244],[10.32774,46.96224],[10.32769,46.96214]]}},{"type":"Feature","properties":{"kind":"piste","difficulty":"advanced","name":null,"aerialway":null,"osm":"way/1251780346"},"geometry":{"type":"LineString","coordinates":[[10.32225,46.96436],[10.3191,46.96567],[10.31892,46.966],[10.3199,46.96579],[10.32158,46.96511],[10.32256,46.96454],[10.32225,46.96436]]}},{"type":"Feature","properties":{"kind":"piste","difficulty":"advanced","name":null,"aerialway":null,"osm":"way/1251780347"},"geometry":{"type":"LineString","coordinates":[[10.32225,46.96436],[10.32045,46.96359],[10.32024,46.9639],[10.32183,46.96458],[10.32225,46.96436]]}},{"type":"Feature","properties":{"kind":"piste","difficulty":"intermediate","name":null,"aerialway":null,"osm":"way/1251780348"},"geometry":{"type":"LineString","coordinates":[[10.32171,46.96139],[10.32181,46.96134],[10.32185,46.96151],[10.32104,46.96246],[10.32037,46.96352],[10.32045,46.96359],[10.31907,46.96563],[10.31856,46.96671],[10.31777,46.96757],[10.31705,46.96874],[10.31528,46.97062],[10.31477,46.97144],[10.31481,46.97155],[10.31449,46.97182],[10.31277,46.97409],[10.31222,46.97411],[10.31231,46.97374],[10.31304,46.97316],[10.31724,46.96761],[10.32009,46.96364],[10.32006,46.96337],[10.3211,46.96189],[10.32156,46.96168],[10.32171,46.96139]]}},{"type":"Feature","properties":{"kind":"piste","difficulty":"easy","name":null,"aerialway":null,"osm":"way/1251780349"},"geometry":{"type":"LineString","coordinates":[[10.32171,46.96139],[10.32154,46.96137],[10.31976,46.96296],[10.31892,46.96332],[10.31868,46.96294],[10.32132,46.96114],[10.32172,46.96122],[10.32181,46.96134],[10.32171,46.96139]]}},{"type":"Feature","properties":{"kind":"piste","difficulty":"intermediate","name":null,"aerialway":null,"osm":"way/1251780350"},"geometry":{"type":"LineString","coordinates":[[10.32144,46.96146],[10.32138,46.96177],[10.3211,46.96189],[10.32087,46.96224],[10.32084,46.96203],[10.32144,46.96146]]}},{"type":"Feature","properties":{"kind":"piste","difficulty":"easy","name":null,"aerialway":null,"osm":"way/1251780351"},"geometry":{"type":"LineString","coordinates":[[10.31802,46.96207],[10.31775,46.96253],[10.31651,46.96351],[10.31577,46.9652],[10.31456,46.96621],[10.31442,46.96674],[10.31455,46.96718],[10.31486,46.96761],[10.31558,46.9681],[10.31556,46.96841],[10.31522,46.96901],[10.31433,46.96987],[10.31404,46.97051],[10.3131,46.97101],[10.31249,46.97159],[10.31164,46.97369],[10.31231,46.97374],[10.31235,46.97334],[10.313,46.97264],[10.31352,46.97176],[10.3146,46.97075],[10.31608,46.96884],[10.31621,46.96854],[10.3159,46.96812],[10.31541,46.96685],[10.31551,46.96635],[10.31762,46.96331],[10.31843,46.96243],[10.31802,46.96207]]}},{"type":"Feature","properties":{"kind":"piste","difficulty":"easy","name":null,"aerialway":null,"osm":"way/1251780352"},"geometry":{"type":"LineString","coordinates":[[10.31892,46.96332],[10.31793,46.96362],[10.31705,46.96409],[10.31751,46.96346],[10.31878,46.96309],[10.31892,46.96332]]}},{"type":"Feature","properties":{"kind":"piste","difficulty":"advanced","name":null,"aerialway":null,"osm":"way/1251780353"},"geometry":{"type":"LineString","coordinates":[[10.31819,46.97008],[10.3164,46.96979],[10.31607,46.96982],[10.31573,46.97013],[10.31677,46.9702],[10.31792,46.97047],[10.31819,46.97008]]}},{"type":"Feature","properties":{"kind":"piste","difficulty":"advanced","name":null,"aerialway":null,"osm":"way/1251780354"},"geometry":{"type":"LineString","coordinates":[[10.31682,46.97026],[10.31604,46.97038],[10.31527,46.97068],[10.315,46.97103],[10.31639,46.97046],[10.31728,46.97032],[10.31682,46.97026]]}},{"type":"Feature","properties":{"kind":"piste","difficulty":"intermediate","name":null,"aerialway":null,"osm":"way/1251780355"},"geometry":{"type":"LineString","coordinates":[[10.31608,46.96884],[10.31604,46.9692],[10.3152,46.9703],[10.31474,46.97058],[10.31608,46.96884]]}},{"type":"Feature","properties":{"kind":"piste","difficulty":"freeride","name":"26a","aerialway":null,"osm":"way/1251780356"},"geometry":{"type":"LineString","coordinates":[[10.31038,46.96433],[10.30985,46.96504],[10.3096,46.966],[10.30957,46.9671],[10.30925,46.96765],[10.30922,46.9686],[10.30905,46.9693],[10.3099,46.9701],[10.31199,46.97114],[10.31249,46.97213]]}},{"type":"Feature","properties":{"kind":"piste","difficulty":"intermediate","name":null,"aerialway":null,"osm":"way/1251780357"},"geometry":{"type":"LineString","coordinates":[[10.30963,46.97374],[10.31164,46.97369],[10.31155,46.97386],[10.31076,46.97382],[10.30958,46.97398],[10.30963,46.97374]]}},{"type":"Feature","properties":{"kind":"piste","difficulty":"easy","name":null,"aerialway":null,"osm":"way/1251780358"},"geometry":{"type":"LineString","coordinates":[[10.31164,46.97369],[10.31155,46.97386],[10.31176,46.97404],[10.3117,46.97422],[10.31091,46.97493],[10.31116,46.97511],[10.31121,46.97492],[10.31137,46.97502],[10.31167,46.97493],[10.31187,46.97471],[10.31174,46.97467],[10.31185,46.97447],[10.31222,46.97411],[10.31231,46.97374],[10.31164,46.97369]]}},{"type":"Feature","properties":{"kind":"piste","difficulty":"intermediate","name":null,"aerialway":null,"osm":"way/1251787054"},"geometry":{"type":"LineString","coordinates":[[10.30826,46.97212],[10.30793,46.97238],[10.30819,46.97279],[10.30963,46.97374],[10.30958,46.97398],[10.30917,46.97411],[10.30744,46.97329],[10.30766,46.97249],[10.30826,46.97212]]}},{"type":"Feature","properties":{"kind":"piste","difficulty":"intermediate","name":null,"aerialway":null,"osm":"way/1251787055"},"geometry":{"type":"LineString","coordinates":[[10.30744,46.9723],[10.30775,46.97223],[10.30784,46.97231],[10.30766,46.97249],[10.30752,46.97244],[10.30656,46.97306],[10.30308,46.97297],[10.30167,46.97272],[10.29995,46.97309],[10.30023,46.97279],[10.30158,46.97246],[10.30477,46.97256],[10.30643,46.97281],[10.30673,46.97278],[10.30744,46.9723]]}},{"type":"Feature","properties":{"kind":"piste","difficulty":"intermediate","name":null,"aerialway":null,"osm":"way/1251787056"},"geometry":{"type":"LineString","coordinates":[[10.30812,46.97212],[10.30769,46.97234]]}},{"type":"Feature","properties":{"kind":"piste","difficulty":"intermediate","name":null,"aerialway":null,"osm":"way/1251787057"},"geometry":{"type":"LineString","coordinates":[[10.30826,46.97212],[10.3082,46.97198],[10.30552,46.97106],[10.30512,46.97111],[10.30387,46.97175],[10.30348,46.97175],[10.30248,46.9713],[10.30181,46.97071],[10.30127,46.97087],[10.3005,46.9715],[10.30034,46.97178],[10.29865,46.97209],[10.29907,46.97225],[10.30028,46.97215],[10.30071,46.972],[10.30101,46.97152],[10.30176,46.97101],[10.30219,46.97124],[10.30251,46.97167],[10.30359,46.97213],[10.30411,46.97213],[10.30455,46.97196],[10.30545,46.97139],[10.30678,46.97179],[10.30784,46.97231],[10.30826,46.97212]]}},{"type":"Feature","properties":{"kind":"piste","difficulty":"intermediate","name":null,"aerialway":null,"osm":"way/1251787058"},"geometry":{"type":"LineString","coordinates":[[10.29865,46.97209],[10.29787,46.97218],[10.29442,46.97209],[10.29353,46.97177],[10.29346,46.97164],[10.29306,46.97187],[10.29407,46.97248],[10.29541,46.97258],[10.29678,46.97257],[10.29884,46.97229],[10.29907,46.97225],[10.29865,46.97209]]}},{"type":"Feature","properties":{"kind":"piste","difficulty":"intermediate","name":null,"aerialway":null,"osm":"way/1251787059"},"geometry":{"type":"LineString","coordinates":[[10.29884,46.97229],[10.2991,46.97247],[10.29925,46.97295],[10.29995,46.97309],[10.30071,46.972],[10.30028,46.97215],[10.29982,46.97281],[10.29941,46.97266],[10.29907,46.97225],[10.29884,46.97229]]}},{"type":"Feature","properties":{"kind":"piste","difficulty":"intermediate","name":null,"aerialway":null,"osm":"way/1251787060"},"geometry":{"type":"LineString","coordinates":[[10.29379,46.96494],[10.29419,46.9663],[10.29394,46.96779],[10.29387,46.96913],[10.29371,46.96968],[10.29405,46.96985],[10.2945,46.969],[10.29479,46.96617],[10.29413,46.96488],[10.29379,46.96494]]}},{"type":"Feature","properties":{"kind":"piste","difficulty":"intermediate","name":null,"aerialway":null,"osm":"way/1251787061"},"geometry":{"type":"LineString","coordinates":[[10.29321,46.97137],[10.29345,46.9702],[10.29379,46.97032],[10.2935,46.97115],[10.29321,46.97137]]}},{"type":"Feature","properties":{"kind":"piste","difficulty":"intermediate","name":null,"aerialway":null,"osm":"way/1251787063"},"geometry":{"type":"LineString","coordinates":[[10.29132,46.97175],[10.29099,46.97181],[10.29098,46.972],[10.29123,46.97188],[10.29281,46.97201],[10.29346,46.97164],[10.29344,46.97149],[10.29321,46.97137],[10.2929,46.97179],[10.2914,46.97164],[10.29132,46.97175]]}},{"type":"Feature","properties":{"kind":"piste","difficulty":"intermediate","name":null,"aerialway":null,"osm":"way/1251787064"},"geometry":{"type":"LineString","coordinates":[[10.29353,46.97223],[10.29324,46.97212],[10.29288,46.97217],[10.29206,46.97255],[10.29039,46.97382],[10.28983,46.97436],[10.28967,46.975],[10.28982,46.97619],[10.2893,46.97603],[10.28929,46.97536],[10.28953,46.97439],[10.29024,46.97349],[10.29265,46.972],[10.29306,46.97187],[10.29353,46.97223]]}},{"type":"Feature","properties":{"kind":"piste","difficulty":"intermediate","name":null,"aerialway":null,"osm":"way/1251787065"},"geometry":{"type":"LineString","coordinates":[[10.28765,46.96923],[10.28788,46.9695],[10.28843,46.96971],[10.29014,46.96991],[10.29032,46.97004],[10.29069,46.97105],[10.2914,46.97164],[10.29099,46.97181],[10.29057,46.97153],[10.29019,46.97077],[10.29006,46.97],[10.28811,46.96989],[10.28771,46.96955],[10.28749,46.96922],[10.28758,46.9691],[10.28765,46.96923]]}},{"type":"Feature","properties":{"kind":"piste","difficulty":"easy","name":null,"aerialway":null,"osm":"way/1251787066"},"geometry":{"type":"LineString","coordinates":[[10.324,46.95261],[10.3233,46.95284],[10.32309,46.95304],[10.32261,46.95391],[10.32209,46.95453],[10.3216,46.95577],[10.32173,46.95679],[10.32307,46.95793],[10.32323,46.95824],[10.32319,46.95858],[10.32282,46.95908],[10.32096,46.96052],[10.31802,46.96207],[10.31843,46.96243],[10.3198,46.96151],[10.3225,46.96014],[10.32315,46.95962],[10.32353,46.95897],[10.32387,46.95826],[10.32337,46.95761],[10.32271,46.95711],[10.32232,46.95662],[10.32232,46.95587],[10.32251,46.95514],[10.3233,46.95383],[10.3243,46.95281],[10.32419,46.95255],[10.32403,46.9525],[10.324,46.95261]]}},{"type":"Feature","properties":{"kind":"piste","difficulty":"easy","name":null,"aerialway":null,"osm":"way/1251787067"},"geometry":{"type":"LineString","coordinates":[[10.31967,46.96159],[10.31941,46.96252],[10.31904,46.96279],[10.31903,46.96254],[10.31876,46.96221],[10.31967,46.96159]]}},{"type":"Feature","properties":{"kind":"piste","difficulty":"advanced","name":"20","aerialway":null,"osm":"way/1251787068"},"geometry":{"type":"LineString","coordinates":[[10.3124,46.95372],[10.3125,46.95545]]}},{"type":"Feature","properties":{"kind":"piste","difficulty":"easy","name":null,"aerialway":null,"osm":"way/1251787069"},"geometry":{"type":"LineString","coordinates":[[10.31134,46.95072],[10.31107,46.95111]]}},{"type":"Feature","properties":{"kind":"piste","difficulty":"easy","name":null,"aerialway":null,"osm":"way/1251787070"},"geometry":{"type":"LineString","coordinates":[[10.3112,46.9509],[10.31143,46.951]]}},{"type":"Feature","properties":{"kind":"piste","difficulty":"intermediate","name":null,"aerialway":null,"osm":"way/1251985224"},"geometry":{"type":"LineString","coordinates":[[10.30581,46.94199],[10.3048,46.94258],[10.30393,46.94328],[10.30347,46.94439],[10.30221,46.94578],[10.30032,46.94686],[10.29947,46.9468],[10.29704,46.94579],[10.29553,46.94547],[10.29471,46.94546],[10.2946,46.94587],[10.2956,46.94583],[10.29684,46.94605],[10.29907,46.94692],[10.29977,46.9471],[10.30077,46.94708],[10.30161,46.94651],[10.30249,46.94614],[10.30352,46.9452],[10.305,46.94297],[10.30614,46.94223],[10.30581,46.94199]]}},{"type":"Feature","properties":{"kind":"piste","difficulty":"intermediate","name":null,"aerialway":null,"osm":"way/1251985225"},"geometry":{"type":"LineString","coordinates":[[10.30581,46.94199],[10.30606,46.94188],[10.30739,46.94278],[10.30734,46.94297],[10.30581,46.94199]]}},{"type":"Feature","properties":{"kind":"piste","difficulty":"intermediate","name":null,"aerialway":null,"osm":"way/1251985226"},"geometry":{"type":"LineString","coordinates":[[10.30739,46.94278],[10.3076,46.94296],[10.30721,46.94206],[10.3101,46.94063],[10.31081,46.94045],[10.3124,46.94063],[10.31345,46.94055],[10.31447,46.94074],[10.3159,46.94331],[10.31666,46.94384],[10.31818,46.94382],[10.31934,46.94346],[10.32121,46.94331],[10.32153,46.94301],[10.32337,46.94282],[10.32413,46.94278],[10.32582,46.94299],[10.32713,46.94336],[10.3277,46.94323],[10.32677,46.94308],[10.32619,46.94279],[10.32539,46.94282],[10.3241,46.94259],[10.32338,46.94259],[10.32157,46.94277],[10.32077,46.94324],[10.31943,46.94326],[10.31774,46.94374],[10.31719,46.94377],[10.31608,46.94318],[10.31597,46.94263],[10.31473,46.94063],[10.31407,46.94038],[10.31178,46.9404],[10.31128,46.9403],[10.31052,46.94029],[10.30938,46.94069],[10.30695,46.9419],[10.30689,46.94198],[10.30739,46.94278]]}},{"type":"Feature","properties":{"kind":"piste","difficulty":"intermediate","name":null,"aerialway":null,"osm":"way/1251985227"},"geometry":{"type":"LineString","coordinates":[[10.3076,46.94296],[10.30819,46.94393],[10.30785,46.94384],[10.30746,46.94323],[10.30739,46.94278],[10.3076,46.94296]]}},{"type":"Feature","properties":{"kind":"piste","difficulty":"intermediate","name":null,"aerialway":null,"osm":"way/1251985228"},"geometry":{"type":"LineString","coordinates":[[10.30785,46.94384],[10.30791,46.94462],[10.30773,46.94571],[10.30725,46.94658],[10.30688,46.94761],[10.30628,46.94859],[10.30628,46.94899],[10.3069,46.95053],[10.30699,46.95054],[10.30697,46.95033],[10.30642,46.94882],[10.30707,46.9476],[10.30707,46.94726],[10.30733,46.94696],[10.30791,46.94557],[10.30809,46.9439],[10.30785,46.94384]]}},{"type":"Feature","properties":{"kind":"piste","difficulty":"intermediate","name":null,"aerialway":null,"osm":"way/1251985229"},"geometry":{"type":"LineString","coordinates":[[10.3086,46.9493],[10.30845,46.94958],[10.30802,46.94861],[10.3079,46.9486],[10.30699,46.95054],[10.30699,46.95012],[10.30789,46.94842],[10.30812,46.94832],[10.3086,46.9493]]}},{"type":"Feature","properties":{"kind":"piste","difficulty":"intermediate","name":null,"aerialway":null,"osm":"way/1251985230"},"geometry":{"type":"LineString","coordinates":[[10.29132,46.92335],[10.2912,46.92336],[10.29118,46.92319],[10.29208,46.92247],[10.29331,46.92199],[10.29372,46.92196],[10.29402,46.92216],[10.29456,46.92283],[10.29526,46.92462],[10.29607,46.92594],[10.29627,46.92714],[10.29695,46.92841],[10.29691,46.92884],[10.29619,46.93046],[10.29634,46.93202],[10.29675,46.933],[10.29785,46.93495],[10.29859,46.93698],[10.29845,46.93712],[10.29769,46.9351],[10.29682,46.93367],[10.29617,46.93227],[10.296,46.93045],[10.29661,46.92869],[10.2966,46.9284],[10.29651,46.92798],[10.29597,46.92692],[10.29569,46.92591],[10.29502,46.92463],[10.29447,46.9232],[10.29423,46.92276],[10.29373,46.92228],[10.29323,46.92224],[10.29208,46.92275],[10.29132,46.92335]]}},{"type":"Feature","properties":{"kind":"piste","difficulty":"intermediate","name":null,"aerialway":null,"osm":"way/1251985231"},"geometry":{"type":"LineString","coordinates":[[10.29845,46.93712],[10.29859,46.93698],[10.29863,46.93718],[10.29857,46.93773],[10.2974,46.93939],[10.29596,46.94333],[10.29561,46.94392],[10.2949,46.94467],[10.29471,46.94517],[10.2946,46.94508],[10.2948,46.94453],[10.29535,46.94397],[10.29612,46.9424],[10.29709,46.93955],[10.29837,46.9377],[10.29845,46.93712]]}},{"type":"Feature","properties":{"kind":"piste","difficulty":"intermediate","name":null,"aerialway":null,"osm":"way/1251985232"},"geometry":{"type":"LineString","coordinates":[[10.29387,46.94593],[10.29337,46.94661],[10.29289,46.94795],[10.29219,46.94935],[10.29271,46.94954],[10.29301,46.94935],[10.29319,46.94839],[10.29364,46.94772],[10.294,46.9465],[10.29424,46.94608],[10.2946,46.94587],[10.294,46.94541],[10.29387,46.94593]]}},{"type":"Feature","properties":{"kind":"piste","difficulty":"intermediate","name":null,"aerialway":null,"osm":"way/1251985233"},"geometry":{"type":"LineString","coordinates":[[10.2946,46.94587],[10.294,46.94541],[10.29433,46.94509],[10.29471,46.94517],[10.29461,46.94528],[10.29471,46.94546],[10.2946,46.94587]]}},{"type":"Feature","properties":{"kind":"piste","difficulty":"intermediate","name":null,"aerialway":null,"osm":"way/1251985234"},"geometry":{"type":"LineString","coordinates":[[10.28325,46.94987],[10.2821,46.95068],[10.28173,46.95134],[10.28151,46.95234],[10.28165,46.9528],[10.28222,46.95368],[10.28236,46.95436],[10.28269,46.95415],[10.28214,46.95264],[10.282,46.95133],[10.28267,46.95069],[10.28414,46.95002],[10.28384,46.94983],[10.28325,46.94987]]}},{"type":"Feature","properties":{"kind":"piste","difficulty":"intermediate","name":null,"aerialway":null,"osm":"way/1251985235"},"geometry":{"type":"LineString","coordinates":[[10.29219,46.94935],[10.29137,46.95002],[10.29038,46.95145],[10.2901,46.95156],[10.29034,46.95178],[10.29153,46.95022],[10.29271,46.94954],[10.29219,46.94935]]}},{"type":"Feature","properties":{"kind":"piste","difficulty":"intermediate","name":null,"aerialway":null,"osm":"way/1251985236"},"geometry":{"type":"LineString","coordinates":[[10.29034,46.95178],[10.28978,46.95235],[10.28867,46.9527],[10.2881,46.95322],[10.28701,46.95338],[10.28513,46.95325],[10.28344,46.95387],[10.28276,46.95431],[10.28269,46.95415],[10.283,46.954],[10.28332,46.95362],[10.28495,46.9531],[10.28737,46.95319],[10.28798,46.95309],[10.28824,46.95296],[10.28837,46.95264],[10.28857,46.9525],[10.28933,46.95229],[10.2901,46.95156],[10.29034,46.95178]]}},{"type":"Feature","properties":{"kind":"piste","difficulty":"intermediate","name":null,"aerialway":null,"osm":"way/1251985237"},"geometry":{"type":"LineString","coordinates":[[10.2901,46.95156],[10.28931,46.95172],[10.28713,46.95162],[10.28554,46.95188],[10.28598,46.95212],[10.28719,46.95187],[10.28918,46.95196],[10.28985,46.95179],[10.2901,46.95156]]}},{"type":"Feature","properties":{"kind":"piste","difficulty":"easy","name":null,"aerialway":null,"osm":"way/1251985238"},"geometry":{"type":"LineString","coordinates":[[10.2826,46.95387],[10.28332,46.95362],[10.2834,46.95334],[10.28249,46.95362],[10.2826,46.95387]]}},{"type":"Feature","properties":{"kind":"piste","difficulty":"freeride","name":null,"aerialway":null,"osm":"way/1251985239"},"geometry":{"type":"LineString","coordinates":[[10.28463,46.95021],[10.28411,46.95042],[10.28281,46.95138],[10.28276,46.9519],[10.28346,46.95321],[10.28389,46.9536]]}},{"type":"Feature","properties":{"kind":"piste","difficulty":"freeride","name":"39","aerialway":null,"osm":"way/1251998477"},"geometry":{"type":"LineString","coordinates":[[10.2854,46.95428],[10.28417,46.9544],[10.28353,46.95475],[10.28327,46.9552]]}},{"type":"Feature","properties":{"kind":"piste","difficulty":"intermediate","name":null,"aerialway":null,"osm":"way/1251998478"},"geometry":{"type":"LineString","coordinates":[[10.28236,46.95436],[10.28161,46.95488],[10.28139,46.95524],[10.28129,46.95644],[10.28176,46.95623],[10.28155,46.95588],[10.2818,46.95501],[10.28276,46.95431],[10.28269,46.95415],[10.28236,46.95436]]}},{"type":"Feature","properties":{"kind":"piste","difficulty":"intermediate","name":null,"aerialway":null,"osm":"way/1251998479"},"geometry":{"type":"LineString","coordinates":[[10.28176,46.95623],[10.28206,46.95616],[10.28245,46.95585],[10.28267,46.95548],[10.28326,46.95513],[10.28398,46.95529],[10.28484,46.9558],[10.28723,46.95615],[10.28878,46.95659],[10.29021,46.95669],[10.29247,46.95604],[10.2928,46.95614],[10.29331,46.95675],[10.294,46.95726],[10.29553,46.95793],[10.29593,46.95796],[10.29624,46.95784],[10.29696,46.95705],[10.29912,46.95571],[10.30105,46.95513],[10.30167,46.95537],[10.30317,46.95697],[10.30287,46.95715],[10.30123,46.95551],[10.30024,46.95556],[10.29953,46.9558],[10.29704,46.95743],[10.29655,46.9578],[10.29625,46.95825],[10.29601,46.95831],[10.2956,46.95823],[10.29387,46.95744],[10.29243,46.95633],[10.29177,46.95638],[10.29021,46.95688],[10.28866,46.95682],[10.2865,46.95624],[10.28507,46.9562],[10.2837,46.95547],[10.28348,46.95546],[10.28324,46.95548],[10.28228,46.95646],[10.28193,46.95659],[10.28176,46.95623]]}},{"type":"Feature","properties":{"kind":"piste","difficulty":"easy","name":null,"aerialway":null,"osm":"way/1251998480"},"geometry":{"type":"LineString","coordinates":[[10.28193,46.95659],[10.28136,46.95677],[10.28141,46.95697],[10.28122,46.9568],[10.28129,46.95644],[10.28176,46.95623],[10.28193,46.95659]]}},{"type":"Feature","properties":{"kind":"piste","difficulty":"intermediate","name":null,"aerialway":null,"osm":"way/1251998481"},"geometry":{"type":"LineString","coordinates":[[10.30317,46.95697],[10.30367,46.95731],[10.30343,46.95752],[10.30287,46.95715],[10.30317,46.95697]]}},{"type":"Feature","properties":{"kind":"piste","difficulty":"intermediate","name":null,"aerialway":null,"osm":"way/1251998482"},"geometry":{"type":"LineString","coordinates":[[10.30367,46.95731],[10.30464,46.95836],[10.30604,46.95895],[10.30693,46.95916],[10.30684,46.95926],[10.3062,46.95916],[10.30482,46.95871],[10.30445,46.9585],[10.30402,46.95786],[10.30343,46.95752],[10.30367,46.95731]]}},{"type":"Feature","properties":{"kind":"piste","difficulty":"freeride","name":null,"aerialway":null,"osm":"way/1251998483"},"geometry":{"type":"LineString","coordinates":[[10.30673,46.95917],[10.30631,46.95927],[10.30457,46.96098],[10.30421,46.96142],[10.30423,46.96197]]}},{"type":"Feature","properties":{"kind":"piste","difficulty":"advanced","name":null,"aerialway":null,"osm":"way/1251998484"},"geometry":{"type":"LineString","coordinates":[[10.30343,46.95752],[10.30255,46.95834],[10.30232,46.95877],[10.30211,46.95966],[10.30074,46.96175],[10.29981,46.96187],[10.30183,46.95951],[10.30208,46.95838],[10.30267,46.95738],[10.30287,46.95715],[10.30343,46.95752]]}},{"type":"Feature","properties":{"kind":"piste","difficulty":"advanced","name":null,"aerialway":null,"osm":"way/1251998485"},"geometry":{"type":"LineString","coordinates":[[10.30317,46.95697],[10.30363,46.9568],[10.30473,46.95602],[10.30686,46.95578],[10.30805,46.9555],[10.30808,46.9556],[10.30741,46.95592],[10.30556,46.95622],[10.30452,46.95655],[10.30391,46.9569],[10.30367,46.95731],[10.30317,46.95697]]}},{"type":"Feature","properties":{"kind":"piste","difficulty":"advanced","name":null,"aerialway":null,"osm":"way/1251998486"},"geometry":{"type":"LineString","coordinates":[[10.30678,46.95949],[10.30373,46.96212],[10.30453,46.96243],[10.30459,46.9621],[10.30515,46.96149],[10.3072,46.95994],[10.30685,46.95943],[10.30678,46.95949]]}},{"type":"Feature","properties":{"kind":"piste","difficulty":"intermediate","name":null,"aerialway":null,"osm":"way/1251998487"},"geometry":{"type":"LineString","coordinates":[[10.30684,46.95926],[10.3072,46.95994],[10.30731,46.95987],[10.30704,46.9592],[10.30684,46.95926]]}},{"type":"Feature","properties":{"kind":"piste","difficulty":"advanced","name":null,"aerialway":null,"osm":"way/1251998488"},"geometry":{"type":"LineString","coordinates":[[10.30411,46.96227],[10.30372,46.96266],[10.3032,46.96267],[10.30255,46.9626],[10.30089,46.96206],[10.30011,46.9621],[10.30027,46.96179],[10.30088,46.96174],[10.30259,46.9624],[10.30317,46.96238],[10.30373,46.96212],[10.30411,46.96227]]}},{"type":"Feature","properties":{"kind":"piste","difficulty":"advanced","name":null,"aerialway":null,"osm":"way/1251998489"},"geometry":{"type":"LineString","coordinates":[[10.30027,46.96179],[10.29981,46.96187],[10.29935,46.96241],[10.29929,46.96282],[10.29962,46.96335],[10.29949,46.96371],[10.29907,46.96411],[10.29991,46.96422],[10.30006,46.96346],[10.29955,46.96266],[10.30027,46.96179]]}},{"type":"Feature","properties":{"kind":"piste","difficulty":"advanced","name":null,"aerialway":null,"osm":"way/1251998490"},"geometry":{"type":"LineString","coordinates":[[10.29907,46.96411],[10.29576,46.96535],[10.29619,46.96563],[10.29705,46.96538],[10.29946,46.96443],[10.29951,46.96417],[10.29907,46.96411]]}},{"type":"Feature","properties":{"kind":"piste","difficulty":"advanced","name":null,"aerialway":null,"osm":"way/1251998491"},"geometry":{"type":"LineString","coordinates":[[10.29991,46.96422],[10.29954,46.96554],[10.2978,46.96612],[10.29674,46.96618],[10.29644,46.96609],[10.29599,46.96569],[10.29619,46.96563],[10.29656,46.96598],[10.29678,46.96601],[10.29731,46.96596],[10.29908,46.96541],[10.29931,46.96528],[10.29951,46.96417],[10.29991,46.96422]]}},{"type":"Feature","properties":{"kind":"piste","difficulty":"advanced","name":null,"aerialway":null,"osm":"way/1251998492"},"geometry":{"type":"LineString","coordinates":[[10.29619,46.96563],[10.29479,46.96617],[10.29453,46.96575],[10.29576,46.96535],[10.29619,46.96563]]}},{"type":"Feature","properties":{"kind":"piste","difficulty":"advanced","name":null,"aerialway":null,"osm":"way/1252010723"},"geometry":{"type":"LineString","coordinates":[[10.30372,46.96266],[10.30406,46.96274],[10.30431,46.963],[10.30464,46.96379],[10.30453,46.96436],[10.30233,46.96647],[10.30054,46.96782],[10.29988,46.9688],[10.29968,46.96948],[10.29943,46.96984],[10.29805,46.97134],[10.2978,46.97178],[10.29733,46.97216],[10.29787,46.97218],[10.29841,46.9714],[10.29899,46.97097],[10.30017,46.96962],[10.30049,46.96871],[10.30109,46.96794],[10.30165,46.96745],[10.30303,46.96666],[10.30498,46.96463],[10.30525,46.96399],[10.3049,46.96305],[10.30452,46.96264],[10.30453,46.96243],[10.30411,46.96227],[10.30372,46.96266]]}},{"type":"Feature","properties":{"kind":"piste","difficulty":"intermediate","name":null,"aerialway":null,"osm":"way/1252010724"},"geometry":{"type":"LineString","coordinates":[[10.31534,46.96556],[10.31525,46.96511],[10.31471,46.96457],[10.31317,46.96377],[10.31272,46.96338],[10.31262,46.9622],[10.31245,46.96184],[10.31285,46.96165],[10.31309,46.96226],[10.31317,46.96321],[10.31348,46.96344],[10.31493,46.96407],[10.31621,46.9642],[10.31577,46.9652],[10.31534,46.96556]]}},{"type":"Feature","properties":{"kind":"piste","difficulty":"intermediate","name":null,"aerialway":null,"osm":"way/1252010725"},"geometry":{"type":"LineString","coordinates":[[10.31245,46.96184],[10.31236,46.96156],[10.31281,46.96135],[10.31473,46.96085],[10.3147,46.96123],[10.31418,46.96117],[10.31366,46.9613],[10.31245,46.96184]]}},{"type":"Feature","properties":{"kind":"piste","difficulty":"intermediate","name":null,"aerialway":null,"osm":"way/1252010726"},"geometry":{"type":"LineString","coordinates":[[10.31473,46.96085],[10.3147,46.96123],[10.31621,46.96248],[10.31673,46.96334],[10.31712,46.96306],[10.3164,46.96224],[10.31534,46.96142],[10.31517,46.96103],[10.31473,46.96085]]}},{"type":"Feature","properties":{"kind":"piste","difficulty":"advanced","name":null,"aerialway":null,"osm":"way/1252010727"},"geometry":{"type":"LineString","coordinates":[[10.31473,46.96085],[10.31477,46.95985],[10.31497,46.95927],[10.31542,46.95932],[10.3152,46.96013],[10.31517,46.96103],[10.31473,46.96085]]}},{"type":"Feature","properties":{"kind":"piste","difficulty":"advanced","name":null,"aerialway":null,"osm":"way/1252010728"},"geometry":{"type":"LineString","coordinates":[[10.31497,46.95927],[10.31488,46.95868],[10.3144,46.95794],[10.31237,46.95557],[10.31108,46.95479],[10.30909,46.95306],[10.30965,46.9528],[10.31065,46.95394],[10.31214,46.95478],[10.31272,46.95524],[10.31388,46.95693],[10.31456,46.9577],[10.3154,46.95906],[10.31542,46.95932],[10.31497,46.95927]]}},{"type":"Feature","properties":{"kind":"piste","difficulty":"advanced","name":null,"aerialway":null,"osm":"way/1252010729"},"geometry":{"type":"LineString","coordinates":[[10.30906,46.95071],[10.30858,46.95075],[10.30904,46.95138],[10.3094,46.95159],[10.309,46.95087],[10.30906,46.95071]]}},{"type":"Feature","properties":{"kind":"piste","difficulty":"easy","name":null,"aerialway":null,"osm":"way/1252010730"},"geometry":{"type":"LineString","coordinates":[[10.30912,46.95144],[10.3095,46.95189],[10.31092,46.95122],[10.31101,46.95107],[10.30967,46.95164],[10.30912,46.95144]]}},{"type":"Feature","properties":{"kind":"piste","difficulty":"easy","name":null,"aerialway":null,"osm":"way/1252010731"},"geometry":{"type":"LineString","coordinates":[[10.30931,46.95173],[10.30816,46.95065],[10.30851,46.94984],[10.30859,46.95004],[10.30841,46.95077],[10.30931,46.95173]]}},{"type":"Feature","properties":{"kind":"piste","difficulty":"advanced","name":null,"aerialway":null,"osm":"way/1252010732"},"geometry":{"type":"LineString","coordinates":[[10.309,46.95147],[10.30918,46.95222],[10.30909,46.95306],[10.30965,46.9528],[10.30937,46.95178],[10.309,46.95147]]}},{"type":"Feature","properties":{"kind":"piste","difficulty":"easy","name":null,"aerialway":null,"osm":"way/1252010733"},"geometry":{"type":"LineString","coordinates":[[10.30859,46.95004],[10.30875,46.94963],[10.309,46.94953],[10.30913,46.9496],[10.30918,46.94949],[10.3086,46.9493],[10.30845,46.94958],[10.30859,46.95004]]}},{"type":"Feature","properties":{"kind":"piste","difficulty":"easy","name":null,"aerialway":null,"osm":"way/1252010734"},"geometry":{"type":"LineString","coordinates":[[10.30913,46.9496],[10.30917,46.94971],[10.30876,46.94977],[10.30859,46.95004],[10.30924,46.94974],[10.30921,46.94957],[10.30913,46.9496]]}},{"type":"Feature","properties":{"kind":"piste","difficulty":"easy","name":null,"aerialway":null,"osm":"way/1252010735"},"geometry":{"type":"LineString","coordinates":[[10.30859,46.95004],[10.30858,46.95075],[10.30933,46.95062],[10.30889,46.9505],[10.30874,46.94993],[10.30859,46.95004]]}},{"type":"Feature","properties":{"kind":"piste","difficulty":"easy","name":null,"aerialway":null,"osm":"way/1252010736"},"geometry":{"type":"LineString","coordinates":[[10.31127,46.95073],[10.31114,46.95092],[10.31129,46.95107],[10.31341,46.95113],[10.31214,46.9509],[10.31139,46.95094],[10.31127,46.95073]]}},{"type":"Feature","properties":{"kind":"piste","difficulty":"easy","name":null,"aerialway":null,"osm":"way/1252010737"},"geometry":{"type":"LineString","coordinates":[[10.31101,46.95107],[10.31114,46.95092],[10.31129,46.95107],[10.31092,46.95122],[10.31101,46.95107]]}},{"type":"Feature","properties":{"kind":"piste","difficulty":"advanced","name":null,"aerialway":null,"osm":"way/1252010738"},"geometry":{"type":"LineString","coordinates":[[10.31106,46.95116],[10.31244,46.95396],[10.31235,46.95495],[10.31272,46.95524],[10.31257,46.95463],[10.31271,46.95384],[10.31266,46.95337],[10.31145,46.95105],[10.31106,46.95116]]}},{"type":"Feature","properties":{"kind":"piste","difficulty":"advanced","name":null,"aerialway":null,"osm":"way/1252010739"},"geometry":{"type":"LineString","coordinates":[[10.3131,46.95116],[10.31313,46.95159],[10.31346,46.95231],[10.31538,46.95534],[10.31717,46.9566],[10.31725,46.95693],[10.31684,46.95895],[10.31854,46.9613],[10.31786,46.96137],[10.31641,46.95929],[10.3163,46.95897],[10.31639,46.95839],[10.3169,46.95712],[10.31682,46.95665],[10.31508,46.95551],[10.31375,46.95381],[10.31255,46.95202],[10.31231,46.95131],[10.31207,46.95104],[10.3131,46.95116]]}},{"type":"Feature","properties":{"kind":"piste","difficulty":"advanced","name":null,"aerialway":null,"osm":"way/1252010740"},"geometry":{"type":"LineString","coordinates":[[10.31266,46.95337],[10.31383,46.95478],[10.31475,46.95509],[10.31508,46.95551],[10.31369,46.95495],[10.31325,46.9546],[10.31269,46.95409],[10.31266,46.95337]]}},{"type":"Feature","properties":{"kind":"piste","difficulty":"advanced","name":null,"aerialway":null,"osm":"way/1252010741"},"geometry":{"type":"LineString","coordinates":[[10.31639,46.95839],[10.31592,46.95886],[10.3154,46.95906],[10.31542,46.95932],[10.3163,46.95897],[10.31639,46.95839]]}},{"type":"Feature","properties":{"kind":"piste","difficulty":"easy","name":null,"aerialway":null,"osm":"way/1252016124"},"geometry":{"type":"LineString","coordinates":[[10.31328,46.9512],[10.31448,46.95137],[10.31566,46.95187],[10.31792,46.9524],[10.32074,46.95212],[10.32188,46.95219],[10.32401,46.95259],[10.32403,46.9525],[10.32275,46.9522],[10.32087,46.95202],[10.31803,46.95235],[10.31559,46.95173],[10.31523,46.95151],[10.31417,46.95121],[10.31328,46.9512]]}},{"type":"Feature","properties":{"kind":"piste","difficulty":"advanced","name":null,"aerialway":null,"osm":"way/1252016125"},"geometry":{"type":"LineString","coordinates":[[10.31497,46.95475],[10.31749,46.9523],[10.31792,46.9524],[10.31778,46.95281],[10.31718,46.9535],[10.31555,46.95467],[10.31535,46.95494],[10.31538,46.95534],[10.31497,46.95475]]}},{"type":"Feature","properties":{"kind":"piste","difficulty":"intermediate","name":null,"aerialway":null,"osm":"way/1252016126"},"geometry":{"type":"LineString","coordinates":[[10.31052,46.94029],[10.30667,46.94044],[10.30694,46.94124],[10.30695,46.9419],[10.30719,46.94177],[10.30727,46.94149],[10.30705,46.94071],[10.30963,46.9406],[10.31052,46.94029]]}},{"type":"Feature","properties":{"kind":"piste","difficulty":"intermediate","name":null,"aerialway":null,"osm":"way/1252016127"},"geometry":{"type":"LineString","coordinates":[[10.32751,46.94317],[10.32752,46.94296],[10.32719,46.94261],[10.32726,46.9421],[10.328,46.94123],[10.32855,46.94086],[10.32883,46.94011],[10.32956,46.93942],[10.33163,46.93921],[10.33357,46.93934],[10.33477,46.9396],[10.33611,46.93955],[10.33821,46.9398],[10.34061,46.93889],[10.34234,46.93844],[10.34331,46.93851],[10.34771,46.93962],[10.34991,46.93998],[10.3516,46.94074],[10.35639,46.94172],[10.35505,46.94164],[10.35333,46.94109],[10.35144,46.9408],[10.35004,46.94012],[10.3474,46.93965],[10.34327,46.93864],[10.34258,46.93859],[10.3411,46.93888],[10.33847,46.93988],[10.33096,46.93942],[10.32988,46.93957],[10.32893,46.94085],[10.32817,46.94133],[10.32747,46.94218],[10.32742,46.94241],[10.32775,46.94294],[10.3277,46.94323],[10.32751,46.94317]]}},{"type":"Feature","properties":{"kind":"piste","difficulty":"easy","name":"Samnaun valley – valley station Ravaisch","aerialway":null,"osm":"way/1252016128"},"geometry":{"type":"LineString","coordinates":[[10.37163,46.95049],[10.37237,46.95069],[10.37393,46.95148],[10.37424,46.95152]]}},{"type":"Feature","properties":{"kind":"piste","difficulty":"easy","name":null,"aerialway":null,"osm":"way/1252016129"},"geometry":{"type":"LineString","coordinates":[[10.37143,46.95048],[10.37163,46.95049]]}},{"type":"Feature","properties":{"kind":"piste","difficulty":"easy","name":"Samnaun valley – valley station Ravaisch","aerialway":null,"osm":"way/1252016665"},"geometry":{"type":"LineString","coordinates":[[10.35937,46.94454],[10.36026,46.94506],[10.36119,46.94603],[10.36194,46.94606],[10.36228,46.94642],[10.36264,46.94652],[10.36251,46.9472],[10.3628,46.94747]]}},{"type":"Feature","properties":{"kind":"piste","difficulty":"intermediate","name":null,"aerialway":null,"osm":"way/1252986552"},"geometry":{"type":"LineString","coordinates":[[10.33416,46.97017],[10.33429,46.97002],[10.33385,46.96913],[10.33345,46.96903],[10.33387,46.96951],[10.3341,46.97039],[10.33422,46.97052],[10.33444,46.97051],[10.33416,46.97017]]}},{"type":"Feature","properties":{"kind":"piste","difficulty":"intermediate","name":null,"aerialway":null,"osm":"way/1252986553"},"geometry":{"type":"LineString","coordinates":[[10.33318,46.96868],[10.33334,46.96862]]}},{"type":"Feature","properties":{"kind":"piste","difficulty":"intermediate","name":"1","aerialway":null,"osm":"way/1252993328"},"geometry":{"type":"LineString","coordinates":[[10.3168,46.98299],[10.31583,46.98305],[10.3147,46.9833],[10.31416,46.98347],[10.31344,46.98395]]}},{"type":"Feature","properties":{"kind":"piste","difficulty":"intermediate","name":null,"aerialway":null,"osm":"way/1254443681"},"geometry":{"type":"LineString","coordinates":[[10.29746,47.01009],[10.29768,47.01061],[10.29772,47.01114],[10.29802,47.01159],[10.29792,47.01167],[10.29712,47.01094],[10.29704,47.01099],[10.29759,47.01215],[10.2975,47.01226],[10.29646,47.0116],[10.29589,47.01153],[10.29576,47.01166],[10.29636,47.01272],[10.29689,47.01297],[10.29691,47.01309],[10.29668,47.01317],[10.2951,47.01232],[10.29457,47.01225],[10.29501,47.01208],[10.29615,47.01282],[10.2967,47.01301],[10.29617,47.01264],[10.29555,47.01163],[10.29598,47.01133],[10.29649,47.01138],[10.29737,47.01203],[10.29688,47.01089],[10.29713,47.0108],[10.29734,47.01091],[10.29789,47.01148],[10.2976,47.01111],[10.29723,47.01009],[10.29746,47.01009]]}},{"type":"Feature","properties":{"kind":"piste","difficulty":"intermediate","name":null,"aerialway":null,"osm":"way/1263508966"},"geometry":{"type":"LineString","coordinates":[[10.28925,47.00749],[10.28929,47.00739],[10.28948,47.00746],[10.29062,47.00812],[10.29023,47.00803],[10.28925,47.00749]]}},{"type":"Feature","properties":{"kind":"piste","difficulty":"intermediate","name":"1","aerialway":null,"osm":"way/1263508967"},"geometry":{"type":"LineString","coordinates":[[10.28948,47.0075],[10.28904,47.0079]]}},{"type":"Feature","properties":{"kind":"piste","difficulty":"advanced","name":null,"aerialway":null,"osm":"way/1263508968"},"geometry":{"type":"LineString","coordinates":[[10.28925,47.00749],[10.28906,47.00774],[10.28937,47.00785],[10.28954,47.00761],[10.28925,47.00749]]}},{"type":"Feature","properties":{"kind":"piste","difficulty":"intermediate","name":null,"aerialway":null,"osm":"way/1263508969"},"geometry":{"type":"LineString","coordinates":[[10.30066,46.99662],[10.30104,46.99718],[10.30062,46.99759],[10.30052,46.99665],[10.30066,46.99662]]}},{"type":"Feature","properties":{"kind":"piste","difficulty":"intermediate","name":null,"aerialway":null,"osm":"way/1263508970"},"geometry":{"type":"LineString","coordinates":[[10.30276,46.9952],[10.30017,46.99377],[10.30021,46.99417],[10.30058,46.99448],[10.30019,46.99456],[10.30009,46.99486],[10.30034,46.99488],[10.30057,46.99539],[10.30116,46.9952],[10.30204,46.99512],[10.30276,46.9952]]}},{"type":"Feature","properties":{"kind":"piste","difficulty":"intermediate","name":"1","aerialway":null,"osm":"way/1263508971"},"geometry":{"type":"LineString","coordinates":[[10.30458,46.99893],[10.30422,46.9989],[10.30383,46.99859],[10.30294,46.99658],[10.30291,46.99581],[10.30274,46.99557],[10.30221,46.99542],[10.30138,46.99541],[10.30077,46.99565],[10.30047,46.99603],[10.30066,46.99725],[10.30064,46.99808],[10.30016,46.9991],[10.29995,47.00019]]}},{"type":"Feature","properties":{"kind":"piste","difficulty":"intermediate","name":null,"aerialway":null,"osm":"way/1263508973"},"geometry":{"type":"LineString","coordinates":[[10.30381,46.99833],[10.30441,46.99866],[10.3047,46.99867],[10.30532,46.99827],[10.30528,46.99755],[10.30567,46.99733],[10.30574,46.99743],[10.30555,46.99763],[10.30556,46.99797],[10.30583,46.99864],[10.30556,46.99881],[10.30501,46.99905],[10.30398,46.99895],[10.30356,46.99824],[10.30357,46.99808],[10.30381,46.99833]]}},{"type":"Feature","properties":{"kind":"piste","difficulty":"intermediate","name":null,"aerialway":null,"osm":"way/1263508974"},"geometry":{"type":"LineString","coordinates":[[10.30592,46.99799],[10.30555,46.99763],[10.30574,46.99743],[10.30612,46.99785],[10.30616,46.99804],[10.30592,46.99799]]}},{"type":"Feature","properties":{"kind":"piste","difficulty":"intermediate","name":null,"aerialway":null,"osm":"way/1263508975"},"geometry":{"type":"LineString","coordinates":[[10.30385,46.99966],[10.30398,46.99895],[10.30466,46.99902],[10.30454,46.99962],[10.30481,46.99996],[10.30408,46.99952],[10.30385,46.99966]]}},{"type":"Feature","properties":{"kind":"piste","difficulty":"advanced","name":null,"aerialway":null,"osm":"way/1263508976"},"geometry":{"type":"LineString","coordinates":[[10.30556,46.99954],[10.30454,46.99962],[10.30481,46.99996],[10.30556,46.99954]]}},{"type":"Feature","properties":{"kind":"piste","difficulty":"intermediate","name":"1","aerialway":null,"osm":"way/1263508977"},"geometry":{"type":"LineString","coordinates":[[10.30633,46.99604],[10.30599,46.9971],[10.30538,46.99766]]}},{"type":"Feature","properties":{"kind":"piste","difficulty":"easy","name":null,"aerialway":null,"osm":"way/1263508978"},"geometry":{"type":"LineString","coordinates":[[10.32408,46.99125],[10.32435,46.99132],[10.32451,46.99115],[10.32447,46.99069]]}},{"type":"Feature","properties":{"kind":"piste","difficulty":"easy","name":null,"aerialway":null,"osm":"way/1263508979"},"geometry":{"type":"LineString","coordinates":[[10.32534,46.98973],[10.32536,46.98961],[10.32521,46.98953],[10.32499,46.98958],[10.32471,46.9902]]}},{"type":"Feature","properties":{"kind":"piste","difficulty":"easy","name":"6","aerialway":null,"osm":"way/1263508980"},"geometry":{"type":"LineString","coordinates":[[10.32499,46.98958],[10.32343,46.98953],[10.32276,46.98902]]}},{"type":"Feature","properties":{"kind":"piste","difficulty":"intermediate","name":"7","aerialway":null,"osm":"way/1263508981"},"geometry":{"type":"LineString","coordinates":[[10.32486,46.98993],[10.32513,46.99024],[10.32532,46.99023]]}},{"type":"Feature","properties":{"kind":"piste","difficulty":"novice","name":null,"aerialway":null,"osm":"way/1263512470"},"geometry":{"type":"LineString","coordinates":[[10.32337,46.98415],[10.32343,46.98398],[10.32295,46.9838],[10.31875,46.98247],[10.31959,46.98275],[10.32076,46.98345],[10.32156,46.98351],[10.32337,46.98415]]}},{"type":"Feature","properties":{"kind":"piste","difficulty":"novice","name":null,"aerialway":null,"osm":"way/1263512471"},"geometry":{"type":"LineString","coordinates":[[10.32128,46.98363],[10.32043,46.98304],[10.31877,46.98245]]}},{"type":"Feature","properties":{"kind":"piste","difficulty":"novice","name":null,"aerialway":null,"osm":"way/1263512472"},"geometry":{"type":"LineString","coordinates":[[10.32332,46.98408],[10.32043,46.98304]]}},{"type":"Feature","properties":{"kind":"piste","difficulty":"easy","name":null,"aerialway":null,"osm":"way/1263512473"},"geometry":{"type":"LineString","coordinates":[[10.31643,46.9823],[10.31635,46.98269],[10.31655,46.98323]]}},{"type":"Feature","properties":{"kind":"piste","difficulty":"easy","name":null,"aerialway":null,"osm":"way/1263512474"},"geometry":{"type":"LineString","coordinates":[[10.31721,46.98171],[10.31643,46.9823]]}},{"type":"Feature","properties":{"kind":"piste","difficulty":"intermediate","name":null,"aerialway":null,"osm":"way/1263512475"},"geometry":{"type":"LineString","coordinates":[[10.31581,46.98259],[10.3155,46.98283],[10.31429,46.98316],[10.31379,46.98361],[10.31323,46.9839],[10.31348,46.98405],[10.31481,46.98341],[10.31615,46.98329],[10.31581,46.98259]]}},{"type":"Feature","properties":{"kind":"piste","difficulty":"intermediate","name":null,"aerialway":null,"osm":"way/1263512476"},"geometry":{"type":"LineString","coordinates":[[10.31536,46.98152],[10.31505,46.98175],[10.31494,46.98235],[10.31429,46.98316],[10.31483,46.98239],[10.31485,46.98133],[10.31536,46.98152]]}},{"type":"Feature","properties":{"kind":"piste","difficulty":"intermediate","name":null,"aerialway":null,"osm":"way/1263512477"},"geometry":{"type":"LineString","coordinates":[[10.30071,46.972],[10.30179,46.97166],[10.30246,46.9716],[10.30232,46.97137],[10.30139,46.97149],[10.30095,46.97161],[10.30071,46.972]]}},{"type":"Feature","properties":{"kind":"piste","difficulty":"intermediate","name":"37","aerialway":null,"osm":"way/1263516513"},"geometry":{"type":"LineString","coordinates":[[10.29377,46.96498],[10.29416,46.96497],[10.29442,46.96629],[10.29434,46.96715]]}},{"type":"Feature","properties":{"kind":"piste","difficulty":"intermediate","name":null,"aerialway":null,"osm":"way/1263516514"},"geometry":{"type":"LineString","coordinates":[[10.29344,46.97149],[10.29366,46.97142],[10.29405,46.97087],[10.29418,46.97089],[10.2938,46.97157],[10.29353,46.97177],[10.29344,46.97149]]}},{"type":"Feature","properties":{"kind":"piste","difficulty":"advanced","name":null,"aerialway":null,"osm":"way/1263516515"},"geometry":{"type":"LineString","coordinates":[[10.29371,46.96968],[10.29345,46.9702],[10.29379,46.97032],[10.29405,46.96985],[10.29371,46.96968]]}},{"type":"Feature","properties":{"kind":"piste","difficulty":"intermediate","name":null,"aerialway":null,"osm":"way/1263516516"},"geometry":{"type":"LineString","coordinates":[[10.29345,46.9702],[10.29332,46.97045],[10.29235,46.97105],[10.29172,46.97162],[10.2914,46.97164],[10.29188,46.97172],[10.29204,46.97149],[10.29334,46.97073],[10.29345,46.9702]]}},{"type":"Feature","properties":{"kind":"piste","difficulty":"intermediate","name":null,"aerialway":null,"osm":"way/1263516517"},"geometry":{"type":"LineString","coordinates":[[10.2935,46.97065],[10.29316,46.97073]]}},{"type":"Feature","properties":{"kind":"piste","difficulty":"advanced","name":null,"aerialway":null,"osm":"way/1263516518"},"geometry":{"type":"LineString","coordinates":[[10.28598,46.95212],[10.28502,46.9527],[10.28454,46.95253],[10.28554,46.95188],[10.28598,46.95212]]}},{"type":"Feature","properties":{"kind":"piste","difficulty":"intermediate","name":null,"aerialway":null,"osm":"way/1263516519"},"geometry":{"type":"LineString","coordinates":[[10.28502,46.9527],[10.28447,46.95325],[10.28332,46.95362],[10.2834,46.95334],[10.28454,46.95253],[10.28502,46.9527]]}},{"type":"Feature","properties":{"kind":"piste","difficulty":"advanced","name":null,"aerialway":null,"osm":"way/1263516520"},"geometry":{"type":"LineString","coordinates":[[10.30557,46.94095],[10.30566,46.94079],[10.30485,46.9396],[10.30361,46.93846],[10.30204,46.93731],[10.29997,46.93689],[10.29911,46.93708],[10.29862,46.9374],[10.29862,46.93752],[10.29916,46.93718],[10.30023,46.93703],[10.30159,46.93731],[10.30398,46.93917],[10.30557,46.94095]]}},{"type":"Feature","properties":{"kind":"piste","difficulty":"easy","name":null,"aerialway":null,"osm":"way/1263516521"},"geometry":{"type":"LineString","coordinates":[[10.32132,46.96114],[10.32037,46.96128],[10.31967,46.96159],[10.31941,46.96252],[10.32132,46.96114]]}},{"type":"Feature","properties":{"kind":"piste","difficulty":"advanced","name":null,"aerialway":null,"osm":"way/1263516522"},"geometry":{"type":"LineString","coordinates":[[10.33422,46.97052],[10.33487,46.97125],[10.33485,46.97157],[10.33499,46.97161],[10.33506,46.97102],[10.33444,46.97051],[10.33422,46.97052]]}},{"type":"Feature","properties":{"kind":"piste","difficulty":"easy","name":"63","aerialway":null,"osm":"way/1263516523"},"geometry":{"type":"LineString","coordinates":[[10.34001,46.98004],[10.34098,46.98],[10.34171,46.97926],[10.34202,46.97841]]}},{"type":"Feature","properties":{"kind":"piste","difficulty":"easy","name":null,"aerialway":null,"osm":"way/1263516524"},"geometry":{"type":"LineString","coordinates":[[10.3402,46.98004],[10.34086,46.97999],[10.34146,46.9794],[10.34159,46.9789],[10.34201,46.97874],[10.34165,46.97947],[10.34104,46.98004],[10.34,46.98023],[10.3402,46.98004]]}},{"type":"Feature","properties":{"kind":"piste","difficulty":"easy","name":null,"aerialway":null,"osm":"way/1263519225"},"geometry":{"type":"LineString","coordinates":[[10.36727,46.97731],[10.3682,46.97731],[10.36927,46.97757],[10.36856,46.97716],[10.36729,46.97708],[10.36727,46.97731]]}},{"type":"Feature","properties":{"kind":"piste","difficulty":"advanced","name":"66","aerialway":null,"osm":"way/1263519226"},"geometry":{"type":"LineString","coordinates":[[10.37969,46.98854],[10.38138,46.9875],[10.38091,46.98746],[10.38021,46.98803],[10.37962,46.98831],[10.37969,46.98854]]}},{"type":"Feature","properties":{"kind":"piste","difficulty":"intermediate","name":null,"aerialway":null,"osm":"way/1263519227"},"geometry":{"type":"LineString","coordinates":[[10.38695,46.9827],[10.38731,46.98273]]}},{"type":"Feature","properties":{"kind":"piste","difficulty":"intermediate","name":null,"aerialway":null,"osm":"way/1263519228"},"geometry":{"type":"LineString","coordinates":[[10.38731,46.98273],[10.38799,46.98262]]}},{"type":"Feature","properties":{"kind":"piste","difficulty":"intermediate","name":null,"aerialway":null,"osm":"way/1263519229"},"geometry":{"type":"LineString","coordinates":[[10.38772,46.9831],[10.38773,46.98297],[10.38731,46.98273]]}},{"type":"Feature","properties":{"kind":"piste","difficulty":"easy","name":null,"aerialway":null,"osm":"way/1263523595"},"geometry":{"type":"LineString","coordinates":[[10.32469,46.98561],[10.32464,46.98533],[10.32415,46.98471],[10.32312,46.98424]]}},{"type":"Feature","properties":{"kind":"piste","difficulty":"easy","name":null,"aerialway":null,"osm":"way/1263523596"},"geometry":{"type":"LineString","coordinates":[[10.32312,46.98438],[10.32417,46.98488],[10.32459,46.98541],[10.32482,46.98542],[10.32483,46.9851],[10.32455,46.9846],[10.32337,46.98415],[10.32312,46.98438]]}},{"type":"Feature","properties":{"kind":"piste","difficulty":"intermediate","name":"80","aerialway":null,"osm":"way/1382956340"},"geometry":{"type":"LineString","coordinates":[[10.30713,46.94206],[10.3069,46.94055],[10.31037,46.94044]]}},{"type":"Feature","properties":{"kind":"piste","difficulty":"intermediate","name":"80-41","aerialway":null,"osm":"way/1382956341"},"geometry":{"type":"LineString","coordinates":[[10.3069,46.94055],[10.30678,46.94017],[10.30681,46.93924],[10.30624,46.93885],[10.30536,46.93894],[10.30448,46.93939]]}},{"type":"Feature","properties":{"kind":"piste","difficulty":"advanced","name":"41","aerialway":null,"osm":"way/1382956342"},"geometry":{"type":"LineString","coordinates":[[10.30432,46.93924],[10.30189,46.9392],[10.29857,46.94006],[10.29692,46.94035]]}},{"type":"Feature","properties":{"kind":"piste","difficulty":"intermediate","name":"1","aerialway":null,"osm":"way/1382969327"},"geometry":{"type":"LineString","coordinates":[[10.30923,46.99714],[10.30788,46.99715],[10.30746,46.997],[10.30689,46.99624],[10.30633,46.99604]]}},{"type":"Feature","properties":{"kind":"piste","difficulty":"easy","name":"Samnaun valley – valley station Ravaisch","aerialway":null,"osm":"way/1384382342"},"geometry":{"type":"LineString","coordinates":[[10.36462,46.94821],[10.36568,46.94877]]}},{"type":"Feature","properties":{"kind":"piste","difficulty":"advanced","name":"64","aerialway":null,"osm":"way/1385893592"},"geometry":{"type":"LineString","coordinates":[[10.34739,46.97377],[10.34945,46.97304]]}},{"type":"Feature","properties":{"kind":"lift","difficulty":null,"name":null,"aerialway":"zip_line","osm":"way/1427934896"},"geometry":{"type":"LineString","coordinates":[[10.30236,46.99648],[10.30003,47.00452]]}},{"type":"Feature","properties":{"kind":"lift","difficulty":null,"name":null,"aerialway":"zip_line","osm":"way/1427934897"},"geometry":{"type":"LineString","coordinates":[[10.30019,47.00453],[10.29368,47.01046]]}},{"type":"Feature","properties":{"kind":"lift","difficulty":null,"name":null,"aerialway":"zip_line","osm":"way/1427934898"},"geometry":{"type":"LineString","coordinates":[[10.29362,47.01054],[10.29471,47.01272]]}},{"type":"Feature","properties":{"kind":"piste","difficulty":"intermediate","name":null,"aerialway":null,"osm":"way/1443051265"},"geometry":{"type":"LineString","coordinates":[[10.29413,47.01283],[10.29422,47.0131]]}},{"type":"Feature","properties":{"kind":"piste","difficulty":"intermediate","name":null,"aerialway":null,"osm":"way/1443051266"},"geometry":{"type":"LineString","coordinates":[[10.29461,47.01204],[10.29378,47.01262]]}},{"type":"Feature","properties":{"kind":"piste","difficulty":"advanced","name":"66","aerialway":null,"osm":"way/1443051267"},"geometry":{"type":"LineString","coordinates":[[10.3792,46.98844],[10.3799,46.98833],[10.3815,46.98729]]}},{"type":"Feature","properties":{"kind":"piste","difficulty":"easy","name":"Palinkopf - Palinkopfbahn valley","aerialway":null,"osm":"way/1444101142"},"geometry":{"type":"LineString","coordinates":[[10.31343,46.95117],[10.3144,46.95131],[10.31574,46.95183],[10.31657,46.95195]]}},{"type":"Feature","properties":{"kind":"piste","difficulty":"intermediate","name":null,"aerialway":null,"osm":"way/1444112887"},"geometry":{"type":"LineString","coordinates":[[10.33303,46.96817],[10.33238,46.96799]]}},{"type":"Feature","properties":{"kind":"lift","difficulty":null,"name":"Sassgalunbahn","aerialway":"chair_lift","osm":"way/1453169986"},"geometry":{"type":"LineString","coordinates":[[10.31092,46.97485],[10.30812,46.97212]]}},{"type":"Feature","properties":{"kind":"piste","difficulty":"intermediate","name":"25","aerialway":null,"osm":"way/1453169987"},"geometry":{"type":"LineString","coordinates":[[10.30769,46.97234],[10.30793,46.97252],[10.30824,46.97323],[10.30917,46.97389]]}},{"type":"Feature","properties":{"kind":"lift","difficulty":null,"name":"Höllbodenbahn","aerialway":"chair_lift","osm":"way/1453169988"},"geometry":{"type":"LineString","coordinates":[[10.31112,46.97502],[10.32473,46.98189]]}},{"type":"Feature","properties":{"kind":"piste","difficulty":"easy","name":null,"aerialway":null,"osm":"way/1453169989"},"geometry":{"type":"LineString","coordinates":[[10.32473,46.98189],[10.32474,46.98214],[10.32336,46.98256]]}},{"type":"Feature","properties":{"kind":"piste","difficulty":"easy","name":"8","aerialway":null,"osm":"way/1453169990"},"geometry":{"type":"LineString","coordinates":[[10.32336,46.98256],[10.32094,46.98256]]}},{"type":"Feature","properties":{"kind":"piste","difficulty":"easy","name":null,"aerialway":null,"osm":"way/1453169991"},"geometry":{"type":"LineString","coordinates":[[10.32413,46.98275],[10.32328,46.98208],[10.32415,46.98214],[10.32482,46.98189],[10.32478,46.98224],[10.32413,46.98275]]}},{"type":"Feature","properties":{"kind":"piste","difficulty":"easy","name":null,"aerialway":null,"osm":"way/1459379470"},"geometry":{"type":"LineString","coordinates":[[10.32505,46.98618],[10.32525,46.98586],[10.32508,46.98501],[10.32477,46.98435],[10.32415,46.98391],[10.3306,46.98629],[10.32855,46.98714],[10.32869,46.98677],[10.32753,46.98695],[10.32745,46.98679],[10.3257,46.98605],[10.32542,46.98597],[10.32505,46.98618]]}},{"type":"Feature","properties":{"kind":"piste","difficulty":"easy","name":null,"aerialway":null,"osm":"way/1459379471"},"geometry":{"type":"LineString","coordinates":[[10.32479,46.98573],[10.32494,46.98576],[10.32508,46.986],[10.3252,46.9859],[10.32482,46.98542],[10.32479,46.98573]]}},{"type":"Feature","properties":{"kind":"piste","difficulty":"easy","name":null,"aerialway":null,"osm":"way/1459379472"},"geometry":{"type":"LineString","coordinates":[[10.37234,46.9774],[10.37485,46.97809],[10.3748,46.97819],[10.37219,46.97759],[10.37234,46.9774]]}},{"type":"Feature","properties":{"kind":"piste","difficulty":"easy","name":null,"aerialway":null,"osm":"way/1459379473"},"geometry":{"type":"LineString","coordinates":[[10.34945,46.97304],[10.34969,46.97203],[10.3496,46.97146]]}},{"type":"Feature","properties":{"kind":"piste","difficulty":"intermediate","name":null,"aerialway":null,"osm":"way/1459898773"},"geometry":{"type":"LineString","coordinates":[[10.30812,46.97658],[10.30752,46.97685],[10.30631,46.97687],[10.30454,46.97739],[10.30313,46.97819],[10.29911,46.97961],[10.2986,46.98002],[10.29842,46.98046],[10.29791,46.98107],[10.29785,46.98159],[10.2976,46.98151],[10.29765,46.98124],[10.29827,46.9805],[10.29853,46.97981],[10.29929,46.97935],[10.30292,46.97813],[10.30423,46.97735],[10.30609,46.9768],[10.30722,46.97678],[10.30801,46.97649],[10.30812,46.97658]]}},{"type":"Feature","properties":{"kind":"piste","difficulty":"intermediate","name":null,"aerialway":null,"osm":"way/1459898774"},"geometry":{"type":"LineString","coordinates":[[10.2976,46.98151],[10.29748,46.9823],[10.29688,46.98299],[10.29654,46.98364],[10.29655,46.98393],[10.29682,46.98406],[10.29691,46.98308],[10.29753,46.98238],[10.29785,46.98159],[10.2976,46.98151]]}},{"type":"Feature","properties":{"kind":"piste","difficulty":"intermediate","name":null,"aerialway":null,"osm":"way/1459898775"},"geometry":{"type":"LineString","coordinates":[[10.31693,46.9617],[10.31786,46.96137],[10.31794,46.9617],[10.3171,46.96179],[10.31693,46.9617]]}},{"type":"Feature","properties":{"kind":"piste","difficulty":"intermediate","name":null,"aerialway":null,"osm":"way/1459898776"},"geometry":{"type":"LineString","coordinates":[[10.31786,46.96137],[10.31854,46.9613],[10.31876,46.96171],[10.31802,46.96207],[10.31786,46.96137]]}},{"type":"Feature","properties":{"kind":"piste","difficulty":"intermediate","name":null,"aerialway":null,"osm":"way/1460267737"},"geometry":{"type":"LineString","coordinates":[[10.33047,46.97761],[10.32926,46.97908],[10.33004,46.97875],[10.33134,46.97737],[10.33047,46.97761]]}},{"type":"Feature","properties":{"kind":"piste","difficulty":"intermediate","name":null,"aerialway":null,"osm":"way/1460267738"},"geometry":{"type":"LineString","coordinates":[[10.33013,46.97873],[10.33186,46.977],[10.33239,46.97668],[10.33246,46.97677],[10.33063,46.97861],[10.33013,46.97873]]}},{"type":"Feature","properties":{"kind":"piste","difficulty":"intermediate","name":"Rennstrecke","aerialway":null,"osm":"way/1460267739"},"geometry":{"type":"LineString","coordinates":[[10.33217,46.97655],[10.33231,46.97677],[10.33042,46.97862],[10.32945,46.97933]]}},{"type":"Feature","properties":{"kind":"piste","difficulty":"advanced","name":null,"aerialway":null,"osm":"way/1460267740"},"geometry":{"type":"LineString","coordinates":[[10.32652,46.98855],[10.325,46.98944],[10.32536,46.98947],[10.32544,46.98961],[10.32644,46.98887],[10.32749,46.98833],[10.32869,46.98749],[10.32896,46.98697],[10.3284,46.9872],[10.32839,46.98735],[10.32736,46.98822],[10.32652,46.98855]]}},{"type":"Feature","properties":{"kind":"piste","difficulty":"intermediate","name":null,"aerialway":null,"osm":"way/1460267741"},"geometry":{"type":"LineString","coordinates":[[10.29951,46.99186],[10.29992,46.99294]]}},{"type":"Feature","properties":{"kind":"piste","difficulty":"intermediate","name":null,"aerialway":null,"osm":"way/1461331134"},"geometry":{"type":"LineString","coordinates":[[10.30939,47.00029],[10.30941,47.00002],[10.30925,46.9999],[10.3085,46.99986]]}},{"type":"Feature","properties":{"kind":"piste","difficulty":"intermediate","name":null,"aerialway":null,"osm":"way/1461331135"},"geometry":{"type":"LineString","coordinates":[[10.30563,46.99829],[10.30576,46.99884],[10.30539,46.99942],[10.30529,46.99942],[10.30512,46.99892],[10.30478,46.99883]]}},{"type":"Feature","properties":{"kind":"piste","difficulty":"intermediate","name":null,"aerialway":null,"osm":"way/1461331136"},"geometry":{"type":"LineString","coordinates":[[10.3085,46.99986],[10.30773,47.00067],[10.30749,47.00055],[10.30736,46.99987]]}},{"type":"Feature","properties":{"kind":"lift","difficulty":null,"name":"Fimbabahn I","aerialway":"gondola","osm":"way/1547810647"},"geometry":{"type":"LineString","coordinates":[[10.29373,47.01156],[10.30101,46.99749]]}},{"type":"Feature","properties":{"kind":"lift","difficulty":null,"name":"Silvrettabahn II","aerialway":"gondola","osm":"way/1547810965"},"geometry":{"type":"LineString","coordinates":[[10.30221,46.99612],[10.31695,46.98248]]}},{"type":"Feature","properties":{"kind":"piste","difficulty":"freeride","name":"9","aerialway":null,"osm":"way/1552005977"},"geometry":{"type":"LineString","coordinates":[[10.33996,46.98006],[10.33916,46.98103],[10.33917,46.98169],[10.33902,46.98219],[10.33802,46.98281]]}}]}