{"type":"FeatureCollection","features":[{"type":"Feature","properties":{"kind":"piste","difficulty":"easy","name":"Schaidberg","aerialway":null,"osm":"way/23055173"},"geometry":{"type":"LineString","coordinates":[[13.57993,47.24428],[13.58177,47.24198],[13.5819,47.24127],[13.58181,47.23952],[13.58142,47.23909],[13.5813,47.23875],[13.58142,47.23654],[13.58015,47.2373],[13.57891,47.23871],[13.57735,47.24003],[13.57471,47.24143]]}},{"type":"Feature","properties":{"kind":"piste","difficulty":"intermediate","name":"Plattenkar","aerialway":null,"osm":"way/23112691"},"geometry":{"type":"LineString","coordinates":[[13.57271,47.24804],[13.57229,47.2473],[13.57114,47.24638],[13.56941,47.24594],[13.56813,47.2458],[13.56763,47.24559]]}},{"type":"Feature","properties":{"kind":"piste","difficulty":"intermediate","name":"Plattenkar","aerialway":null,"osm":"way/23112693"},"geometry":{"type":"LineString","coordinates":[[13.57218,47.24949],[13.57105,47.24937],[13.57048,47.24905],[13.56787,47.24683]]}},{"type":"Feature","properties":{"kind":"piste","difficulty":"intermediate","name":null,"aerialway":null,"osm":"way/23112695"},"geometry":{"type":"LineString","coordinates":[[13.54859,47.26628],[13.54942,47.26552],[13.54971,47.26546]]}},{"type":"Feature","properties":{"kind":"piste","difficulty":"advanced","name":"Gamsleiten 2","aerialway":null,"osm":"way/30978614"},"geometry":{"type":"LineString","coordinates":[[13.54806,47.23927],[13.54796,47.23921],[13.54823,47.23911],[13.55049,47.23877],[13.55169,47.23935],[13.55252,47.23958],[13.55352,47.23969],[13.55379,47.23948]]}},{"type":"Feature","properties":{"kind":"piste","difficulty":"easy","name":"Kehrkopf","aerialway":null,"osm":"way/30978735"},"geometry":{"type":"LineString","coordinates":[[13.53537,47.25314],[13.53623,47.25275],[13.53572,47.25237],[13.53287,47.25104],[13.5315,47.25121],[13.53088,47.25166]]}},{"type":"Feature","properties":{"kind":"piste","difficulty":"easy","name":"Übungslift","aerialway":null,"osm":"way/31015475"},"geometry":{"type":"LineString","coordinates":[[13.57097,47.24433],[13.57144,47.24397],[13.57189,47.24382],[13.57254,47.24327],[13.57301,47.24259],[13.57298,47.24238]]}},{"type":"Feature","properties":{"kind":"piste","difficulty":"easy","name":null,"aerialway":null,"osm":"way/31015618"},"geometry":{"type":"LineString","coordinates":[[13.55246,47.24874],[13.55452,47.24906],[13.55416,47.24924]]}},{"type":"Feature","properties":{"kind":"piste","difficulty":"easy","name":null,"aerialway":null,"osm":"way/31015688"},"geometry":{"type":"LineString","coordinates":[[13.55246,47.24874],[13.55176,47.2492],[13.5484,47.25051]]}},{"type":"Feature","properties":{"kind":"piste","difficulty":"intermediate","name":"Zehnerkar","aerialway":null,"osm":"way/31092891"},"geometry":{"type":"LineString","coordinates":[[13.54618,47.24542],[13.54857,47.24651],[13.54928,47.24731],[13.54977,47.24768],[13.551,47.24822],[13.55141,47.24868]]}},{"type":"Feature","properties":{"kind":"piste","difficulty":"intermediate","name":"Zehnerkar","aerialway":null,"osm":"way/31092892"},"geometry":{"type":"LineString","coordinates":[[13.54783,47.24616],[13.54803,47.24705],[13.54847,47.2477]]}},{"type":"Feature","properties":{"kind":"piste","difficulty":"easy","name":null,"aerialway":null,"osm":"way/31170347"},"geometry":{"type":"LineString","coordinates":[[13.55416,47.24924],[13.55297,47.24972],[13.55174,47.24994],[13.54974,47.25004]]}},{"type":"Feature","properties":{"kind":"piste","difficulty":"easy","name":"Kringsalm","aerialway":null,"osm":"way/31243120"},"geometry":{"type":"LineString","coordinates":[[13.54981,47.26489],[13.55087,47.26421],[13.55242,47.26355],[13.55739,47.26341],[13.55901,47.26291],[13.56008,47.26272],[13.56174,47.26277],[13.56324,47.26314],[13.5641,47.26369],[13.5643,47.26429],[13.56413,47.26438]]}},{"type":"Feature","properties":{"kind":"piste","difficulty":"intermediate","name":"Hundskogel","aerialway":null,"osm":"way/31243122"},"geometry":{"type":"LineString","coordinates":[[13.57693,47.26779],[13.57697,47.2679],[13.57654,47.26788],[13.57638,47.26749],[13.57681,47.26705],[13.577,47.26665],[13.57671,47.26553],[13.57608,47.26509],[13.57546,47.26352],[13.57495,47.26305],[13.56933,47.26154]]}},{"type":"Feature","properties":{"kind":"piste","difficulty":"intermediate","name":"Zentralbahn","aerialway":null,"osm":"way/31243557"},"geometry":{"type":"LineString","coordinates":[[13.55363,47.25956],[13.55426,47.25923],[13.55419,47.25845],[13.55469,47.25717]]}},{"type":"Feature","properties":{"kind":"piste","difficulty":"easy","name":"Zentralbahn","aerialway":null,"osm":"way/31243560"},"geometry":{"type":"LineString","coordinates":[[13.55762,47.24986],[13.55697,47.25013],[13.55686,47.25034],[13.55712,47.25086],[13.55788,47.25111],[13.5579,47.25124],[13.55737,47.2515],[13.55791,47.2519],[13.55778,47.25193]]}},{"type":"Feature","properties":{"kind":"piste","difficulty":"advanced","name":"Plattenkar","aerialway":null,"osm":"way/31243562"},"geometry":{"type":"LineString","coordinates":[[13.57555,47.24962],[13.57396,47.24845]]}},{"type":"Feature","properties":{"kind":"piste","difficulty":"advanced","name":"Panorama","aerialway":null,"osm":"way/31243564"},"geometry":{"type":"LineString","coordinates":[[13.54652,47.27061],[13.54674,47.27003],[13.5465,47.26885],[13.54687,47.26787],[13.54665,47.26688],[13.54671,47.26598],[13.54705,47.2652]]}},{"type":"Feature","properties":{"kind":"piste","difficulty":"easy","name":"Seekareck","aerialway":null,"osm":"way/31243565"},"geometry":{"type":"LineString","coordinates":[[13.54705,47.2652],[13.54638,47.26506],[13.5453,47.26545],[13.54395,47.26564],[13.54309,47.26476],[13.54232,47.26442],[13.54221,47.26403],[13.54226,47.26325],[13.54213,47.26285],[13.54239,47.2616]]}},{"type":"Feature","properties":{"kind":"piste","difficulty":"intermediate","name":"Seekareck","aerialway":null,"osm":"way/31243566"},"geometry":{"type":"LineString","coordinates":[[13.53378,47.26358],[13.53469,47.26297],[13.53582,47.26255],[13.5361,47.26222],[13.53668,47.2619],[13.53986,47.26114]]}},{"type":"Feature","properties":{"kind":"piste","difficulty":"easy","name":"Kringsalm","aerialway":null,"osm":"way/31279303"},"geometry":{"type":"LineString","coordinates":[[13.56008,47.26272],[13.56243,47.26381],[13.56307,47.26448],[13.56413,47.26438]]}},{"type":"Feature","properties":{"kind":"piste","difficulty":"intermediate","name":"Kringsalm","aerialway":null,"osm":"way/31279465"},"geometry":{"type":"LineString","coordinates":[[13.54971,47.26546],[13.55026,47.26563],[13.55218,47.26562],[13.55501,47.26595]]}},{"type":"Feature","properties":{"kind":"piste","difficulty":"easy","name":null,"aerialway":null,"osm":"way/31279882"},"geometry":{"type":"LineString","coordinates":[[13.54676,47.25184],[13.54675,47.25166]]}},{"type":"Feature","properties":{"kind":"piste","difficulty":"easy","name":"Sonnenlift 1","aerialway":null,"osm":"way/31422792"},"geometry":{"type":"LineString","coordinates":[[13.54948,47.25706],[13.54892,47.25616],[13.54871,47.25558],[13.54678,47.25308],[13.54664,47.25242],[13.54683,47.25213],[13.54681,47.25195]]}},{"type":"Feature","properties":{"kind":"piste","difficulty":"easy","name":"Sonnenlift 1","aerialway":null,"osm":"way/31422794"},"geometry":{"type":"LineString","coordinates":[[13.54675,47.25166],[13.54675,47.25162]]}},{"type":"Feature","properties":{"kind":"piste","difficulty":"unknown","name":null,"aerialway":null,"osm":"way/31422797"},"geometry":{"type":"LineString","coordinates":[[13.54353,47.25355],[13.54401,47.25241]]}},{"type":"Feature","properties":{"kind":"piste","difficulty":"easy","name":"Kehrkopf","aerialway":null,"osm":"way/31422800"},"geometry":{"type":"LineString","coordinates":[[13.53468,47.2519],[13.53255,47.25164],[13.53088,47.25166]]}},{"type":"Feature","properties":{"kind":"piste","difficulty":"intermediate","name":"Zehnerkar","aerialway":null,"osm":"way/31422804"},"geometry":{"type":"LineString","coordinates":[[13.54058,47.24159],[13.54116,47.24429],[13.54104,47.24481],[13.54113,47.24519],[13.54148,47.24558],[13.54329,47.24642],[13.54598,47.24802],[13.54692,47.24839],[13.54934,47.24841]]}},{"type":"Feature","properties":{"kind":"piste","difficulty":"intermediate","name":"Zehnerkar","aerialway":null,"osm":"way/31422805"},"geometry":{"type":"LineString","coordinates":[[13.54254,47.24604],[13.54258,47.24627],[13.54178,47.24659],[13.54175,47.24676],[13.54465,47.24749],[13.54337,47.24784],[13.54326,47.248],[13.54388,47.24851],[13.54517,47.24877],[13.54522,47.24885],[13.54432,47.2492],[13.54432,47.24935],[13.5456,47.24963],[13.54693,47.2497],[13.54668,47.24994],[13.54567,47.2503],[13.54581,47.2508]]}},{"type":"Feature","properties":{"kind":"piste","difficulty":"intermediate","name":"Zehnerkar","aerialway":null,"osm":"way/31422806"},"geometry":{"type":"LineString","coordinates":[[13.5424,47.24254],[13.5428,47.24343],[13.54293,47.24486],[13.5432,47.24532],[13.5438,47.24584],[13.5464,47.24727],[13.54725,47.24756],[13.54847,47.2477],[13.54988,47.24879],[13.55,47.24899],[13.54988,47.24934]]}},{"type":"Feature","properties":{"kind":"piste","difficulty":"intermediate","name":"Sonnenlift 1","aerialway":null,"osm":"way/31422807"},"geometry":{"type":"LineString","coordinates":[[13.55249,47.25859],[13.55159,47.2576],[13.55108,47.25683],[13.55083,47.25523],[13.55069,47.25482],[13.55036,47.25445],[13.55039,47.25319]]}},{"type":"Feature","properties":{"kind":"piste","difficulty":"easy","name":null,"aerialway":null,"osm":"way/31422809"},"geometry":{"type":"LineString","coordinates":[[13.54981,47.26489],[13.54939,47.2644],[13.54891,47.26423],[13.54731,47.26409]]}},{"type":"Feature","properties":{"kind":"piste","difficulty":"intermediate","name":"Schönalmbahn","aerialway":null,"osm":"way/31422811"},"geometry":{"type":"LineString","coordinates":[[13.56854,47.26474],[13.5686,47.2637],[13.56814,47.26336],[13.56744,47.26332],[13.56625,47.26287],[13.56559,47.26244],[13.56544,47.26249],[13.56548,47.26264]]}},{"type":"Feature","properties":{"kind":"piste","difficulty":"intermediate","name":null,"aerialway":null,"osm":"way/31422814"},"geometry":{"type":"LineString","coordinates":[[13.55935,47.24165],[13.55964,47.24222],[13.5604,47.24278],[13.56077,47.24291],[13.5609,47.24333],[13.56058,47.24475]]}},{"type":"Feature","properties":{"kind":"piste","difficulty":"easy","name":"Gamsleiten 1","aerialway":null,"osm":"way/31422817"},"geometry":{"type":"LineString","coordinates":[[13.56077,47.24291],[13.56221,47.24296],[13.56238,47.24303],[13.56247,47.24335],[13.56241,47.24359],[13.5621,47.24389],[13.56112,47.24415],[13.56058,47.24475],[13.56057,47.24533],[13.56077,47.24605]]}},{"type":"Feature","properties":{"kind":"piste","difficulty":"advanced","name":"Plattenkar","aerialway":null,"osm":"way/31422821"},"geometry":{"type":"LineString","coordinates":[[13.57218,47.24949],[13.5706,47.24802],[13.56792,47.24604]]}},{"type":"Feature","properties":{"kind":"piste","difficulty":"easy","name":null,"aerialway":null,"osm":"way/31422824"},"geometry":{"type":"LineString","coordinates":[[13.56941,47.24594],[13.56924,47.24414],[13.56928,47.24294]]}},{"type":"Feature","properties":{"kind":"piste","difficulty":"easy","name":"Schaidberg","aerialway":null,"osm":"way/31422825"},"geometry":{"type":"LineString","coordinates":[[13.57782,47.23966],[13.57731,47.23941],[13.5768,47.23948],[13.57495,47.24053],[13.57291,47.24079]]}},{"type":"Feature","properties":{"kind":"piste","difficulty":"easy","name":"Gamskar","aerialway":null,"osm":"way/31812013"},"geometry":{"type":"LineString","coordinates":[[13.57958,47.24545],[13.57994,47.24541],[13.58018,47.24523],[13.58089,47.24443],[13.58129,47.24416],[13.58156,47.24305],[13.58194,47.24253],[13.58179,47.24248]]}},{"type":"Feature","properties":{"kind":"piste","difficulty":"intermediate","name":"Hundskogel","aerialway":null,"osm":"way/31812015"},"geometry":{"type":"LineString","coordinates":[[13.57382,47.26835],[13.5704,47.26881],[13.56922,47.26813],[13.56894,47.26752]]}},{"type":"Feature","properties":{"kind":"piste","difficulty":"easy","name":"Zentralbahn","aerialway":null,"osm":"way/35082994"},"geometry":{"type":"LineString","coordinates":[[13.57077,47.25375],[13.56977,47.25379],[13.56779,47.25354],[13.56664,47.25353],[13.5649,47.25293],[13.56148,47.25202],[13.55977,47.25207],[13.55925,47.25189],[13.55778,47.25193]]}},{"type":"Feature","properties":{"kind":"piste","difficulty":"easy","name":null,"aerialway":null,"osm":"way/47513649"},"geometry":{"type":"LineString","coordinates":[[13.54504,47.26159],[13.5453,47.26162]]}},{"type":"Feature","properties":{"kind":"piste","difficulty":"easy","name":null,"aerialway":null,"osm":"way/47513650"},"geometry":{"type":"LineString","coordinates":[[13.54586,47.263],[13.5453,47.26277],[13.54507,47.26239],[13.54494,47.26238]]}},{"type":"Feature","properties":{"kind":"piste","difficulty":"easy","name":"Panorama","aerialway":null,"osm":"way/47513651"},"geometry":{"type":"LineString","coordinates":[[13.54342,47.2597],[13.54407,47.26078],[13.54454,47.26101]]}},{"type":"Feature","properties":{"kind":"piste","difficulty":"easy","name":null,"aerialway":null,"osm":"way/47514975"},"geometry":{"type":"LineString","coordinates":[[13.5641,47.26369],[13.56437,47.26371],[13.56487,47.26345],[13.56485,47.26324],[13.56522,47.26293],[13.56535,47.26264]]}},{"type":"Feature","properties":{"kind":"piste","difficulty":"intermediate","name":"Hochalmbahn","aerialway":null,"osm":"way/47514978"},"geometry":{"type":"LineString","coordinates":[[13.54881,47.26514],[13.54825,47.26518],[13.54805,47.26505],[13.54681,47.2636],[13.54604,47.26216],[13.54528,47.26179]]}},{"type":"Feature","properties":{"kind":"piste","difficulty":"intermediate","name":"Seekarspitz","aerialway":null,"osm":"way/47514979"},"geometry":{"type":"LineString","coordinates":[[13.5474,47.27041],[13.54884,47.27025],[13.54939,47.26998],[13.55023,47.2674],[13.55048,47.267],[13.55118,47.26665],[13.55193,47.26642],[13.55361,47.26636],[13.55501,47.26595],[13.55828,47.26581],[13.55933,47.26603]]}},{"type":"Feature","properties":{"kind":"piste","difficulty":"intermediate","name":"Kringsalm","aerialway":null,"osm":"way/47514980"},"geometry":{"type":"LineString","coordinates":[[13.54858,47.26746],[13.5496,47.26668],[13.55137,47.26584],[13.55218,47.26562]]}},{"type":"Feature","properties":{"kind":"piste","difficulty":"advanced","name":"Panorama","aerialway":null,"osm":"way/47514982"},"geometry":{"type":"LineString","coordinates":[[13.54652,47.27061],[13.54677,47.27072],[13.547,47.27062],[13.547,47.27039],[13.54674,47.27003]]}},{"type":"Feature","properties":{"kind":"piste","difficulty":"intermediate","name":"Hundskogel","aerialway":null,"osm":"way/47515498"},"geometry":{"type":"LineString","coordinates":[[13.57641,47.26807],[13.57568,47.26823],[13.57382,47.26835],[13.57125,47.26692],[13.57083,47.26683]]}},{"type":"Feature","properties":{"kind":"piste","difficulty":"intermediate","name":"Schönalmbahn","aerialway":null,"osm":"way/47515499"},"geometry":{"type":"LineString","coordinates":[[13.56754,47.26751],[13.56822,47.26661],[13.56777,47.26534]]}},{"type":"Feature","properties":{"kind":"piste","difficulty":"intermediate","name":"Zentralbahn","aerialway":null,"osm":"way/47661490"},"geometry":{"type":"LineString","coordinates":[[13.55256,47.2599],[13.55247,47.25947]]}},{"type":"Feature","properties":{"kind":"piste","difficulty":"easy","name":null,"aerialway":null,"osm":"way/47661491"},"geometry":{"type":"LineString","coordinates":[[13.55421,47.2539],[13.554,47.254]]}},{"type":"Feature","properties":{"kind":"piste","difficulty":"easy","name":"Sonnenlift 3","aerialway":null,"osm":"way/47661492"},"geometry":{"type":"LineString","coordinates":[[13.55293,47.25684],[13.55346,47.2567],[13.55443,47.25416],[13.55421,47.2539]]}},{"type":"Feature","properties":{"kind":"piste","difficulty":"easy","name":"Sonnenlift 3","aerialway":null,"osm":"way/47661493"},"geometry":{"type":"LineString","coordinates":[[13.55293,47.25684],[13.55265,47.25676],[13.55259,47.25654],[13.55368,47.25401]]}},{"type":"Feature","properties":{"kind":"piste","difficulty":"easy","name":"Sonnenlift 1","aerialway":null,"osm":"way/47661494"},"geometry":{"type":"LineString","coordinates":[[13.54882,47.25585],[13.54956,47.25492],[13.54995,47.25382],[13.55039,47.25319],[13.5503,47.25265],[13.55001,47.25248],[13.5469,47.25195]]}},{"type":"Feature","properties":{"kind":"piste","difficulty":"advanced","name":"Schaidberg","aerialway":null,"osm":"way/47664910"},"geometry":{"type":"LineString","coordinates":[[13.58022,47.24393],[13.58029,47.24358],[13.58018,47.24323],[13.57964,47.24228],[13.57908,47.24198],[13.57808,47.24184],[13.57745,47.24155],[13.576,47.24167],[13.57471,47.24143]]}},{"type":"Feature","properties":{"kind":"piste","difficulty":"easy","name":null,"aerialway":null,"osm":"way/47664920"},"geometry":{"type":"LineString","coordinates":[[13.56809,47.24994],[13.5663,47.24993],[13.56539,47.2496]]}},{"type":"Feature","properties":{"kind":"piste","difficulty":"easy","name":null,"aerialway":null,"osm":"way/47664928"},"geometry":{"type":"LineString","coordinates":[[13.58139,47.24249],[13.58179,47.24248]]}},{"type":"Feature","properties":{"kind":"piste","difficulty":"easy","name":null,"aerialway":null,"osm":"way/47664930"},"geometry":{"type":"LineString","coordinates":[[13.58194,47.24253],[13.58177,47.24198]]}},{"type":"Feature","properties":{"kind":"piste","difficulty":"intermediate","name":null,"aerialway":null,"osm":"way/47667399"},"geometry":{"type":"LineString","coordinates":[[13.54086,47.24275],[13.54164,47.24316],[13.5428,47.24343]]}},{"type":"Feature","properties":{"kind":"piste","difficulty":"easy","name":null,"aerialway":null,"osm":"way/47667400"},"geometry":{"type":"LineString","coordinates":[[13.54286,47.24394],[13.54152,47.24428],[13.54115,47.24455]]}},{"type":"Feature","properties":{"kind":"piste","difficulty":"advanced","name":"Schaidberg","aerialway":null,"osm":"way/47682164"},"geometry":{"type":"LineString","coordinates":[[13.57908,47.24198],[13.57813,47.24203],[13.57702,47.24239],[13.576,47.24167]]}},{"type":"Feature","properties":{"kind":"piste","difficulty":"unknown","name":"Seekareck","aerialway":null,"osm":"way/47693394"},"geometry":{"type":"LineString","coordinates":[[13.53427,47.26321],[13.53532,47.26323],[13.53633,47.26406],[13.53694,47.26422]]}},{"type":"Feature","properties":{"kind":"piste","difficulty":"easy","name":"Zentralbahn","aerialway":null,"osm":"way/47693396"},"geometry":{"type":"LineString","coordinates":[[13.54891,47.26423],[13.54873,47.26402],[13.54885,47.26384],[13.54971,47.26348],[13.55084,47.26335],[13.55113,47.26314],[13.55163,47.26196],[13.55199,47.26164],[13.55209,47.26114]]}},{"type":"Feature","properties":{"kind":"piste","difficulty":"easy","name":"Zentralbahn","aerialway":null,"osm":"way/47693397"},"geometry":{"type":"LineString","coordinates":[[13.54956,47.25492],[13.55104,47.25431],[13.55152,47.25441],[13.55259,47.25433],[13.55393,47.2539],[13.55544,47.25394],[13.55615,47.25374]]}},{"type":"Feature","properties":{"kind":"piste","difficulty":"intermediate","name":null,"aerialway":null,"osm":"way/47693399"},"geometry":{"type":"LineString","coordinates":[[13.54883,47.24798],[13.55031,47.24795]]}},{"type":"Feature","properties":{"kind":"piste","difficulty":"easy","name":null,"aerialway":null,"osm":"way/47693400"},"geometry":{"type":"LineString","coordinates":[[13.54691,47.25977],[13.54796,47.259],[13.54891,47.25768],[13.54911,47.25647]]}},{"type":"Feature","properties":{"kind":"piste","difficulty":"easy","name":"Sonnenlift 1","aerialway":null,"osm":"way/47693401"},"geometry":{"type":"LineString","coordinates":[[13.54743,47.25802],[13.54785,47.2577],[13.54827,47.25654],[13.54882,47.25585]]}},{"type":"Feature","properties":{"kind":"piste","difficulty":"intermediate","name":"Grünwaldkopf","aerialway":null,"osm":"way/47693402"},"geometry":{"type":"LineString","coordinates":[[13.54342,47.2597],[13.54326,47.26004],[13.54272,47.26031],[13.5418,47.26056],[13.54162,47.26038]]}},{"type":"Feature","properties":{"kind":"piste","difficulty":"intermediate","name":"Grünwaldkopf","aerialway":null,"osm":"way/47701060"},"geometry":{"type":"LineString","coordinates":[[13.54149,47.26109],[13.54162,47.26076],[13.54153,47.26013],[13.54075,47.25863],[13.54028,47.25807],[13.54008,47.25743],[13.54039,47.25671],[13.54087,47.25635],[13.54209,47.25579],[13.54352,47.25541],[13.54387,47.25501],[13.54396,47.25439],[13.54388,47.25379]]}},{"type":"Feature","properties":{"kind":"piste","difficulty":"intermediate","name":"Edelweissbahn","aerialway":null,"osm":"way/47701850"},"geometry":{"type":"LineString","coordinates":[[13.571,47.25225],[13.57007,47.25159],[13.56797,47.25085],[13.56662,47.25019],[13.56602,47.25005]]}},{"type":"Feature","properties":{"kind":"piste","difficulty":"easy","name":null,"aerialway":null,"osm":"way/47710027"},"geometry":{"type":"LineString","coordinates":[[13.54342,47.2597],[13.54353,47.25986],[13.54373,47.25979],[13.54481,47.26017],[13.54632,47.26023]]}},{"type":"Feature","properties":{"kind":"piste","difficulty":"easy","name":"Geisterwald","aerialway":null,"osm":"way/57739049"},"geometry":{"type":"LineString","coordinates":[[13.57731,47.23941],[13.57688,47.2392],[13.57643,47.23924],[13.57549,47.23984],[13.57536,47.24036]]}},{"type":"Feature","properties":{"kind":"piste","difficulty":"unknown","name":"Schaidberg","aerialway":null,"osm":"way/57739057"},"geometry":{"type":"LineString","coordinates":[[13.57997,47.2417],[13.57964,47.24228],[13.57918,47.2426],[13.57848,47.24282],[13.57795,47.24339],[13.57709,47.24386],[13.5768,47.24386],[13.57678,47.24376],[13.57757,47.24255],[13.57761,47.24238],[13.57748,47.24228]]}},{"type":"Feature","properties":{"kind":"piste","difficulty":"easy","name":null,"aerialway":null,"osm":"way/200023906"},"geometry":{"type":"LineString","coordinates":[[13.55336,47.24958],[13.55285,47.25004]]}},{"type":"Feature","properties":{"kind":"piste","difficulty":"easy","name":"Sonnenlift 1","aerialway":null,"osm":"way/201578751"},"geometry":{"type":"LineString","coordinates":[[13.54762,47.25133],[13.54758,47.25126]]}},{"type":"Feature","properties":{"kind":"piste","difficulty":"easy","name":"Sonnenlift 1","aerialway":null,"osm":"way/201578754"},"geometry":{"type":"LineString","coordinates":[[13.54758,47.25126],[13.54703,47.25098]]}},{"type":"Feature","properties":{"kind":"piste","difficulty":"easy","name":"Pernerlift","aerialway":null,"osm":"way/252523885"},"geometry":{"type":"LineString","coordinates":[[13.55723,47.24991],[13.55813,47.24939],[13.55848,47.24886]]}},{"type":"Feature","properties":{"kind":"piste","difficulty":"easy","name":null,"aerialway":null,"osm":"way/256324864"},"geometry":{"type":"LineString","coordinates":[[13.54881,47.26514],[13.54897,47.26529],[13.54951,47.26536],[13.54975,47.26517],[13.54981,47.26489]]}},{"type":"Feature","properties":{"kind":"piste","difficulty":"easy","name":"Kehrkopf","aerialway":null,"osm":"way/256349210"},"geometry":{"type":"LineString","coordinates":[[13.52966,47.25494],[13.52965,47.25553],[13.52949,47.25576],[13.52904,47.25599],[13.5287,47.25596]]}},{"type":"Feature","properties":{"kind":"piste","difficulty":"easy","name":null,"aerialway":null,"osm":"way/256351605"},"geometry":{"type":"LineString","coordinates":[[13.53659,47.25094],[13.53564,47.25082],[13.53287,47.25104]]}},{"type":"Feature","properties":{"kind":"piste","difficulty":"easy","name":null,"aerialway":null,"osm":"way/256351607"},"geometry":{"type":"LineString","coordinates":[[13.54049,47.25264],[13.54023,47.25221],[13.54003,47.2521],[13.53803,47.25153],[13.53659,47.25094]]}},{"type":"Feature","properties":{"kind":"piste","difficulty":"unknown","name":"Kehrkopf","aerialway":null,"osm":"way/256351608"},"geometry":{"type":"LineString","coordinates":[[13.53255,47.25164],[13.53245,47.25156],[13.53253,47.25149],[13.5334,47.25135]]}},{"type":"Feature","properties":{"kind":"piste","difficulty":"intermediate","name":null,"aerialway":null,"osm":"way/257131000"},"geometry":{"type":"LineString","coordinates":[[13.53986,47.26114],[13.54218,47.26108],[13.54292,47.26125]]}},{"type":"Feature","properties":{"kind":"piste","difficulty":"easy","name":null,"aerialway":null,"osm":"way/257324848"},"geometry":{"type":"LineString","coordinates":[[13.53537,47.25314],[13.53691,47.25307],[13.5387,47.25248],[13.53997,47.25243],[13.54049,47.25264]]}},{"type":"Feature","properties":{"kind":"piste","difficulty":"easy","name":null,"aerialway":null,"osm":"way/257351707"},"geometry":{"type":"LineString","coordinates":[[13.54971,47.26546],[13.54965,47.2653]]}},{"type":"Feature","properties":{"kind":"piste","difficulty":"easy","name":null,"aerialway":null,"osm":"way/257351708"},"geometry":{"type":"LineString","coordinates":[[13.54951,47.26536],[13.54971,47.26546]]}},{"type":"Feature","properties":{"kind":"piste","difficulty":"intermediate","name":"Seekarspitz","aerialway":null,"osm":"way/427775159"},"geometry":{"type":"LineString","coordinates":[[13.56262,47.26488],[13.56343,47.26449]]}},{"type":"Feature","properties":{"kind":"piste","difficulty":"intermediate","name":null,"aerialway":null,"osm":"way/427775653"},"geometry":{"type":"LineString","coordinates":[[13.54342,47.2597],[13.54424,47.25963],[13.54515,47.25927],[13.54612,47.25869],[13.54729,47.25847]]}},{"type":"Feature","properties":{"kind":"piste","difficulty":"unknown","name":"Grünwaldkopf Osthang","aerialway":null,"osm":"way/427775654"},"geometry":{"type":"LineString","coordinates":[[13.5455,47.25905],[13.54564,47.25868],[13.54556,47.25848],[13.54479,47.25778],[13.54443,47.25724],[13.54446,47.25689],[13.54482,47.25612],[13.54497,47.25476]]}},{"type":"Feature","properties":{"kind":"piste","difficulty":"easy","name":null,"aerialway":null,"osm":"way/427776814"},"geometry":{"type":"LineString","coordinates":[[13.57583,47.23967],[13.57586,47.24008]]}},{"type":"Feature","properties":{"kind":"piste","difficulty":"easy","name":null,"aerialway":null,"osm":"way/428540233"},"geometry":{"type":"LineString","coordinates":[[13.56771,47.24725],[13.5664,47.24699],[13.56593,47.24652]]}},{"type":"Feature","properties":{"kind":"piste","difficulty":"intermediate","name":"Hundskogel","aerialway":null,"osm":"way/431162559"},"geometry":{"type":"LineString","coordinates":[[13.57529,47.26827],[13.57527,47.26793],[13.57503,47.26756],[13.57464,47.26732]]}},{"type":"Feature","properties":{"kind":"piste","difficulty":"intermediate","name":"Schönalmbahn","aerialway":null,"osm":"way/443372687"},"geometry":{"type":"LineString","coordinates":[[13.56819,47.26505],[13.5683,47.26481],[13.56808,47.26437],[13.56625,47.26287]]}},{"type":"Feature","properties":{"kind":"piste","difficulty":"intermediate","name":"Sonnenlift 1","aerialway":null,"osm":"way/443525499"},"geometry":{"type":"LineString","coordinates":[[13.55247,47.25947],[13.55169,47.2587],[13.55139,47.25815]]}},{"type":"Feature","properties":{"kind":"piste","difficulty":"intermediate","name":"Plattenkar","aerialway":null,"osm":"way/473001228"},"geometry":{"type":"LineString","coordinates":[[13.57255,47.25094],[13.56998,47.24968]]}},{"type":"Feature","properties":{"kind":"piste","difficulty":"unknown","name":null,"aerialway":null,"osm":"way/473001229"},"geometry":{"type":"LineString","coordinates":[[13.57224,47.25107],[13.57186,47.25103],[13.57141,47.25123],[13.57129,47.25066],[13.57062,47.25091],[13.57049,47.25086],[13.57049,47.25034],[13.56998,47.25053],[13.56957,47.24992],[13.56885,47.25026],[13.56809,47.24994]]}},{"type":"Feature","properties":{"kind":"piste","difficulty":"easy","name":"Sonnenlift 1","aerialway":null,"osm":"way/473001230"},"geometry":{"type":"LineString","coordinates":[[13.55421,47.2539],[13.55201,47.25334],[13.55039,47.25319]]}},{"type":"Feature","properties":{"kind":"piste","difficulty":"easy","name":"Zentralbahn","aerialway":null,"osm":"way/473001236"},"geometry":{"type":"LineString","coordinates":[[13.55615,47.25374],[13.55689,47.25261],[13.55761,47.25226]]}},{"type":"Feature","properties":{"kind":"piste","difficulty":"unknown","name":"Zentralbahn","aerialway":null,"osm":"way/473001237"},"geometry":{"type":"LineString","coordinates":[[13.55615,47.25374],[13.55719,47.25341]]}},{"type":"Feature","properties":{"kind":"piste","difficulty":"intermediate","name":null,"aerialway":null,"osm":"way/477759251"},"geometry":{"type":"LineString","coordinates":[[13.55379,47.23948],[13.55438,47.23907],[13.55509,47.23878],[13.55568,47.23889],[13.55731,47.23869],[13.55732,47.2388],[13.55673,47.23918],[13.55643,47.23977],[13.55641,47.24007]]}},{"type":"Feature","properties":{"kind":"piste","difficulty":"easy","name":null,"aerialway":null,"osm":"way/677855104"},"geometry":{"type":"LineString","coordinates":[[13.52791,47.25589],[13.52675,47.25614],[13.52437,47.2561],[13.52278,47.25645],[13.52127,47.25618]]}},{"type":"Feature","properties":{"kind":"piste","difficulty":"expert","name":"Gamsleiten 2","aerialway":null,"osm":"way/724271285"},"geometry":{"type":"LineString","coordinates":[[13.55379,47.23948],[13.55494,47.23931],[13.55563,47.23938],[13.55672,47.2403]]}},{"type":"Feature","properties":{"kind":"piste","difficulty":"advanced","name":"Gamsleiten 2","aerialway":null,"osm":"way/724271286"},"geometry":{"type":"LineString","coordinates":[[13.55672,47.2403],[13.55726,47.24066],[13.55879,47.24099],[13.55911,47.24088]]}},{"type":"Feature","properties":{"kind":"piste","difficulty":"advanced","name":"Gamsleiten 2","aerialway":null,"osm":"way/724271287"},"geometry":{"type":"LineString","coordinates":[[13.54806,47.23927],[13.54793,47.23929],[13.54794,47.23942],[13.54857,47.2396],[13.55046,47.23973],[13.55143,47.23955],[13.55252,47.23958]]}},{"type":"Feature","properties":{"kind":"piste","difficulty":"unknown","name":"Sonnenlift 1","aerialway":null,"osm":"way/750429553"},"geometry":{"type":"LineString","coordinates":[[13.55201,47.25334],[13.55204,47.25307],[13.55133,47.25303],[13.55132,47.25269],[13.55101,47.2525],[13.55001,47.25248]]}},{"type":"Feature","properties":{"kind":"piste","difficulty":"easy","name":null,"aerialway":null,"osm":"way/761082803"},"geometry":{"type":"LineString","coordinates":[[13.54772,47.25025],[13.54782,47.25042],[13.54821,47.25039]]}},{"type":"Feature","properties":{"kind":"piste","difficulty":"easy","name":null,"aerialway":null,"osm":"way/761082804"},"geometry":{"type":"LineString","coordinates":[[13.53059,47.25222],[13.5306,47.25211],[13.5304,47.25202]]}},{"type":"Feature","properties":{"kind":"piste","difficulty":"easy","name":null,"aerialway":null,"osm":"way/761082805"},"geometry":{"type":"LineString","coordinates":[[13.52729,47.25374],[13.5275,47.2538]]}},{"type":"Feature","properties":{"kind":"piste","difficulty":"advanced","name":null,"aerialway":null,"osm":"way/761082810"},"geometry":{"type":"LineString","coordinates":[[13.54694,47.27076],[13.54715,47.27061]]}},{"type":"Feature","properties":{"kind":"piste","difficulty":"easy","name":null,"aerialway":null,"osm":"way/761082812"},"geometry":{"type":"LineString","coordinates":[[13.5484,47.25051],[13.54821,47.25039],[13.54828,47.25025]]}},{"type":"Feature","properties":{"kind":"piste","difficulty":"easy","name":null,"aerialway":null,"osm":"way/761082814"},"geometry":{"type":"LineString","coordinates":[[13.55236,47.24864],[13.55224,47.24852],[13.55141,47.24868]]}},{"type":"Feature","properties":{"kind":"piste","difficulty":"easy","name":null,"aerialway":null,"osm":"way/761534972"},"geometry":{"type":"LineString","coordinates":[[13.57291,47.24079],[13.57234,47.24062],[13.57188,47.24087]]}},{"type":"Feature","properties":{"kind":"piste","difficulty":"easy","name":"Schrotteralmlift","aerialway":null,"osm":"way/997999291"},"geometry":{"type":"LineString","coordinates":[[13.53088,47.25166],[13.53069,47.25187],[13.52762,47.25351]]}},{"type":"Feature","properties":{"kind":"piste","difficulty":"easy","name":"Panorama","aerialway":null,"osm":"way/997999296"},"geometry":{"type":"LineString","coordinates":[[13.54971,47.26546],[13.54889,47.26536],[13.54783,47.26547]]}},{"type":"Feature","properties":{"kind":"piste","difficulty":"easy","name":null,"aerialway":null,"osm":"way/997999300"},"geometry":{"type":"LineString","coordinates":[[13.54871,47.26501],[13.54881,47.26514]]}},{"type":"Feature","properties":{"kind":"piste","difficulty":"easy","name":"Plattenkar","aerialway":null,"osm":"way/997999311"},"geometry":{"type":"LineString","coordinates":[[13.57958,47.24545],[13.57946,47.24539],[13.57932,47.24458],[13.57876,47.24428]]}},{"type":"Feature","properties":{"kind":"piste","difficulty":"easy","name":"Edelweissbahn","aerialway":null,"osm":"way/997999316"},"geometry":{"type":"LineString","coordinates":[[13.56641,47.24567],[13.5669,47.24572],[13.56714,47.24595]]}},{"type":"Feature","properties":{"kind":"piste","difficulty":"easy","name":"Zehnerkar","aerialway":null,"osm":"way/997999318"},"geometry":{"type":"LineString","coordinates":[[13.55402,47.24633],[13.55441,47.24665],[13.55434,47.24712]]}},{"type":"Feature","properties":{"kind":"piste","difficulty":"easy","name":null,"aerialway":null,"osm":"way/998025582"},"geometry":{"type":"LineString","coordinates":[[13.54796,47.25005],[13.54581,47.2508]]}},{"type":"Feature","properties":{"kind":"piste","difficulty":"easy","name":"Edelweissbahn","aerialway":null,"osm":"way/998025584"},"geometry":{"type":"LineString","coordinates":[[13.57163,47.25204],[13.57168,47.25221],[13.571,47.25225]]}},{"type":"Feature","properties":{"kind":"piste","difficulty":"intermediate","name":"Hundskogel","aerialway":null,"osm":"way/998025586"},"geometry":{"type":"LineString","coordinates":[[13.56861,47.26731],[13.56822,47.26661],[13.56858,47.26614],[13.56878,47.26525],[13.56928,47.26431]]}},{"type":"Feature","properties":{"kind":"piste","difficulty":"easy","name":"Seekareck","aerialway":null,"osm":"way/998025595"},"geometry":{"type":"LineString","coordinates":[[13.54254,47.26146],[13.543,47.26165]]}},{"type":"Feature","properties":{"kind":"piste","difficulty":"intermediate","name":"Zentralbahn","aerialway":null,"osm":"way/998025599"},"geometry":{"type":"LineString","coordinates":[[13.55247,47.25947],[13.55249,47.25916],[13.55317,47.25839]]}},{"type":"Feature","properties":{"kind":"piste","difficulty":"intermediate","name":"Zentralbahn","aerialway":null,"osm":"way/998025600"},"geometry":{"type":"LineString","coordinates":[[13.55209,47.26114],[13.55256,47.2599]]}},{"type":"Feature","properties":{"kind":"piste","difficulty":"easy","name":"Kringsalm","aerialway":null,"osm":"way/998025601"},"geometry":{"type":"LineString","coordinates":[[13.55192,47.26105],[13.55209,47.26114]]}},{"type":"Feature","properties":{"kind":"piste","difficulty":"easy","name":"Kringsalm","aerialway":null,"osm":"way/1000284140"},"geometry":{"type":"LineString","coordinates":[[13.56413,47.26438],[13.56376,47.26437],[13.56354,47.26423]]}},{"type":"Feature","properties":{"kind":"piste","difficulty":"easy","name":"Sonnenlift 1","aerialway":null,"osm":"way/1018734171"},"geometry":{"type":"LineString","coordinates":[[13.54675,47.25162],[13.54762,47.25133]]}},{"type":"Feature","properties":{"kind":"piste","difficulty":"easy","name":"Sonnenlift 1","aerialway":null,"osm":"way/1018734177"},"geometry":{"type":"LineString","coordinates":[[13.54681,47.25195],[13.54676,47.25184]]}},{"type":"Feature","properties":{"kind":"piste","difficulty":"easy","name":"Sonnenlift 1","aerialway":null,"osm":"way/1018734178"},"geometry":{"type":"LineString","coordinates":[[13.5469,47.25195],[13.54676,47.25184]]}},{"type":"Feature","properties":{"kind":"piste","difficulty":"novice","name":"Übungsland","aerialway":null,"osm":"way/1019706619"},"geometry":{"type":"LineString","coordinates":[[13.57097,47.24433],[13.57055,47.24429],[13.57042,47.24414],[13.56988,47.24308],[13.56983,47.24267]]}},{"type":"Feature","properties":{"kind":"piste","difficulty":"easy","name":"Kringsalm","aerialway":null,"osm":"way/1158007773"},"geometry":{"type":"LineString","coordinates":[[13.55209,47.26114],[13.55249,47.26141],[13.55374,47.26182],[13.55516,47.26305],[13.55655,47.26346]]}},{"type":"Feature","properties":{"kind":"piste","difficulty":"easy","name":null,"aerialway":null,"osm":"way/1348045314"},"geometry":{"type":"LineString","coordinates":[[13.54604,47.26216],[13.54545,47.26125],[13.54546,47.26081]]}},{"type":"Feature","properties":{"kind":"piste","difficulty":"easy","name":null,"aerialway":null,"osm":"way/1355471823"},"geometry":{"type":"LineString","coordinates":[[13.58164,47.24115],[13.58157,47.24055],[13.58171,47.23975],[13.58115,47.239],[13.58134,47.23786],[13.58119,47.23708],[13.58129,47.23668],[13.58,47.2376],[13.57902,47.23876],[13.57782,47.23982],[13.57755,47.2397],[13.57869,47.23886],[13.57993,47.23742],[13.58145,47.23644],[13.5816,47.23667],[13.58141,47.23863],[13.58145,47.23887],[13.5819,47.23938],[13.582,47.2397],[13.58197,47.24076],[13.58211,47.24114],[13.58195,47.24234],[13.58137,47.24225],[13.58166,47.24175],[13.58164,47.24115]]}},{"type":"Feature","properties":{"kind":"piste","difficulty":"easy","name":null,"aerialway":null,"osm":"way/1355471824"},"geometry":{"type":"LineString","coordinates":[[13.57755,47.2397],[13.57668,47.24036],[13.57467,47.24121],[13.57421,47.24174],[13.57436,47.24176],[13.57544,47.24103],[13.57659,47.24062],[13.57782,47.23982],[13.57755,47.2397]]}},{"type":"Feature","properties":{"kind":"piste","difficulty":"easy","name":"Schaidberg","aerialway":null,"osm":"way/1355471825"},"geometry":{"type":"LineString","coordinates":[[13.57471,47.24143],[13.57291,47.24079]]}},{"type":"Feature","properties":{"kind":"piste","difficulty":"easy","name":null,"aerialway":null,"osm":"way/1355471826"},"geometry":{"type":"LineString","coordinates":[[13.57796,47.23947],[13.57741,47.23929],[13.5766,47.23939],[13.57495,47.24048],[13.57311,47.24072],[13.57336,47.24083],[13.57471,47.24066],[13.57549,47.24036],[13.5766,47.23963],[13.57727,47.23951],[13.57755,47.2397],[13.57796,47.23947]]}},{"type":"Feature","properties":{"kind":"piste","difficulty":"easy","name":null,"aerialway":null,"osm":"way/1355471827"},"geometry":{"type":"LineString","coordinates":[[13.57467,47.24121],[13.57439,47.24123],[13.57255,47.24054],[13.57202,47.24063],[13.5718,47.24087],[13.57227,47.24067],[13.57263,47.24078],[13.57289,47.24124],[13.57421,47.24174],[13.57467,47.24121]]}},{"type":"Feature","properties":{"kind":"piste","difficulty":"advanced","name":null,"aerialway":null,"osm":"way/1355471828"},"geometry":{"type":"LineString","coordinates":[[13.57436,47.24176],[13.57597,47.24194],[13.57697,47.24175],[13.57902,47.24221],[13.57951,47.2425],[13.57986,47.24365],[13.58048,47.2431],[13.58047,47.24289],[13.58006,47.24256],[13.57962,47.24189],[13.57928,47.24176],[13.57821,47.24174],[13.57756,47.24145],[13.57632,47.24144],[13.57534,47.24118],[13.57436,47.24176]]}},{"type":"Feature","properties":{"kind":"piste","difficulty":"advanced","name":null,"aerialway":null,"osm":"way/1355471829"},"geometry":{"type":"LineString","coordinates":[[13.58164,47.24115],[13.5814,47.24106],[13.58032,47.24136],[13.58001,47.2417],[13.57983,47.24215],[13.57962,47.24189],[13.57928,47.24176],[13.57965,47.24178],[13.58049,47.24114],[13.58149,47.24076],[13.58159,47.24074],[13.58164,47.24115]]}},{"type":"Feature","properties":{"kind":"piste","difficulty":"advanced","name":null,"aerialway":null,"osm":"way/1355471830"},"geometry":{"type":"LineString","coordinates":[[13.57597,47.24194],[13.57632,47.24203],[13.57679,47.2425],[13.577,47.24254],[13.5786,47.24207],[13.57782,47.24197],[13.5772,47.24228],[13.5764,47.24183],[13.57597,47.24194]]}},{"type":"Feature","properties":{"kind":"piste","difficulty":"advanced","name":"Schaidberg","aerialway":null,"osm":"way/1355471831"},"geometry":{"type":"LineString","coordinates":[[13.58186,47.24106],[13.58165,47.24094],[13.58097,47.24103],[13.58047,47.24121],[13.57997,47.2417],[13.57908,47.24198]]}},{"type":"Feature","properties":{"kind":"piste","difficulty":"unknown","name":null,"aerialway":null,"osm":"way/1355471832"},"geometry":{"type":"LineString","coordinates":[[13.57679,47.2425],[13.57719,47.24314],[13.57742,47.24276],[13.5772,47.24251],[13.57679,47.2425]]}},{"type":"Feature","properties":{"kind":"piste","difficulty":"easy","name":null,"aerialway":null,"osm":"way/1355471833"},"geometry":{"type":"LineString","coordinates":[[13.58137,47.24225],[13.58047,47.24289],[13.58048,47.2431],[13.57951,47.24405],[13.58036,47.24423],[13.58175,47.24239],[13.58195,47.24234],[13.58137,47.24225]]}},{"type":"Feature","properties":{"kind":"piste","difficulty":"easy","name":null,"aerialway":null,"osm":"way/1355471834"},"geometry":{"type":"LineString","coordinates":[[13.58195,47.24234],[13.58203,47.24259],[13.58162,47.24314],[13.58153,47.24411],[13.58058,47.24506],[13.57993,47.24547],[13.57947,47.24549],[13.57991,47.24527],[13.58064,47.2443],[13.58113,47.24399],[13.5812,47.24346],[13.58195,47.24234]]}},{"type":"Feature","properties":{"kind":"piste","difficulty":"easy","name":null,"aerialway":null,"osm":"way/1355471835"},"geometry":{"type":"LineString","coordinates":[[13.57947,47.24549],[13.57925,47.24528],[13.57932,47.24516],[13.57911,47.24448],[13.57886,47.24437],[13.57931,47.24428],[13.57942,47.24445],[13.57956,47.24494],[13.57947,47.24549]]}},{"type":"Feature","properties":{"kind":"piste","difficulty":"easy","name":null,"aerialway":null,"osm":"way/1355471836"},"geometry":{"type":"LineString","coordinates":[[13.57985,47.2444],[13.58036,47.24423],[13.57991,47.24406],[13.57881,47.24425],[13.57886,47.24437],[13.57967,47.24422],[13.57986,47.24426],[13.57977,47.24437],[13.57985,47.2444]]}},{"type":"Feature","properties":{"kind":"piste","difficulty":"easy","name":null,"aerialway":null,"osm":"way/1355471837"},"geometry":{"type":"LineString","coordinates":[[13.57881,47.24425],[13.5784,47.24428],[13.57789,47.24467],[13.57701,47.24579],[13.57662,47.24651],[13.57619,47.24692],[13.57494,47.24781],[13.5741,47.24818],[13.57367,47.24865],[13.57383,47.2487],[13.57401,47.24846],[13.57622,47.24703],[13.57669,47.24658],[13.57719,47.2457],[13.57809,47.24465],[13.57857,47.24432],[13.57886,47.24437],[13.57881,47.24425]]}},{"type":"Feature","properties":{"kind":"piste","difficulty":"advanced","name":null,"aerialway":null,"osm":"way/1355471838"},"geometry":{"type":"LineString","coordinates":[[13.57439,47.24827],[13.57464,47.24871],[13.57587,47.24939],[13.57526,47.24973],[13.57383,47.2487],[13.57401,47.24846],[13.57439,47.24827]]}},{"type":"Feature","properties":{"kind":"piste","difficulty":"intermediate","name":"Plattenkar","aerialway":null,"osm":"way/1355471839"},"geometry":{"type":"LineString","coordinates":[[13.57396,47.24845],[13.57324,47.24836],[13.57271,47.24804]]}},{"type":"Feature","properties":{"kind":"piste","difficulty":"intermediate","name":null,"aerialway":null,"osm":"way/1355471840"},"geometry":{"type":"LineString","coordinates":[[13.5741,47.24818],[13.57367,47.24865],[13.57283,47.24844],[13.57246,47.24827],[13.57228,47.24757],[13.57111,47.24662],[13.57075,47.24639],[13.56928,47.24607],[13.56946,47.24577],[13.5709,47.24617],[13.57264,47.24733],[13.57292,47.2479],[13.57318,47.24813],[13.57369,47.24826],[13.5741,47.24818]]}},{"type":"Feature","properties":{"kind":"piste","difficulty":"intermediate","name":null,"aerialway":null,"osm":"way/1355471841"},"geometry":{"type":"LineString","coordinates":[[13.57431,47.24998],[13.57497,47.24998],[13.57599,47.24937],[13.57632,47.24976],[13.57633,47.25048],[13.57645,47.25071],[13.577,47.25117],[13.57727,47.25177],[13.57772,47.25208],[13.57785,47.252],[13.57798,47.25208],[13.57797,47.25221],[13.57684,47.25208],[13.57607,47.25153],[13.57593,47.25133],[13.57603,47.25079],[13.57515,47.25019],[13.57419,47.25098],[13.57395,47.25041],[13.57431,47.24998]]}},{"type":"Feature","properties":{"kind":"piste","difficulty":"easy","name":null,"aerialway":null,"osm":"way/1355471842"},"geometry":{"type":"LineString","coordinates":[[13.56738,47.24722],[13.56794,47.24742],[13.56741,47.24856],[13.56741,47.24933],[13.56748,47.24947],[13.56806,47.24962],[13.56763,47.2499],[13.56731,47.24973],[13.56698,47.24911],[13.56693,47.24841],[13.56734,47.24761],[13.56738,47.24722]]}},{"type":"Feature","properties":{"kind":"piste","difficulty":"easy","name":null,"aerialway":null,"osm":"way/1355471843"},"geometry":{"type":"LineString","coordinates":[[13.56738,47.24722],[13.56737,47.24712],[13.56645,47.24695],[13.56618,47.24661],[13.56601,47.24683],[13.56633,47.24705],[13.56738,47.24722]]}},{"type":"Feature","properties":{"kind":"piste","difficulty":"advanced","name":null,"aerialway":null,"osm":"way/1355471844"},"geometry":{"type":"LineString","coordinates":[[13.56868,47.24642],[13.56846,47.24595],[13.56829,47.24684],[13.5692,47.24714],[13.57172,47.2493],[13.57231,47.24927],[13.57174,47.2489],[13.57058,47.24776],[13.56868,47.24642]]}},{"type":"Feature","properties":{"kind":"piste","difficulty":"intermediate","name":null,"aerialway":null,"osm":"way/1355471845"},"geometry":{"type":"LineString","coordinates":[[13.56802,47.24736],[13.56825,47.24707],[13.5687,47.24732],[13.57022,47.2487],[13.5714,47.24933],[13.57068,47.24939],[13.57038,47.2493],[13.56931,47.24858],[13.56802,47.24736]]}},{"type":"Feature","properties":{"kind":"piste","difficulty":"easy","name":null,"aerialway":null,"osm":"way/1355471846"},"geometry":{"type":"LineString","coordinates":[[13.56755,47.24533],[13.56738,47.24549],[13.56769,47.24581],[13.56738,47.24722],[13.56794,47.24742],[13.56825,47.24707],[13.56846,47.24595],[13.56755,47.24533]]}},{"type":"Feature","properties":{"kind":"piste","difficulty":"novice","name":null,"aerialway":null,"osm":"way/1355471849"},"geometry":{"type":"LineString","coordinates":[[13.57105,47.24436],[13.57051,47.24448],[13.57019,47.24435],[13.56932,47.24281],[13.5695,47.2426],[13.56974,47.24253],[13.57105,47.24436]]}},{"type":"Feature","properties":{"kind":"piste","difficulty":"easy","name":null,"aerialway":null,"osm":"way/1355492031"},"geometry":{"type":"LineString","coordinates":[[13.57105,47.24436],[13.57225,47.24376],[13.57256,47.24347],[13.57309,47.24248],[13.57282,47.24231],[13.57264,47.24299],[13.57124,47.24393],[13.57105,47.24436]]}},{"type":"Feature","properties":{"kind":"piste","difficulty":"easy","name":"Schaidberg","aerialway":null,"osm":"way/1355492032"},"geometry":{"type":"LineString","coordinates":[[13.57471,47.24143],[13.57402,47.24201],[13.57311,47.24241],[13.57292,47.24231],[13.57294,47.24207],[13.57253,47.24182],[13.57112,47.24159]]}},{"type":"Feature","properties":{"kind":"piste","difficulty":"easy","name":null,"aerialway":null,"osm":"way/1355492035"},"geometry":{"type":"LineString","coordinates":[[13.57187,47.2409],[13.57146,47.24122],[13.57128,47.24153],[13.57152,47.24162],[13.57106,47.24167],[13.57093,47.24149],[13.57106,47.24137],[13.57031,47.24168],[13.57064,47.24142],[13.57187,47.2409]]}},{"type":"Feature","properties":{"kind":"piste","difficulty":"easy","name":null,"aerialway":null,"osm":"way/1355492036"},"geometry":{"type":"LineString","coordinates":[[13.56932,47.24281],[13.56778,47.24412],[13.56711,47.24485],[13.5674,47.24483],[13.56941,47.24295],[13.56932,47.24281]]}},{"type":"Feature","properties":{"kind":"piste","difficulty":"easy","name":null,"aerialway":null,"osm":"way/1355492037"},"geometry":{"type":"LineString","coordinates":[[13.56919,47.2431],[13.5693,47.24571],[13.56946,47.24577],[13.56934,47.24478],[13.56941,47.24295],[13.56919,47.2431]]}},{"type":"Feature","properties":{"kind":"piste","difficulty":"easy","name":null,"aerialway":null,"osm":"way/1355492038"},"geometry":{"type":"LineString","coordinates":[[13.56682,47.24573],[13.56738,47.24549],[13.56767,47.24521],[13.5674,47.24483],[13.567,47.24494],[13.56721,47.2454],[13.56675,47.24565],[13.56682,47.24573]]}},{"type":"Feature","properties":{"kind":"piste","difficulty":"easy","name":null,"aerialway":null,"osm":"way/1355492039"},"geometry":{"type":"LineString","coordinates":[[13.56573,47.25035],[13.56496,47.24967],[13.56386,47.24911],[13.56389,47.2484],[13.56556,47.24649],[13.56593,47.2458],[13.56675,47.24565],[13.56682,47.24573],[13.56655,47.24591],[13.56618,47.24661],[13.56534,47.24772],[13.5648,47.2488],[13.56487,47.24913],[13.56636,47.25003],[13.56573,47.25035]]}},{"type":"Feature","properties":{"kind":"piste","difficulty":"unknown","name":null,"aerialway":null,"osm":"way/1355492040"},"geometry":{"type":"LineString","coordinates":[[13.56441,47.24939],[13.56358,47.24925],[13.56317,47.24891],[13.56326,47.24872],[13.56318,47.24856],[13.56368,47.24778],[13.56455,47.24687],[13.56461,47.24667],[13.56447,47.24627],[13.56467,47.2459],[13.56491,47.24563],[13.56516,47.24567],[13.56476,47.24607],[13.56466,47.24638],[13.56472,47.24677],[13.56529,47.24677],[13.56348,47.24869],[13.56386,47.24911],[13.56441,47.24939]]}},{"type":"Feature","properties":{"kind":"piste","difficulty":"easy","name":null,"aerialway":null,"osm":"way/1355492041"},"geometry":{"type":"LineString","coordinates":[[13.56573,47.25035],[13.56615,47.25065],[13.56651,47.25124],[13.56784,47.25216],[13.56871,47.25255],[13.57086,47.25276],[13.57117,47.25246],[13.56949,47.25215],[13.56824,47.25171],[13.56636,47.25003],[13.56573,47.25035]]}},{"type":"Feature","properties":{"kind":"piste","difficulty":"easy","name":null,"aerialway":null,"osm":"way/1355492042"},"geometry":{"type":"LineString","coordinates":[[13.5717,47.25205],[13.57046,47.25225],[13.57117,47.25246],[13.57113,47.25238],[13.5718,47.25219],[13.5717,47.25205]]}},{"type":"Feature","properties":{"kind":"piste","difficulty":"intermediate","name":null,"aerialway":null,"osm":"way/1355492043"},"geometry":{"type":"LineString","coordinates":[[13.56636,47.25003],[13.56676,47.25005],[13.56864,47.25096],[13.57084,47.25163],[13.57123,47.2518],[13.57138,47.25214],[13.5706,47.25223],[13.56794,47.25118],[13.56726,47.25088],[13.56636,47.25003]]}},{"type":"Feature","properties":{"kind":"piste","difficulty":"easy","name":null,"aerialway":null,"osm":"way/1355492044"},"geometry":{"type":"LineString","coordinates":[[13.56763,47.2499],[13.56642,47.24989],[13.56574,47.24966],[13.56636,47.25003],[13.56819,47.25008],[13.56763,47.2499]]}},{"type":"Feature","properties":{"kind":"piste","difficulty":"intermediate","name":null,"aerialway":null,"osm":"way/1355492045"},"geometry":{"type":"LineString","coordinates":[[13.57431,47.24998],[13.57266,47.24954],[13.57159,47.24967],[13.57309,47.25031],[13.57395,47.25041],[13.57431,47.24998]]}},{"type":"Feature","properties":{"kind":"piste","difficulty":"easy","name":null,"aerialway":null,"osm":"way/1355492046"},"geometry":{"type":"LineString","coordinates":[[13.57285,47.24923],[13.56806,47.24962],[13.56763,47.2499],[13.56819,47.25008],[13.56931,47.24977],[13.57266,47.24954],[13.57353,47.24901],[13.57341,47.24896],[13.57285,47.24923]]}},{"type":"Feature","properties":{"kind":"piste","difficulty":"easy","name":null,"aerialway":null,"osm":"way/1355492047"},"geometry":{"type":"LineString","coordinates":[[13.5697,47.24978],[13.57123,47.25036],[13.57226,47.25101],[13.57191,47.25143],[13.57278,47.25092],[13.57219,47.25034],[13.57082,47.24972],[13.5697,47.24978]]}},{"type":"Feature","properties":{"kind":"piste","difficulty":"easy","name":null,"aerialway":null,"osm":"way/1355492048"},"geometry":{"type":"LineString","coordinates":[[13.5718,47.25219],[13.57278,47.25092],[13.57191,47.25143],[13.5717,47.25205],[13.5718,47.25219]]}},{"type":"Feature","properties":{"kind":"piste","difficulty":"intermediate","name":null,"aerialway":null,"osm":"way/1355492049"},"geometry":{"type":"LineString","coordinates":[[13.57419,47.25098],[13.57393,47.25114],[13.57327,47.25104],[13.5724,47.25148],[13.57278,47.25092],[13.57258,47.25073],[13.57299,47.25052],[13.57309,47.25031],[13.57395,47.25041],[13.57419,47.25098]]}},{"type":"Feature","properties":{"kind":"piste","difficulty":"intermediate","name":null,"aerialway":null,"osm":"way/1355492050"},"geometry":{"type":"LineString","coordinates":[[13.57082,47.24972],[13.57159,47.24967],[13.57268,47.25015],[13.57229,47.25044],[13.57082,47.24972]]}},{"type":"Feature","properties":{"kind":"piste","difficulty":"easy","name":null,"aerialway":null,"osm":"way/1355734150"},"geometry":{"type":"LineString","coordinates":[[13.5588,47.25193],[13.55797,47.25189],[13.55793,47.25199],[13.5592,47.25191],[13.55961,47.25208],[13.56059,47.25211],[13.56117,47.252],[13.56185,47.25213],[13.56677,47.25361],[13.56795,47.25359],[13.56976,47.25383],[13.57049,47.25384],[13.57072,47.25373],[13.56927,47.25372],[13.56661,47.25346],[13.56146,47.25197],[13.56004,47.25205],[13.55921,47.25186],[13.5588,47.25193]]}},{"type":"Feature","properties":{"kind":"piste","difficulty":"easy","name":null,"aerialway":null,"osm":"way/1355734151"},"geometry":{"type":"LineString","coordinates":[[13.57159,47.25228],[13.57087,47.25373],[13.57049,47.25384],[13.57087,47.25357],[13.57086,47.25276],[13.57135,47.25231],[13.57159,47.25228]]}},{"type":"Feature","properties":{"kind":"piste","difficulty":"easy","name":null,"aerialway":null,"osm":"way/1355734152"},"geometry":{"type":"LineString","coordinates":[[13.57087,47.25373],[13.5701,47.25472],[13.56959,47.25569],[13.56635,47.25695],[13.56564,47.25882],[13.56544,47.2587],[13.5662,47.25693],[13.56793,47.25618],[13.56909,47.25584],[13.57041,47.25417],[13.57057,47.2539],[13.57049,47.25384],[13.57087,47.25373]]}},{"type":"Feature","properties":{"kind":"piste","difficulty":"easy","name":null,"aerialway":null,"osm":"way/1355734153"},"geometry":{"type":"LineString","coordinates":[[13.55973,47.251],[13.55827,47.25136],[13.55791,47.2519]]}},{"type":"Feature","properties":{"kind":"piste","difficulty":"easy","name":null,"aerialway":null,"osm":"way/1355734154"},"geometry":{"type":"LineString","coordinates":[[13.56091,47.252],[13.56032,47.25199],[13.55971,47.25126],[13.55919,47.25114]]}},{"type":"Feature","properties":{"kind":"piste","difficulty":"easy","name":null,"aerialway":null,"osm":"way/1355734155"},"geometry":{"type":"LineString","coordinates":[[13.55797,47.25189],[13.55774,47.2519],[13.55739,47.25253],[13.55797,47.25189]]}},{"type":"Feature","properties":{"kind":"piste","difficulty":"easy","name":null,"aerialway":null,"osm":"way/1355734156"},"geometry":{"type":"LineString","coordinates":[[13.55413,47.25398],[13.55422,47.25403],[13.55404,47.25448],[13.55296,47.25686],[13.55341,47.25683],[13.55451,47.25452],[13.5545,47.25394],[13.55413,47.25398]]}},{"type":"Feature","properties":{"kind":"piste","difficulty":"easy","name":null,"aerialway":null,"osm":"way/1355734157"},"geometry":{"type":"LineString","coordinates":[[13.55416,47.25394],[13.55398,47.2539],[13.55377,47.25431],[13.55282,47.25664],[13.55299,47.25682],[13.55265,47.25686],[13.55249,47.25667],[13.5525,47.25639],[13.55303,47.25536],[13.55337,47.25424],[13.55324,47.25411],[13.55409,47.25384],[13.55416,47.25394]]}},{"type":"Feature","properties":{"kind":"piste","difficulty":"easy","name":null,"aerialway":null,"osm":"way/1355734158"},"geometry":{"type":"LineString","coordinates":[[13.55434,47.25797],[13.55407,47.25754],[13.55336,47.25723],[13.55329,47.25682]]}},{"type":"Feature","properties":{"kind":"piste","difficulty":"easy","name":null,"aerialway":null,"osm":"way/1355787351"},"geometry":{"type":"LineString","coordinates":[[13.55549,47.25595],[13.55545,47.2556],[13.55512,47.25529],[13.55443,47.25416]]}},{"type":"Feature","properties":{"kind":"piste","difficulty":"easy","name":null,"aerialway":null,"osm":"way/1355787352"},"geometry":{"type":"LineString","coordinates":[[13.55457,47.25431],[13.5554,47.2554],[13.5552,47.25551],[13.55501,47.25528],[13.55451,47.25452],[13.55457,47.25431]]}},{"type":"Feature","properties":{"kind":"piste","difficulty":"intermediate","name":null,"aerialway":null,"osm":"way/1355787353"},"geometry":{"type":"LineString","coordinates":[[13.55739,47.25253],[13.55717,47.25335],[13.55676,47.25404],[13.55585,47.25515],[13.5552,47.25551],[13.55464,47.25605],[13.55396,47.25709],[13.55406,47.25787],[13.55373,47.25962],[13.55471,47.25914],[13.55456,47.25818],[13.55537,47.25653],[13.55715,47.25395],[13.55756,47.25287],[13.55756,47.2524],[13.55739,47.25253]]}},{"type":"Feature","properties":{"kind":"piste","difficulty":"easy","name":null,"aerialway":null,"osm":"way/1355787356"},"geometry":{"type":"LineString","coordinates":[[13.55359,47.25943],[13.55349,47.25956],[13.55257,47.25975],[13.55262,47.25995],[13.55373,47.25962],[13.55373,47.25939],[13.55359,47.25943]]}},{"type":"Feature","properties":{"kind":"piste","difficulty":"easy","name":null,"aerialway":null,"osm":"way/1355787357"},"geometry":{"type":"LineString","coordinates":[[13.55262,47.25995],[13.55201,47.2605],[13.55214,47.26063],[13.55183,47.26098],[13.55185,47.26114],[13.55164,47.26107],[13.55149,47.26081],[13.55203,47.25997],[13.55257,47.25975],[13.55262,47.25995]]}},{"type":"Feature","properties":{"kind":"piste","difficulty":"intermediate","name":null,"aerialway":null,"osm":"way/1355787358"},"geometry":{"type":"LineString","coordinates":[[13.55293,47.25986],[13.55257,47.26029],[13.55226,47.26106],[13.552,47.26104],[13.55218,47.26068],[13.55201,47.2605],[13.55238,47.26006],[13.55293,47.25986]]}},{"type":"Feature","properties":{"kind":"piste","difficulty":"intermediate","name":null,"aerialway":null,"osm":"way/1355787359"},"geometry":{"type":"LineString","coordinates":[[13.55305,47.25882],[13.55287,47.25868],[13.55254,47.25894],[13.55226,47.25949],[13.55236,47.2598],[13.55275,47.25971],[13.5526,47.25938],[13.55265,47.25919],[13.55305,47.25882]]}},{"type":"Feature","properties":{"kind":"piste","difficulty":"intermediate","name":null,"aerialway":null,"osm":"way/1355787360"},"geometry":{"type":"LineString","coordinates":[[13.55226,47.25949],[13.55156,47.25875],[13.55133,47.25825],[13.55205,47.25874],[13.55239,47.25922],[13.55226,47.25949]]}},{"type":"Feature","properties":{"kind":"piste","difficulty":"easy","name":null,"aerialway":null,"osm":"way/1355787363"},"geometry":{"type":"LineString","coordinates":[[13.55359,47.25943],[13.55343,47.25913],[13.55284,47.25864],[13.55254,47.25861],[13.55284,47.25852],[13.55306,47.25863],[13.55373,47.25939],[13.55359,47.25943]]}},{"type":"Feature","properties":{"kind":"piste","difficulty":"intermediate","name":null,"aerialway":null,"osm":"way/1355787364"},"geometry":{"type":"LineString","coordinates":[[13.55396,47.25709],[13.55285,47.25827],[13.55284,47.25852],[13.55317,47.25875],[13.55363,47.25812],[13.55406,47.25787],[13.55396,47.25709]]}},{"type":"Feature","properties":{"kind":"piste","difficulty":"easy","name":null,"aerialway":null,"osm":"way/1355787366"},"geometry":{"type":"LineString","coordinates":[[13.54899,47.25681],[13.54864,47.25592],[13.54888,47.2555],[13.54941,47.25566],[13.54934,47.25606],[13.54958,47.25684],[13.55061,47.25754],[13.55145,47.25787],[13.55257,47.25868],[13.55194,47.25862],[13.55074,47.25795],[13.55004,47.25777],[13.5495,47.2574],[13.54899,47.25681]]}},{"type":"Feature","properties":{"kind":"piste","difficulty":"intermediate","name":null,"aerialway":null,"osm":"way/1355787367"},"geometry":{"type":"LineString","coordinates":[[13.55254,47.25861],[13.55127,47.25684],[13.55101,47.25536],[13.55064,47.25455],[13.55036,47.25472],[13.55056,47.25494],[13.55058,47.25661],[13.55139,47.25746],[13.55166,47.25804],[13.55254,47.25861]]}},{"type":"Feature","properties":{"kind":"piste","difficulty":"intermediate","name":null,"aerialway":null,"osm":"way/1355787368"},"geometry":{"type":"LineString","coordinates":[[13.55274,47.25855],[13.55264,47.25838],[13.5523,47.2583],[13.55208,47.25801],[13.55285,47.25827],[13.55284,47.25852],[13.55274,47.25855]]}},{"type":"Feature","properties":{"kind":"piste","difficulty":"easy","name":null,"aerialway":null,"osm":"way/1355787371"},"geometry":{"type":"LineString","coordinates":[[13.54623,47.26016],[13.54656,47.2598],[13.54679,47.25913],[13.54683,47.25834],[13.54718,47.25787],[13.54712,47.25756],[13.54648,47.25712],[13.54559,47.25598],[13.54528,47.25522],[13.54526,47.25408],[13.54636,47.25612],[13.54757,47.25729],[13.54784,47.25784],[13.54709,47.25988],[13.54674,47.26019],[13.54623,47.26016]]}},{"type":"Feature","properties":{"kind":"piste","difficulty":"intermediate","name":null,"aerialway":null,"osm":"way/1355787373"},"geometry":{"type":"LineString","coordinates":[[13.55054,47.25435],[13.55025,47.25453],[13.5502,47.254],[13.55047,47.25334],[13.55054,47.25435]]}},{"type":"Feature","properties":{"kind":"piste","difficulty":"easy","name":null,"aerialway":null,"osm":"way/1355787374"},"geometry":{"type":"LineString","coordinates":[[13.54888,47.2555],[13.55007,47.25325],[13.54998,47.25273],[13.54882,47.25232],[13.54703,47.25208],[13.54705,47.25196],[13.5498,47.25236],[13.55008,47.25243],[13.55046,47.2528],[13.55047,47.25334],[13.5502,47.254],[13.55008,47.254],[13.54988,47.25437],[13.54941,47.25566],[13.54888,47.2555]]}},{"type":"Feature","properties":{"kind":"piste","difficulty":"easy","name":null,"aerialway":null,"osm":"way/1355787375"},"geometry":{"type":"LineString","coordinates":[[13.54961,47.25511],[13.55111,47.25438],[13.55254,47.25447],[13.55337,47.25424],[13.55324,47.25411],[13.55262,47.2543],[13.55088,47.25427],[13.54974,47.25471],[13.54961,47.25511]]}},{"type":"Feature","properties":{"kind":"piste","difficulty":"easy","name":null,"aerialway":null,"osm":"way/1355787376"},"geometry":{"type":"LineString","coordinates":[[13.54701,47.25235],[13.54755,47.25399],[13.54796,47.25454],[13.54895,47.25537],[13.5487,47.25581],[13.54644,47.25307],[13.5463,47.25258],[13.54655,47.25224],[13.54676,47.2521],[13.54701,47.25235]]}},{"type":"Feature","properties":{"kind":"piste","difficulty":"easy","name":null,"aerialway":null,"osm":"way/1355787377"},"geometry":{"type":"LineString","coordinates":[[13.54691,47.25225],[13.54705,47.25196],[13.54681,47.25184],[13.5468,47.25161],[13.5477,47.25139],[13.54747,47.251],[13.547,47.25107],[13.54749,47.25127],[13.54749,47.25139],[13.5467,47.25158],[13.54676,47.2521],[13.54691,47.25225]]}},{"type":"Feature","properties":{"kind":"piste","difficulty":"intermediate","name":null,"aerialway":null,"osm":"way/1355802461"},"geometry":{"type":"LineString","coordinates":[[13.54437,47.25967],[13.54407,47.25966],[13.54521,47.25885],[13.54683,47.25834],[13.54677,47.2589],[13.54593,47.25898],[13.54576,47.25918],[13.54469,47.25966],[13.54437,47.25967]]}},{"type":"Feature","properties":{"kind":"piste","difficulty":"intermediate","name":null,"aerialway":null,"osm":"way/1355802462"},"geometry":{"type":"LineString","coordinates":[[13.54521,47.25885],[13.5453,47.25867],[13.54453,47.25769],[13.54429,47.25757],[13.54422,47.2573],[13.5442,47.25666],[13.54449,47.25594],[13.54414,47.25523],[13.54423,47.25433],[13.54469,47.25455],[13.54528,47.25522],[13.54483,47.2568],[13.54477,47.25753],[13.54576,47.25841],[13.5458,47.25866],[13.54521,47.25885]]}},{"type":"Feature","properties":{"kind":"piste","difficulty":"easy","name":null,"aerialway":null,"osm":"way/1355802463"},"geometry":{"type":"LineString","coordinates":[[13.54528,47.25522],[13.54449,47.25417],[13.54437,47.25357],[13.54379,47.25241],[13.54376,47.2516],[13.54427,47.25204],[13.54448,47.25272],[13.54526,47.25408],[13.54528,47.25522]]}},{"type":"Feature","properties":{"kind":"piste","difficulty":"intermediate","name":null,"aerialway":null,"osm":"way/1355802464"},"geometry":{"type":"LineString","coordinates":[[13.54343,47.25539],[13.54361,47.25528],[13.54373,47.25379],[13.54423,47.25433],[13.54396,47.25448],[13.54381,47.25548],[13.54342,47.25551],[13.54343,47.25539]]}},{"type":"Feature","properties":{"kind":"piste","difficulty":"easy","name":null,"aerialway":null,"osm":"way/1355802465"},"geometry":{"type":"LineString","coordinates":[[13.54275,47.25311],[13.5438,47.25357],[13.54449,47.25417],[13.54469,47.25455],[13.54423,47.25433],[13.54373,47.25379],[13.54275,47.25311]]}},{"type":"Feature","properties":{"kind":"piste","difficulty":"easy","name":null,"aerialway":null,"osm":"way/1355802466"},"geometry":{"type":"LineString","coordinates":[[13.54409,47.25301],[13.54328,47.25274],[13.54317,47.25237],[13.54325,47.25142],[13.54361,47.25145],[13.54368,47.25168],[13.54376,47.2516],[13.54379,47.25241],[13.54409,47.25301]]}},{"type":"Feature","properties":{"kind":"piste","difficulty":"unknown","name":null,"aerialway":null,"osm":"way/1355802467"},"geometry":{"type":"LineString","coordinates":[[13.54328,47.25274],[13.54295,47.25319],[13.5438,47.25357],[13.5438,47.25335],[13.54409,47.25301],[13.54328,47.25274]]}},{"type":"Feature","properties":{"kind":"piste","difficulty":"intermediate","name":null,"aerialway":null,"osm":"way/1355802468"},"geometry":{"type":"LineString","coordinates":[[13.54033,47.25668],[13.5399,47.25732],[13.53985,47.25767],[13.54143,47.26035],[13.5417,47.26039],[13.54162,47.25986],[13.54032,47.25773],[13.54033,47.25668]]}},{"type":"Feature","properties":{"kind":"piste","difficulty":"easy","name":null,"aerialway":null,"osm":"way/1355802469"},"geometry":{"type":"LineString","coordinates":[[13.54042,47.25262],[13.54032,47.25274],[13.53987,47.25276],[13.53991,47.25284],[13.54156,47.25287],[13.54162,47.25268],[13.54042,47.25262]]}},{"type":"Feature","properties":{"kind":"piste","difficulty":"easy","name":null,"aerialway":null,"osm":"way/1355802472"},"geometry":{"type":"LineString","coordinates":[[13.5402,47.25247],[13.54031,47.25239]]}},{"type":"Feature","properties":{"kind":"piste","difficulty":"easy","name":null,"aerialway":null,"osm":"way/1355802473"},"geometry":{"type":"LineString","coordinates":[[13.54,47.25249],[13.53849,47.25256],[13.53735,47.25312],[13.53582,47.2531],[13.53723,47.25292],[13.53848,47.25241],[13.54002,47.25234],[13.54051,47.25259],[13.54,47.25249]]}},{"type":"Feature","properties":{"kind":"piste","difficulty":"easy","name":null,"aerialway":null,"osm":"way/1355802474"},"geometry":{"type":"LineString","coordinates":[[13.54028,47.2524],[13.54002,47.25207],[13.54028,47.25216],[13.54042,47.25252],[13.54028,47.2524]]}},{"type":"Feature","properties":{"kind":"piste","difficulty":"easy","name":null,"aerialway":null,"osm":"way/1355802475"},"geometry":{"type":"LineString","coordinates":[[13.53301,47.25291],[13.53307,47.25303],[13.53417,47.25306],[13.53407,47.25331],[13.53295,47.25322],[13.53301,47.25291]]}},{"type":"Feature","properties":{"kind":"piste","difficulty":"easy","name":null,"aerialway":null,"osm":"way/1355802476"},"geometry":{"type":"LineString","coordinates":[[13.53407,47.25331],[13.53599,47.2533],[13.5377,47.25346],[13.53887,47.25301],[13.53991,47.25284],[13.53987,47.25276],[13.53894,47.25284],[13.53782,47.25328],[13.53755,47.25317],[13.53758,47.25301],[13.53735,47.25312],[13.53517,47.253],[13.53417,47.25306],[13.53407,47.25331]]}},{"type":"Feature","properties":{"kind":"piste","difficulty":"easy","name":null,"aerialway":null,"osm":"way/1355802477"},"geometry":{"type":"LineString","coordinates":[[13.53517,47.253],[13.53601,47.25291],[13.53592,47.25263],[13.53232,47.25094],[13.53329,47.25098],[13.53372,47.25138],[13.53551,47.25207],[13.53636,47.25262],[13.53681,47.25297],[13.53582,47.2531],[13.53517,47.253]]}},{"type":"Feature","properties":{"kind":"piste","difficulty":"easy","name":null,"aerialway":null,"osm":"way/1355802478"},"geometry":{"type":"LineString","coordinates":[[13.53659,47.25094],[13.53841,47.25116],[13.53934,47.25103]]}},{"type":"Feature","properties":{"kind":"piste","difficulty":"easy","name":null,"aerialway":null,"osm":"way/1355802479"},"geometry":{"type":"LineString","coordinates":[[13.53283,47.2517],[13.53092,47.25187],[13.53137,47.25153],[13.53283,47.2517]]}},{"type":"Feature","properties":{"kind":"piste","difficulty":"easy","name":null,"aerialway":null,"osm":"way/1355802480"},"geometry":{"type":"LineString","coordinates":[[13.53232,47.25094],[13.53143,47.25114],[13.53049,47.25192],[13.53076,47.25199],[13.53159,47.25138],[13.53266,47.25112],[13.53232,47.25094]]}},{"type":"Feature","properties":{"kind":"piste","difficulty":"easy","name":null,"aerialway":null,"osm":"way/1355802481"},"geometry":{"type":"LineString","coordinates":[[13.53076,47.25199],[13.53051,47.25224],[13.52935,47.25258],[13.52847,47.25325],[13.52713,47.25389],[13.5274,47.25337],[13.52768,47.25313],[13.52838,47.25288],[13.52903,47.25214],[13.52983,47.25185],[13.53076,47.25199]]}},{"type":"Feature","properties":{"kind":"piste","difficulty":"easy","name":null,"aerialway":null,"osm":"way/1355802482"},"geometry":{"type":"LineString","coordinates":[[13.52981,47.25231],[13.52844,47.25242],[13.52643,47.25217],[13.52642,47.25235],[13.52733,47.25366]]}},{"type":"Feature","properties":{"kind":"piste","difficulty":"easy","name":null,"aerialway":null,"osm":"way/1355802483"},"geometry":{"type":"LineString","coordinates":[[13.52623,47.25212],[13.52562,47.25192]]}},{"type":"Feature","properties":{"kind":"piste","difficulty":"easy","name":null,"aerialway":null,"osm":"way/1355802484"},"geometry":{"type":"LineString","coordinates":[[13.52643,47.25217],[13.52623,47.25212]]}},{"type":"Feature","properties":{"kind":"piste","difficulty":"easy","name":null,"aerialway":null,"osm":"way/1355802485"},"geometry":{"type":"LineString","coordinates":[[13.52562,47.25192],[13.52569,47.2517]]}},{"type":"Feature","properties":{"kind":"piste","difficulty":"easy","name":"Kehrkopf","aerialway":null,"osm":"way/1355809065"},"geometry":{"type":"LineString","coordinates":[[13.5287,47.25596],[13.52792,47.25555],[13.52771,47.25519],[13.5272,47.25483],[13.52793,47.25457]]}},{"type":"Feature","properties":{"kind":"piste","difficulty":"easy","name":"Kehrkopf","aerialway":null,"osm":"way/1355809066"},"geometry":{"type":"LineString","coordinates":[[13.5287,47.25596],[13.52791,47.25589]]}},{"type":"Feature","properties":{"kind":"piste","difficulty":"easy","name":null,"aerialway":null,"osm":"way/1355809068"},"geometry":{"type":"LineString","coordinates":[[13.53407,47.25331],[13.53368,47.25376],[13.53335,47.2539],[13.53207,47.25431],[13.5313,47.25441],[13.52936,47.25511],[13.5282,47.25533],[13.52766,47.25499],[13.52774,47.25459],[13.5288,47.25428],[13.52916,47.25398],[13.52796,47.2535],[13.52813,47.25342],[13.52946,47.25365],[13.5293,47.25397],[13.52893,47.25429],[13.52807,47.25464],[13.52809,47.25513],[13.52843,47.25521],[13.52934,47.25501],[13.53107,47.25434],[13.53303,47.25393],[13.53366,47.25366],[13.53386,47.25328],[13.53407,47.25331]]}},{"type":"Feature","properties":{"kind":"piste","difficulty":"easy","name":null,"aerialway":null,"osm":"way/1355809069"},"geometry":{"type":"LineString","coordinates":[[13.55046,47.2528],[13.55099,47.25318],[13.55194,47.25325],[13.55409,47.25384],[13.55373,47.25391],[13.55188,47.25341],[13.55047,47.25334],[13.55046,47.2528]]}},{"type":"Feature","properties":{"kind":"piste","difficulty":"novice","name":null,"aerialway":null,"osm":"way/1355809070"},"geometry":{"type":"LineString","coordinates":[[13.54551,47.25217],[13.54572,47.25217],[13.54579,47.25229],[13.54579,47.25248],[13.54561,47.25264],[13.54549,47.25263],[13.54551,47.25217]]}},{"type":"Feature","properties":{"kind":"piste","difficulty":"easy","name":null,"aerialway":null,"osm":"way/1355809071"},"geometry":{"type":"LineString","coordinates":[[13.54402,47.25173],[13.54446,47.25116],[13.5454,47.2512],[13.545,47.25092],[13.54404,47.25085],[13.54405,47.25098],[13.54448,47.25101],[13.54419,47.25111],[13.54376,47.2516],[13.54402,47.25173]]}},{"type":"Feature","properties":{"kind":"piste","difficulty":"advanced","name":null,"aerialway":null,"osm":"way/1355943048"},"geometry":{"type":"LineString","coordinates":[[13.54803,47.23927],[13.54786,47.23925],[13.5479,47.2391],[13.54834,47.23889],[13.5491,47.23873],[13.5502,47.2388],[13.55048,47.23869],[13.55108,47.23891],[13.55136,47.23918],[13.55206,47.23924],[13.55323,47.23958],[13.55344,47.23961],[13.55397,47.23939],[13.55375,47.23983],[13.55308,47.23986],[13.55153,47.23976],[13.55145,47.2393],[13.55075,47.23886],[13.54803,47.23927]]}},{"type":"Feature","properties":{"kind":"piste","difficulty":"advanced","name":null,"aerialway":null,"osm":"way/1355943049"},"geometry":{"type":"LineString","coordinates":[[13.54786,47.23925],[13.54779,47.23946],[13.54794,47.2396],[13.54906,47.23988],[13.55029,47.24004],[13.55153,47.23976],[13.55145,47.2393],[13.55083,47.23948],[13.55056,47.23934],[13.54982,47.23931],[13.54915,47.23947],[13.54786,47.23925]]}},{"type":"Feature","properties":{"kind":"piste","difficulty":"advanced","name":null,"aerialway":null,"osm":"way/1355943050"},"geometry":{"type":"LineString","coordinates":[[13.54928,47.23911],[13.55056,47.23934],[13.54988,47.23899],[13.54928,47.23911]]}},{"type":"Feature","properties":{"kind":"piste","difficulty":"expert","name":null,"aerialway":null,"osm":"way/1355943052"},"geometry":{"type":"LineString","coordinates":[[13.55638,47.23967],[13.55564,47.23906],[13.55474,47.23899],[13.55381,47.23956],[13.55381,47.23975],[13.5541,47.23954],[13.5553,47.23944],[13.5557,47.23957],[13.55629,47.24018],[13.55638,47.23967]]}},{"type":"Feature","properties":{"kind":"piste","difficulty":"advanced","name":null,"aerialway":null,"osm":"way/1355943053"},"geometry":{"type":"LineString","coordinates":[[13.55638,47.23967],[13.55656,47.24003],[13.55742,47.2406],[13.55816,47.24079],[13.55697,47.24069],[13.55656,47.24044],[13.55629,47.24018],[13.55638,47.23967]]}},{"type":"Feature","properties":{"kind":"piste","difficulty":"intermediate","name":null,"aerialway":null,"osm":"way/1355943054"},"geometry":{"type":"LineString","coordinates":[[13.55805,47.24132],[13.55879,47.24099],[13.55935,47.24165]]}},{"type":"Feature","properties":{"kind":"piste","difficulty":"easy","name":null,"aerialway":null,"osm":"way/1355943055"},"geometry":{"type":"LineString","coordinates":[[13.5598,47.24177],[13.55901,47.24171],[13.55843,47.24146],[13.5574,47.24144],[13.5567,47.24155],[13.55603,47.24205],[13.55589,47.24192],[13.55656,47.24118],[13.55856,47.24118],[13.55947,47.2414],[13.56058,47.24138],[13.56058,47.24165],[13.5598,47.24177]]}},{"type":"Feature","properties":{"kind":"piste","difficulty":"intermediate","name":null,"aerialway":null,"osm":"way/1355943056"},"geometry":{"type":"LineString","coordinates":[[13.55697,47.24069],[13.55816,47.24079],[13.55809,47.24099],[13.55884,47.24107],[13.55794,47.24121],[13.55697,47.24069]]}},{"type":"Feature","properties":{"kind":"piste","difficulty":"intermediate","name":null,"aerialway":null,"osm":"way/1355943057"},"geometry":{"type":"LineString","coordinates":[[13.55816,47.24079],[13.55894,47.24088],[13.55923,47.24131],[13.55898,47.24128],[13.55884,47.24107],[13.55806,47.24093],[13.55816,47.24079]]}},{"type":"Feature","properties":{"kind":"piste","difficulty":"easy","name":null,"aerialway":null,"osm":"way/1355943058"},"geometry":{"type":"LineString","coordinates":[[13.56058,47.24165],[13.56175,47.24147],[13.56199,47.2418],[13.56076,47.2426],[13.56048,47.24325],[13.56014,47.24345],[13.56026,47.24355],[13.56079,47.24331],[13.5611,47.24247],[13.56217,47.24186],[13.56242,47.24159],[13.56156,47.24117],[13.56058,47.24138],[13.56058,47.24165]]}},{"type":"Feature","properties":{"kind":"piste","difficulty":"easy","name":null,"aerialway":null,"osm":"way/1355943059"},"geometry":{"type":"LineString","coordinates":[[13.56254,47.24289],[13.56259,47.24334],[13.56217,47.2439],[13.56208,47.24384],[13.56224,47.24372],[13.56227,47.24347],[13.56202,47.24284],[13.56254,47.24289]]}},{"type":"Feature","properties":{"kind":"piste","difficulty":"intermediate","name":null,"aerialway":null,"osm":"way/1355943060"},"geometry":{"type":"LineString","coordinates":[[13.56058,47.24165],[13.56087,47.24172],[13.5614,47.24212],[13.56169,47.24194],[13.56117,47.24151],[13.56058,47.24165]]}},{"type":"Feature","properties":{"kind":"piste","difficulty":"intermediate","name":null,"aerialway":null,"osm":"way/1355943061"},"geometry":{"type":"LineString","coordinates":[[13.55901,47.24171],[13.55936,47.24215],[13.55912,47.24249],[13.56052,47.24312],[13.56076,47.2426],[13.55973,47.24198],[13.55973,47.24176],[13.55901,47.24171]]}},{"type":"Feature","properties":{"kind":"piste","difficulty":"intermediate","name":null,"aerialway":null,"osm":"way/1355943062"},"geometry":{"type":"LineString","coordinates":[[13.56098,47.24273],[13.56098,47.24388],[13.56078,47.24443],[13.56037,47.24495],[13.56066,47.24387],[13.56067,47.24339],[13.56098,47.24273]]}},{"type":"Feature","properties":{"kind":"piste","difficulty":"easy","name":null,"aerialway":null,"osm":"way/1355943063"},"geometry":{"type":"LineString","coordinates":[[13.56202,47.24284],[13.56098,47.24273],[13.56098,47.24297],[13.56208,47.24301],[13.56202,47.24284]]}},{"type":"Feature","properties":{"kind":"piste","difficulty":"intermediate","name":"Gamsleiten 1","aerialway":null,"osm":"way/1355943064"},"geometry":{"type":"LineString","coordinates":[[13.56066,47.24151],[13.56167,47.24206],[13.56217,47.24256],[13.56238,47.24303]]}},{"type":"Feature","properties":{"kind":"piste","difficulty":"intermediate","name":null,"aerialway":null,"osm":"way/1355943065"},"geometry":{"type":"LineString","coordinates":[[13.56202,47.24284],[13.56172,47.24233],[13.5615,47.24224],[13.56204,47.24193],[13.56254,47.24289],[13.56202,47.24284]]}},{"type":"Feature","properties":{"kind":"piste","difficulty":"easy","name":null,"aerialway":null,"osm":"way/1355943066"},"geometry":{"type":"LineString","coordinates":[[13.56014,47.24345],[13.55977,47.24358],[13.55909,47.24437],[13.55899,47.2448],[13.55841,47.24538],[13.55786,47.24567],[13.55632,47.24573],[13.55598,47.2459],[13.55708,47.24575],[13.55772,47.24582],[13.55828,47.2456],[13.55922,47.24491],[13.55928,47.24461],[13.55993,47.24384],[13.56031,47.24367],[13.56014,47.24345]]}},{"type":"Feature","properties":{"kind":"piste","difficulty":"intermediate","name":null,"aerialway":null,"osm":"way/1355943067"},"geometry":{"type":"LineString","coordinates":[[13.55929,47.24474],[13.55929,47.24493],[13.56042,47.24569],[13.56006,47.24589],[13.55985,47.24567],[13.55887,47.24522],[13.55929,47.24474]]}},{"type":"Feature","properties":{"kind":"piste","difficulty":"easy","name":null,"aerialway":null,"osm":"way/1355943068"},"geometry":{"type":"LineString","coordinates":[[13.56075,47.24448],[13.56078,47.24551],[13.56051,47.24564],[13.56031,47.2452],[13.56075,47.24448]]}},{"type":"Feature","properties":{"kind":"piste","difficulty":"easy","name":null,"aerialway":null,"osm":"way/1355943069"},"geometry":{"type":"LineString","coordinates":[[13.56078,47.24551],[13.56091,47.24591],[13.56142,47.24629],[13.56105,47.24648],[13.56027,47.24611],[13.55917,47.24639],[13.55903,47.24632],[13.56078,47.24551]]}},{"type":"Feature","properties":{"kind":"piste","difficulty":"intermediate","name":null,"aerialway":null,"osm":"way/1355943070"},"geometry":{"type":"LineString","coordinates":[[13.55716,47.24577],[13.55702,47.24624],[13.5566,47.24621],[13.55671,47.24582],[13.55716,47.24577]]}},{"type":"Feature","properties":{"kind":"piste","difficulty":"easy","name":null,"aerialway":null,"osm":"way/1355943072"},"geometry":{"type":"LineString","coordinates":[[13.56438,47.24521],[13.56384,47.24475],[13.56351,47.24468],[13.56326,47.24477],[13.56372,47.24483],[13.56466,47.24539],[13.5645,47.24556],[13.56457,47.24561],[13.56491,47.24563],[13.56519,47.24544],[13.56438,47.24521]]}},{"type":"Feature","properties":{"kind":"piste","difficulty":"easy","name":null,"aerialway":null,"osm":"way/1355943073"},"geometry":{"type":"LineString","coordinates":[[13.56519,47.24544],[13.56701,47.24557],[13.56593,47.2458],[13.56491,47.24563],[13.56519,47.24544]]}},{"type":"Feature","properties":{"kind":"piste","difficulty":"easy","name":null,"aerialway":null,"osm":"way/1356042164"},"geometry":{"type":"LineString","coordinates":[[13.53358,47.24026],[13.53372,47.24012],[13.53416,47.24006],[13.53547,47.24002],[13.53791,47.24015],[13.54131,47.24166],[13.54027,47.24181],[13.53983,47.24145],[13.53904,47.24112],[13.538,47.24077],[13.53742,47.24071],[13.53596,47.24099],[13.53462,47.24086],[13.53408,47.24098],[13.5339,47.24064],[13.53396,47.24039],[13.53358,47.24026]]}},{"type":"Feature","properties":{"kind":"piste","difficulty":"easy","name":null,"aerialway":null,"osm":"way/1356042165"},"geometry":{"type":"LineString","coordinates":[[13.54225,47.24328],[13.54258,47.24374],[13.54243,47.24412]]}},{"type":"Feature","properties":{"kind":"piste","difficulty":"intermediate","name":null,"aerialway":null,"osm":"way/1356042166"},"geometry":{"type":"LineString","coordinates":[[13.54085,47.24176],[13.54075,47.24192],[13.54088,47.24243],[13.54146,47.24336],[13.54071,47.24372],[13.54027,47.24181],[13.54085,47.24176]]}},{"type":"Feature","properties":{"kind":"piste","difficulty":"intermediate","name":null,"aerialway":null,"osm":"way/1356042167"},"geometry":{"type":"LineString","coordinates":[[13.54239,47.24427],[13.54307,47.24405],[13.54325,47.24501],[13.54353,47.24541],[13.54656,47.24718],[13.54701,47.24739],[13.54815,47.24748],[13.54837,47.24783],[13.54793,47.24767],[13.54733,47.24771],[13.54669,47.24754],[13.54439,47.24643],[13.54293,47.24527],[13.54239,47.24427]]}},{"type":"Feature","properties":{"kind":"piste","difficulty":"easy","name":null,"aerialway":null,"osm":"way/1356042168"},"geometry":{"type":"LineString","coordinates":[[13.54214,47.24339],[13.54256,47.24349],[13.54269,47.24364],[13.54262,47.24419],[13.54184,47.24431],[13.54137,47.24465],[13.54156,47.24412],[13.54204,47.24411],[13.54242,47.2439],[13.54246,47.2437],[13.54214,47.24339]]}},{"type":"Feature","properties":{"kind":"piste","difficulty":"easy","name":null,"aerialway":null,"osm":"way/1356042169"},"geometry":{"type":"LineString","coordinates":[[13.54131,47.24166],[13.54215,47.24202],[13.54284,47.2428],[13.54324,47.24301],[13.54382,47.24358],[13.54564,47.24464],[13.5459,47.24489],[13.54594,47.24545],[13.54536,47.24537],[13.54517,47.24507],[13.54325,47.24413],[13.54307,47.24349],[13.54195,47.24245],[13.54107,47.24178],[13.54085,47.24176],[13.54131,47.24166]]}},{"type":"Feature","properties":{"kind":"piste","difficulty":"intermediate","name":null,"aerialway":null,"osm":"way/1356042170"},"geometry":{"type":"LineString","coordinates":[[13.54307,47.24405],[13.54316,47.24371],[13.54307,47.24349],[13.54223,47.24271],[13.54228,47.24315],[13.54269,47.24364],[13.54262,47.24419],[13.54307,47.24405]]}},{"type":"Feature","properties":{"kind":"piste","difficulty":"intermediate","name":null,"aerialway":null,"osm":"way/1356042171"},"geometry":{"type":"LineString","coordinates":[[13.541,47.24263],[13.54228,47.24315],[13.54256,47.24349],[13.54173,47.2433],[13.54146,47.24336],[13.541,47.24263]]}},{"type":"Feature","properties":{"kind":"piste","difficulty":"intermediate","name":null,"aerialway":null,"osm":"way/1356042172"},"geometry":{"type":"LineString","coordinates":[[13.54156,47.24412],[13.54128,47.24492],[13.54147,47.24527],[13.54249,47.24568],[13.54525,47.24747],[13.54656,47.24817],[13.54769,47.24838],[13.54859,47.24825],[13.54888,47.2485],[13.54694,47.24848],[13.54581,47.24803],[13.54362,47.24674],[13.54091,47.24543],[13.5407,47.24457],[13.54156,47.24412]]}},{"type":"Feature","properties":{"kind":"piste","difficulty":"unknown","name":null,"aerialway":null,"osm":"way/1356042173"},"geometry":{"type":"LineString","coordinates":[[13.54351,47.24576],[13.54336,47.24616],[13.5432,47.24618],[13.54382,47.24655],[13.54362,47.24619],[13.5439,47.24606],[13.54351,47.24576]]}},{"type":"Feature","properties":{"kind":"piste","difficulty":"intermediate","name":null,"aerialway":null,"osm":"way/1356042175"},"geometry":{"type":"LineString","coordinates":[[13.54686,47.24549],[13.54536,47.24537],[13.54626,47.24577],[13.54714,47.24589],[13.54843,47.24654],[13.54992,47.24786],[13.55046,47.24797],[13.54933,47.2473],[13.54902,47.24664],[13.54686,47.24549]]}},{"type":"Feature","properties":{"kind":"piste","difficulty":"intermediate","name":null,"aerialway":null,"osm":"way/1356042176"},"geometry":{"type":"LineString","coordinates":[[13.54815,47.24748],[13.54864,47.24758],[13.54948,47.24809],[13.55003,47.24879],[13.55013,47.24915],[13.54965,47.24924],[13.54968,47.24898],[13.54859,47.24825],[13.54864,47.24807],[13.54815,47.24748]]}},{"type":"Feature","properties":{"kind":"piste","difficulty":"intermediate","name":null,"aerialway":null,"osm":"way/1356042177"},"geometry":{"type":"LineString","coordinates":[[13.54815,47.24748],[13.54731,47.24599],[13.54826,47.24646],[13.54819,47.24691],[13.54864,47.24758],[13.54815,47.24748]]}},{"type":"Feature","properties":{"kind":"piste","difficulty":"intermediate","name":null,"aerialway":null,"osm":"way/1356042178"},"geometry":{"type":"LineString","coordinates":[[13.54934,47.24841],[13.55077,47.24861],[13.55091,47.24873],[13.55089,47.24891]]}},{"type":"Feature","properties":{"kind":"piste","difficulty":"intermediate","name":null,"aerialway":null,"osm":"way/1356042179"},"geometry":{"type":"LineString","coordinates":[[13.54891,47.24782],[13.55042,47.24802],[13.54948,47.24809],[13.54891,47.24782]]}},{"type":"Feature","properties":{"kind":"piste","difficulty":"intermediate","name":null,"aerialway":null,"osm":"way/1356042180"},"geometry":{"type":"LineString","coordinates":[[13.55046,47.24797],[13.55074,47.24795],[13.5514,47.24841],[13.55108,47.24851],[13.55088,47.2482],[13.55013,47.24797],[13.55046,47.24797]]}},{"type":"Feature","properties":{"kind":"piste","difficulty":"easy","name":null,"aerialway":null,"osm":"way/1356042181"},"geometry":{"type":"LineString","coordinates":[[13.54594,47.24545],[13.55013,47.24572],[13.55231,47.24619],[13.55348,47.2463],[13.55425,47.24679],[13.55461,47.2465],[13.55381,47.24618],[13.55177,47.2459],[13.55103,47.24557],[13.54981,47.24532],[13.54817,47.24523],[13.54619,47.24534],[13.54596,47.24525],[13.54594,47.24545]]}},{"type":"Feature","properties":{"kind":"piste","difficulty":"easy","name":null,"aerialway":null,"osm":"way/1356042182"},"geometry":{"type":"LineString","coordinates":[[13.55425,47.24679],[13.55425,47.24692],[13.55376,47.2473],[13.55239,47.24756],[13.55195,47.24781],[13.5514,47.24841],[13.55208,47.24843],[13.55331,47.24766],[13.55435,47.24728],[13.55462,47.24702],[13.55484,47.24652],[13.55381,47.24618],[13.55461,47.2465],[13.55425,47.24679]]}},{"type":"Feature","properties":{"kind":"piste","difficulty":"easy","name":null,"aerialway":null,"osm":"way/1356042183"},"geometry":{"type":"LineString","coordinates":[[13.55239,47.24857],[13.55228,47.24845],[13.5514,47.24841],[13.55013,47.24915],[13.54965,47.24924],[13.54832,47.24984],[13.54758,47.24996],[13.54795,47.25021],[13.54853,47.25008],[13.55239,47.24857]]}},{"type":"Feature","properties":{"kind":"piste","difficulty":"easy","name":null,"aerialway":null,"osm":"way/1356042184"},"geometry":{"type":"LineString","coordinates":[[13.5484,47.25051],[13.54703,47.25098]]}},{"type":"Feature","properties":{"kind":"piste","difficulty":"easy","name":null,"aerialway":null,"osm":"way/1356042185"},"geometry":{"type":"LineString","coordinates":[[13.55246,47.24864],[13.54834,47.25037],[13.5481,47.25037],[13.54848,47.25074],[13.54958,47.25032],[13.55101,47.25011],[13.55215,47.24938],[13.55263,47.24882],[13.55246,47.24864]]}},{"type":"Feature","properties":{"kind":"piste","difficulty":"easy","name":null,"aerialway":null,"osm":"way/1356042186"},"geometry":{"type":"LineString","coordinates":[[13.54758,47.24996],[13.54619,47.2503],[13.54587,47.25059],[13.54556,47.25067],[13.54581,47.25097],[13.54526,47.25109],[13.5454,47.2512],[13.54671,47.25108],[13.5468,47.2512],[13.54734,47.25119],[13.547,47.25107],[13.54848,47.25074],[13.54758,47.24996]]}},{"type":"Feature","properties":{"kind":"piste","difficulty":"easy","name":null,"aerialway":null,"osm":"way/1356042187"},"geometry":{"type":"LineString","coordinates":[[13.55246,47.24874],[13.55385,47.24806],[13.55521,47.24768],[13.55549,47.24748],[13.56026,47.24693],[13.56049,47.24674],[13.56042,47.24636],[13.56107,47.24626]]}},{"type":"Feature","properties":{"kind":"piste","difficulty":"easy","name":null,"aerialway":null,"osm":"way/1356042188"},"geometry":{"type":"LineString","coordinates":[[13.55201,47.24904],[13.55208,47.2492],[13.553,47.2495],[13.55671,47.24846]]}},{"type":"Feature","properties":{"kind":"piste","difficulty":"intermediate","name":"Plattenkar","aerialway":null,"osm":"way/1356173709"},"geometry":{"type":"LineString","coordinates":[[13.57478,47.25036],[13.57358,47.25025],[13.57264,47.24996],[13.57218,47.24949]]}},{"type":"Feature","properties":{"kind":"piste","difficulty":"easy","name":null,"aerialway":null,"osm":"way/1356173710"},"geometry":{"type":"LineString","coordinates":[[13.56553,47.25846],[13.56522,47.25871],[13.56544,47.25897],[13.56564,47.25882],[13.56544,47.2587],[13.56553,47.25846]]}},{"type":"Feature","properties":{"kind":"piste","difficulty":"intermediate","name":null,"aerialway":null,"osm":"way/1356173711"},"geometry":{"type":"LineString","coordinates":[[13.56553,47.25894],[13.56586,47.25904],[13.56671,47.25968],[13.56797,47.26023],[13.569,47.26136],[13.56927,47.26233],[13.56915,47.26288],[13.56993,47.26298],[13.56944,47.26121],[13.56904,47.26062],[13.56831,47.26039],[13.56782,47.25994],[13.56679,47.2596],[13.56564,47.25882],[13.56553,47.25894]]}},{"type":"Feature","properties":{"kind":"piste","difficulty":"intermediate","name":null,"aerialway":null,"osm":"way/1356173712"},"geometry":{"type":"LineString","coordinates":[[13.56993,47.26298],[13.57001,47.26335],[13.56989,47.26371],[13.56931,47.26483],[13.5687,47.26487],[13.56954,47.26374],[13.56915,47.26288],[13.56993,47.26298]]}},{"type":"Feature","properties":{"kind":"piste","difficulty":"intermediate","name":null,"aerialway":null,"osm":"way/1356173713"},"geometry":{"type":"LineString","coordinates":[[13.56931,47.26483],[13.56859,47.26631],[13.56866,47.26649],[13.56825,47.26633],[13.56846,47.26608],[13.56856,47.26508],[13.5687,47.26487],[13.56931,47.26483]]}},{"type":"Feature","properties":{"kind":"piste","difficulty":"intermediate","name":null,"aerialway":null,"osm":"way/1356173714"},"geometry":{"type":"LineString","coordinates":[[13.56639,47.2665],[13.56724,47.26559],[13.56807,47.26502],[13.56815,47.26521],[13.56718,47.26596],[13.56669,47.26661],[13.56639,47.2665]]}},{"type":"Feature","properties":{"kind":"piste","difficulty":"intermediate","name":null,"aerialway":null,"osm":"way/1356173715"},"geometry":{"type":"LineString","coordinates":[[13.56793,47.26538],[13.56813,47.26627],[13.56825,47.26633],[13.56782,47.26632],[13.56749,47.26573],[13.56793,47.26538]]}},{"type":"Feature","properties":{"kind":"piste","difficulty":"intermediate","name":null,"aerialway":null,"osm":"way/1356173716"},"geometry":{"type":"LineString","coordinates":[[13.56842,47.26445],[13.56842,47.26397],[13.56822,47.26368],[13.56749,47.26353],[13.56712,47.26308],[13.56761,47.26324],[13.56823,47.26322],[13.56853,47.26342],[13.56882,47.26395],[13.56868,47.26457],[13.56836,47.26474],[13.56842,47.26445]]}},{"type":"Feature","properties":{"kind":"piste","difficulty":"intermediate","name":null,"aerialway":null,"osm":"way/1356173717"},"geometry":{"type":"LineString","coordinates":[[13.56907,47.26439],[13.56868,47.26457],[13.56862,47.26479],[13.56907,47.26439]]}},{"type":"Feature","properties":{"kind":"piste","difficulty":"intermediate","name":null,"aerialway":null,"osm":"way/1356173718"},"geometry":{"type":"LineString","coordinates":[[13.56749,47.26353],[13.56663,47.26326],[13.56821,47.26477],[13.56836,47.26474],[13.56841,47.26451],[13.56749,47.26353]]}},{"type":"Feature","properties":{"kind":"piste","difficulty":"intermediate","name":null,"aerialway":null,"osm":"way/1356173719"},"geometry":{"type":"LineString","coordinates":[[13.56749,47.26353],[13.56663,47.26326],[13.56542,47.2624],[13.56712,47.26308],[13.56749,47.26353]]}},{"type":"Feature","properties":{"kind":"piste","difficulty":"intermediate","name":null,"aerialway":null,"osm":"way/1356173720"},"geometry":{"type":"LineString","coordinates":[[13.56815,47.26521],[13.56862,47.26479],[13.56868,47.26457],[13.56821,47.26477],[13.56807,47.26502],[13.56815,47.26521]]}},{"type":"Feature","properties":{"kind":"piste","difficulty":"intermediate","name":null,"aerialway":null,"osm":"way/1356173721"},"geometry":{"type":"LineString","coordinates":[[13.57144,47.26679],[13.5707,47.26667],[13.57115,47.26654],[13.57202,47.26634],[13.57334,47.26633],[13.57545,47.26744],[13.57662,47.26775],[13.57591,47.2679],[13.57466,47.26761],[13.57338,47.26663],[13.573,47.26655],[13.57258,47.2665],[13.57144,47.26679]]}},{"type":"Feature","properties":{"kind":"piste","difficulty":"intermediate","name":null,"aerialway":null,"osm":"way/1356173722"},"geometry":{"type":"LineString","coordinates":[[13.577,47.26777],[13.5768,47.26789],[13.57662,47.26775],[13.57591,47.2679],[13.57612,47.26811],[13.57585,47.26819],[13.57287,47.26829],[13.57304,47.26856],[13.57385,47.2684],[13.57611,47.26826],[13.57713,47.26799],[13.57722,47.26791],[13.577,47.26777]]}},{"type":"Feature","properties":{"kind":"piste","difficulty":"intermediate","name":null,"aerialway":null,"osm":"way/1356173723"},"geometry":{"type":"LineString","coordinates":[[13.57466,47.26761],[13.57489,47.26773],[13.575,47.26821],[13.57569,47.26819],[13.57547,47.26779],[13.57466,47.26761]]}},{"type":"Feature","properties":{"kind":"piste","difficulty":"intermediate","name":null,"aerialway":null,"osm":"way/1356173724"},"geometry":{"type":"LineString","coordinates":[[13.57144,47.26679],[13.57084,47.26698],[13.57259,47.26798],[13.57287,47.26829],[13.57393,47.26823],[13.57301,47.2678],[13.57243,47.26734],[13.57162,47.26701],[13.57144,47.26679]]}},{"type":"Feature","properties":{"kind":"piste","difficulty":"intermediate","name":null,"aerialway":null,"osm":"way/1356173725"},"geometry":{"type":"LineString","coordinates":[[13.57304,47.26856],[13.57161,47.26875],[13.57057,47.26903],[13.57013,47.26891],[13.56977,47.26856],[13.56914,47.26826],[13.56884,47.26774],[13.56923,47.26768],[13.57043,47.26869],[13.57287,47.26829],[13.57304,47.26856]]}},{"type":"Feature","properties":{"kind":"piste","difficulty":"intermediate","name":null,"aerialway":null,"osm":"way/1356173726"},"geometry":{"type":"LineString","coordinates":[[13.57144,47.26679],[13.57043,47.26708],[13.56923,47.26768],[13.56914,47.26733],[13.57003,47.26714],[13.5707,47.26667],[13.57144,47.26679]]}},{"type":"Feature","properties":{"kind":"piste","difficulty":"intermediate","name":null,"aerialway":null,"osm":"way/1356173728"},"geometry":{"type":"LineString","coordinates":[[13.56866,47.26649],[13.56858,47.26695],[13.56914,47.26733],[13.56923,47.26768],[13.56884,47.26774],[13.56825,47.26746],[13.56794,47.26696],[13.56782,47.26632],[13.56866,47.26649]]}},{"type":"Feature","properties":{"kind":"piste","difficulty":"intermediate","name":null,"aerialway":null,"osm":"way/1356173729"},"geometry":{"type":"LineString","coordinates":[[13.56669,47.26661],[13.56638,47.26673],[13.56718,47.26763],[13.56762,47.26791],[13.56846,47.2679],[13.56821,47.26786],[13.56767,47.26731],[13.56708,47.26699],[13.56669,47.26661]]}},{"type":"Feature","properties":{"kind":"piste","difficulty":"intermediate","name":null,"aerialway":null,"osm":"way/1356173730"},"geometry":{"type":"LineString","coordinates":[[13.56812,47.26773],[13.56807,47.26751],[13.56825,47.26746],[13.56794,47.26696],[13.56782,47.26632],[13.56708,47.26699],[13.56767,47.26731],[13.56812,47.26773]]}},{"type":"Feature","properties":{"kind":"piste","difficulty":"intermediate","name":null,"aerialway":null,"osm":"way/1356179440"},"geometry":{"type":"LineString","coordinates":[[13.56638,47.26673],[13.56515,47.26682],[13.56409,47.26661],[13.56375,47.26652],[13.56336,47.26595],[13.56307,47.2658],[13.56191,47.26565],[13.56228,47.26541],[13.5625,47.26567],[13.56328,47.2658],[13.56403,47.2664],[13.56571,47.26662],[13.56639,47.2665],[13.56669,47.26661],[13.56638,47.26673]]}},{"type":"Feature","properties":{"kind":"piste","difficulty":"intermediate","name":null,"aerialway":null,"osm":"way/1356179441"},"geometry":{"type":"LineString","coordinates":[[13.54791,47.27091],[13.54756,47.27099],[13.54763,47.27119],[13.54706,47.27122],[13.54695,47.27107],[13.54663,47.27136],[13.54922,47.27222],[13.55078,47.27321],[13.55193,47.27328],[13.55416,47.27275],[13.55454,47.27228],[13.55437,47.27132],[13.55462,47.27102],[13.55566,47.27011],[13.55825,47.2683],[13.55848,47.26761],[13.55849,47.26708],[13.55866,47.26677],[13.55912,47.2664],[13.5597,47.26632],[13.5589,47.26599],[13.55818,47.26772],[13.55769,47.26847],[13.55718,47.26888],[13.5541,47.27065],[13.55391,47.27089],[13.55379,47.27139],[13.55391,47.27223],[13.55368,47.27262],[13.55228,47.27294],[13.55112,47.27286],[13.55076,47.27275],[13.5503,47.27231],[13.54804,47.27108],[13.54791,47.27091]]}},{"type":"Feature","properties":{"kind":"piste","difficulty":"intermediate","name":null,"aerialway":null,"osm":"way/1356179442"},"geometry":{"type":"LineString","coordinates":[[13.54799,47.27014],[13.54782,47.27055],[13.54921,47.2704],[13.54945,47.27027],[13.5502,47.26821],[13.5502,47.26773],[13.55036,47.26737],[13.55073,47.26704],[13.55193,47.26659],[13.55329,47.26655],[13.55522,47.26608],[13.55219,47.26621],[13.55081,47.26667],[13.54999,47.26732],[13.54983,47.26826],[13.54945,47.26891],[13.54935,47.26973],[13.54916,47.27009],[13.54863,47.27022],[13.54799,47.27014]]}},{"type":"Feature","properties":{"kind":"piste","difficulty":"intermediate","name":null,"aerialway":null,"osm":"way/1356179443"},"geometry":{"type":"LineString","coordinates":[[13.55398,47.26609],[13.55546,47.26565],[13.55926,47.26568],[13.5589,47.26599],[13.55398,47.26609]]}},{"type":"Feature","properties":{"kind":"piste","difficulty":"intermediate","name":null,"aerialway":null,"osm":"way/1356179444"},"geometry":{"type":"LineString","coordinates":[[13.5589,47.26599],[13.55926,47.26568],[13.56013,47.26545],[13.56244,47.2645],[13.56287,47.26442],[13.56325,47.26467],[13.56191,47.26565],[13.56038,47.26622],[13.5597,47.26632],[13.5589,47.26599]]}},{"type":"Feature","properties":{"kind":"piste","difficulty":"intermediate","name":null,"aerialway":null,"osm":"way/1356179445"},"geometry":{"type":"LineString","coordinates":[[13.55038,47.26549],[13.55006,47.26582],[13.55042,47.26605],[13.55203,47.2658],[13.55398,47.26609],[13.55546,47.26565],[13.55396,47.26552],[13.55038,47.26549]]}},{"type":"Feature","properties":{"kind":"piste","difficulty":"intermediate","name":null,"aerialway":null,"osm":"way/1356179446"},"geometry":{"type":"LineString","coordinates":[[13.55203,47.2658],[13.54991,47.26664],[13.5489,47.26761],[13.54904,47.26674],[13.54934,47.26671],[13.55032,47.26621],[13.55042,47.26605],[13.55203,47.2658]]}},{"type":"Feature","properties":{"kind":"piste","difficulty":"intermediate","name":null,"aerialway":null,"osm":"way/1356179447"},"geometry":{"type":"LineString","coordinates":[[13.54799,47.27014],[13.54721,47.27032],[13.54723,47.27003],[13.54838,47.26871],[13.548,47.26786],[13.54804,47.26711],[13.54836,47.26671],[13.5489,47.26761],[13.54877,47.26788],[13.54899,47.26835],[13.54897,47.26859],[13.54799,47.27014]]}},{"type":"Feature","properties":{"kind":"piste","difficulty":"intermediate","name":null,"aerialway":null,"osm":"way/1356179448"},"geometry":{"type":"LineString","coordinates":[[13.54799,47.27014],[13.54782,47.27055],[13.54763,47.27063],[13.54791,47.27091],[13.54756,47.27099],[13.54739,47.27068],[13.54692,47.27086],[13.54703,47.27103],[13.54663,47.27136],[13.54636,47.27057],[13.54689,47.27065],[13.54712,47.27055],[13.54721,47.27032],[13.54799,47.27014]]}},{"type":"Feature","properties":{"kind":"piste","difficulty":"advanced","name":null,"aerialway":null,"osm":"way/1356179449"},"geometry":{"type":"LineString","coordinates":[[13.54658,47.26516],[13.5473,47.26547],[13.54689,47.26577],[13.54678,47.26606],[13.54713,47.26785],[13.54674,47.26877],[13.54679,47.27003],[13.54664,47.27055],[13.54636,47.27057],[13.54652,47.27007],[13.54608,47.2691],[13.54611,47.26882],[13.54661,47.26821],[13.5466,47.26737],[13.54645,47.26675],[13.54673,47.26558],[13.54658,47.26516]]}},{"type":"Feature","properties":{"kind":"piste","difficulty":"intermediate","name":null,"aerialway":null,"osm":"way/1356179450"},"geometry":{"type":"LineString","coordinates":[[13.54838,47.2659],[13.54846,47.26609],[13.54836,47.26671],[13.5489,47.26761],[13.54904,47.26674],[13.54889,47.26631],[13.549,47.26602],[13.54838,47.2659]]}},{"type":"Feature","properties":{"kind":"piste","difficulty":"intermediate","name":null,"aerialway":null,"osm":"way/1356179451"},"geometry":{"type":"LineString","coordinates":[[13.5486,47.26551],[13.54791,47.26559],[13.54838,47.2659],[13.54875,47.26597],[13.5486,47.26551]]}},{"type":"Feature","properties":{"kind":"piste","difficulty":"intermediate","name":null,"aerialway":null,"osm":"way/1356179452"},"geometry":{"type":"LineString","coordinates":[[13.54915,47.26548],[13.54899,47.2659],[13.54875,47.26597],[13.549,47.26602],[13.54964,47.26568],[13.55006,47.26582],[13.55038,47.26549],[13.54915,47.26548]]}},{"type":"Feature","properties":{"kind":"piste","difficulty":"easy","name":null,"aerialway":null,"osm":"way/1356179453"},"geometry":{"type":"LineString","coordinates":[[13.55012,47.26555],[13.54986,47.26533],[13.54906,47.26527],[13.54882,47.26505],[13.54862,47.26514],[13.54864,47.26524],[13.54799,47.2653],[13.54791,47.26559],[13.54881,47.2654],[13.55012,47.26555]]}},{"type":"Feature","properties":{"kind":"piste","difficulty":"easy","name":null,"aerialway":null,"osm":"way/1356179454"},"geometry":{"type":"LineString","coordinates":[[13.54638,47.2649],[13.54759,47.26516],[13.54735,47.26453],[13.54761,47.26408],[13.54536,47.26179],[13.54528,47.26195],[13.54564,47.26214],[13.54584,47.26244],[13.54552,47.26269],[13.54507,47.26281],[13.54527,47.26321],[13.54586,47.26362],[13.54631,47.26449],[13.54638,47.2649]]}},{"type":"Feature","properties":{"kind":"piste","difficulty":"intermediate","name":null,"aerialway":null,"osm":"way/1356179455"},"geometry":{"type":"LineString","coordinates":[[13.54761,47.26408],[13.54862,47.26514],[13.54807,47.26526],[13.54759,47.26516],[13.54735,47.26453],[13.54761,47.26408]]}},{"type":"Feature","properties":{"kind":"piste","difficulty":"easy","name":null,"aerialway":null,"osm":"way/1356179456"},"geometry":{"type":"LineString","coordinates":[[13.54791,47.26559],[13.54658,47.26516],[13.54638,47.2649],[13.54799,47.2653],[13.54791,47.26559]]}},{"type":"Feature","properties":{"kind":"piste","difficulty":"easy","name":null,"aerialway":null,"osm":"way/1356179457"},"geometry":{"type":"LineString","coordinates":[[13.54972,47.2646],[13.54953,47.26477],[13.54965,47.26503],[13.54925,47.26528],[13.54986,47.26533],[13.54989,47.26497],[13.55005,47.26477],[13.54972,47.2646]]}},{"type":"Feature","properties":{"kind":"piste","difficulty":"easy","name":null,"aerialway":null,"osm":"way/1356179458"},"geometry":{"type":"LineString","coordinates":[[13.54953,47.26477],[13.54918,47.2644],[13.54778,47.26416],[13.54733,47.26378],[13.54782,47.26406],[13.54865,47.26405],[13.54924,47.26427],[13.54972,47.2646],[13.54953,47.26477]]}},{"type":"Feature","properties":{"kind":"piste","difficulty":"easy","name":null,"aerialway":null,"osm":"way/1356179459"},"geometry":{"type":"LineString","coordinates":[[13.55205,47.26158],[13.5524,47.26131],[13.55226,47.26106],[13.5519,47.26104],[13.55185,47.26114],[13.55205,47.26122],[13.55205,47.26158]]}},{"type":"Feature","properties":{"kind":"piste","difficulty":"easy","name":null,"aerialway":null,"osm":"way/1356179460"},"geometry":{"type":"LineString","coordinates":[[13.5524,47.26131],[13.55358,47.26163],[13.55511,47.26288],[13.55563,47.26309],[13.55491,47.26313],[13.55476,47.26281],[13.5544,47.26257],[13.55402,47.26207],[13.55327,47.26167],[13.55229,47.26139],[13.5524,47.26131]]}},{"type":"Feature","properties":{"kind":"piste","difficulty":"easy","name":null,"aerialway":null,"osm":"way/1356179461"},"geometry":{"type":"LineString","coordinates":[[13.55005,47.26477],[13.55214,47.26375],[13.5525,47.26368],[13.55772,47.26345],[13.55906,47.26301],[13.55983,47.26292],[13.56131,47.26309],[13.56085,47.26234],[13.56048,47.26233],[13.55749,47.2633],[13.55683,47.26331],[13.55563,47.26309],[13.55192,47.26338],[13.55011,47.26426],[13.54972,47.2646],[13.55005,47.26477]]}},{"type":"Feature","properties":{"kind":"piste","difficulty":"easy","name":null,"aerialway":null,"osm":"way/1356179462"},"geometry":{"type":"LineString","coordinates":[[13.55983,47.26292],[13.5619,47.26381],[13.56325,47.26467],[13.56367,47.2645],[13.56421,47.26449],[13.56372,47.26425],[13.56351,47.26437],[13.56308,47.26434],[13.56261,47.26415],[13.56257,47.26403],[13.56294,47.2636],[13.56179,47.2635],[13.56145,47.26337],[13.56128,47.26321],[13.56131,47.26309],[13.55983,47.26292]]}},{"type":"Feature","properties":{"kind":"piste","difficulty":"easy","name":null,"aerialway":null,"osm":"way/1356179463"},"geometry":{"type":"LineString","coordinates":[[13.56085,47.26234],[13.56225,47.26277],[13.56347,47.26299],[13.56412,47.26352],[13.56442,47.26395],[13.56438,47.2644],[13.56421,47.26449],[13.56385,47.26436],[13.56428,47.26425],[13.56402,47.26379],[13.5636,47.26344],[13.56224,47.26304],[13.56131,47.26309],[13.56085,47.26234]]}},{"type":"Feature","properties":{"kind":"piste","difficulty":"easy","name":null,"aerialway":null,"osm":"way/1356179464"},"geometry":{"type":"LineString","coordinates":[[13.5636,47.26344],[13.56294,47.2636],[13.56228,47.26355],[13.56332,47.26336],[13.5636,47.26344]]}},{"type":"Feature","properties":{"kind":"piste","difficulty":"intermediate","name":null,"aerialway":null,"osm":"way/1356179465"},"geometry":{"type":"LineString","coordinates":[[13.56281,47.26505],[13.56509,47.2645],[13.56434,47.26432],[13.56433,47.26445],[13.56468,47.26449],[13.56305,47.26484],[13.56281,47.26505]]}},{"type":"Feature","properties":{"kind":"piste","difficulty":"easy","name":null,"aerialway":null,"osm":"way/1356179466"},"geometry":{"type":"LineString","coordinates":[[13.56488,47.26314],[13.56471,47.26345],[13.56429,47.26361],[13.56412,47.26352],[13.56435,47.26385],[13.56494,47.26352],[13.56488,47.26314]]}},{"type":"Feature","properties":{"kind":"piste","difficulty":"intermediate","name":null,"aerialway":null,"osm":"way/1356182026"},"geometry":{"type":"LineString","coordinates":[[13.53387,47.26354],[13.53372,47.26358],[13.53357,47.26424],[13.53361,47.26447],[13.53385,47.26454],[13.53486,47.26464],[13.53571,47.26444],[13.53713,47.26445],[13.53786,47.26422],[13.53844,47.26366],[13.53895,47.2634],[13.54291,47.26162],[13.54247,47.26126],[13.54141,47.26193],[13.53899,47.26312],[13.53783,47.26346],[13.53757,47.26377],[13.53714,47.26392],[13.53469,47.26419],[13.5338,47.26385],[13.53387,47.26354]]}},{"type":"Feature","properties":{"kind":"piste","difficulty":"intermediate","name":null,"aerialway":null,"osm":"way/1356182027"},"geometry":{"type":"LineString","coordinates":[[13.54128,47.26117],[13.54023,47.2612],[13.539,47.26143],[13.53963,47.26108],[13.54138,47.2609],[13.54143,47.26035],[13.54255,47.26087],[13.54247,47.26126],[13.54128,47.26117]]}},{"type":"Feature","properties":{"kind":"piste","difficulty":"easy","name":null,"aerialway":null,"osm":"way/1356182029"},"geometry":{"type":"LineString","coordinates":[[13.54479,47.26123],[13.54546,47.26081]]}},{"type":"Feature","properties":{"kind":"piste","difficulty":"easy","name":null,"aerialway":null,"osm":"way/1356182030"},"geometry":{"type":"LineString","coordinates":[[13.54338,47.26002],[13.54281,47.26086],[13.54255,47.26087],[13.54247,47.26126],[13.54291,47.26162],[13.54306,47.26162],[13.54319,47.2612],[13.54316,47.26091],[13.54344,47.2602],[13.54338,47.26002]]}},{"type":"Feature","properties":{"kind":"piste","difficulty":"easy","name":null,"aerialway":null,"osm":"way/1356182031"},"geometry":{"type":"LineString","coordinates":[[13.54344,47.2602],[13.54388,47.26085],[13.54421,47.26098],[13.5443,47.26089],[13.54366,47.25988],[13.54344,47.2602]]}},{"type":"Feature","properties":{"kind":"piste","difficulty":"easy","name":null,"aerialway":null,"osm":"way/1356182032"},"geometry":{"type":"LineString","coordinates":[[13.54366,47.25988],[13.54327,47.25974],[13.54309,47.25991],[13.54321,47.26013],[13.54338,47.26002],[13.54344,47.2602],[13.54366,47.25988]]}},{"type":"Feature","properties":{"kind":"piste","difficulty":"easy","name":null,"aerialway":null,"osm":"way/1356182033"},"geometry":{"type":"LineString","coordinates":[[13.54366,47.25988],[13.54386,47.2597],[13.54497,47.26007],[13.54623,47.26016],[13.54592,47.26029],[13.54469,47.26029],[13.54366,47.25988]]}},{"type":"Feature","properties":{"kind":"piste","difficulty":"easy","name":null,"aerialway":null,"osm":"way/1356182034"},"geometry":{"type":"LineString","coordinates":[[13.54421,47.26098],[13.54369,47.26101],[13.54319,47.2612],[13.54316,47.26091],[13.54388,47.26085],[13.54421,47.26098]]}},{"type":"Feature","properties":{"kind":"piste","difficulty":"easy","name":null,"aerialway":null,"osm":"way/1356182035"},"geometry":{"type":"LineString","coordinates":[[13.54421,47.26098],[13.54456,47.26112],[13.54493,47.26159],[13.54514,47.26149],[13.54446,47.26093],[13.54421,47.26098]]}},{"type":"Feature","properties":{"kind":"piste","difficulty":"easy","name":null,"aerialway":null,"osm":"way/1356182036"},"geometry":{"type":"LineString","coordinates":[[13.54674,47.26019],[13.54573,47.26071],[13.54553,47.26115],[13.54514,47.26149],[13.54495,47.26136],[13.54518,47.26124],[13.5453,47.26096],[13.54517,47.26078],[13.54532,47.26061],[13.54623,47.26016],[13.54674,47.26019]]}},{"type":"Feature","properties":{"kind":"piste","difficulty":"easy","name":null,"aerialway":null,"osm":"way/1356182037"},"geometry":{"type":"LineString","coordinates":[[13.54682,47.26326],[13.54615,47.26188],[13.54553,47.26115],[13.54514,47.26149],[13.54534,47.26155],[13.54682,47.26326]]}},{"type":"Feature","properties":{"kind":"piste","difficulty":"easy","name":null,"aerialway":null,"osm":"way/1356182038"},"geometry":{"type":"LineString","coordinates":[[13.54493,47.26159],[13.54488,47.26251],[13.54507,47.26259],[13.54507,47.26281],[13.54536,47.26272],[13.5451,47.26238],[13.54536,47.26179],[13.54505,47.26153],[13.54493,47.26159]]}},{"type":"Feature","properties":{"kind":"piste","difficulty":"intermediate","name":null,"aerialway":null,"osm":"way/1356182039"},"geometry":{"type":"LineString","coordinates":[[13.54366,47.25988],[13.54425,47.25959],[13.54394,47.2596],[13.54395,47.25927],[13.54465,47.25926],[13.54479,47.25913],[13.54381,47.25922],[13.54355,47.25937],[13.5436,47.25976],[13.5435,47.25982],[13.54366,47.25988]]}},{"type":"Feature","properties":{"kind":"piste","difficulty":"easy","name":null,"aerialway":null,"osm":"way/1377889209"},"geometry":{"type":"LineString","coordinates":[[13.57294,47.24207],[13.57317,47.24172],[13.57291,47.24079]]}},{"type":"Feature","properties":{"kind":"piste","difficulty":"easy","name":"Achenrain","aerialway":null,"osm":"way/1377889210"},"geometry":{"type":"LineString","coordinates":[[13.57019,47.24183],[13.57112,47.24159]]}},{"type":"Feature","properties":{"kind":"piste","difficulty":"easy","name":null,"aerialway":null,"osm":"way/1377889211"},"geometry":{"type":"LineString","coordinates":[[13.57101,47.2416],[13.57037,47.24175],[13.57009,47.24194],[13.57031,47.24168],[13.57093,47.24149],[13.57101,47.2416]]}},{"type":"Feature","properties":{"kind":"piste","difficulty":"intermediate","name":null,"aerialway":null,"osm":"way/1377889212"},"geometry":{"type":"LineString","coordinates":[[13.56928,47.24607],[13.56846,47.24595],[13.56818,47.24576],[13.5693,47.24571],[13.56946,47.24577],[13.56928,47.24607]]}},{"type":"Feature","properties":{"kind":"piste","difficulty":"intermediate","name":null,"aerialway":null,"osm":"way/1377889213"},"geometry":{"type":"LineString","coordinates":[[13.57765,47.25214],[13.57718,47.25206],[13.57624,47.25226],[13.57671,47.25169]]}},{"type":"Feature","properties":{"kind":"piste","difficulty":"intermediate","name":"Edelweissbahn","aerialway":null,"osm":"way/1377889214"},"geometry":{"type":"LineString","coordinates":[[13.57227,47.25153],[13.57161,47.25169]]}},{"type":"Feature","properties":{"kind":"piste","difficulty":"easy","name":"Angerabfahrt","aerialway":null,"osm":"way/1377889215"},"geometry":{"type":"LineString","coordinates":[[13.57199,47.25195],[13.57182,47.2526],[13.57106,47.25313]]}},{"type":"Feature","properties":{"kind":"piste","difficulty":"easy","name":null,"aerialway":null,"osm":"way/1378099016"},"geometry":{"type":"LineString","coordinates":[[13.57153,47.25239],[13.57177,47.2524],[13.57178,47.25255],[13.57134,47.25278],[13.57121,47.2531],[13.5719,47.25257],[13.57199,47.25202],[13.57153,47.25239]]}},{"type":"Feature","properties":{"kind":"piste","difficulty":"easy","name":null,"aerialway":null,"osm":"way/1378099018"},"geometry":{"type":"LineString","coordinates":[[13.567,47.24494],[13.56636,47.24552],[13.56662,47.24554],[13.56708,47.24513],[13.567,47.24494]]}},{"type":"Feature","properties":{"kind":"piste","difficulty":"easy","name":"Edelweissbahn","aerialway":null,"osm":"way/1378099019"},"geometry":{"type":"LineString","coordinates":[[13.56641,47.24567],[13.56733,47.24486]]}},{"type":"Feature","properties":{"kind":"piste","difficulty":"intermediate","name":"Gamsleiten 1","aerialway":null,"osm":"way/1378099020"},"geometry":{"type":"LineString","coordinates":[[13.55696,47.24575],[13.55683,47.24628]]}},{"type":"Feature","properties":{"kind":"piste","difficulty":"intermediate","name":"Gamsleiten 1","aerialway":null,"osm":"way/1378099021"},"geometry":{"type":"LineString","coordinates":[[13.55726,47.24066],[13.55863,47.24134]]}},{"type":"Feature","properties":{"kind":"piste","difficulty":"advanced","name":null,"aerialway":null,"osm":"way/1378099022"},"geometry":{"type":"LineString","coordinates":[[13.54071,47.24372],[13.5407,47.24457],[13.54156,47.24412],[13.54146,47.24336],[13.54071,47.24372]]}},{"type":"Feature","properties":{"kind":"piste","difficulty":"intermediate","name":"Zehnerkar","aerialway":null,"osm":"way/1378099023"},"geometry":{"type":"LineString","coordinates":[[13.5446,47.24744],[13.54502,47.24747]]}},{"type":"Feature","properties":{"kind":"piste","difficulty":"intermediate","name":"Zehnerkar","aerialway":null,"osm":"way/1378099024"},"geometry":{"type":"LineString","coordinates":[[13.54465,47.24721],[13.54465,47.24749]]}},{"type":"Feature","properties":{"kind":"piste","difficulty":"easy","name":null,"aerialway":null,"osm":"way/1378099025"},"geometry":{"type":"LineString","coordinates":[[13.5457,47.26039],[13.54473,47.26052],[13.54426,47.26077],[13.54446,47.26093],[13.5457,47.26039]]}},{"type":"Feature","properties":{"kind":"piste","difficulty":"easy","name":null,"aerialway":null,"osm":"way/1378099026"},"geometry":{"type":"LineString","coordinates":[[13.54525,47.26109],[13.54487,47.26127],[13.54469,47.26107],[13.54517,47.26078],[13.5453,47.26096],[13.54525,47.26109]]}},{"type":"Feature","properties":{"kind":"piste","difficulty":"easy","name":"Grünwaldkopf","aerialway":null,"osm":"way/1378109273"},"geometry":{"type":"LineString","coordinates":[[13.54407,47.26078],[13.54431,47.26085],[13.5453,47.26049],[13.54596,47.26046]]}},{"type":"Feature","properties":{"kind":"piste","difficulty":"easy","name":null,"aerialway":null,"osm":"way/1378109274"},"geometry":{"type":"LineString","coordinates":[[13.54596,47.26046],[13.54702,47.26023],[13.54756,47.26024],[13.54759,47.26013],[13.54719,47.26004],[13.54691,47.25977]]}},{"type":"Feature","properties":{"kind":"piste","difficulty":"easy","name":"Sonnenlift 1","aerialway":null,"osm":"way/1378109275"},"geometry":{"type":"LineString","coordinates":[[13.54785,47.2577],[13.54818,47.25742],[13.54812,47.25686]]}},{"type":"Feature","properties":{"kind":"piste","difficulty":"intermediate","name":null,"aerialway":null,"osm":"way/1378109276"},"geometry":{"type":"LineString","coordinates":[[13.56825,47.26633],[13.56846,47.26608],[13.56856,47.26508],[13.56897,47.26458],[13.56793,47.26538],[13.56813,47.26627],[13.56825,47.26633]]}},{"type":"Feature","properties":{"kind":"piste","difficulty":"easy","name":null,"aerialway":null,"osm":"way/1378109277"},"geometry":{"type":"LineString","coordinates":[[13.56815,47.26789],[13.56711,47.26796],[13.56754,47.26751]]}},{"type":"Feature","properties":{"kind":"piste","difficulty":"easy","name":null,"aerialway":null,"osm":"way/1378109278"},"geometry":{"type":"LineString","coordinates":[[13.55416,47.25394],[13.55461,47.25384],[13.55409,47.25384],[13.55416,47.25394]]}},{"type":"Feature","properties":{"kind":"piste","difficulty":"easy","name":null,"aerialway":null,"osm":"way/1378109279"},"geometry":{"type":"LineString","coordinates":[[13.52994,47.2549],[13.52991,47.25538],[13.52923,47.25602],[13.52881,47.25604],[13.52809,47.25574],[13.52821,47.25568],[13.52884,47.25591],[13.52915,47.25586],[13.52961,47.25552],[13.52958,47.25503],[13.52994,47.2549]]}},{"type":"Feature","properties":{"kind":"piste","difficulty":"easy","name":"Monte Flu","aerialway":null,"osm":"way/1378133843"},"geometry":{"type":"LineString","coordinates":[[13.53733,47.25295],[13.53819,47.25277],[13.53925,47.25285]]}},{"type":"Feature","properties":{"kind":"piste","difficulty":"easy","name":null,"aerialway":null,"osm":"way/1378133844"},"geometry":{"type":"LineString","coordinates":[[13.53774,47.25294],[13.5394,47.25276],[13.53957,47.25258],[13.53799,47.25279],[13.53774,47.25294]]}},{"type":"Feature","properties":{"kind":"piste","difficulty":"easy","name":"Übungsland","aerialway":null,"osm":"way/1453291488"},"geometry":{"type":"LineString","coordinates":[[13.5698,47.24267],[13.56967,47.24257]]}},{"type":"Feature","properties":{"kind":"piste","difficulty":"unknown","name":"Tauernrunde Grün","aerialway":null,"osm":"relation/13391779"},"geometry":{"type":"MultiLineString","coordinates":[[[13.54859,47.26628],[13.54859,47.26605],[13.54831,47.26575],[13.54783,47.26547]],[[13.54669,47.27094],[13.5474,47.27041],[13.54873,47.26876],[13.54873,47.26842],[13.54846,47.26808],[13.54859,47.26628]],[[13.54706,47.27095],[13.54669,47.27094]],[[13.56361,47.26461],[13.54706,47.27095]],[[13.56413,47.26438],[13.56361,47.26461]],[[13.56413,47.26438],[13.56481,47.2645]],[[13.56243,47.26495],[13.56481,47.2645]],[[13.56645,47.26661],[13.56569,47.26673],[13.56414,47.26655],[13.56368,47.26634],[13.56329,47.26587],[13.56221,47.26559],[13.56208,47.26524],[13.56243,47.26495]],[[13.56754,47.26751],[13.56645,47.26661]],[[13.56861,47.26731],[13.56754,47.26751]],[[13.57693,47.26779],[13.57699,47.26793],[13.57641,47.26807],[13.57464,47.26732],[13.57344,47.26659],[13.57259,47.26639],[13.57163,47.26654],[13.56942,47.26748],[13.56894,47.26752],[13.56861,47.26731]],[[13.56567,47.25909],[13.57693,47.26779]],[[13.56544,47.25894],[13.56567,47.25909]],[[13.56553,47.25879],[13.56544,47.25894]],[[13.57168,47.25221],[13.57132,47.25251],[13.57088,47.25364],[13.56945,47.25564],[13.5691,47.2559],[13.56631,47.25692],[13.56553,47.25879]],[[13.57355,47.25085],[13.57267,47.2512],[13.57168,47.25221]],[[13.57555,47.24962],[13.57422,47.25085],[13.57378,47.25076],[13.57355,47.25085]],[[13.57625,47.25131],[13.57623,47.24987],[13.57599,47.24961],[13.57555,47.24962]],[[13.57774,47.25198],[13.5779,47.25209],[13.57765,47.25214],[13.57647,47.25159],[13.57625,47.25131]],[[13.5679,47.24542],[13.57774,47.25198]],[[13.56728,47.24531],[13.56749,47.2452],[13.5679,47.24542]],[[13.56787,47.24683],[13.56792,47.24604],[13.56728,47.24531]],[[13.56809,47.24994],[13.56738,47.24956],[13.56721,47.24854],[13.56787,47.24683]],[[13.57218,47.24949],[13.56883,47.24974],[13.56809,47.24994]],[[13.57876,47.24428],[13.57834,47.24438],[13.57793,47.24474],[13.57768,47.24518],[13.57723,47.24553],[13.57653,47.24669],[13.57615,47.24702],[13.57396,47.24845],[13.57353,47.24892],[13.57264,47.24942],[13.57218,47.24949]],[[13.57993,47.24428],[13.5801,47.24414],[13.57971,47.24408],[13.57876,47.24428]],[[13.57972,47.24435],[13.57993,47.24428]],[[13.57217,47.24096],[13.57972,47.24435]],[[13.57118,47.24131],[13.57188,47.24087],[13.57217,47.24096]],[[13.56928,47.24294],[13.56994,47.24231],[13.57038,47.24162],[13.57118,47.24131]],[[13.56728,47.24531],[13.56725,47.24499],[13.56749,47.24458],[13.56928,47.24294]],[[13.56641,47.24567],[13.56696,47.24562],[13.56728,47.24531]],[[13.56484,47.24544],[13.56509,47.24559],[13.56641,47.24567]],[[13.56465,47.24535],[13.56484,47.24544]],[[13.56443,47.24527],[13.56465,47.24535]],[[13.5603,47.24582],[13.56146,47.24529],[13.56352,47.24474],[13.56385,47.24482],[13.56443,47.24527]],[[13.55402,47.24633],[13.55496,47.24637],[13.55608,47.24619],[13.55779,47.24652],[13.55889,47.24642],[13.5603,47.24582]],[[13.54618,47.24542],[13.55001,47.24551],[13.55097,47.24567],[13.55176,47.24596],[13.55402,47.24633]],[[13.53681,47.24041],[13.53816,47.24054],[13.54058,47.24159],[13.54155,47.24188],[13.54311,47.24307],[13.54374,47.24384],[13.5455,47.2449],[13.54573,47.24534],[13.54618,47.24542]],[[13.53382,47.24026],[13.53529,47.24042],[13.53681,47.24041]],[[13.53354,47.24036],[13.53382,47.24026]],[[13.54135,47.24217],[13.53354,47.24036]],[[13.54551,47.25088],[13.54135,47.24217]],[[13.54581,47.2508],[13.54551,47.25088]],[[13.54452,47.25105],[13.54525,47.25114],[13.54592,47.251],[13.54581,47.2508]],[[13.54415,47.2513],[13.54452,47.25105]],[[13.54398,47.25151],[13.54415,47.2513]],[[13.54387,47.25202],[13.54398,47.25151]],[[13.54119,47.25273],[13.54343,47.25271],[13.54361,47.2526],[13.54387,47.25202]],[[13.54119,47.25273],[13.54026,47.25263]],[[13.54026,47.25263],[13.53306,47.25292]],[[13.53306,47.25292],[13.53311,47.25307],[13.53374,47.25317]],[[13.53374,47.25317],[13.53393,47.25337],[13.53364,47.25374],[13.52837,47.25527],[13.52818,47.25526],[13.52787,47.25495],[13.52793,47.25457],[13.52877,47.25432],[13.52914,47.25413],[13.52918,47.25397],[13.52857,47.25356],[13.52762,47.25351]],[[13.52762,47.25351],[13.52729,47.25374]],[[13.52729,47.25374],[13.52718,47.25389],[13.52737,47.25391]],[[13.52737,47.25391],[13.53312,47.25328]],[[13.53312,47.25328],[13.53374,47.25317]],[[13.53374,47.25317],[13.53537,47.25314]],[[13.53537,47.25314],[13.53763,47.25341],[13.53899,47.25287],[13.5398,47.25279]],[[13.5398,47.25279],[13.54119,47.25273]],[[13.54353,47.25355],[13.54259,47.25304],[13.54119,47.25273]],[[13.54388,47.25379],[13.54353,47.25355]],[[13.5446,47.25432],[13.54388,47.25379]],[[13.54497,47.25476],[13.5446,47.25432]],[[13.54619,47.25636],[13.54497,47.25476]],[[13.54504,47.26159],[13.54533,47.26125],[13.54546,47.26081],[13.54691,47.25977],[13.54743,47.25802],[13.5473,47.25751],[13.5466,47.25699],[13.54619,47.25636]],[[13.54528,47.26179],[13.54504,47.26159]],[[13.54705,47.2652],[13.54622,47.26339],[13.54586,47.263],[13.54588,47.26236],[13.54528,47.26179]],[[13.54783,47.26547],[13.54705,47.2652]]]}},{"type":"Feature","properties":{"kind":"piste","difficulty":"unknown","name":"Tauernrunde Rot","aerialway":null,"osm":"relation/13392430"},"geometry":{"type":"MultiLineString","coordinates":[[[13.55434,47.24712],[13.55302,47.24769]],[[13.55525,47.24634],[13.55434,47.24712]],[[13.55907,47.24485],[13.55867,47.24525],[13.55787,47.2457],[13.55633,47.24575],[13.55525,47.24634]],[[13.55987,47.24374],[13.55925,47.24446],[13.55907,47.24485]],[[13.55614,47.24206],[13.55648,47.24156],[13.55696,47.24135],[13.55863,47.24134],[13.55935,47.24165],[13.56176,47.24138],[13.56217,47.24176],[13.56088,47.24261],[13.56042,47.24343],[13.55987,47.24374]],[[13.56072,47.2466],[13.55614,47.24206]],[[13.5603,47.24582],[13.56107,47.24626],[13.56088,47.24658],[13.56072,47.2466]],[[13.55907,47.24485],[13.5603,47.24582]],[[13.55987,47.24374],[13.55925,47.24446],[13.55907,47.24485]],[[13.56031,47.24361],[13.55987,47.24374]],[[13.57085,47.24167],[13.56031,47.24361]],[[13.57112,47.24159],[13.57085,47.24167]],[[13.57112,47.24159],[13.57118,47.24131]],[[13.56928,47.24294],[13.56994,47.24231],[13.57038,47.24162],[13.57118,47.24131]],[[13.56728,47.24531],[13.56725,47.24499],[13.56749,47.24458],[13.56928,47.24294]],[[13.56641,47.24567],[13.56696,47.24562],[13.56728,47.24531]],[[13.571,47.25225],[13.57027,47.25251],[13.56942,47.25243],[13.56833,47.2521],[13.56701,47.25122],[13.56602,47.25005],[13.56467,47.24913],[13.56452,47.24873],[13.56465,47.24818],[13.56593,47.24652],[13.56641,47.24567]],[[13.57255,47.25094],[13.57209,47.25112],[13.571,47.25225]],[[13.57355,47.25085],[13.57279,47.25083],[13.57255,47.25094]],[[13.57383,47.25116],[13.57391,47.25104],[13.57355,47.25085]],[[13.56497,47.25852],[13.57383,47.25116]],[[13.56553,47.25879],[13.56497,47.25852]],[[13.56928,47.26431],[13.56964,47.26369],[13.5697,47.26326],[13.56933,47.26154],[13.56881,47.26078],[13.56822,47.26047],[13.56801,47.26016],[13.56674,47.25964],[13.56553,47.25879]],[[13.56854,47.26474],[13.56928,47.26431]],[[13.56645,47.26661],[13.56723,47.26574],[13.56854,47.26474]],[[13.56754,47.26751],[13.56645,47.26661]],[[13.568,47.26783],[13.56754,47.26751]],[[13.56834,47.26783],[13.568,47.26783]],[[13.56548,47.26264],[13.56834,47.26783]],[[13.56481,47.2645],[13.56552,47.26443],[13.56591,47.26406],[13.56592,47.26386],[13.56535,47.26264],[13.56536,47.26251],[13.56548,47.26264]],[[13.56243,47.26495],[13.56481,47.2645]],[[13.54669,47.27094],[13.54692,47.27124],[13.54765,47.27139],[13.54955,47.27213],[13.55094,47.27299],[13.55192,47.27305],[13.5538,47.2727],[13.55418,47.27232],[13.55412,47.27153],[13.55425,47.27103],[13.55525,47.27015],[13.55623,47.26963],[13.55804,47.2683],[13.55847,47.26704],[13.55891,47.26631],[13.55933,47.26603],[13.56243,47.26495]],[[13.54652,47.27061],[13.54669,47.27094]],[[13.54676,47.27056],[13.54652,47.27061]],[[13.54493,47.2627],[13.54676,47.27056]],[[13.54504,47.26159],[13.54493,47.2627]],[[13.54254,47.26146],[13.54353,47.26101],[13.54414,47.26092],[13.54454,47.26101],[13.54504,47.26159]],[[13.54239,47.2616],[13.54254,47.26146]],[[13.53378,47.26358],[13.53361,47.26429],[13.53379,47.26438],[13.53501,47.26442],[13.53694,47.26422],[13.53762,47.26401],[13.54239,47.2616]],[[13.53391,47.26356],[13.53378,47.26358]],[[13.54277,47.26178],[13.53391,47.26356]],[[13.543,47.26165],[13.54277,47.26178]],[[13.54342,47.2597],[13.54345,47.25994],[13.54288,47.26104],[13.543,47.26165]],[[13.54374,47.25099],[13.54342,47.2597]],[[13.54452,47.25105],[13.54424,47.25094],[13.54374,47.25099]],[[13.54415,47.2513],[13.54452,47.25105]],[[13.54398,47.25151],[13.54415,47.2513]],[[13.54387,47.25202],[13.54398,47.25151]],[[13.5446,47.25432],[13.54465,47.2538],[13.54446,47.25317],[13.54387,47.25202]],[[13.54497,47.25476],[13.5446,47.25432]],[[13.54619,47.25636],[13.54497,47.25476]],[[13.54948,47.25706],[13.54721,47.25675],[13.54619,47.25636]],[[13.55139,47.25815],[13.54948,47.25706]],[[13.55363,47.25956],[13.55345,47.25907],[13.55287,47.25861],[13.55209,47.25847],[13.55139,47.25815]],[[13.55256,47.2599],[13.55363,47.25956]],[[13.55192,47.26105],[13.55169,47.26095],[13.55166,47.26074],[13.55222,47.26005],[13.55256,47.2599]],[[13.55195,47.26098],[13.55192,47.26105]],[[13.55746,47.25189],[13.55195,47.26098]],[[13.55778,47.25193],[13.55746,47.25189]],[[13.55761,47.25226],[13.55778,47.25193]],[[13.55469,47.25717],[13.55603,47.25513],[13.55693,47.2541],[13.55761,47.25226]],[[13.55317,47.25839],[13.55369,47.25777],[13.55469,47.25717]],[[13.55264,47.2586],[13.55317,47.25839]],[[13.55259,47.25854],[13.55264,47.2586]],[[13.54654,47.25118],[13.55259,47.25854]],[[13.54703,47.25098],[13.54651,47.2511],[13.54654,47.25118]],[[13.54796,47.25005],[13.54705,47.25073],[13.54703,47.25098]],[[13.55302,47.24769],[13.55141,47.24868],[13.54796,47.25005]]]}},{"type":"Feature","properties":{"kind":"lift","difficulty":null,"name":"Zehnerkarbahn","aerialway":"gondola","osm":"way/23040142"},"geometry":{"type":"LineString","coordinates":[[13.54551,47.25088],[13.54135,47.24217]]}},{"type":"Feature","properties":{"kind":"lift","difficulty":null,"name":"Grünwaldkopfbahn","aerialway":"mixed_lift","osm":"way/23040323"},"geometry":{"type":"LineString","coordinates":[[13.54374,47.25099],[13.54342,47.2597]]}},{"type":"Feature","properties":{"kind":"lift","difficulty":null,"name":"Seekareckbahn","aerialway":"chair_lift","osm":"way/23040324"},"geometry":{"type":"LineString","coordinates":[[13.54277,47.26178],[13.53391,47.26356]]}},{"type":"Feature","properties":{"kind":"lift","difficulty":null,"name":"Hochalmbahn","aerialway":"chair_lift","osm":"way/23040327"},"geometry":{"type":"LineString","coordinates":[[13.5453,47.26162],[13.54871,47.26501]]}},{"type":"Feature","properties":{"kind":"lift","difficulty":null,"name":"Seekarspitzbahn","aerialway":"chair_lift","osm":"way/23045755"},"geometry":{"type":"LineString","coordinates":[[13.56361,47.26461],[13.54706,47.27095]]}},{"type":"Feature","properties":{"kind":"lift","difficulty":null,"name":"Schaidbergbahn","aerialway":"chair_lift","osm":"way/23049456"},"geometry":{"type":"LineString","coordinates":[[13.57217,47.24096],[13.57972,47.24435]]}},{"type":"Feature","properties":{"kind":"lift","difficulty":null,"name":"Gamsleitenbahn I","aerialway":"chair_lift","osm":"way/23055174"},"geometry":{"type":"LineString","coordinates":[[13.56072,47.2466],[13.55614,47.24206]]}},{"type":"Feature","properties":{"kind":"lift","difficulty":null,"name":"Plattenkarbahn","aerialway":"mixed_lift","osm":"way/23112689"},"geometry":{"type":"LineString","coordinates":[[13.5679,47.24542],[13.57774,47.25198]]}},{"type":"Feature","properties":{"kind":"lift","difficulty":null,"name":"Angerbahn","aerialway":"chair_lift","osm":"way/23112692"},"geometry":{"type":"LineString","coordinates":[[13.56497,47.25852],[13.57383,47.25116]]}},{"type":"Feature","properties":{"kind":"lift","difficulty":null,"name":"Zentralbahn","aerialway":"chair_lift","osm":"way/30797683"},"geometry":{"type":"LineString","coordinates":[[13.55746,47.25189],[13.55195,47.26098]]}},{"type":"Feature","properties":{"kind":"lift","difficulty":null,"name":"Sonnenlift 1","aerialway":"chair_lift","osm":"way/30797684"},"geometry":{"type":"LineString","coordinates":[[13.54654,47.25118],[13.55259,47.25854]]}},{"type":"Feature","properties":{"kind":"lift","difficulty":null,"name":"Schönalmbahn","aerialway":"chair_lift","osm":"way/30797685"},"geometry":{"type":"LineString","coordinates":[[13.56548,47.26264],[13.56834,47.26783]]}},{"type":"Feature","properties":{"kind":"lift","difficulty":null,"name":"Edelweissbahn","aerialway":"chair_lift","osm":"way/30797690"},"geometry":{"type":"LineString","coordinates":[[13.56714,47.24595],[13.57163,47.25204]]}},{"type":"Feature","properties":{"kind":"lift","difficulty":null,"name":"Kirchbühellift","aerialway":"t-bar","osm":"way/30898133"},"geometry":{"type":"LineString","coordinates":[[13.54828,47.25025],[13.55296,47.2484]]}},{"type":"Feature","properties":{"kind":"lift","difficulty":null,"name":"Kringsalmbahn","aerialway":"chair_lift","osm":"way/30898289"},"geometry":{"type":"LineString","coordinates":[[13.56354,47.26423],[13.55937,47.26357],[13.55013,47.26542]]}},{"type":"Feature","properties":{"kind":"lift","difficulty":null,"name":"Gamsleitenbahn 2","aerialway":"chair_lift","osm":"way/30978605"},"geometry":{"type":"LineString","coordinates":[[13.55911,47.24088],[13.54806,47.23927]]}},{"type":"Feature","properties":{"kind":"lift","difficulty":null,"name":"Hundskogelbahn","aerialway":"chair_lift","osm":"way/30978635"},"geometry":{"type":"LineString","coordinates":[[13.56567,47.25909],[13.57693,47.26779]]}},{"type":"Feature","properties":{"kind":"lift","difficulty":null,"name":"Panoramabahn","aerialway":"chair_lift","osm":"way/30978652"},"geometry":{"type":"LineString","coordinates":[[13.54493,47.2627],[13.54676,47.27056]]}},{"type":"Feature","properties":{"kind":"lift","difficulty":null,"name":"Monte Flu-Bahn","aerialway":"chair_lift","osm":"way/30978664"},"geometry":{"type":"LineString","coordinates":[[13.54026,47.25263],[13.53306,47.25292]]}},{"type":"Feature","properties":{"kind":"lift","difficulty":null,"name":"Kehrkopfbahn","aerialway":"chair_lift","osm":"way/30978665"},"geometry":{"type":"LineString","coordinates":[[13.52737,47.25391],[13.53312,47.25328]]}},{"type":"Feature","properties":{"kind":"lift","difficulty":null,"name":"Schrotteralmlift","aerialway":"t-bar","osm":"way/30978666"},"geometry":{"type":"LineString","coordinates":[[13.5275,47.2538],[13.53083,47.2521]]}},{"type":"Feature","properties":{"kind":"lift","difficulty":null,"name":"Gamskarlift","aerialway":"platter","osm":"way/30978714"},"geometry":{"type":"LineString","coordinates":[[13.58179,47.24248],[13.57932,47.24576]]}},{"type":"Feature","properties":{"kind":"lift","difficulty":null,"name":"Achenrainbahn","aerialway":"chair_lift","osm":"way/31092558"},"geometry":{"type":"LineString","coordinates":[[13.57085,47.24167],[13.56031,47.24361]]}},{"type":"Feature","properties":{"kind":"lift","difficulty":null,"name":"Sonnenlift 3","aerialway":"platter","osm":"way/31130352"},"geometry":{"type":"LineString","coordinates":[[13.554,47.254],[13.55279,47.25718]]}},{"type":"Feature","properties":{"kind":"lift","difficulty":null,"name":"Skischule Koch","aerialway":"drag_lift","osm":"way/31130427"},"geometry":{"type":"LineString","coordinates":[[13.54558,47.25226],[13.54559,47.25257]]}},{"type":"Feature","properties":{"kind":"lift","difficulty":null,"name":"Pernerlift","aerialway":"drag_lift","osm":"way/31243558"},"geometry":{"type":"LineString","coordinates":[[13.55848,47.24886],[13.55723,47.24991]]}},{"type":"Feature","properties":{"kind":"lift","difficulty":null,"name":"Übungslift","aerialway":"magic_carpet","osm":"way/1019706618"},"geometry":{"type":"LineString","coordinates":[[13.56983,47.24267],[13.57097,47.24433]]}},{"type":"Feature","properties":{"kind":"lift","difficulty":null,"name":"Zehnerkarbahn","aerialway":"gondola","osm":"way/1528325487"},"geometry":{"type":"LineString","coordinates":[[13.54135,47.24217],[13.53354,47.24036]]}}]}