{"type":"FeatureCollection","features":[{"type":"Feature","properties":{"kind":"piste","difficulty":"easy","name":null,"aerialway":null,"osm":"way/22375673"},"geometry":{"type":"LineString","coordinates":[[10.51337,47.01994],[10.51329,47.01984]]}},{"type":"Feature","properties":{"kind":"piste","difficulty":"easy","name":null,"aerialway":null,"osm":"way/24403156"},"geometry":{"type":"LineString","coordinates":[[10.4958,47.02269],[10.496,47.0226],[10.49783,47.02291],[10.50019,47.02255],[10.50073,47.0227],[10.50159,47.02324],[10.50321,47.0238],[10.50607,47.0244]]}},{"type":"Feature","properties":{"kind":"piste","difficulty":"intermediate","name":null,"aerialway":null,"osm":"way/24403159"},"geometry":{"type":"LineString","coordinates":[[10.52979,47.03207],[10.52947,47.0323],[10.52961,47.03278],[10.53029,47.03337],[10.53358,47.03505],[10.53615,47.03682],[10.53656,47.03724],[10.53691,47.03857],[10.53736,47.03928],[10.53802,47.03988],[10.53915,47.04036],[10.54173,47.04098],[10.54251,47.04097],[10.54396,47.04069]]}},{"type":"Feature","properties":{"kind":"piste","difficulty":"advanced","name":"Obere Scheidabfahrt","aerialway":null,"osm":"way/24403162"},"geometry":{"type":"LineString","coordinates":[[10.5265,47.03497],[10.52712,47.03522],[10.52941,47.03801],[10.52998,47.03846],[10.53493,47.0413],[10.53708,47.04116],[10.53972,47.04078],[10.54087,47.04085]]}},{"type":"Feature","properties":{"kind":"piste","difficulty":"freeride","name":"Obere Scheid (Variante)#","aerialway":null,"osm":"way/24403164"},"geometry":{"type":"LineString","coordinates":[[10.52572,47.03548],[10.52608,47.03591],[10.52626,47.03664],[10.52657,47.037],[10.5255,47.03891],[10.52563,47.03959],[10.52602,47.04017],[10.5269,47.04093],[10.5295,47.042],[10.53274,47.04273],[10.53647,47.04289],[10.53843,47.0424],[10.54115,47.04089]]}},{"type":"Feature","properties":{"kind":"piste","difficulty":"intermediate","name":null,"aerialway":null,"osm":"way/24403169"},"geometry":{"type":"LineString","coordinates":[[10.54804,47.04847],[10.54776,47.04848],[10.55152,47.04624],[10.55423,47.04437],[10.55551,47.04375],[10.55782,47.04289],[10.56263,47.04221],[10.56375,47.04168],[10.56502,47.04147],[10.56736,47.0413],[10.56864,47.04141]]}},{"type":"Feature","properties":{"kind":"piste","difficulty":"intermediate","name":"110 - Kerbboden","aerialway":null,"osm":"way/24403170"},"geometry":{"type":"LineString","coordinates":[[10.54684,47.04651],[10.54659,47.04579],[10.54592,47.04537],[10.54596,47.04507],[10.54644,47.04446],[10.54626,47.04398],[10.54447,47.04252],[10.5427,47.04159],[10.54251,47.04097]]}},{"type":"Feature","properties":{"kind":"piste","difficulty":"advanced","name":null,"aerialway":null,"osm":"way/33630090"},"geometry":{"type":"LineString","coordinates":[[10.5133,47.02003],[10.51351,47.01981],[10.5139,47.01989],[10.51493,47.02057]]}},{"type":"Feature","properties":{"kind":"piste","difficulty":"advanced","name":null,"aerialway":null,"osm":"way/33630091"},"geometry":{"type":"LineString","coordinates":[[10.51493,47.02057],[10.518,47.02165],[10.51807,47.02203],[10.51796,47.02301],[10.51709,47.02486],[10.51742,47.02562],[10.5197,47.02694],[10.52153,47.02754]]}},{"type":"Feature","properties":{"kind":"piste","difficulty":"advanced","name":null,"aerialway":null,"osm":"way/33630092"},"geometry":{"type":"LineString","coordinates":[[10.51493,47.02057],[10.51514,47.02125],[10.51497,47.02314],[10.51511,47.02497],[10.51615,47.02714]]}},{"type":"Feature","properties":{"kind":"piste","difficulty":"intermediate","name":null,"aerialway":null,"osm":"way/33630099"},"geometry":{"type":"LineString","coordinates":[[10.54028,47.03348],[10.54018,47.03372],[10.54139,47.03455]]}},{"type":"Feature","properties":{"kind":"piste","difficulty":"intermediate","name":null,"aerialway":null,"osm":"way/33630100"},"geometry":{"type":"LineString","coordinates":[[10.53204,47.03235],[10.53368,47.03314],[10.535,47.03413],[10.53651,47.03497],[10.53734,47.03576],[10.53976,47.03937],[10.54129,47.0406],[10.54225,47.04097]]}},{"type":"Feature","properties":{"kind":"piste","difficulty":"intermediate","name":null,"aerialway":null,"osm":"way/37482449"},"geometry":{"type":"LineString","coordinates":[[10.5288,47.03263],[10.52947,47.0324],[10.53313,47.03238],[10.53542,47.03321],[10.53749,47.03362],[10.5384,47.03403],[10.5413,47.0377],[10.5423,47.03979],[10.543,47.0403],[10.54396,47.04069]]}},{"type":"Feature","properties":{"kind":"piste","difficulty":"easy","name":null,"aerialway":null,"osm":"way/49430416"},"geometry":{"type":"LineString","coordinates":[[10.54804,47.04847],[10.54791,47.04854],[10.54793,47.04868]]}},{"type":"Feature","properties":{"kind":"piste","difficulty":"intermediate","name":null,"aerialway":null,"osm":"way/49605403"},"geometry":{"type":"LineString","coordinates":[[10.54472,47.04052],[10.54456,47.04046]]}},{"type":"Feature","properties":{"kind":"piste","difficulty":"advanced","name":null,"aerialway":null,"osm":"way/51824730"},"geometry":{"type":"LineString","coordinates":[[10.5423,47.03474],[10.54339,47.03641],[10.54363,47.03747]]}},{"type":"Feature","properties":{"kind":"piste","difficulty":"intermediate","name":null,"aerialway":null,"osm":"way/51824741"},"geometry":{"type":"LineString","coordinates":[[10.54028,47.03348],[10.54016,47.03337],[10.54098,47.03266],[10.54196,47.03223],[10.54375,47.0321],[10.5448,47.03177],[10.54604,47.03119]]}},{"type":"Feature","properties":{"kind":"piste","difficulty":"advanced","name":"Lazidabfahrt","aerialway":null,"osm":"way/51824744"},"geometry":{"type":"LineString","coordinates":[[10.54363,47.03747],[10.54288,47.03793],[10.54268,47.03852],[10.54283,47.03897],[10.54375,47.04021],[10.54396,47.04069]]}},{"type":"Feature","properties":{"kind":"piste","difficulty":"intermediate","name":null,"aerialway":null,"osm":"way/51824745"},"geometry":{"type":"LineString","coordinates":[[10.53887,47.0346],[10.54142,47.03577],[10.54339,47.03641]]}},{"type":"Feature","properties":{"kind":"piste","difficulty":"advanced","name":"110 - Kerbboden","aerialway":null,"osm":"way/51824752"},"geometry":{"type":"LineString","coordinates":[[10.54776,47.04848],[10.5473,47.04831],[10.54707,47.04808],[10.54684,47.04651]]}},{"type":"Feature","properties":{"kind":"piste","difficulty":"intermediate","name":null,"aerialway":null,"osm":"way/52891549"},"geometry":{"type":"LineString","coordinates":[[10.52947,47.0324],[10.52854,47.03228],[10.52786,47.03185],[10.52654,47.03163],[10.526,47.03129],[10.52469,47.03],[10.52444,47.02915]]}},{"type":"Feature","properties":{"kind":"piste","difficulty":"easy","name":null,"aerialway":null,"osm":"way/111529271"},"geometry":{"type":"LineString","coordinates":[[10.54985,47.04884],[10.55463,47.04982],[10.55529,47.04984],[10.55754,47.04916],[10.55937,47.04897]]}},{"type":"Feature","properties":{"kind":"piste","difficulty":"intermediate","name":null,"aerialway":null,"osm":"way/111529274"},"geometry":{"type":"LineString","coordinates":[[10.55265,47.04782],[10.55456,47.04716],[10.55617,47.04681],[10.55999,47.04527],[10.56074,47.04486]]}},{"type":"Feature","properties":{"kind":"piste","difficulty":"easy","name":"30","aerialway":null,"osm":"way/129542837"},"geometry":{"type":"LineString","coordinates":[[10.51329,47.01984],[10.51272,47.02007],[10.51149,47.02027],[10.51025,47.02007],[10.50821,47.02027],[10.50721,47.02008],[10.50647,47.01975],[10.50545,47.01976],[10.50457,47.0196],[10.50117,47.02012],[10.50093,47.02037]]}},{"type":"Feature","properties":{"kind":"piste","difficulty":"advanced","name":"Lazid-Nord-Abfahrt","aerialway":null,"osm":"way/156106214"},"geometry":{"type":"LineString","coordinates":[[10.5454,47.03472],[10.54363,47.03747]]}},{"type":"Feature","properties":{"kind":"piste","difficulty":"easy","name":null,"aerialway":null,"osm":"way/209272360"},"geometry":{"type":"LineString","coordinates":[[10.50093,47.02037],[10.50236,47.02169],[10.50607,47.0244],[10.50897,47.02546],[10.51008,47.02577],[10.51361,47.02634],[10.51678,47.02729],[10.51941,47.02762],[10.52167,47.02754],[10.52275,47.02766],[10.52302,47.02782],[10.52404,47.02914],[10.52536,47.02906],[10.52573,47.02915]]}},{"type":"Feature","properties":{"kind":"piste","difficulty":"intermediate","name":null,"aerialway":null,"osm":"way/209272369"},"geometry":{"type":"LineString","coordinates":[[10.53542,47.03321],[10.53692,47.0332]]}},{"type":"Feature","properties":{"kind":"piste","difficulty":"easy","name":null,"aerialway":null,"osm":"way/209272371"},"geometry":{"type":"LineString","coordinates":[[10.49953,47.02149],[10.50173,47.02153],[10.50236,47.02169]]}},{"type":"Feature","properties":{"kind":"piste","difficulty":"intermediate","name":null,"aerialway":null,"osm":"way/209272372"},"geometry":{"type":"LineString","coordinates":[[10.5384,47.03403],[10.53787,47.03508],[10.53802,47.0362],[10.53795,47.0367]]}},{"type":"Feature","properties":{"kind":"piste","difficulty":"advanced","name":"Schleifplattenroute","aerialway":null,"osm":"way/264586230"},"geometry":{"type":"LineString","coordinates":[[10.52896,47.03748],[10.53171,47.0376],[10.53498,47.03721]]}},{"type":"Feature","properties":{"kind":"piste","difficulty":"freeride","name":"Kerbboden (Variante)","aerialway":null,"osm":"way/660923139"},"geometry":{"type":"LineString","coordinates":[[10.5473,47.04831],[10.54457,47.04767],[10.54394,47.04646],[10.54319,47.04554],[10.54333,47.04455],[10.5427,47.04159]]}},{"type":"Feature","properties":{"kind":"piste","difficulty":"freeride","name":"Pezid-Rinne","aerialway":null,"osm":"way/660923140"},"geometry":{"type":"LineString","coordinates":[[10.51149,47.02027],[10.51165,47.02047],[10.51224,47.02066],[10.51166,47.02279],[10.51156,47.02386],[10.51162,47.02606]]}},{"type":"Feature","properties":{"kind":"piste","difficulty":"freeride","name":"Moosbachtal (Variante)","aerialway":null,"osm":"way/660923141"},"geometry":{"type":"LineString","coordinates":[[10.52559,47.02908],[10.52692,47.02919],[10.52887,47.02914],[10.5325,47.0284],[10.537,47.0279],[10.53926,47.028],[10.54028,47.02789],[10.54225,47.02813],[10.543,47.02793],[10.54349,47.02752],[10.5441,47.02695],[10.5441,47.02662],[10.54449,47.02617],[10.54521,47.02573],[10.54578,47.0251],[10.54808,47.02404],[10.5496,47.02376],[10.55008,47.02351],[10.55088,47.02337]]}},{"type":"Feature","properties":{"kind":"piste","difficulty":"freeride","name":"Moosbachtal Direkt (Variante)","aerialway":null,"osm":"way/660923142"},"geometry":{"type":"LineString","coordinates":[[10.54016,47.03337],[10.53967,47.03289],[10.53966,47.03236],[10.53999,47.03133],[10.54045,47.03051],[10.54197,47.0293],[10.54213,47.02867],[10.543,47.02793]]}},{"type":"Feature","properties":{"kind":"piste","difficulty":"freeride","name":"Urgtal (Variante)","aerialway":null,"osm":"way/660923143"},"geometry":{"type":"LineString","coordinates":[[10.57633,47.07027],[10.57396,47.07111],[10.57307,47.07171],[10.57167,47.07321],[10.57083,47.07376],[10.56886,47.07473],[10.56836,47.07546],[10.56842,47.0763],[10.56881,47.07693],[10.56898,47.07752],[10.56881,47.07835],[10.56844,47.07895],[10.56773,47.0794],[10.56459,47.08025],[10.56426,47.08049],[10.56431,47.08111]]}},{"type":"Feature","properties":{"kind":"piste","difficulty":"freeride","name":"Pezidsattel Ost (Variante)","aerialway":null,"osm":"way/661604623"},"geometry":{"type":"LineString","coordinates":[[10.5204,47.02007],[10.52007,47.02041],[10.52003,47.02116],[10.51973,47.02186],[10.51957,47.0237],[10.5207,47.02564],[10.52093,47.02666],[10.52127,47.02712],[10.52188,47.02756]]}},{"type":"Feature","properties":{"kind":"piste","difficulty":"freeride","name":"Moosbach (Variante)","aerialway":null,"osm":"way/661604624"},"geometry":{"type":"LineString","coordinates":[[10.5207,47.02564],[10.52176,47.02606],[10.52356,47.0271],[10.52492,47.02747],[10.5262,47.02757],[10.52882,47.02822],[10.5302,47.02832],[10.5315,47.02797],[10.53274,47.02786],[10.53533,47.02801]]}},{"type":"Feature","properties":{"kind":"piste","difficulty":"freeride","name":null,"aerialway":null,"osm":"way/661604627"},"geometry":{"type":"LineString","coordinates":[[10.5013,47.0201],[10.50066,47.01981],[10.50038,47.01952],[10.49992,47.01847],[10.49935,47.01817],[10.49671,47.01711],[10.49555,47.01685],[10.49333,47.01594]]}},{"type":"Feature","properties":{"kind":"piste","difficulty":"freeride","name":"Furglersee (Variante)","aerialway":null,"osm":"way/661814705"},"geometry":{"type":"LineString","coordinates":[[10.52584,47.0356],[10.52622,47.03624],[10.52626,47.03664],[10.52657,47.037],[10.5255,47.03891],[10.5253,47.0403],[10.52504,47.0407],[10.52524,47.04143],[10.52638,47.04355],[10.52668,47.04453],[10.52709,47.04486],[10.52769,47.04507],[10.52848,47.04513],[10.53014,47.04601],[10.53246,47.04649],[10.53331,47.04623],[10.53509,47.04529],[10.53564,47.04478],[10.5363,47.04357],[10.53747,47.04272]]}},{"type":"Feature","properties":{"kind":"piste","difficulty":"intermediate","name":null,"aerialway":null,"osm":"way/661814708"},"geometry":{"type":"LineString","coordinates":[[10.54675,47.04605],[10.5489,47.04442],[10.55086,47.0424],[10.55233,47.04115]]}},{"type":"Feature","properties":{"kind":"piste","difficulty":"freeride","name":"Böderkopfe (Variante)","aerialway":null,"osm":"way/661814715"},"geometry":{"type":"LineString","coordinates":[[10.53204,47.03235],[10.53457,47.03181],[10.53586,47.03132],[10.53655,47.03084],[10.53805,47.0287],[10.53846,47.0283],[10.53926,47.028]]}},{"type":"Feature","properties":{"kind":"piste","difficulty":"freeride","name":"Laustal Sprung (Variante)","aerialway":null,"osm":"way/661814716"},"geometry":{"type":"LineString","coordinates":[[10.55423,47.04437],[10.55463,47.04305],[10.55589,47.04208],[10.55678,47.04166],[10.55698,47.04116],[10.55715,47.04],[10.55741,47.03959]]}},{"type":"Feature","properties":{"kind":"piste","difficulty":"freeride","name":"Hinterer Brunnenkopf Nord (Variante)","aerialway":null,"osm":"way/662184578"},"geometry":{"type":"LineString","coordinates":[[10.56584,47.06375],[10.56541,47.06379],[10.56474,47.06409],[10.56231,47.06544],[10.55906,47.068],[10.55767,47.06885],[10.55695,47.06964],[10.55546,47.07037],[10.55509,47.0708],[10.55497,47.07145],[10.555,47.07245],[10.55525,47.07321],[10.55607,47.07394],[10.55772,47.07506],[10.55789,47.07593],[10.5586,47.07639],[10.55962,47.07672],[10.56127,47.07768],[10.56192,47.07832],[10.56245,47.07861],[10.56253,47.07911],[10.56431,47.08111]]}},{"type":"Feature","properties":{"kind":"piste","difficulty":"freeride","name":"Brunnenschlucht (Variante)","aerialway":null,"osm":"way/662184579"},"geometry":{"type":"LineString","coordinates":[[10.56541,47.06379],[10.565,47.0643],[10.56487,47.06489],[10.56438,47.06594],[10.56278,47.06752],[10.56207,47.0686],[10.56031,47.07007],[10.55985,47.07076],[10.55988,47.07172],[10.56051,47.07288],[10.56063,47.07356],[10.56001,47.07534],[10.55929,47.0761],[10.55931,47.0764],[10.55962,47.07672]]}},{"type":"Feature","properties":{"kind":"piste","difficulty":"freeride","name":"Sprung (Variante)","aerialway":null,"osm":"way/662184580"},"geometry":{"type":"LineString","coordinates":[[10.56167,47.06593],[10.56152,47.06646],[10.56176,47.06666],[10.56182,47.0672],[10.5623,47.06756],[10.56241,47.06806]]}},{"type":"Feature","properties":{"kind":"piste","difficulty":"freeride","name":"Kesselrunde (Variante)","aerialway":null,"osm":"way/662184581"},"geometry":{"type":"LineString","coordinates":[[10.56167,47.06593],[10.56036,47.06604],[10.55794,47.06587],[10.55687,47.06615],[10.55575,47.06666],[10.55434,47.06751],[10.55321,47.06821],[10.5527,47.0687],[10.55229,47.06935],[10.55194,47.07026],[10.55186,47.07198],[10.55195,47.07278],[10.55225,47.07369],[10.55257,47.0743],[10.55353,47.0755],[10.55477,47.07621],[10.55584,47.07638],[10.55648,47.07635],[10.5583,47.07685],[10.56064,47.07761],[10.56192,47.07832]]}},{"type":"Feature","properties":{"kind":"piste","difficulty":"freeride","name":"Hinterer Brunnenkopf Nord Extrem (Variante)","aerialway":null,"osm":"way/662184582"},"geometry":{"type":"LineString","coordinates":[[10.55767,47.06885],[10.55699,47.06898],[10.55515,47.06975],[10.55412,47.0698],[10.55258,47.07086],[10.55186,47.07198]]}},{"type":"Feature","properties":{"kind":"piste","difficulty":"intermediate","name":null,"aerialway":null,"osm":"way/702230173"},"geometry":{"type":"LineString","coordinates":[[10.55188,47.04122],[10.55233,47.04115],[10.55357,47.0404],[10.55445,47.04013],[10.55794,47.0395],[10.55962,47.03938]]}},{"type":"Feature","properties":{"kind":"piste","difficulty":"intermediate","name":null,"aerialway":null,"osm":"way/702230174"},"geometry":{"type":"LineString","coordinates":[[10.54418,47.04081],[10.54797,47.04092],[10.54979,47.04112],[10.55049,47.04131],[10.55188,47.04122]]}},{"type":"Feature","properties":{"kind":"piste","difficulty":"easy","name":null,"aerialway":null,"osm":"way/725105592"},"geometry":{"type":"LineString","coordinates":[[10.54793,47.04868],[10.54808,47.04882]]}},{"type":"Feature","properties":{"kind":"piste","difficulty":"easy","name":null,"aerialway":null,"osm":"way/725105593"},"geometry":{"type":"LineString","coordinates":[[10.54808,47.04882],[10.54865,47.04907],[10.54938,47.04903],[10.54985,47.04884]]}},{"type":"Feature","properties":{"kind":"piste","difficulty":"intermediate","name":null,"aerialway":null,"osm":"way/725105594"},"geometry":{"type":"LineString","coordinates":[[10.54985,47.04884],[10.55026,47.04845],[10.55165,47.04799],[10.55285,47.04782],[10.55556,47.04786],[10.55772,47.04813],[10.55937,47.04897]]}},{"type":"Feature","properties":{"kind":"piste","difficulty":"intermediate","name":null,"aerialway":null,"osm":"way/766761516"},"geometry":{"type":"LineString","coordinates":[[10.52743,47.03559],[10.52814,47.03545],[10.52818,47.03535],[10.52809,47.03486],[10.52739,47.03362],[10.52711,47.03349],[10.52605,47.03354],[10.52547,47.03336],[10.52505,47.0331],[10.5247,47.03252],[10.52454,47.03154],[10.52469,47.03]]}},{"type":"Feature","properties":{"kind":"piste","difficulty":"advanced","name":"Pezidroute","aerialway":null,"osm":"way/766761517"},"geometry":{"type":"LineString","coordinates":[[10.51528,47.02074],[10.51656,47.02239],[10.51783,47.02344]]}},{"type":"Feature","properties":{"kind":"piste","difficulty":"advanced","name":"Lazid-Nord-Abfahrt","aerialway":null,"osm":"way/815632914"},"geometry":{"type":"LineString","coordinates":[[10.54363,47.03747],[10.54393,47.03795],[10.54439,47.03836],[10.54532,47.03886],[10.54663,47.03933],[10.54808,47.03963],[10.54953,47.0397],[10.55477,47.03913]]}},{"type":"Feature","properties":{"kind":"piste","difficulty":"intermediate","name":null,"aerialway":null,"osm":"way/1014016362"},"geometry":{"type":"LineString","coordinates":[[10.54396,47.04069],[10.54484,47.04043]]}},{"type":"Feature","properties":{"kind":"piste","difficulty":"intermediate","name":null,"aerialway":null,"osm":"way/1014016363"},"geometry":{"type":"LineString","coordinates":[[10.54396,47.04069],[10.54418,47.04081]]}},{"type":"Feature","properties":{"kind":"piste","difficulty":"intermediate","name":null,"aerialway":null,"osm":"way/1014303261"},"geometry":{"type":"LineString","coordinates":[[10.5411,47.03375],[10.54211,47.03366],[10.54365,47.03317],[10.54673,47.03149],[10.54921,47.02927],[10.54938,47.02856]]}},{"type":"Feature","properties":{"kind":"piste","difficulty":"intermediate","name":null,"aerialway":null,"osm":"way/1014303263"},"geometry":{"type":"LineString","coordinates":[[10.52739,47.03362],[10.52784,47.03371],[10.52849,47.03417],[10.52958,47.03451],[10.53217,47.0357],[10.53498,47.03721],[10.53691,47.03857]]}},{"type":"Feature","properties":{"kind":"piste","difficulty":"easy","name":null,"aerialway":null,"osm":"way/1016257860"},"geometry":{"type":"LineString","coordinates":[[10.52444,47.02915],[10.52424,47.02896]]}},{"type":"Feature","properties":{"kind":"piste","difficulty":"intermediate","name":null,"aerialway":null,"osm":"way/1016919230"},"geometry":{"type":"LineString","coordinates":[[10.54924,47.04763],[10.54881,47.04718],[10.54777,47.04692],[10.54684,47.04651]]}},{"type":"Feature","properties":{"kind":"piste","difficulty":"intermediate","name":null,"aerialway":null,"osm":"way/1016922665"},"geometry":{"type":"LineString","coordinates":[[10.54591,47.03485],[10.54422,47.03455],[10.54313,47.03476],[10.5421,47.03472],[10.5384,47.03403]]}},{"type":"Feature","properties":{"kind":"piste","difficulty":"intermediate","name":null,"aerialway":null,"osm":"way/1017161088"},"geometry":{"type":"LineString","coordinates":[[10.54037,47.03339],[10.54028,47.03348]]}},{"type":"Feature","properties":{"kind":"piste","difficulty":"intermediate","name":null,"aerialway":null,"osm":"way/1020245871"},"geometry":{"type":"LineString","coordinates":[[10.55165,47.04799],[10.55186,47.04754],[10.55266,47.04679],[10.55748,47.04488],[10.56062,47.04378]]}},{"type":"Feature","properties":{"kind":"piste","difficulty":"easy","name":null,"aerialway":null,"osm":"way/1026914400"},"geometry":{"type":"LineString","coordinates":[[10.5394,47.03321],[10.54086,47.03363],[10.54185,47.03427],[10.54259,47.03451],[10.54378,47.03458],[10.54534,47.03439]]}},{"type":"Feature","properties":{"kind":"piste","difficulty":"intermediate","name":null,"aerialway":null,"osm":"way/1034468533"},"geometry":{"type":"LineString","coordinates":[[10.54039,47.03666],[10.54019,47.03934],[10.54047,47.03999]]}},{"type":"Feature","properties":{"kind":"piste","difficulty":"advanced","name":"139 - Moosroute","aerialway":null,"osm":"way/1043670504"},"geometry":{"type":"LineString","coordinates":[[10.52534,47.03535],[10.52547,47.03336]]}},{"type":"Feature","properties":{"kind":"piste","difficulty":"intermediate","name":null,"aerialway":null,"osm":"way/1044168973"},"geometry":{"type":"LineString","coordinates":[[10.5265,47.03497],[10.5264,47.03661],[10.52694,47.03596],[10.52743,47.03559]]}},{"type":"Feature","properties":{"kind":"piste","difficulty":"intermediate","name":null,"aerialway":null,"osm":"way/1425003575"},"geometry":{"type":"LineString","coordinates":[[10.54456,47.03451],[10.54453,47.0345]]}},{"type":"Feature","properties":{"kind":"piste","difficulty":"easy","name":null,"aerialway":null,"osm":"way/1467111975"},"geometry":{"type":"LineString","coordinates":[[10.50445,47.01964],[10.50211,47.02],[10.50114,47.02024],[10.50087,47.02044],[10.50075,47.0204],[10.5009,47.02008],[10.50457,47.01956],[10.50565,47.01972],[10.50629,47.01959],[10.50724,47.02002],[10.50812,47.02019],[10.51008,47.01997],[10.51172,47.0202],[10.51279,47.02001],[10.51374,47.01948],[10.51343,47.02002],[10.5133,47.01992],[10.51145,47.02033],[10.51034,47.02015],[10.50818,47.02035],[10.5063,47.0198],[10.50445,47.01964]]}},{"type":"Feature","properties":{"kind":"piste","difficulty":"easy","name":null,"aerialway":null,"osm":"way/1467380409"},"geometry":{"type":"LineString","coordinates":[[10.52469,47.02938],[10.52421,47.02935],[10.52394,47.02914],[10.52291,47.02783],[10.52308,47.02779],[10.52416,47.02907],[10.52447,47.02893],[10.52576,47.0291],[10.52524,47.02943],[10.52469,47.02938]]}},{"type":"Feature","properties":{"kind":"piste","difficulty":"intermediate","name":null,"aerialway":null,"osm":"way/1467380410"},"geometry":{"type":"LineString","coordinates":[[10.52469,47.02938],[10.52478,47.02986],[10.52505,47.03021],[10.52667,47.03153],[10.52775,47.03176],[10.52834,47.03216],[10.52908,47.03233],[10.52892,47.03248],[10.52781,47.03193],[10.52698,47.03197],[10.52623,47.03163],[10.52505,47.03072],[10.52455,47.03007],[10.52441,47.02939],[10.52469,47.02938]]}},{"type":"Feature","properties":{"kind":"piste","difficulty":"easy","name":null,"aerialway":null,"osm":"way/1486155694"},"geometry":{"type":"LineString","coordinates":[[10.49621,47.02257],[10.49781,47.02288],[10.50045,47.02249],[10.50092,47.02262],[10.50189,47.02322],[10.50349,47.02377],[10.50606,47.02427],[10.50578,47.02452],[10.50302,47.02389],[10.50033,47.02265],[10.49901,47.02291],[10.49761,47.02301],[10.49599,47.02268],[10.49621,47.02257]]}},{"type":"Feature","properties":{"kind":"piste","difficulty":"easy","name":null,"aerialway":null,"osm":"way/1486155695"},"geometry":{"type":"LineString","coordinates":[[10.50578,47.02452],[10.50999,47.02586],[10.51378,47.02642],[10.51624,47.02726],[10.51598,47.027],[10.51406,47.02639],[10.51002,47.02564],[10.50606,47.02427],[10.50578,47.02452]]}},{"type":"Feature","properties":{"kind":"piste","difficulty":"easy","name":null,"aerialway":null,"osm":"way/1486155696"},"geometry":{"type":"LineString","coordinates":[[10.51598,47.027],[10.51872,47.02747],[10.52015,47.02757],[10.52098,47.02744],[10.52149,47.02756],[10.51992,47.02769],[10.51894,47.02763],[10.51624,47.02726],[10.51598,47.027]]}},{"type":"Feature","properties":{"kind":"piste","difficulty":"easy","name":null,"aerialway":null,"osm":"way/1486155697"},"geometry":{"type":"LineString","coordinates":[[10.52098,47.02744],[10.52265,47.02751],[10.52308,47.02779],[10.52098,47.02744]]}},{"type":"Feature","properties":{"kind":"piste","difficulty":"intermediate","name":null,"aerialway":null,"osm":"way/1486163393"},"geometry":{"type":"LineString","coordinates":[[10.52947,47.0324],[10.53071,47.03299],[10.5326,47.03458]]}},{"type":"Feature","properties":{"kind":"piste","difficulty":"intermediate","name":null,"aerialway":null,"osm":"way/1486163394"},"geometry":{"type":"LineString","coordinates":[[10.52967,47.03208],[10.52881,47.03254],[10.5291,47.03267],[10.53008,47.03246],[10.53012,47.03235],[10.52967,47.03208]]}},{"type":"Feature","properties":{"kind":"piste","difficulty":"intermediate","name":null,"aerialway":null,"osm":"way/1486163395"},"geometry":{"type":"LineString","coordinates":[[10.5291,47.03267],[10.53052,47.03368],[10.53495,47.03612],[10.53644,47.0373],[10.53677,47.0383],[10.53711,47.03832],[10.53672,47.03711],[10.53556,47.03613],[10.5319,47.03389],[10.53121,47.03316],[10.53008,47.03246],[10.5291,47.03267]]}},{"type":"Feature","properties":{"kind":"piste","difficulty":"intermediate","name":"Obere Scheidabfahrt","aerialway":null,"osm":"way/1486163396"},"geometry":{"type":"LineString","coordinates":[[10.52584,47.03547],[10.52531,47.03536],[10.5265,47.03497]]}},{"type":"Feature","properties":{"kind":"piste","difficulty":"advanced","name":null,"aerialway":null,"osm":"way/1486163397"},"geometry":{"type":"LineString","coordinates":[[10.52751,47.03547],[10.52669,47.03477],[10.52657,47.03493],[10.52653,47.03514],[10.52727,47.0357],[10.52751,47.03547]]}},{"type":"Feature","properties":{"kind":"piste","difficulty":"intermediate","name":null,"aerialway":null,"osm":"way/1486163398"},"geometry":{"type":"LineString","coordinates":[[10.52899,47.03427],[10.5321,47.03552],[10.53344,47.03633],[10.53524,47.03719],[10.53677,47.0383],[10.53633,47.03821],[10.53468,47.03714],[10.53167,47.03553],[10.53021,47.03498],[10.52899,47.03427]]}},{"type":"Feature","properties":{"kind":"piste","difficulty":"intermediate","name":null,"aerialway":null,"osm":"way/1486163399"},"geometry":{"type":"LineString","coordinates":[[10.53711,47.03832],[10.53784,47.0394],[10.53909,47.04018],[10.54072,47.04073],[10.54222,47.04098],[10.54233,47.04109],[10.54112,47.04101],[10.53829,47.04005],[10.53766,47.0397],[10.53633,47.03821],[10.53711,47.03832]]}},{"type":"Feature","properties":{"kind":"piste","difficulty":"intermediate","name":null,"aerialway":null,"osm":"way/1486163400"},"geometry":{"type":"LineString","coordinates":[[10.54222,47.04098],[10.54368,47.04069],[10.54412,47.04067],[10.54426,47.04085],[10.5427,47.0411],[10.54233,47.04109],[10.54222,47.04098]]}},{"type":"Feature","properties":{"kind":"piste","difficulty":"intermediate","name":null,"aerialway":null,"osm":"way/1486163401"},"geometry":{"type":"LineString","coordinates":[[10.54412,47.04067],[10.54489,47.0405],[10.54466,47.04045],[10.54451,47.04058],[10.54406,47.04048],[10.54368,47.04069],[10.54412,47.04067]]}},{"type":"Feature","properties":{"kind":"piste","difficulty":"intermediate","name":null,"aerialway":null,"osm":"way/1486163402"},"geometry":{"type":"LineString","coordinates":[[10.53212,47.0324],[10.53333,47.03299],[10.53482,47.03413],[10.53626,47.03491],[10.5371,47.03569],[10.53768,47.03657],[10.53794,47.03656],[10.53754,47.03582],[10.53671,47.03501],[10.53462,47.03376],[10.53338,47.03278],[10.53258,47.0324],[10.53212,47.0324]]}},{"type":"Feature","properties":{"kind":"piste","difficulty":"intermediate","name":null,"aerialway":null,"osm":"way/1486163403"},"geometry":{"type":"LineString","coordinates":[[10.53768,47.03657],[10.5395,47.03921],[10.54055,47.04017],[10.53949,47.03884],[10.53929,47.03824],[10.53866,47.03759],[10.53811,47.03673],[10.53812,47.03655],[10.53768,47.03657]]}},{"type":"Feature","properties":{"kind":"piste","difficulty":"intermediate","name":null,"aerialway":null,"osm":"way/1486163404"},"geometry":{"type":"LineString","coordinates":[[10.54055,47.04017],[10.54181,47.04088],[10.54222,47.04098],[10.54283,47.04087],[10.54173,47.04073],[10.53995,47.03946],[10.54055,47.04017]]}},{"type":"Feature","properties":{"kind":"piste","difficulty":"intermediate","name":null,"aerialway":null,"osm":"way/1486163405"},"geometry":{"type":"LineString","coordinates":[[10.53815,47.03398],[10.53845,47.0345],[10.53944,47.03547],[10.5402,47.03674],[10.54074,47.03721],[10.5422,47.03988],[10.54356,47.04072],[10.54406,47.04048],[10.54277,47.04001],[10.54181,47.03849],[10.54134,47.03739],[10.54008,47.03599],[10.5393,47.03484],[10.5386,47.03412],[10.53815,47.03398]]}},{"type":"Feature","properties":{"kind":"piste","difficulty":"intermediate","name":null,"aerialway":null,"osm":"way/1486163406"},"geometry":{"type":"LineString","coordinates":[[10.53817,47.03415],[10.53779,47.03499],[10.53794,47.03656],[10.53812,47.03655],[10.53796,47.03506],[10.53831,47.03432],[10.53817,47.03415]]}},{"type":"Feature","properties":{"kind":"piste","difficulty":"intermediate","name":null,"aerialway":null,"osm":"way/1486163407"},"geometry":{"type":"LineString","coordinates":[[10.53999,47.03368],[10.54121,47.0345],[10.54167,47.03458],[10.54021,47.03366],[10.53999,47.03368]]}},{"type":"Feature","properties":{"kind":"piste","difficulty":"intermediate","name":null,"aerialway":null,"osm":"way/1486163408"},"geometry":{"type":"LineString","coordinates":[[10.54021,47.03366],[10.54026,47.0334],[10.5401,47.03329],[10.53919,47.03321],[10.53977,47.03359],[10.54021,47.03366]]}},{"type":"Feature","properties":{"kind":"piste","difficulty":"intermediate","name":null,"aerialway":null,"osm":"way/1486163409"},"geometry":{"type":"LineString","coordinates":[[10.53995,47.03342],[10.54016,47.03337]]}},{"type":"Feature","properties":{"kind":"piste","difficulty":"intermediate","name":null,"aerialway":null,"osm":"way/1486163410"},"geometry":{"type":"LineString","coordinates":[[10.5401,47.03329],[10.54086,47.03261],[10.5418,47.03217],[10.5435,47.03207],[10.54434,47.03184],[10.54541,47.03143],[10.54672,47.03068],[10.54637,47.0312],[10.54551,47.0316],[10.54391,47.03216],[10.54209,47.03229],[10.54091,47.03282],[10.54026,47.0334],[10.5401,47.03329]]}},{"type":"Feature","properties":{"kind":"piste","difficulty":"intermediate","name":null,"aerialway":null,"osm":"way/1486163411"},"geometry":{"type":"LineString","coordinates":[[10.54105,47.03367],[10.54187,47.03359],[10.54342,47.03309],[10.54341,47.03338],[10.5426,47.03363],[10.54126,47.03382],[10.54105,47.03367]]}},{"type":"Feature","properties":{"kind":"piste","difficulty":"easy","name":null,"aerialway":null,"osm":"way/1486163412"},"geometry":{"type":"LineString","coordinates":[[10.54126,47.03382],[10.54137,47.03394],[10.54129,47.03398],[10.54021,47.03366],[10.54018,47.03352],[10.54026,47.0334],[10.54074,47.03353],[10.54126,47.03382]]}},{"type":"Feature","properties":{"kind":"piste","difficulty":"easy","name":null,"aerialway":null,"osm":"way/1486163422"},"geometry":{"type":"LineString","coordinates":[[10.54368,47.03451],[10.54533,47.03427],[10.54585,47.03442],[10.54591,47.03462],[10.54578,47.03488],[10.54368,47.03451]]}},{"type":"Feature","properties":{"kind":"piste","difficulty":"intermediate","name":null,"aerialway":null,"osm":"way/1486169674"},"geometry":{"type":"LineString","coordinates":[[10.55165,47.04123],[10.55217,47.04112],[10.55377,47.0402],[10.55766,47.03946],[10.55947,47.0393],[10.55941,47.03945],[10.55442,47.04019],[10.55366,47.04046],[10.5522,47.04136],[10.55165,47.04123]]}},{"type":"Feature","properties":{"kind":"piste","difficulty":"advanced","name":null,"aerialway":null,"osm":"way/1486169675"},"geometry":{"type":"LineString","coordinates":[[10.54676,47.04658],[10.54696,47.04817],[10.54747,47.04851],[10.54772,47.04838],[10.54726,47.04814],[10.54713,47.04791],[10.54705,47.0467],[10.54676,47.04658]]}},{"type":"Feature","properties":{"kind":"piste","difficulty":"intermediate","name":null,"aerialway":null,"osm":"way/1486169676"},"geometry":{"type":"LineString","coordinates":[[10.54676,47.04658],[10.54648,47.04572],[10.54584,47.04547],[10.54574,47.04528],[10.54631,47.04451],[10.54633,47.04428],[10.54535,47.04324],[10.54548,47.04324],[10.54651,47.04416],[10.54657,47.04443],[10.54647,47.04469],[10.5461,47.04503],[10.54604,47.04525],[10.5468,47.0458],[10.54705,47.0467],[10.54676,47.04658]]}},{"type":"Feature","properties":{"kind":"piste","difficulty":"intermediate","name":null,"aerialway":null,"osm":"way/1486169677"},"geometry":{"type":"LineString","coordinates":[[10.54772,47.04838],[10.54876,47.04814],[10.55046,47.04722],[10.55387,47.0449],[10.55586,47.04378],[10.5582,47.04288],[10.55799,47.04274],[10.55695,47.04303],[10.55537,47.04358],[10.55396,47.0443],[10.54772,47.04838]]}},{"type":"Feature","properties":{"kind":"piste","difficulty":"easy","name":null,"aerialway":null,"osm":"way/1486169678"},"geometry":{"type":"LineString","coordinates":[[10.54788,47.04876],[10.54747,47.04851],[10.54792,47.0484],[10.54805,47.04861],[10.54788,47.04876]]}},{"type":"Feature","properties":{"kind":"piste","difficulty":"easy","name":null,"aerialway":null,"osm":"way/1486169679"},"geometry":{"type":"LineString","coordinates":[[10.54788,47.04876],[10.54822,47.04906],[10.54869,47.04921],[10.54942,47.04917],[10.54987,47.04896],[10.55495,47.05016],[10.55623,47.04993],[10.55837,47.04918],[10.55897,47.04912],[10.55891,47.04875],[10.55727,47.04908],[10.5551,47.04975],[10.55461,47.04977],[10.55391,47.04947],[10.55022,47.04875],[10.54977,47.04871],[10.5491,47.04899],[10.54805,47.04861],[10.54788,47.04876]]}},{"type":"Feature","properties":{"kind":"piste","difficulty":"intermediate","name":null,"aerialway":null,"osm":"way/1486319408"},"geometry":{"type":"LineString","coordinates":[[10.5402,47.03674],[10.54006,47.03955],[10.54051,47.03991],[10.54031,47.03935],[10.54033,47.03805],[10.54044,47.03723],[10.54059,47.03708],[10.5402,47.03674]]}},{"type":"Feature","properties":{"kind":"piste","difficulty":"advanced","name":null,"aerialway":null,"osm":"way/1498308299"},"geometry":{"type":"LineString","coordinates":[[10.54136,47.03448],[10.54243,47.03493]]}},{"type":"Feature","properties":{"kind":"lift","difficulty":null,"name":"Planseggbahn","aerialway":"chair_lift","osm":"way/22329130"},"geometry":{"type":"LineString","coordinates":[[10.56855,47.04182],[10.54804,47.04847]]}},{"type":"Feature","properties":{"kind":"lift","difficulty":null,"name":"Obere Scheidbahn","aerialway":"chair_lift","osm":"way/22329135"},"geometry":{"type":"LineString","coordinates":[[10.54456,47.04046],[10.52584,47.03547]]}},{"type":"Feature","properties":{"kind":"lift","difficulty":null,"name":"Scheidbahn","aerialway":"chair_lift","osm":"way/22329136"},"geometry":{"type":"LineString","coordinates":[[10.54121,47.03842],[10.52979,47.03207]]}},{"type":"Feature","properties":{"kind":"lift","difficulty":null,"name":"Pezidbahn","aerialway":"gondola","osm":"way/22329139"},"geometry":{"type":"LineString","coordinates":[[10.52424,47.02896],[10.5133,47.02003]]}},{"type":"Feature","properties":{"kind":"lift","difficulty":null,"name":"Moosbahn","aerialway":"chair_lift","osm":"way/24403158"},"geometry":{"type":"LineString","coordinates":[[10.52573,47.02915],[10.5288,47.03263]]}},{"type":"Feature","properties":{"kind":"lift","difficulty":null,"name":"Lawensbahn","aerialway":"chair_lift","osm":"way/29462610"},"geometry":{"type":"LineString","coordinates":[[10.55285,47.02324],[10.54037,47.03339]]}},{"type":"Feature","properties":{"kind":"lift","difficulty":null,"name":"Lazidlift","aerialway":"t-bar","osm":"way/156106225"},"geometry":{"type":"LineString","coordinates":[[10.53683,47.0332],[10.5398,47.03321]]}},{"type":"Feature","properties":{"kind":"lift","difficulty":null,"name":"Kleinlift Lazid","aerialway":"rope_tow","osm":"way/1016965062"},"geometry":{"type":"LineString","coordinates":[[10.54456,47.03451],[10.54532,47.0346]]}},{"type":"Feature","properties":{"kind":"lift","difficulty":null,"name":"Scheidbahn","aerialway":"chair_lift","osm":"way/1327165896"},"geometry":{"type":"LineString","coordinates":[[10.54484,47.04043],[10.54121,47.03842]]}},{"type":"Feature","properties":{"kind":"piste","difficulty":"easy","name":null,"aerialway":null,"osm":"way/22329097"},"geometry":{"type":"LineString","coordinates":[[10.59124,47.0459],[10.59261,47.04569],[10.59328,47.04537],[10.59586,47.04476],[10.59679,47.04409],[10.5973,47.0439],[10.60126,47.0416],[10.60427,47.04113],[10.6048,47.04086],[10.60559,47.04087],[10.60667,47.04069],[10.60738,47.04076],[10.60868,47.04014]]}},{"type":"Feature","properties":{"kind":"piste","difficulty":"easy","name":"Mittelabfahrt","aerialway":null,"osm":"way/22329098"},"geometry":{"type":"LineString","coordinates":[[10.57012,47.04162],[10.57093,47.04292],[10.57176,47.04331],[10.57201,47.04388],[10.57222,47.04406],[10.57354,47.04458],[10.57486,47.04488],[10.57562,47.04528],[10.57637,47.04534],[10.57728,47.04523],[10.57929,47.04572],[10.58035,47.04576],[10.58191,47.04558],[10.58455,47.04503],[10.58875,47.04383],[10.59054,47.04384],[10.59123,47.0435],[10.59204,47.04287],[10.59286,47.04256],[10.5933,47.04255],[10.59406,47.04295],[10.59458,47.04288],[10.59518,47.04245],[10.59572,47.04097],[10.59613,47.04088],[10.59624,47.04096]]}},{"type":"Feature","properties":{"kind":"piste","difficulty":"easy","name":null,"aerialway":null,"osm":"way/22329124"},"geometry":{"type":"LineString","coordinates":[[10.59779,47.04358],[10.59782,47.0433],[10.59738,47.0426],[10.59684,47.04232],[10.59566,47.04212],[10.59543,47.04191]]}},{"type":"Feature","properties":{"kind":"piste","difficulty":"intermediate","name":"Waldabfahrt","aerialway":null,"osm":"way/22329134"},"geometry":{"type":"LineString","coordinates":[[10.57065,47.03596],[10.57088,47.03599],[10.57363,47.03774],[10.57438,47.03779],[10.57575,47.03744],[10.57748,47.03762],[10.57844,47.03787],[10.5798,47.03905],[10.58063,47.03932],[10.58247,47.03941],[10.58481,47.03991],[10.58712,47.03958],[10.58872,47.03915],[10.59266,47.03895],[10.5937,47.03909],[10.5948,47.03954],[10.59524,47.04055],[10.59554,47.04082]]}},{"type":"Feature","properties":{"kind":"piste","difficulty":"intermediate","name":null,"aerialway":null,"osm":"way/24403175"},"geometry":{"type":"LineString","coordinates":[[10.56818,47.03691],[10.56902,47.0391],[10.56955,47.03985],[10.57012,47.04162]]}},{"type":"Feature","properties":{"kind":"piste","difficulty":"easy","name":"Gampenabfahrt","aerialway":null,"osm":"way/24403177"},"geometry":{"type":"LineString","coordinates":[[10.56324,47.04017],[10.56622,47.04024],[10.56735,47.04038],[10.56839,47.04103],[10.56864,47.04141]]}},{"type":"Feature","properties":{"kind":"piste","difficulty":"easy","name":"Bärenpiste","aerialway":null,"osm":"way/24403255"},"geometry":{"type":"LineString","coordinates":[[10.56818,47.03691],[10.5668,47.03735],[10.56605,47.0382],[10.56595,47.0387],[10.56621,47.03948],[10.56645,47.03978]]}},{"type":"Feature","properties":{"kind":"piste","difficulty":"easy","name":null,"aerialway":null,"osm":"way/24403256"},"geometry":{"type":"LineString","coordinates":[[10.56683,47.03706],[10.5668,47.03735],[10.56396,47.0377]]}},{"type":"Feature","properties":{"kind":"piste","difficulty":"easy","name":"Bärenpiste","aerialway":null,"osm":"way/24403259"},"geometry":{"type":"LineString","coordinates":[[10.57058,47.03588],[10.571,47.03568],[10.57055,47.03511],[10.56977,47.03485],[10.56917,47.03498],[10.56877,47.03521],[10.56803,47.03615],[10.56801,47.03658],[10.56818,47.03691]]}},{"type":"Feature","properties":{"kind":"piste","difficulty":"intermediate","name":null,"aerialway":null,"osm":"way/24403310"},"geometry":{"type":"LineString","coordinates":[[10.58661,47.0529],[10.58718,47.05273],[10.59076,47.05347],[10.59372,47.05351]]}},{"type":"Feature","properties":{"kind":"piste","difficulty":"easy","name":null,"aerialway":null,"osm":"way/24403311"},"geometry":{"type":"LineString","coordinates":[[10.58661,47.0529],[10.58685,47.05274],[10.58766,47.05274],[10.58791,47.05258],[10.58782,47.05163],[10.58816,47.05143],[10.5889,47.05146],[10.58965,47.05169],[10.59113,47.05176],[10.59284,47.05104]]}},{"type":"Feature","properties":{"kind":"piste","difficulty":"intermediate","name":"Trujeabfahrt","aerialway":null,"osm":"way/29462613"},"geometry":{"type":"LineString","coordinates":[[10.54534,47.03439],[10.54623,47.0343],[10.54714,47.03437],[10.55027,47.03494],[10.55129,47.03493],[10.55206,47.03471],[10.55275,47.0342],[10.55374,47.03391],[10.55533,47.03371],[10.55591,47.03395]]}},{"type":"Feature","properties":{"kind":"piste","difficulty":"intermediate","name":"Waldabfahrt","aerialway":null,"osm":"way/29462961"},"geometry":{"type":"LineString","coordinates":[[10.5924,47.05206],[10.59502,47.05258],[10.5959,47.05357],[10.59753,47.05418],[10.59882,47.05392],[10.60015,47.05315],[10.60172,47.05299],[10.60315,47.05225],[10.60442,47.05215],[10.60686,47.05161],[10.60747,47.05178],[10.60762,47.05197],[10.60794,47.05327],[10.60822,47.05368]]}},{"type":"Feature","properties":{"kind":"piste","difficulty":"intermediate","name":null,"aerialway":null,"osm":"way/33078660"},"geometry":{"type":"LineString","coordinates":[[10.59855,47.07707],[10.5977,47.07719],[10.59697,47.07824],[10.59581,47.07952],[10.59318,47.08003],[10.59228,47.08063],[10.59218,47.08145],[10.59229,47.08282],[10.59111,47.08536],[10.59001,47.08702],[10.58979,47.0878],[10.58992,47.08808]]}},{"type":"Feature","properties":{"kind":"piste","difficulty":"easy","name":null,"aerialway":null,"osm":"way/33078663"},"geometry":{"type":"LineString","coordinates":[[10.61881,47.06094],[10.61822,47.05967],[10.61679,47.05871],[10.61559,47.05808],[10.61371,47.05743],[10.61346,47.05693]]}},{"type":"Feature","properties":{"kind":"piste","difficulty":"easy","name":null,"aerialway":null,"osm":"way/33085121"},"geometry":{"type":"LineString","coordinates":[[10.5891,47.07542],[10.59099,47.07629],[10.59207,47.07744],[10.59227,47.07751]]}},{"type":"Feature","properties":{"kind":"piste","difficulty":"intermediate","name":null,"aerialway":null,"osm":"way/33085123"},"geometry":{"type":"LineString","coordinates":[[10.5891,47.07542],[10.58788,47.07558],[10.58722,47.07587],[10.58793,47.07926],[10.58813,47.08271],[10.58868,47.08622]]}},{"type":"Feature","properties":{"kind":"piste","difficulty":"intermediate","name":null,"aerialway":null,"osm":"way/33085133"},"geometry":{"type":"LineString","coordinates":[[10.58255,47.08191],[10.57915,47.08267],[10.57603,47.0836],[10.57569,47.08442],[10.57571,47.08465],[10.57614,47.08493],[10.57719,47.08514],[10.57754,47.08534],[10.57792,47.08611],[10.57782,47.08627],[10.5775,47.08638],[10.57596,47.08655],[10.57552,47.08679],[10.57552,47.08699],[10.57589,47.08737],[10.57697,47.088],[10.5779,47.08837],[10.57829,47.08872]]}},{"type":"Feature","properties":{"kind":"piste","difficulty":"intermediate","name":null,"aerialway":null,"osm":"way/33085137"},"geometry":{"type":"LineString","coordinates":[[10.58186,47.07411],[10.58362,47.07586],[10.58368,47.07614],[10.58329,47.07713],[10.58527,47.07863],[10.58562,47.07905],[10.58577,47.07956]]}},{"type":"Feature","properties":{"kind":"piste","difficulty":"intermediate","name":null,"aerialway":null,"osm":"way/33085140"},"geometry":{"type":"LineString","coordinates":[[10.58868,47.08622],[10.58615,47.08684],[10.58392,47.08721],[10.58332,47.08756]]}},{"type":"Feature","properties":{"kind":"piste","difficulty":"advanced","name":null,"aerialway":null,"osm":"way/33085151"},"geometry":{"type":"LineString","coordinates":[[10.58026,47.05901],[10.58199,47.0594],[10.58251,47.05932],[10.58296,47.05907],[10.58472,47.0598],[10.58545,47.05995],[10.58929,47.0599]]}},{"type":"Feature","properties":{"kind":"piste","difficulty":"intermediate","name":null,"aerialway":null,"osm":"way/33085154"},"geometry":{"type":"LineString","coordinates":[[10.59813,47.06509],[10.59942,47.06442],[10.60091,47.06285],[10.60198,47.06222]]}},{"type":"Feature","properties":{"kind":"piste","difficulty":"easy","name":null,"aerialway":null,"osm":"way/33085156"},"geometry":{"type":"LineString","coordinates":[[10.58847,47.06065],[10.58863,47.06104],[10.58874,47.06211],[10.58955,47.06258],[10.5931,47.06314],[10.59392,47.06305],[10.59501,47.06259],[10.59517,47.06268]]}},{"type":"Feature","properties":{"kind":"piste","difficulty":"intermediate","name":null,"aerialway":null,"osm":"way/33085157"},"geometry":{"type":"LineString","coordinates":[[10.58205,47.05694],[10.58285,47.05628],[10.58441,47.05569],[10.58499,47.05519],[10.5854,47.05509],[10.58624,47.05515],[10.58643,47.05501],[10.58658,47.05481],[10.58666,47.05394],[10.58661,47.0529]]}},{"type":"Feature","properties":{"kind":"piste","difficulty":"easy","name":null,"aerialway":null,"osm":"way/33085158"},"geometry":{"type":"LineString","coordinates":[[10.58838,47.06056],[10.58844,47.06036],[10.58929,47.0599],[10.59013,47.05967],[10.59457,47.05784],[10.59545,47.05759],[10.59679,47.05753]]}},{"type":"Feature","properties":{"kind":"piste","difficulty":"easy","name":null,"aerialway":null,"osm":"way/33085159"},"geometry":{"type":"LineString","coordinates":[[10.59425,47.05839],[10.59457,47.05784]]}},{"type":"Feature","properties":{"kind":"piste","difficulty":"intermediate","name":null,"aerialway":null,"osm":"way/33085162"},"geometry":{"type":"LineString","coordinates":[[10.59764,47.06064],[10.59889,47.06027],[10.59976,47.06019],[10.60229,47.06056],[10.60384,47.06053]]}},{"type":"Feature","properties":{"kind":"piste","difficulty":"intermediate","name":null,"aerialway":null,"osm":"way/33085164"},"geometry":{"type":"LineString","coordinates":[[10.60384,47.06053],[10.60641,47.05907],[10.60752,47.05883],[10.60952,47.05864],[10.61172,47.05737],[10.61346,47.05693]]}},{"type":"Feature","properties":{"kind":"piste","difficulty":"intermediate","name":null,"aerialway":null,"osm":"way/33121292"},"geometry":{"type":"LineString","coordinates":[[10.57718,47.06234],[10.5769,47.06231]]}},{"type":"Feature","properties":{"kind":"piste","difficulty":"intermediate","name":"Trujeabfahrt","aerialway":null,"osm":"way/33630102"},"geometry":{"type":"LineString","coordinates":[[10.55955,47.03542],[10.55968,47.03623],[10.55944,47.03909],[10.55962,47.03938]]}},{"type":"Feature","properties":{"kind":"piste","difficulty":"advanced","name":"Tscheinabfahrt","aerialway":null,"osm":"way/33630103"},"geometry":{"type":"LineString","coordinates":[[10.54714,47.03437],[10.54767,47.03498],[10.54805,47.03654],[10.54843,47.03695],[10.55251,47.03864],[10.55477,47.03913],[10.55698,47.0393],[10.55794,47.0395]]}},{"type":"Feature","properties":{"kind":"piste","difficulty":"easy","name":null,"aerialway":null,"osm":"way/33630104"},"geometry":{"type":"LineString","coordinates":[[10.59578,47.05627],[10.59647,47.05728],[10.59714,47.05771],[10.59714,47.05786]]}},{"type":"Feature","properties":{"kind":"piste","difficulty":"easy","name":null,"aerialway":null,"osm":"way/37847494"},"geometry":{"type":"LineString","coordinates":[[10.59278,47.05998],[10.59531,47.06036],[10.59628,47.06078],[10.59688,47.06082],[10.59764,47.06064],[10.59809,47.06033],[10.5987,47.05957],[10.60036,47.05897],[10.6069,47.05782],[10.60996,47.05713],[10.61346,47.05693]]}},{"type":"Feature","properties":{"kind":"piste","difficulty":"intermediate","name":null,"aerialway":null,"osm":"way/46613915"},"geometry":{"type":"LineString","coordinates":[[10.59204,47.07741],[10.59188,47.0787],[10.59192,47.07936]]}},{"type":"Feature","properties":{"kind":"piste","difficulty":"intermediate","name":null,"aerialway":null,"osm":"way/49430412"},"geometry":{"type":"LineString","coordinates":[[10.58205,47.05694],[10.58621,47.05807],[10.58877,47.05902],[10.59013,47.05967],[10.59083,47.05986],[10.59278,47.05998]]}},{"type":"Feature","properties":{"kind":"piste","difficulty":"intermediate","name":null,"aerialway":null,"osm":"way/49430415"},"geometry":{"type":"LineString","coordinates":[[10.5769,47.06231],[10.57569,47.06153],[10.57779,47.06121],[10.57891,47.06122]]}},{"type":"Feature","properties":{"kind":"piste","difficulty":"intermediate","name":null,"aerialway":null,"osm":"way/49430417"},"geometry":{"type":"LineString","coordinates":[[10.58661,47.0529],[10.58628,47.05271],[10.58294,47.05276],[10.58219,47.05262],[10.58133,47.05217],[10.57857,47.04875],[10.5783,47.04811],[10.57842,47.04732]]}},{"type":"Feature","properties":{"kind":"piste","difficulty":"easy","name":null,"aerialway":null,"osm":"way/49430418"},"geometry":{"type":"LineString","coordinates":[[10.58785,47.04667],[10.58845,47.0462],[10.58865,47.04622]]}},{"type":"Feature","properties":{"kind":"piste","difficulty":"easy","name":null,"aerialway":null,"osm":"way/49430419"},"geometry":{"type":"LineString","coordinates":[[10.58471,47.04689],[10.58554,47.04627],[10.58672,47.04502],[10.58812,47.04429],[10.5882,47.04397]]}},{"type":"Feature","properties":{"kind":"piste","difficulty":"intermediate","name":null,"aerialway":null,"osm":"way/49430421"},"geometry":{"type":"LineString","coordinates":[[10.60861,47.05384],[10.60897,47.05389],[10.60893,47.054],[10.60871,47.054]]}},{"type":"Feature","properties":{"kind":"piste","difficulty":"intermediate","name":null,"aerialway":null,"osm":"way/49430423"},"geometry":{"type":"LineString","coordinates":[[10.59422,47.05473],[10.59587,47.05478],[10.59724,47.05459]]}},{"type":"Feature","properties":{"kind":"piste","difficulty":"easy","name":null,"aerialway":null,"osm":"way/49430424"},"geometry":{"type":"LineString","coordinates":[[10.59457,47.05784],[10.59516,47.05665],[10.5965,47.05594],[10.59667,47.05571]]}},{"type":"Feature","properties":{"kind":"piste","difficulty":"advanced","name":null,"aerialway":null,"osm":"way/49430428"},"geometry":{"type":"LineString","coordinates":[[10.57682,47.0726],[10.57651,47.07215],[10.5766,47.07124],[10.57882,47.07002],[10.5827,47.06687]]}},{"type":"Feature","properties":{"kind":"piste","difficulty":"intermediate","name":null,"aerialway":null,"osm":"way/49430429"},"geometry":{"type":"LineString","coordinates":[[10.58933,47.07518],[10.5891,47.07542],[10.59003,47.07506],[10.59081,47.07501],[10.59094,47.07476],[10.5891,47.07432],[10.58889,47.07422],[10.58889,47.0741],[10.59121,47.0739],[10.5914,47.07379],[10.5914,47.0736],[10.59089,47.07339],[10.58844,47.07291],[10.58839,47.07235],[10.58664,47.07086],[10.58762,47.06934],[10.58816,47.06926],[10.58896,47.06943],[10.58966,47.06935],[10.59136,47.06875]]}},{"type":"Feature","properties":{"kind":"piste","difficulty":"intermediate","name":null,"aerialway":null,"osm":"way/49430431"},"geometry":{"type":"LineString","coordinates":[[10.58134,47.07041],[10.58209,47.07015],[10.584,47.07016],[10.58864,47.07138],[10.58986,47.07146],[10.58996,47.07129],[10.58895,47.071],[10.58813,47.07009],[10.58748,47.06958]]}},{"type":"Feature","properties":{"kind":"piste","difficulty":"advanced","name":null,"aerialway":null,"osm":"way/49430432"},"geometry":{"type":"LineString","coordinates":[[10.58472,47.07443],[10.58446,47.074],[10.58353,47.0734],[10.58346,47.07294],[10.58284,47.07234],[10.58238,47.07204],[10.58142,47.0717],[10.58115,47.07144],[10.58119,47.07089],[10.58181,47.069],[10.5827,47.06687],[10.58285,47.06596]]}},{"type":"Feature","properties":{"kind":"piste","difficulty":"intermediate","name":null,"aerialway":null,"osm":"way/49605402"},"geometry":{"type":"LineString","coordinates":[[10.54604,47.03119],[10.54685,47.03076],[10.54972,47.02828],[10.55156,47.02642],[10.55201,47.0254],[10.55221,47.02445],[10.5521,47.02374],[10.55266,47.02318]]}},{"type":"Feature","properties":{"kind":"piste","difficulty":"easy","name":null,"aerialway":null,"osm":"way/49605406"},"geometry":{"type":"LineString","coordinates":[[10.56161,47.03989],[10.56324,47.04017]]}},{"type":"Feature","properties":{"kind":"piste","difficulty":"easy","name":null,"aerialway":null,"osm":"way/49605407"},"geometry":{"type":"LineString","coordinates":[[10.56263,47.0408],[10.56248,47.04078],[10.56243,47.04058]]}},{"type":"Feature","properties":{"kind":"piste","difficulty":"easy","name":null,"aerialway":null,"osm":"way/50831978"},"geometry":{"type":"LineString","coordinates":[[10.61896,47.06102],[10.61937,47.06058],[10.61995,47.05946],[10.62031,47.05849],[10.62022,47.05834]]}},{"type":"Feature","properties":{"kind":"piste","difficulty":"intermediate","name":null,"aerialway":null,"osm":"way/50831979"},"geometry":{"type":"LineString","coordinates":[[10.58642,47.08071],[10.58547,47.0821],[10.58484,47.08331],[10.58444,47.08364],[10.583,47.08404],[10.58276,47.08439],[10.58275,47.08462],[10.58328,47.0858],[10.58342,47.08723],[10.58332,47.08756],[10.58261,47.08808],[10.58176,47.0883],[10.57829,47.08872]]}},{"type":"Feature","properties":{"kind":"piste","difficulty":"advanced","name":null,"aerialway":null,"osm":"way/51011263"},"geometry":{"type":"LineString","coordinates":[[10.62307,47.08064],[10.62314,47.08],[10.62246,47.0782],[10.62225,47.07728],[10.62231,47.07692],[10.62284,47.07611],[10.62301,47.07557]]}},{"type":"Feature","properties":{"kind":"piste","difficulty":"advanced","name":null,"aerialway":null,"osm":"way/51824747"},"geometry":{"type":"LineString","coordinates":[[10.54938,47.02856],[10.54954,47.02716],[10.5499,47.02599],[10.54983,47.02443],[10.54998,47.02406],[10.55104,47.02332]]}},{"type":"Feature","properties":{"kind":"piste","difficulty":"advanced","name":"Hohe-Pleis-Abfahrt","aerialway":null,"osm":"way/51824749"},"geometry":{"type":"LineString","coordinates":[[10.55206,47.03471],[10.55516,47.03635],[10.55741,47.03797],[10.55808,47.03885],[10.55853,47.03922],[10.55909,47.03938]]}},{"type":"Feature","properties":{"kind":"piste","difficulty":"easy","name":null,"aerialway":null,"osm":"way/51824751"},"geometry":{"type":"LineString","coordinates":[[10.55955,47.03542],[10.56042,47.0356],[10.56235,47.03639],[10.56323,47.03692],[10.56345,47.03756]]}},{"type":"Feature","properties":{"kind":"piste","difficulty":"easy","name":null,"aerialway":null,"osm":"way/52893630"},"geometry":{"type":"LineString","coordinates":[[10.54534,47.03439],[10.54393,47.03368],[10.54376,47.0335],[10.54389,47.03326],[10.54458,47.03301],[10.54702,47.0317],[10.55039,47.02851],[10.55114,47.02814],[10.55432,47.02771],[10.55472,47.02743],[10.5544,47.02681],[10.55426,47.02578],[10.55345,47.02476],[10.5521,47.02374],[10.55102,47.02344],[10.55111,47.02326],[10.55148,47.02306],[10.55285,47.02324]]}},{"type":"Feature","properties":{"kind":"piste","difficulty":"easy","name":null,"aerialway":null,"osm":"way/52901109"},"geometry":{"type":"LineString","coordinates":[[10.55962,47.03938],[10.56137,47.03843],[10.56345,47.03756],[10.56373,47.03756]]}},{"type":"Feature","properties":{"kind":"piste","difficulty":"intermediate","name":null,"aerialway":null,"osm":"way/52907516"},"geometry":{"type":"LineString","coordinates":[[10.56902,47.0391],[10.56839,47.04103]]}},{"type":"Feature","properties":{"kind":"piste","difficulty":"intermediate","name":null,"aerialway":null,"osm":"way/52907519"},"geometry":{"type":"LineString","coordinates":[[10.5718,47.04943],[10.57394,47.04846]]}},{"type":"Feature","properties":{"kind":"piste","difficulty":"intermediate","name":null,"aerialway":null,"osm":"way/52908097"},"geometry":{"type":"LineString","coordinates":[[10.5769,47.06231],[10.57811,47.06332],[10.57944,47.06416],[10.58069,47.06515],[10.5816,47.06563],[10.58285,47.06596],[10.58444,47.06585],[10.58586,47.06619],[10.58879,47.0659],[10.5896,47.06568],[10.59198,47.06569],[10.59276,47.06585],[10.59524,47.06567],[10.59635,47.06545]]}},{"type":"Feature","properties":{"kind":"piste","difficulty":"intermediate","name":null,"aerialway":null,"osm":"way/52908101"},"geometry":{"type":"LineString","coordinates":[[10.57692,47.06205],[10.5769,47.06231]]}},{"type":"Feature","properties":{"kind":"piste","difficulty":"intermediate","name":null,"aerialway":null,"osm":"way/52908102"},"geometry":{"type":"LineString","coordinates":[[10.57891,47.06122],[10.57867,47.06096],[10.57804,47.05813]]}},{"type":"Feature","properties":{"kind":"piste","difficulty":"intermediate","name":null,"aerialway":null,"osm":"way/52908103"},"geometry":{"type":"LineString","coordinates":[[10.5769,47.06231],[10.57803,47.06181],[10.57891,47.06122],[10.5799,47.05986],[10.58026,47.05901]]}},{"type":"Feature","properties":{"kind":"piste","difficulty":"easy","name":null,"aerialway":null,"osm":"way/52915319"},"geometry":{"type":"LineString","coordinates":[[10.58838,47.06056],[10.58847,47.06065],[10.58911,47.06063]]}},{"type":"Feature","properties":{"kind":"piste","difficulty":"intermediate","name":null,"aerialway":null,"osm":"way/52916150"},"geometry":{"type":"LineString","coordinates":[[10.59078,47.0685],[10.59136,47.06875],[10.5918,47.06869],[10.59271,47.06853],[10.59375,47.06799],[10.59518,47.06629],[10.59537,47.06381],[10.59567,47.06292],[10.5963,47.0619],[10.59764,47.06064]]}},{"type":"Feature","properties":{"kind":"piste","difficulty":"intermediate","name":null,"aerialway":null,"osm":"way/52918062"},"geometry":{"type":"LineString","coordinates":[[10.58042,47.07415],[10.58096,47.07393]]}},{"type":"Feature","properties":{"kind":"piste","difficulty":"intermediate","name":null,"aerialway":null,"osm":"way/52918118"},"geometry":{"type":"LineString","coordinates":[[10.58715,47.07498],[10.58722,47.07587]]}},{"type":"Feature","properties":{"kind":"piste","difficulty":"easy","name":null,"aerialway":null,"osm":"way/111529270"},"geometry":{"type":"LineString","coordinates":[[10.56074,47.04486],[10.56063,47.0446],[10.56062,47.04351],[10.56089,47.04247],[10.56232,47.04117],[10.56243,47.04058],[10.56324,47.04017]]}},{"type":"Feature","properties":{"kind":"piste","difficulty":"easy","name":null,"aerialway":null,"osm":"way/111529273"},"geometry":{"type":"LineString","coordinates":[[10.59113,47.05176],[10.59183,47.0518]]}},{"type":"Feature","properties":{"kind":"piste","difficulty":"advanced","name":null,"aerialway":null,"osm":"way/135511871"},"geometry":{"type":"LineString","coordinates":[[10.57036,47.08449],[10.57137,47.08505],[10.57192,47.08565],[10.57266,47.08609]]}},{"type":"Feature","properties":{"kind":"piste","difficulty":"easy","name":null,"aerialway":null,"osm":"way/198184238"},"geometry":{"type":"LineString","coordinates":[[10.59567,47.06292],[10.59502,47.06271]]}},{"type":"Feature","properties":{"kind":"piste","difficulty":"easy","name":null,"aerialway":null,"osm":"way/198189008"},"geometry":{"type":"LineString","coordinates":[[10.59212,47.05181],[10.59183,47.0518]]}},{"type":"Feature","properties":{"kind":"piste","difficulty":"intermediate","name":null,"aerialway":null,"osm":"way/209217318"},"geometry":{"type":"LineString","coordinates":[[10.57829,47.08872],[10.5777,47.08928],[10.57717,47.09004],[10.57659,47.09026],[10.57613,47.09026]]}},{"type":"Feature","properties":{"kind":"piste","difficulty":"intermediate","name":null,"aerialway":null,"osm":"way/209217320"},"geometry":{"type":"LineString","coordinates":[[10.59692,47.08282],[10.59627,47.0839],[10.59547,47.08438],[10.59333,47.08493],[10.59085,47.08814],[10.5907,47.08826],[10.59016,47.08814]]}},{"type":"Feature","properties":{"kind":"piste","difficulty":"intermediate","name":null,"aerialway":null,"osm":"way/209217322"},"geometry":{"type":"LineString","coordinates":[[10.58752,47.07737],[10.58686,47.07855],[10.58577,47.07956]]}},{"type":"Feature","properties":{"kind":"piste","difficulty":"intermediate","name":null,"aerialway":null,"osm":"way/209217323"},"geometry":{"type":"LineString","coordinates":[[10.5977,47.07719],[10.59578,47.07743],[10.59402,47.07808],[10.59243,47.07885],[10.59192,47.07936],[10.59196,47.07992],[10.59228,47.08063]]}},{"type":"Feature","properties":{"kind":"piste","difficulty":"advanced","name":null,"aerialway":null,"osm":"way/209217324"},"geometry":{"type":"LineString","coordinates":[[10.59692,47.08141],[10.59631,47.08216],[10.59333,47.08493]]}},{"type":"Feature","properties":{"kind":"piste","difficulty":"intermediate","name":null,"aerialway":null,"osm":"way/209217325"},"geometry":{"type":"LineString","coordinates":[[10.57829,47.08872],[10.57745,47.08873],[10.57667,47.08853],[10.57552,47.08844],[10.57451,47.08806],[10.57428,47.08822],[10.57429,47.08862]]}},{"type":"Feature","properties":{"kind":"piste","difficulty":"intermediate","name":null,"aerialway":null,"osm":"way/209220462"},"geometry":{"type":"LineString","coordinates":[[10.59692,47.08282],[10.59718,47.0835],[10.59731,47.08439],[10.59729,47.08557],[10.59696,47.08815],[10.59625,47.08848],[10.59523,47.08858],[10.59441,47.08854],[10.59273,47.08806],[10.5907,47.08826]]}},{"type":"Feature","properties":{"kind":"piste","difficulty":"intermediate","name":null,"aerialway":null,"osm":"way/209253505"},"geometry":{"type":"LineString","coordinates":[[10.58868,47.08622],[10.58892,47.08673],[10.58979,47.0878]]}},{"type":"Feature","properties":{"kind":"piste","difficulty":"intermediate","name":null,"aerialway":null,"osm":"way/209253518"},"geometry":{"type":"LineString","coordinates":[[10.58577,47.07956],[10.58463,47.0809],[10.58383,47.08144],[10.58255,47.08191],[10.5816,47.08267],[10.5812,47.08318],[10.58119,47.08352],[10.58133,47.08375],[10.58275,47.08462]]}},{"type":"Feature","properties":{"kind":"piste","difficulty":"advanced","name":null,"aerialway":null,"osm":"way/209254197"},"geometry":{"type":"LineString","coordinates":[[10.57722,47.07284],[10.57614,47.07368],[10.57599,47.07393],[10.57607,47.07432],[10.57644,47.07491],[10.5764,47.07589],[10.57608,47.07674],[10.57608,47.0784],[10.57573,47.08065],[10.57576,47.08188],[10.57603,47.0836]]}},{"type":"Feature","properties":{"kind":"piste","difficulty":"easy","name":null,"aerialway":null,"osm":"way/209254713"},"geometry":{"type":"LineString","coordinates":[[10.59587,47.07693],[10.59234,47.07702],[10.59199,47.07724]]}},{"type":"Feature","properties":{"kind":"piste","difficulty":"intermediate","name":null,"aerialway":null,"osm":"way/209259549"},"geometry":{"type":"LineString","coordinates":[[10.62477,47.06626],[10.62453,47.0658],[10.62311,47.06534],[10.62219,47.06467]]}},{"type":"Feature","properties":{"kind":"piste","difficulty":"intermediate","name":null,"aerialway":null,"osm":"way/209259550"},"geometry":{"type":"LineString","coordinates":[[10.62433,47.06908],[10.62489,47.06834]]}},{"type":"Feature","properties":{"kind":"piste","difficulty":"intermediate","name":null,"aerialway":null,"osm":"way/209259558"},"geometry":{"type":"LineString","coordinates":[[10.62413,47.07136],[10.62363,47.07026],[10.62363,47.06996],[10.62375,47.06965],[10.62426,47.06915]]}},{"type":"Feature","properties":{"kind":"piste","difficulty":"intermediate","name":null,"aerialway":null,"osm":"way/209259563"},"geometry":{"type":"LineString","coordinates":[[10.62489,47.06834],[10.62511,47.06768],[10.62507,47.06706],[10.62477,47.06626]]}},{"type":"Feature","properties":{"kind":"piste","difficulty":"intermediate","name":null,"aerialway":null,"osm":"way/209259565"},"geometry":{"type":"LineString","coordinates":[[10.62024,47.06168],[10.62045,47.06094]]}},{"type":"Feature","properties":{"kind":"piste","difficulty":"intermediate","name":null,"aerialway":null,"osm":"way/209259566"},"geometry":{"type":"LineString","coordinates":[[10.60938,47.08012],[10.61046,47.08102],[10.61104,47.08132],[10.61341,47.08188],[10.61828,47.08206],[10.61938,47.08201],[10.62143,47.08157],[10.62572,47.07911],[10.62636,47.07904],[10.62828,47.07917],[10.62846,47.07902],[10.6284,47.07867],[10.6281,47.07826],[10.62727,47.07761],[10.62593,47.07688],[10.62384,47.07646],[10.6233,47.07607],[10.62301,47.07557]]}},{"type":"Feature","properties":{"kind":"piste","difficulty":"easy","name":null,"aerialway":null,"osm":"way/209266676"},"geometry":{"type":"LineString","coordinates":[[10.5924,47.05206],[10.59266,47.05192],[10.59284,47.05154],[10.59275,47.05067],[10.59241,47.05005],[10.59076,47.04824],[10.59009,47.048],[10.58855,47.04824],[10.58598,47.0483],[10.58484,47.04794],[10.58411,47.04753],[10.58407,47.04719],[10.58471,47.04689]]}},{"type":"Feature","properties":{"kind":"piste","difficulty":"easy","name":null,"aerialway":null,"osm":"way/209266678"},"geometry":{"type":"LineString","coordinates":[[10.59183,47.0518],[10.5924,47.05206]]}},{"type":"Feature","properties":{"kind":"piste","difficulty":"easy","name":null,"aerialway":null,"osm":"way/209266679"},"geometry":{"type":"LineString","coordinates":[[10.59192,47.06047],[10.59278,47.05998]]}},{"type":"Feature","properties":{"kind":"piste","difficulty":"easy","name":null,"aerialway":null,"osm":"way/209266695"},"geometry":{"type":"LineString","coordinates":[[10.59667,47.05571],[10.59671,47.05527],[10.59717,47.05468]]}},{"type":"Feature","properties":{"kind":"piste","difficulty":"easy","name":null,"aerialway":null,"osm":"way/209266697"},"geometry":{"type":"LineString","coordinates":[[10.59372,47.05351],[10.59369,47.05414],[10.59379,47.05437],[10.59469,47.0551],[10.59578,47.05627]]}},{"type":"Feature","properties":{"kind":"piste","difficulty":"intermediate","name":null,"aerialway":null,"osm":"way/209266699"},"geometry":{"type":"LineString","coordinates":[[10.59731,47.05453],[10.59822,47.05409]]}},{"type":"Feature","properties":{"kind":"piste","difficulty":"easy","name":null,"aerialway":null,"osm":"way/209266703"},"geometry":{"type":"LineString","coordinates":[[10.58911,47.06063],[10.58995,47.06036],[10.59116,47.06025],[10.59192,47.06047]]}},{"type":"Feature","properties":{"kind":"piste","difficulty":"easy","name":null,"aerialway":null,"osm":"way/209268356"},"geometry":{"type":"LineString","coordinates":[[10.57637,47.04534],[10.57739,47.04593],[10.5785,47.04619],[10.57957,47.04662],[10.58106,47.04693],[10.58325,47.04699],[10.58538,47.04677],[10.58755,47.04672],[10.59124,47.0459]]}},{"type":"Feature","properties":{"kind":"piste","difficulty":"intermediate","name":null,"aerialway":null,"osm":"way/228358132"},"geometry":{"type":"LineString","coordinates":[[10.62219,47.06467],[10.62151,47.06382],[10.62059,47.06206],[10.62024,47.06168],[10.61881,47.06094]]}},{"type":"Feature","properties":{"kind":"piste","difficulty":"easy","name":null,"aerialway":null,"osm":"way/245926505"},"geometry":{"type":"LineString","coordinates":[[10.6202,47.06093],[10.61857,47.06025]]}},{"type":"Feature","properties":{"kind":"piste","difficulty":"easy","name":null,"aerialway":null,"osm":"way/260347717"},"geometry":{"type":"LineString","coordinates":[[10.60373,47.04118],[10.60419,47.04072],[10.60449,47.04016]]}},{"type":"Feature","properties":{"kind":"piste","difficulty":"advanced","name":"Lazid x-dream","aerialway":null,"osm":"way/264582580"},"geometry":{"type":"LineString","coordinates":[[10.55027,47.03494],[10.5519,47.03602],[10.55419,47.03873],[10.55477,47.03913]]}},{"type":"Feature","properties":{"kind":"piste","difficulty":"intermediate","name":"Sattelabfahrt","aerialway":null,"osm":"way/264584265"},"geometry":{"type":"LineString","coordinates":[[10.57891,47.06122],[10.58003,47.06192],[10.58064,47.06208],[10.58087,47.06194],[10.58087,47.05995],[10.58026,47.05901]]}},{"type":"Feature","properties":{"kind":"piste","difficulty":"intermediate","name":null,"aerialway":null,"osm":"way/264599742"},"geometry":{"type":"LineString","coordinates":[[10.57258,47.05705],[10.57169,47.05648],[10.57076,47.05544],[10.57056,47.05434],[10.56976,47.05187],[10.56898,47.0515],[10.56865,47.05117],[10.5685,47.05065],[10.5678,47.04946],[10.56774,47.049],[10.56786,47.04813],[10.56678,47.04703],[10.56659,47.04633],[10.56606,47.04552],[10.5658,47.04384],[10.56587,47.04287],[10.56613,47.04224],[10.56656,47.04172],[10.56736,47.0413]]}},{"type":"Feature","properties":{"kind":"piste","difficulty":"intermediate","name":null,"aerialway":null,"osm":"way/264599743"},"geometry":{"type":"LineString","coordinates":[[10.57694,47.06038],[10.5754,47.05995],[10.57445,47.05929],[10.57407,47.05888],[10.57375,47.05795],[10.57329,47.05743],[10.57258,47.05705]]}},{"type":"Feature","properties":{"kind":"piste","difficulty":"advanced","name":"Adlerroute","aerialway":null,"osm":"way/264599745"},"geometry":{"type":"LineString","coordinates":[[10.5758,47.08017],[10.57527,47.08044],[10.57488,47.08119],[10.57423,47.08173],[10.57348,47.08198],[10.57271,47.08249],[10.57173,47.08334],[10.57067,47.08401],[10.57036,47.08449]]}},{"type":"Feature","properties":{"kind":"piste","difficulty":"advanced","name":null,"aerialway":null,"osm":"way/264599747"},"geometry":{"type":"LineString","coordinates":[[10.57266,47.08609],[10.57369,47.0865],[10.57582,47.08815]]}},{"type":"Feature","properties":{"kind":"piste","difficulty":"advanced","name":"Zwölfer-Sportiv","aerialway":null,"osm":"way/264599748"},"geometry":{"type":"LineString","coordinates":[[10.58096,47.07393],[10.58108,47.07441],[10.58087,47.07702],[10.58122,47.08148],[10.58108,47.08224],[10.5816,47.08267]]}},{"type":"Feature","properties":{"kind":"piste","difficulty":"advanced","name":"Kamikaze","aerialway":null,"osm":"way/264603801"},"geometry":{"type":"LineString","coordinates":[[10.5766,47.07124],[10.57622,47.06975],[10.57642,47.06937],[10.58072,47.06686],[10.58285,47.06596]]}},{"type":"Feature","properties":{"kind":"piste","difficulty":"intermediate","name":null,"aerialway":null,"osm":"way/368984528"},"geometry":{"type":"LineString","coordinates":[[10.62301,47.07557],[10.62324,47.07524],[10.62446,47.07419],[10.6248,47.07363],[10.62493,47.07268],[10.62435,47.07197],[10.62413,47.07136]]}},{"type":"Feature","properties":{"kind":"piste","difficulty":"intermediate","name":null,"aerialway":null,"osm":"way/390047129"},"geometry":{"type":"LineString","coordinates":[[10.60822,47.05368],[10.60861,47.05384]]}},{"type":"Feature","properties":{"kind":"piste","difficulty":"intermediate","name":null,"aerialway":null,"osm":"way/406217972"},"geometry":{"type":"LineString","coordinates":[[10.57867,47.06096],[10.57694,47.06038]]}},{"type":"Feature","properties":{"kind":"piste","difficulty":"intermediate","name":null,"aerialway":null,"osm":"way/406217981"},"geometry":{"type":"LineString","coordinates":[[10.58404,47.06583],[10.58502,47.06551],[10.58823,47.06485],[10.58899,47.06448],[10.59129,47.0629]]}},{"type":"Feature","properties":{"kind":"piste","difficulty":"intermediate","name":null,"aerialway":null,"osm":"way/441599584"},"geometry":{"type":"LineString","coordinates":[[10.57329,47.05743],[10.57415,47.05583],[10.57465,47.05364],[10.57548,47.05147],[10.57658,47.0507],[10.57944,47.04935],[10.58078,47.04857],[10.5813,47.04763],[10.58325,47.04699]]}},{"type":"Feature","properties":{"kind":"piste","difficulty":"intermediate","name":null,"aerialway":null,"osm":"way/514257955"},"geometry":{"type":"LineString","coordinates":[[10.60697,47.06338],[10.60715,47.06297],[10.60692,47.06257],[10.60568,47.06202],[10.60642,47.06211],[10.60652,47.06202],[10.60349,47.06097]]}},{"type":"Feature","properties":{"kind":"piste","difficulty":"intermediate","name":null,"aerialway":null,"osm":"way/516487385"},"geometry":{"type":"LineString","coordinates":[[10.58992,47.08808],[10.5895,47.08812],[10.58808,47.08774],[10.58481,47.08621],[10.58372,47.0859],[10.5833,47.08599]]}},{"type":"Feature","properties":{"kind":"piste","difficulty":"intermediate","name":null,"aerialway":null,"osm":"way/606177967"},"geometry":{"type":"LineString","coordinates":[[10.60697,47.06338],[10.60701,47.06308],[10.60675,47.06287],[10.60512,47.06269],[10.60425,47.06275],[10.60363,47.06261],[10.60267,47.06277],[10.60198,47.06222]]}},{"type":"Feature","properties":{"kind":"piste","difficulty":"easy","name":null,"aerialway":null,"osm":"way/609420058"},"geometry":{"type":"LineString","coordinates":[[10.59572,47.04097],[10.59554,47.04082],[10.59531,47.04083]]}},{"type":"Feature","properties":{"kind":"piste","difficulty":"intermediate","name":"Powder Nose","aerialway":null,"osm":"way/660923136"},"geometry":{"type":"LineString","coordinates":[[10.58087,47.06194],[10.58303,47.06244],[10.5841,47.0625],[10.58901,47.06235]]}},{"type":"Feature","properties":{"kind":"piste","difficulty":"intermediate","name":"Old Sattel","aerialway":null,"osm":"way/660923137"},"geometry":{"type":"LineString","coordinates":[[10.58316,47.0572],[10.58491,47.05695],[10.58626,47.0572],[10.58767,47.05808],[10.58845,47.0589]]}},{"type":"Feature","properties":{"kind":"piste","difficulty":"intermediate","name":"Skyline","aerialway":null,"osm":"way/660923138"},"geometry":{"type":"LineString","coordinates":[[10.6096,47.08031],[10.61234,47.0792],[10.61563,47.0776],[10.61689,47.07715],[10.61891,47.07659],[10.62159,47.07605],[10.62301,47.07557]]}},{"type":"Feature","properties":{"kind":"piste","difficulty":"advanced","name":"Edelbachroute","aerialway":null,"osm":"way/661604619"},"geometry":{"type":"LineString","coordinates":[[10.57493,47.05965],[10.57553,47.05866],[10.57765,47.05585],[10.57808,47.055],[10.5788,47.05323],[10.579,47.05243],[10.57906,47.05104],[10.57949,47.05]]}},{"type":"Feature","properties":{"kind":"piste","difficulty":"freeride","name":"Lawenskessel (Variante)","aerialway":null,"osm":"way/661604621"},"geometry":{"type":"LineString","coordinates":[[10.55065,47.03495],[10.55182,47.0332],[10.55431,47.03103],[10.55441,47.03013],[10.55424,47.02967],[10.55363,47.02878],[10.55432,47.02771]]}},{"type":"Feature","properties":{"kind":"piste","difficulty":"freeride","name":"Riefenkopfrinne (Variante)","aerialway":null,"osm":"way/661604625"},"geometry":{"type":"LineString","coordinates":[[10.5204,47.02007],[10.52224,47.02063],[10.52418,47.02141],[10.52531,47.02144],[10.52608,47.02178],[10.52757,47.022],[10.52784,47.02226],[10.52786,47.02337],[10.52848,47.02382],[10.53201,47.02531],[10.53582,47.02658],[10.53809,47.02675],[10.5441,47.02662]]}},{"type":"Feature","properties":{"kind":"piste","difficulty":"freeride","name":"Riefenkopfgrad (Variante)","aerialway":null,"osm":"way/661604626"},"geometry":{"type":"LineString","coordinates":[[10.5204,47.02007],[10.52089,47.01982],[10.52164,47.01975],[10.52633,47.01867],[10.52768,47.01807],[10.52856,47.01805],[10.53252,47.02022],[10.53338,47.02086],[10.53484,47.0241],[10.5359,47.0256],[10.5372,47.02619],[10.53993,47.02668]]}},{"type":"Feature","properties":{"kind":"piste","difficulty":"freeride","name":"Sattel-Süd (Variante)","aerialway":null,"osm":"way/661814709"},"geometry":{"type":"LineString","coordinates":[[10.58173,47.05702],[10.58181,47.05579],[10.582,47.05513],[10.58133,47.0527]]}},{"type":"Feature","properties":{"kind":"piste","difficulty":"freeride","name":"Wonnenhang (Variante)","aerialway":null,"osm":"way/661814713"},"geometry":{"type":"LineString","coordinates":[[10.58605,47.07068],[10.58747,47.06892],[10.58714,47.06755],[10.58714,47.06709],[10.58736,47.06652],[10.58807,47.0661],[10.58879,47.0659]]}},{"type":"Feature","properties":{"kind":"piste","difficulty":"intermediate","name":"Schiltiroute","aerialway":null,"osm":"way/661814714"},"geometry":{"type":"LineString","coordinates":[[10.59446,47.07577],[10.59453,47.0744],[10.59529,47.07192],[10.59573,47.0714],[10.59706,47.07087],[10.59742,47.07044],[10.59741,47.06977],[10.5971,47.06866],[10.59595,47.06791],[10.59547,47.06722],[10.59518,47.06629]]}},{"type":"Feature","properties":{"kind":"piste","difficulty":"easy","name":null,"aerialway":null,"osm":"way/725105595"},"geometry":{"type":"LineString","coordinates":[[10.55937,47.04897],[10.56156,47.0496],[10.56233,47.04955]]}},{"type":"Feature","properties":{"kind":"piste","difficulty":"intermediate","name":null,"aerialway":null,"osm":"way/725105596"},"geometry":{"type":"LineString","coordinates":[[10.56233,47.04955],[10.56493,47.04923],[10.5657,47.04899],[10.56639,47.04847],[10.56672,47.0485],[10.56774,47.049],[10.57087,47.04922],[10.5718,47.04943],[10.57311,47.05011],[10.57342,47.05008],[10.57365,47.04997],[10.57382,47.04966],[10.57394,47.04846],[10.57441,47.04788],[10.57525,47.04726],[10.57584,47.04697],[10.57685,47.04687],[10.57842,47.04732],[10.57951,47.04673],[10.58035,47.04576]]}},{"type":"Feature","properties":{"kind":"piste","difficulty":"intermediate","name":null,"aerialway":null,"osm":"way/725105597"},"geometry":{"type":"LineString","coordinates":[[10.57694,47.06038],[10.57732,47.05921],[10.57953,47.05551],[10.5812,47.05298],[10.58137,47.05246],[10.58133,47.05217]]}},{"type":"Feature","properties":{"kind":"piste","difficulty":"intermediate","name":null,"aerialway":null,"osm":"way/777908304"},"geometry":{"type":"LineString","coordinates":[[10.60799,47.05337],[10.60883,47.05357]]}},{"type":"Feature","properties":{"kind":"piste","difficulty":"intermediate","name":null,"aerialway":null,"osm":"way/813683563"},"geometry":{"type":"LineString","coordinates":[[10.58099,47.08837],[10.57979,47.08807]]}},{"type":"Feature","properties":{"kind":"piste","difficulty":"intermediate","name":null,"aerialway":null,"osm":"way/813683564"},"geometry":{"type":"LineString","coordinates":[[10.5779,47.08602],[10.57876,47.08638],[10.57915,47.08675],[10.57965,47.08697],[10.58066,47.08723],[10.58122,47.08766],[10.58141,47.08799],[10.58099,47.08837]]}},{"type":"Feature","properties":{"kind":"piste","difficulty":"easy","name":null,"aerialway":null,"osm":"way/815632907"},"geometry":{"type":"LineString","coordinates":[[10.56345,47.03756],[10.56396,47.0377]]}},{"type":"Feature","properties":{"kind":"piste","difficulty":"easy","name":null,"aerialway":null,"osm":"way/815632908"},"geometry":{"type":"LineString","coordinates":[[10.56381,47.03903],[10.56645,47.03978]]}},{"type":"Feature","properties":{"kind":"piste","difficulty":"easy","name":null,"aerialway":null,"osm":"way/815632909"},"geometry":{"type":"LineString","coordinates":[[10.56381,47.03903],[10.5636,47.03972],[10.56324,47.04017]]}},{"type":"Feature","properties":{"kind":"piste","difficulty":"intermediate","name":null,"aerialway":null,"osm":"way/1012690309"},"geometry":{"type":"LineString","coordinates":[[10.57058,47.03588],[10.56947,47.03616],[10.56818,47.03691]]}},{"type":"Feature","properties":{"kind":"piste","difficulty":"intermediate","name":null,"aerialway":null,"osm":"way/1012690310"},"geometry":{"type":"LineString","coordinates":[[10.57043,47.03568],[10.57058,47.03588]]}},{"type":"Feature","properties":{"kind":"piste","difficulty":"intermediate","name":null,"aerialway":null,"osm":"way/1012690311"},"geometry":{"type":"LineString","coordinates":[[10.57058,47.03588],[10.57067,47.03608]]}},{"type":"Feature","properties":{"kind":"piste","difficulty":"easy","name":null,"aerialway":null,"osm":"way/1012707815"},"geometry":{"type":"LineString","coordinates":[[10.57012,47.04162],[10.5714,47.04177],[10.57143,47.04205]]}},{"type":"Feature","properties":{"kind":"piste","difficulty":"easy","name":null,"aerialway":null,"osm":"way/1012707816"},"geometry":{"type":"LineString","coordinates":[[10.57111,47.04173],[10.57115,47.04138]]}},{"type":"Feature","properties":{"kind":"piste","difficulty":"easy","name":null,"aerialway":null,"osm":"way/1013020753"},"geometry":{"type":"LineString","coordinates":[[10.56233,47.04955],[10.56197,47.0475],[10.56074,47.04486]]}},{"type":"Feature","properties":{"kind":"piste","difficulty":"intermediate","name":"Trujeabfahrt","aerialway":null,"osm":"way/1014016359"},"geometry":{"type":"LineString","coordinates":[[10.55765,47.03486],[10.55955,47.03542]]}},{"type":"Feature","properties":{"kind":"piste","difficulty":"easy","name":null,"aerialway":null,"osm":"way/1014016360"},"geometry":{"type":"LineString","coordinates":[[10.56308,47.03683],[10.56344,47.03672]]}},{"type":"Feature","properties":{"kind":"piste","difficulty":"easy","name":null,"aerialway":null,"osm":"way/1014016361"},"geometry":{"type":"LineString","coordinates":[[10.56048,47.03541],[10.56042,47.0356]]}},{"type":"Feature","properties":{"kind":"piste","difficulty":"easy","name":null,"aerialway":null,"osm":"way/1014028382"},"geometry":{"type":"LineString","coordinates":[[10.59199,47.05169],[10.59183,47.0518]]}},{"type":"Feature","properties":{"kind":"piste","difficulty":"easy","name":null,"aerialway":null,"osm":"way/1014039478"},"geometry":{"type":"LineString","coordinates":[[10.58881,47.06087],[10.59013,47.05967]]}},{"type":"Feature","properties":{"kind":"piste","difficulty":"easy","name":null,"aerialway":null,"osm":"way/1014039479"},"geometry":{"type":"LineString","coordinates":[[10.58881,47.06087],[10.58863,47.06104]]}},{"type":"Feature","properties":{"kind":"piste","difficulty":"intermediate","name":null,"aerialway":null,"osm":"way/1014039480"},"geometry":{"type":"LineString","coordinates":[[10.59242,47.05959],[10.59278,47.05998]]}},{"type":"Feature","properties":{"kind":"piste","difficulty":"easy","name":null,"aerialway":null,"osm":"way/1014039481"},"geometry":{"type":"LineString","coordinates":[[10.59192,47.06047],[10.5927,47.06076]]}},{"type":"Feature","properties":{"kind":"piste","difficulty":"easy","name":null,"aerialway":null,"osm":"way/1014039483"},"geometry":{"type":"LineString","coordinates":[[10.59278,47.05998],[10.59357,47.05976],[10.59425,47.05839],[10.59631,47.05777]]}},{"type":"Feature","properties":{"kind":"piste","difficulty":"intermediate","name":null,"aerialway":null,"osm":"way/1014039485"},"geometry":{"type":"LineString","coordinates":[[10.59278,47.05998],[10.5942,47.06006],[10.59508,47.05967],[10.59631,47.05777],[10.59679,47.05753]]}},{"type":"Feature","properties":{"kind":"piste","difficulty":"easy","name":null,"aerialway":null,"osm":"way/1014039486"},"geometry":{"type":"LineString","coordinates":[[10.59578,47.05627],[10.5966,47.05651],[10.5973,47.057]]}},{"type":"Feature","properties":{"kind":"piste","difficulty":"intermediate","name":null,"aerialway":null,"osm":"way/1014039488"},"geometry":{"type":"LineString","coordinates":[[10.5978,47.07696],[10.5978,47.07673],[10.59764,47.07663],[10.59522,47.07614],[10.59407,47.07559],[10.59085,47.07469]]}},{"type":"Feature","properties":{"kind":"piste","difficulty":"intermediate","name":null,"aerialway":null,"osm":"way/1014039489"},"geometry":{"type":"LineString","coordinates":[[10.59855,47.07707],[10.5978,47.07673]]}},{"type":"Feature","properties":{"kind":"piste","difficulty":"easy","name":null,"aerialway":null,"osm":"way/1014039491"},"geometry":{"type":"LineString","coordinates":[[10.59653,47.06539],[10.5964,47.06511],[10.59509,47.06486],[10.59437,47.06441],[10.5914,47.06353],[10.59137,47.06299],[10.59054,47.06207],[10.5912,47.06157],[10.59098,47.06128],[10.59102,47.06108],[10.59192,47.06047]]}},{"type":"Feature","properties":{"kind":"piste","difficulty":"intermediate","name":null,"aerialway":null,"osm":"way/1014039492"},"geometry":{"type":"LineString","coordinates":[[10.60486,47.05993],[10.6048,47.05843],[10.60498,47.05813]]}},{"type":"Feature","properties":{"kind":"piste","difficulty":"intermediate","name":null,"aerialway":null,"osm":"way/1014122476"},"geometry":{"type":"LineString","coordinates":[[10.59855,47.07707],[10.5986,47.07727],[10.598,47.07814],[10.59793,47.07852],[10.59714,47.07994],[10.59692,47.08141],[10.59692,47.08282]]}},{"type":"Feature","properties":{"kind":"piste","difficulty":"intermediate","name":null,"aerialway":null,"osm":"way/1014122477"},"geometry":{"type":"LineString","coordinates":[[10.5978,47.07696],[10.5977,47.07719]]}},{"type":"Feature","properties":{"kind":"piste","difficulty":"intermediate","name":null,"aerialway":null,"osm":"way/1014122478"},"geometry":{"type":"LineString","coordinates":[[10.59016,47.08814],[10.59022,47.08806]]}},{"type":"Feature","properties":{"kind":"piste","difficulty":"intermediate","name":null,"aerialway":null,"osm":"way/1014122479"},"geometry":{"type":"LineString","coordinates":[[10.57429,47.08862],[10.57694,47.08943],[10.57741,47.08971]]}},{"type":"Feature","properties":{"kind":"piste","difficulty":"easy","name":null,"aerialway":null,"osm":"way/1014305487"},"geometry":{"type":"LineString","coordinates":[[10.56381,47.03903],[10.56356,47.03869],[10.56371,47.03767]]}},{"type":"Feature","properties":{"kind":"piste","difficulty":"easy","name":null,"aerialway":null,"osm":"way/1016896168"},"geometry":{"type":"LineString","coordinates":[[10.56864,47.04141],[10.56855,47.04182]]}},{"type":"Feature","properties":{"kind":"piste","difficulty":"easy","name":"Mittelabfahrt","aerialway":null,"osm":"way/1016896169"},"geometry":{"type":"LineString","coordinates":[[10.56864,47.04141],[10.57012,47.04162]]}},{"type":"Feature","properties":{"kind":"piste","difficulty":"easy","name":null,"aerialway":null,"osm":"way/1016896170"},"geometry":{"type":"LineString","coordinates":[[10.56645,47.03978],[10.56735,47.04038]]}},{"type":"Feature","properties":{"kind":"piste","difficulty":"easy","name":null,"aerialway":null,"osm":"way/1016896171"},"geometry":{"type":"LineString","coordinates":[[10.56074,47.04486],[10.56587,47.04287]]}},{"type":"Feature","properties":{"kind":"piste","difficulty":"advanced","name":null,"aerialway":null,"osm":"way/1016896174"},"geometry":{"type":"LineString","coordinates":[[10.57597,47.08824],[10.5761,47.0885]]}},{"type":"Feature","properties":{"kind":"piste","difficulty":"intermediate","name":null,"aerialway":null,"osm":"way/1016896176"},"geometry":{"type":"LineString","coordinates":[[10.59635,47.06545],[10.59721,47.06516],[10.59813,47.06509]]}},{"type":"Feature","properties":{"kind":"piste","difficulty":"intermediate","name":null,"aerialway":null,"osm":"way/1016896178"},"geometry":{"type":"LineString","coordinates":[[10.60939,47.06474],[10.60849,47.06449],[10.60697,47.06338]]}},{"type":"Feature","properties":{"kind":"piste","difficulty":"intermediate","name":null,"aerialway":null,"osm":"way/1016896179"},"geometry":{"type":"LineString","coordinates":[[10.60804,47.06408],[10.60822,47.0634],[10.60868,47.06284],[10.60888,47.06212],[10.60965,47.06041],[10.60957,47.06001],[10.60915,47.05942],[10.60923,47.05902],[10.60952,47.05864]]}},{"type":"Feature","properties":{"kind":"piste","difficulty":"intermediate","name":null,"aerialway":null,"osm":"way/1016906058"},"geometry":{"type":"LineString","coordinates":[[10.57662,47.06133],[10.57694,47.06038]]}},{"type":"Feature","properties":{"kind":"piste","difficulty":"easy","name":null,"aerialway":null,"osm":"way/1016965064"},"geometry":{"type":"LineString","coordinates":[[10.61983,47.06103],[10.6202,47.06093]]}},{"type":"Feature","properties":{"kind":"piste","difficulty":"easy","name":null,"aerialway":null,"osm":"way/1026672442"},"geometry":{"type":"LineString","coordinates":[[10.62042,47.05974],[10.61907,47.05924],[10.61722,47.05898]]}},{"type":"Feature","properties":{"kind":"piste","difficulty":"easy","name":null,"aerialway":null,"osm":"way/1026918198"},"geometry":{"type":"LineString","coordinates":[[10.57844,47.03787],[10.57951,47.03735],[10.58072,47.03735],[10.58136,47.0375],[10.58142,47.03788],[10.58056,47.03878]]}},{"type":"Feature","properties":{"kind":"piste","difficulty":"easy","name":null,"aerialway":null,"osm":"way/1026918199"},"geometry":{"type":"LineString","coordinates":[[10.58069,47.03754],[10.58081,47.03736]]}},{"type":"Feature","properties":{"kind":"piste","difficulty":"intermediate","name":null,"aerialway":null,"osm":"way/1026937803"},"geometry":{"type":"LineString","coordinates":[[10.55962,47.03938],[10.55981,47.03943]]}},{"type":"Feature","properties":{"kind":"piste","difficulty":"intermediate","name":null,"aerialway":null,"osm":"way/1026951099"},"geometry":{"type":"LineString","coordinates":[[10.57679,47.07273],[10.57682,47.0726],[10.57784,47.07311],[10.57914,47.07333],[10.58096,47.07393],[10.58612,47.07452],[10.58715,47.07498],[10.5891,47.07542]]}},{"type":"Feature","properties":{"kind":"piste","difficulty":"intermediate","name":null,"aerialway":null,"osm":"way/1026959378"},"geometry":{"type":"LineString","coordinates":[[10.5977,47.07719],[10.59772,47.07769],[10.598,47.07814]]}},{"type":"Feature","properties":{"kind":"piste","difficulty":"easy","name":null,"aerialway":null,"osm":"way/1026959379"},"geometry":{"type":"LineString","coordinates":[[10.5977,47.07719],[10.59246,47.07645],[10.58973,47.07548],[10.5891,47.07542]]}},{"type":"Feature","properties":{"kind":"piste","difficulty":"intermediate","name":null,"aerialway":null,"osm":"way/1026974168"},"geometry":{"type":"LineString","coordinates":[[10.58577,47.07956],[10.58642,47.08071],[10.58727,47.08148],[10.58813,47.08271]]}},{"type":"Feature","properties":{"kind":"piste","difficulty":"easy","name":null,"aerialway":null,"osm":"way/1027076525"},"geometry":{"type":"LineString","coordinates":[[10.56888,47.03877],[10.57209,47.03912],[10.57405,47.03908],[10.57653,47.0387],[10.57844,47.03787]]}},{"type":"Feature","properties":{"kind":"piste","difficulty":"intermediate","name":null,"aerialway":null,"osm":"way/1027694978"},"geometry":{"type":"LineString","coordinates":[[10.59016,47.08814],[10.58992,47.08808]]}},{"type":"Feature","properties":{"kind":"piste","difficulty":"intermediate","name":null,"aerialway":null,"osm":"way/1027694979"},"geometry":{"type":"LineString","coordinates":[[10.59841,47.07721],[10.59855,47.07707]]}},{"type":"Feature","properties":{"kind":"piste","difficulty":"easy","name":null,"aerialway":null,"osm":"way/1027694980"},"geometry":{"type":"LineString","coordinates":[[10.59679,47.05753],[10.59722,47.05726],[10.5973,47.057],[10.59713,47.05709]]}},{"type":"Feature","properties":{"kind":"piste","difficulty":"intermediate","name":null,"aerialway":null,"osm":"way/1027758389"},"geometry":{"type":"LineString","coordinates":[[10.59855,47.07707],[10.59938,47.07675],[10.60032,47.0771],[10.60222,47.07702],[10.60539,47.07725],[10.60601,47.07755],[10.60938,47.08012]]}},{"type":"Feature","properties":{"kind":"piste","difficulty":"intermediate","name":null,"aerialway":null,"osm":"way/1032018676"},"geometry":{"type":"LineString","coordinates":[[10.55782,47.04289],[10.55877,47.04257],[10.56057,47.04154],[10.56115,47.04106],[10.56243,47.04058]]}},{"type":"Feature","properties":{"kind":"piste","difficulty":"intermediate","name":null,"aerialway":null,"osm":"way/1032074905"},"geometry":{"type":"LineString","coordinates":[[10.59813,47.06509],[10.59868,47.06524],[10.59979,47.06519],[10.60132,47.06486],[10.60252,47.06445],[10.60345,47.06447],[10.60511,47.06478],[10.60565,47.06506],[10.60575,47.06541],[10.60604,47.06571],[10.60768,47.06625],[10.60837,47.0662],[10.60942,47.06584],[10.61222,47.06576],[10.61268,47.06587],[10.61269,47.06577],[10.61192,47.06531],[10.61123,47.06526],[10.60939,47.06474]]}},{"type":"Feature","properties":{"kind":"piste","difficulty":"intermediate","name":null,"aerialway":null,"osm":"way/1034312417"},"geometry":{"type":"LineString","coordinates":[[10.60198,47.06222],[10.60238,47.06199],[10.60384,47.06053]]}},{"type":"Feature","properties":{"kind":"piste","difficulty":"easy","name":null,"aerialway":null,"osm":"way/1037341663"},"geometry":{"type":"LineString","coordinates":[[10.59731,47.05453],[10.59707,47.05449]]}},{"type":"Feature","properties":{"kind":"piste","difficulty":"intermediate","name":null,"aerialway":null,"osm":"way/1037341664"},"geometry":{"type":"LineString","coordinates":[[10.59684,47.0539],[10.59719,47.05424],[10.59724,47.05452]]}},{"type":"Feature","properties":{"kind":"piste","difficulty":"easy","name":null,"aerialway":null,"osm":"way/1037341665"},"geometry":{"type":"LineString","coordinates":[[10.5924,47.05206],[10.59338,47.05293],[10.59372,47.05351]]}},{"type":"Feature","properties":{"kind":"piste","difficulty":"intermediate","name":"Trujeabfahrt","aerialway":null,"osm":"way/1043670503"},"geometry":{"type":"LineString","coordinates":[[10.55591,47.03395],[10.5558,47.03421],[10.55485,47.03491],[10.55477,47.03531],[10.55442,47.03567],[10.55568,47.03503],[10.55705,47.03506],[10.55765,47.03486]]}},{"type":"Feature","properties":{"kind":"piste","difficulty":"advanced","name":"Trujeabfahrt","aerialway":null,"osm":"way/1044667912"},"geometry":{"type":"LineString","coordinates":[[10.55591,47.03395],[10.55662,47.03442],[10.55765,47.03486]]}},{"type":"Feature","properties":{"kind":"piste","difficulty":"easy","name":"Mittelabfahrt","aerialway":null,"osm":"way/1054180974"},"geometry":{"type":"LineString","coordinates":[[10.59613,47.04088],[10.59641,47.04086],[10.59662,47.04063],[10.59643,47.04038]]}},{"type":"Feature","properties":{"kind":"piste","difficulty":"intermediate","name":"Variante","aerialway":null,"osm":"way/1071071539"},"geometry":{"type":"LineString","coordinates":[[10.58844,47.07521],[10.58838,47.07481],[10.58818,47.07464],[10.58898,47.07472],[10.58947,47.07442]]}},{"type":"Feature","properties":{"kind":"piste","difficulty":"easy","name":null,"aerialway":null,"osm":"way/1243994676"},"geometry":{"type":"LineString","coordinates":[[10.58056,47.03878],[10.58047,47.03908],[10.58063,47.03932]]}},{"type":"Feature","properties":{"kind":"piste","difficulty":"advanced","name":null,"aerialway":null,"osm":"way/1409200596"},"geometry":{"type":"LineString","coordinates":[[10.57582,47.08815],[10.57597,47.08824]]}},{"type":"Feature","properties":{"kind":"piste","difficulty":"easy","name":null,"aerialway":null,"osm":"way/1425003574"},"geometry":{"type":"LineString","coordinates":[[10.56282,47.03991],[10.56324,47.04017]]}},{"type":"Feature","properties":{"kind":"piste","difficulty":"easy","name":null,"aerialway":null,"osm":"way/1425003577"},"geometry":{"type":"LineString","coordinates":[[10.54532,47.0346],[10.54591,47.03485]]}},{"type":"Feature","properties":{"kind":"piste","difficulty":"advanced","name":null,"aerialway":null,"osm":"way/1466206757"},"geometry":{"type":"LineString","coordinates":[[10.55604,47.03389],[10.55764,47.03462],[10.55734,47.03493],[10.55682,47.03472],[10.55594,47.03424],[10.55611,47.03397],[10.55604,47.03389]]}},{"type":"Feature","properties":{"kind":"piste","difficulty":"intermediate","name":null,"aerialway":null,"osm":"way/1466206758"},"geometry":{"type":"LineString","coordinates":[[10.5596,47.03548],[10.56042,47.0358],[10.56027,47.03554],[10.55764,47.03462],[10.55719,47.03502],[10.55557,47.035],[10.55457,47.03562],[10.55484,47.03525],[10.55489,47.03495],[10.55606,47.03412],[10.55604,47.03389],[10.55537,47.03365],[10.5527,47.03405],[10.55166,47.03467],[10.55124,47.03479],[10.5473,47.03429],[10.54533,47.03427],[10.54686,47.0345],[10.54883,47.0351],[10.55077,47.03519],[10.5519,47.03495],[10.55323,47.03416],[10.55549,47.03393],[10.55576,47.03412],[10.55477,47.03492],[10.55468,47.03536],[10.55432,47.03576],[10.5557,47.03504],[10.55766,47.035],[10.5596,47.03548]]}},{"type":"Feature","properties":{"kind":"piste","difficulty":"intermediate","name":null,"aerialway":null,"osm":"way/1466300806"},"geometry":{"type":"LineString","coordinates":[[10.58173,47.03912],[10.57998,47.03893],[10.57894,47.038],[10.5779,47.03752],[10.57599,47.03729],[10.57544,47.03729],[10.57458,47.03752],[10.57389,47.03743],[10.57171,47.03646],[10.5714,47.03624],[10.57112,47.03578],[10.57072,47.03603],[10.57343,47.03791],[10.57429,47.03801],[10.57563,47.03761],[10.57751,47.03785],[10.57834,47.03813],[10.57993,47.03942],[10.58265,47.03961],[10.58461,47.04018],[10.58538,47.04025],[10.5861,47.03993],[10.58786,47.03964],[10.58919,47.03917],[10.59086,47.03933],[10.5921,47.03919],[10.59431,47.03971],[10.59482,47.03999],[10.59536,47.04068],[10.59587,47.04079],[10.59523,47.0398],[10.59457,47.03922],[10.5935,47.03869],[10.59307,47.03862],[10.59268,47.0386],[10.59158,47.03888],[10.58904,47.03882],[10.58719,47.03942],[10.58572,47.03966],[10.58427,47.03953],[10.58264,47.03897],[10.58202,47.03899],[10.58173,47.03912]]}},{"type":"Feature","properties":{"kind":"piste","difficulty":"easy","name":null,"aerialway":null,"osm":"way/1466300807"},"geometry":{"type":"LineString","coordinates":[[10.57022,47.03492],[10.56995,47.03474],[10.56989,47.03483],[10.57022,47.03492]]}},{"type":"Feature","properties":{"kind":"piste","difficulty":"intermediate","name":null,"aerialway":null,"osm":"way/1466300808"},"geometry":{"type":"LineString","coordinates":[[10.56809,47.03649],[10.56829,47.03702],[10.56892,47.0375],[10.56996,47.03617],[10.56943,47.03586],[10.56809,47.03649]]}},{"type":"Feature","properties":{"kind":"piste","difficulty":"easy","name":null,"aerialway":null,"osm":"way/1466300809"},"geometry":{"type":"LineString","coordinates":[[10.56705,47.03837],[10.56719,47.03708],[10.56536,47.03738],[10.56632,47.03845],[10.56635,47.03823],[10.56658,47.03805],[10.56691,47.0381],[10.56705,47.03837]]}},{"type":"Feature","properties":{"kind":"piste","difficulty":"easy","name":null,"aerialway":null,"osm":"way/1466300810"},"geometry":{"type":"LineString","coordinates":[[10.56423,47.03955],[10.56411,47.03979],[10.5639,47.03989],[10.56268,47.03991],[10.56288,47.04041],[10.56397,47.04054],[10.56625,47.04026],[10.56879,47.04155],[10.56863,47.04178],[10.56907,47.0416],[10.57019,47.04234],[10.57064,47.04286],[10.57109,47.04283],[10.5709,47.04192],[10.57108,47.04183],[10.57165,47.0419],[10.57171,47.04168],[10.57126,47.04162],[10.57121,47.04144],[10.57106,47.04163],[10.5708,47.04137],[10.56977,47.03902],[10.57042,47.03895],[10.57265,47.03919],[10.57407,47.03913],[10.57658,47.03873],[10.57796,47.03816],[10.57834,47.03813],[10.57801,47.03798],[10.57649,47.03864],[10.57529,47.03889],[10.57318,47.0391],[10.57212,47.03908],[10.56961,47.03868],[10.56892,47.0375],[10.56829,47.03702],[10.56809,47.03649],[10.56817,47.03612],[10.5685,47.03561],[10.56961,47.03493],[10.57029,47.03506],[10.57069,47.03535],[10.57096,47.03573],[10.57074,47.03582],[10.5707,47.03603],[10.57111,47.03584],[10.57105,47.03555],[10.57068,47.03511],[10.56964,47.03468],[10.56852,47.03519],[10.56786,47.03606],[10.56769,47.03684],[10.56719,47.03708],[10.56704,47.03902],[10.56748,47.03958],[10.56746,47.03985],[10.56711,47.03982],[10.56656,47.03923],[10.56632,47.03845],[10.56536,47.03738],[10.5641,47.03763],[10.56394,47.03901],[10.56423,47.03955]]}},{"type":"Feature","properties":{"kind":"piste","difficulty":"easy","name":null,"aerialway":null,"osm":"way/1466300811"},"geometry":{"type":"LineString","coordinates":[[10.56983,47.03491],[10.57029,47.03506],[10.5702,47.03532],[10.57029,47.03571],[10.57074,47.03582],[10.5707,47.03603],[10.56996,47.03617],[10.56943,47.03586],[10.56943,47.03568],[10.56985,47.03517],[10.56983,47.03491]]}},{"type":"Feature","properties":{"kind":"piste","difficulty":"easy","name":null,"aerialway":null,"osm":"way/1466300812"},"geometry":{"type":"LineString","coordinates":[[10.56748,47.03958],[10.56704,47.03902],[10.56689,47.03926],[10.56656,47.03923],[10.56701,47.03974],[10.56695,47.03952],[10.56748,47.03958]]}},{"type":"Feature","properties":{"kind":"piste","difficulty":"easy","name":null,"aerialway":null,"osm":"way/1466310072"},"geometry":{"type":"LineString","coordinates":[[10.5964,47.04081],[10.59646,47.0409],[10.59591,47.04105],[10.59567,47.04169],[10.5957,47.04201],[10.59691,47.0422],[10.59759,47.04253],[10.59803,47.04326],[10.59791,47.04354],[10.59593,47.0448],[10.59487,47.04499],[10.5926,47.04574],[10.59129,47.04596],[10.59109,47.04588],[10.59255,47.04563],[10.59322,47.0453],[10.59583,47.04469],[10.59749,47.04373],[10.59761,47.0435],[10.59754,47.04318],[10.59719,47.04268],[10.59678,47.04243],[10.59576,47.04236],[10.59486,47.04297],[10.59445,47.04277],[10.59503,47.04218],[10.59554,47.04089],[10.59533,47.0408],[10.59536,47.04068],[10.5964,47.04081]]}},{"type":"Feature","properties":{"kind":"piste","difficulty":"easy","name":null,"aerialway":null,"osm":"way/1466438748"},"geometry":{"type":"LineString","coordinates":[[10.58545,47.04446],[10.58647,47.04412],[10.58794,47.04384],[10.58928,47.04326],[10.58957,47.04331],[10.58912,47.04348],[10.58894,47.04368],[10.5903,47.04368],[10.59099,47.04336],[10.59161,47.04277],[10.59257,47.04237],[10.59344,47.04233],[10.59486,47.04297],[10.59399,47.04333],[10.59307,47.04279],[10.59232,47.04301],[10.59141,47.04384],[10.59072,47.04413],[10.58835,47.04414],[10.58749,47.04464],[10.58742,47.04449],[10.58113,47.04587],[10.57893,47.04572],[10.57749,47.04531],[10.57674,47.04538],[10.57669,47.0455],[10.57754,47.04584],[10.58059,47.04676],[10.58333,47.04689],[10.58756,47.04664],[10.59109,47.04588],[10.59129,47.04596],[10.58848,47.04667],[10.58654,47.04686],[10.58568,47.0468],[10.5841,47.04721],[10.58412,47.04745],[10.58442,47.04766],[10.58608,47.04825],[10.58859,47.0482],[10.58973,47.048],[10.58954,47.04816],[10.58777,47.04834],[10.58599,47.04838],[10.58521,47.04818],[10.58413,47.0478],[10.58386,47.04717],[10.58086,47.04704],[10.57961,47.0467],[10.57849,47.04622],[10.57738,47.04597],[10.57629,47.04544],[10.5755,47.04533],[10.57494,47.04501],[10.57507,47.04489],[10.57593,47.04526],[10.57688,47.04506],[10.5776,47.04508],[10.57932,47.0456],[10.58216,47.04535],[10.58545,47.04446]]}},{"type":"Feature","properties":{"kind":"piste","difficulty":"easy","name":null,"aerialway":null,"osm":"way/1466438749"},"geometry":{"type":"LineString","coordinates":[[10.58907,47.04367],[10.58896,47.04358],[10.58935,47.04335],[10.58936,47.04353],[10.58974,47.04366],[10.58907,47.04367]]}},{"type":"Feature","properties":{"kind":"piste","difficulty":"freeride","name":"Urgtal (Variante)","aerialway":null,"osm":"way/1466488510"},"geometry":{"type":"LineString","coordinates":[[10.56431,47.08111],[10.56544,47.08168],[10.56568,47.08217],[10.56636,47.08272],[10.56661,47.08363],[10.56801,47.08506],[10.56994,47.08627],[10.57104,47.08673],[10.57158,47.08725],[10.57208,47.08753],[10.57276,47.08774],[10.57374,47.0877],[10.57429,47.08862]]}},{"type":"Feature","properties":{"kind":"piste","difficulty":"easy","name":null,"aerialway":null,"osm":"way/1466786183"},"geometry":{"type":"LineString","coordinates":[[10.56027,47.03554],[10.56042,47.0358],[10.5622,47.03652],[10.56305,47.03725],[10.56331,47.03732],[10.56338,47.03753],[10.56374,47.03755],[10.56344,47.03745],[10.5634,47.03699],[10.56304,47.03672],[10.56052,47.03562],[10.56053,47.0354],[10.56033,47.03532],[10.56027,47.03554]]}},{"type":"Feature","properties":{"kind":"piste","difficulty":"easy","name":null,"aerialway":null,"osm":"way/1466790998"},"geometry":{"type":"LineString","coordinates":[[10.58701,47.04675],[10.58642,47.04561],[10.58644,47.04535]]}},{"type":"Feature","properties":{"kind":"piste","difficulty":"easy","name":null,"aerialway":null,"osm":"way/1466790999"},"geometry":{"type":"LineString","coordinates":[[10.58749,47.04464],[10.58683,47.04503],[10.58646,47.0455],[10.5871,47.04667],[10.58687,47.04669],[10.58694,47.04664],[10.58621,47.04535],[10.58662,47.04499],[10.58749,47.04464]]}},{"type":"Feature","properties":{"kind":"piste","difficulty":"intermediate","name":null,"aerialway":null,"osm":"way/1486163413"},"geometry":{"type":"LineString","coordinates":[[10.5502,47.02809],[10.55179,47.02624],[10.5523,47.02527],[10.55244,47.02411],[10.55195,47.02375],[10.55206,47.02427],[10.55194,47.02491],[10.55146,47.0262],[10.54943,47.02824],[10.5502,47.02809]]}},{"type":"Feature","properties":{"kind":"piste","difficulty":"intermediate","name":null,"aerialway":null,"osm":"way/1486163414"},"geometry":{"type":"LineString","coordinates":[[10.5522,47.02375],[10.55267,47.02326],[10.55237,47.02326],[10.55202,47.02367],[10.5522,47.02375]]}},{"type":"Feature","properties":{"kind":"piste","difficulty":"easy","name":null,"aerialway":null,"osm":"way/1486163415"},"geometry":{"type":"LineString","coordinates":[[10.55195,47.02375],[10.55202,47.02367],[10.55236,47.02382],[10.55346,47.02457],[10.55433,47.02557],[10.55455,47.026],[10.5545,47.02694],[10.555,47.02758],[10.5546,47.02782],[10.55456,47.02734],[10.55423,47.02658],[10.55423,47.02612],[10.55359,47.02502],[10.55195,47.02375]]}},{"type":"Feature","properties":{"kind":"piste","difficulty":"easy","name":null,"aerialway":null,"osm":"way/1486163416"},"geometry":{"type":"LineString","coordinates":[[10.54938,47.02856],[10.55114,47.02814]]}},{"type":"Feature","properties":{"kind":"piste","difficulty":"intermediate","name":null,"aerialway":null,"osm":"way/1486163417"},"geometry":{"type":"LineString","coordinates":[[10.54673,47.03149],[10.54685,47.03076]]}},{"type":"Feature","properties":{"kind":"piste","difficulty":"easy","name":null,"aerialway":null,"osm":"way/1486163418"},"geometry":{"type":"LineString","coordinates":[[10.54685,47.03076],[10.54852,47.03038]]}},{"type":"Feature","properties":{"kind":"piste","difficulty":"easy","name":null,"aerialway":null,"osm":"way/1486163419"},"geometry":{"type":"LineString","coordinates":[[10.55456,47.02734],[10.55374,47.02761],[10.55024,47.02813],[10.5509,47.02846],[10.55289,47.02796],[10.5546,47.02782],[10.55456,47.02734]]}},{"type":"Feature","properties":{"kind":"piste","difficulty":"easy","name":null,"aerialway":null,"osm":"way/1486163420"},"geometry":{"type":"LineString","coordinates":[[10.5509,47.02846],[10.54776,47.03155],[10.54474,47.03311],[10.54394,47.03336],[10.54341,47.03338],[10.54454,47.03287],[10.54706,47.03142],[10.55005,47.02856],[10.55024,47.02813],[10.5509,47.02846]]}},{"type":"Feature","properties":{"kind":"piste","difficulty":"easy","name":null,"aerialway":null,"osm":"way/1486163421"},"geometry":{"type":"LineString","coordinates":[[10.54341,47.03338],[10.54416,47.03394],[10.54499,47.0343],[10.54533,47.03427],[10.54394,47.03359],[10.54394,47.03336],[10.54341,47.03338]]}},{"type":"Feature","properties":{"kind":"piste","difficulty":"easy","name":null,"aerialway":null,"osm":"way/1486169680"},"geometry":{"type":"LineString","coordinates":[[10.55891,47.04875],[10.55975,47.04883],[10.56149,47.04951],[10.56192,47.04956],[10.56249,47.04936],[10.56237,47.04969],[10.56162,47.04978],[10.56106,47.04969],[10.55943,47.04914],[10.55897,47.04912],[10.55891,47.04875]]}},{"type":"Feature","properties":{"kind":"piste","difficulty":"intermediate","name":null,"aerialway":null,"osm":"way/1486169681"},"geometry":{"type":"LineString","coordinates":[[10.56237,47.04969],[10.56358,47.0494],[10.56493,47.04934],[10.56572,47.0491],[10.5663,47.04861],[10.56653,47.04856],[10.56753,47.04908],[10.56761,47.04884],[10.56665,47.04839],[10.5663,47.04839],[10.56532,47.04906],[10.56249,47.04936],[10.56237,47.04969]]}},{"type":"Feature","properties":{"kind":"piste","difficulty":"easy","name":null,"aerialway":null,"osm":"way/1486169682"},"geometry":{"type":"LineString","coordinates":[[10.56532,47.04293],[10.5614,47.04435],[10.56258,47.04453],[10.56349,47.04394],[10.56578,47.04303],[10.56532,47.04293]]}},{"type":"Feature","properties":{"kind":"piste","difficulty":"intermediate","name":null,"aerialway":null,"osm":"way/1486169683"},"geometry":{"type":"LineString","coordinates":[[10.56532,47.04293],[10.56563,47.04282],[10.56607,47.04212],[10.56672,47.04144],[10.56708,47.04132],[10.56741,47.04143],[10.56711,47.04156],[10.56638,47.04225],[10.56605,47.04289],[10.56578,47.04303],[10.56532,47.04293]]}},{"type":"Feature","properties":{"kind":"piste","difficulty":"easy","name":null,"aerialway":null,"osm":"way/1486169684"},"geometry":{"type":"LineString","coordinates":[[10.56258,47.04453],[10.56199,47.04491],[10.56167,47.04528],[10.5614,47.04609],[10.5611,47.04615],[10.56095,47.04574],[10.5614,47.04435],[10.56258,47.04453]]}},{"type":"Feature","properties":{"kind":"piste","difficulty":"intermediate","name":null,"aerialway":null,"osm":"way/1486169685"},"geometry":{"type":"LineString","coordinates":[[10.56753,47.04908],[10.56871,47.04925],[10.57041,47.04916],[10.57155,47.04949],[10.57199,47.04946],[10.57021,47.04897],[10.56902,47.04906],[10.56761,47.04884],[10.56753,47.04908]]}},{"type":"Feature","properties":{"kind":"piste","difficulty":"intermediate","name":null,"aerialway":null,"osm":"way/1486169686"},"geometry":{"type":"LineString","coordinates":[[10.56882,47.04159],[10.56817,47.04143],[10.56741,47.04143],[10.56693,47.04121],[10.56829,47.04128],[10.56882,47.04159]]}},{"type":"Feature","properties":{"kind":"piste","difficulty":"intermediate","name":null,"aerialway":null,"osm":"way/1486169687"},"geometry":{"type":"LineString","coordinates":[[10.56693,47.04121],[10.56621,47.04121],[10.56381,47.04158],[10.56291,47.04201],[10.56318,47.04208],[10.56371,47.04176],[10.56425,47.04165],[10.56693,47.04137],[10.56708,47.04132],[10.56693,47.04121]]}},{"type":"Feature","properties":{"kind":"piste","difficulty":"intermediate","name":null,"aerialway":null,"osm":"way/1486169688"},"geometry":{"type":"LineString","coordinates":[[10.57172,47.04937],[10.57354,47.04855],[10.57374,47.04867],[10.57199,47.04946],[10.57172,47.04937]]}},{"type":"Feature","properties":{"kind":"piste","difficulty":"intermediate","name":null,"aerialway":null,"osm":"way/1486169689"},"geometry":{"type":"LineString","coordinates":[[10.57354,47.04855],[10.57436,47.0477],[10.5756,47.04695],[10.57643,47.04678],[10.57711,47.04679],[10.57819,47.04715],[10.57857,47.04709],[10.57949,47.04664],[10.57985,47.04677],[10.57853,47.04737],[10.57812,47.04738],[10.577,47.04695],[10.57627,47.04695],[10.57495,47.04762],[10.57374,47.04867],[10.57354,47.04855]]}},{"type":"Feature","properties":{"kind":"piste","difficulty":"easy","name":null,"aerialway":null,"osm":"way/1486169690"},"geometry":{"type":"LineString","coordinates":[[10.58621,47.04535],[10.58552,47.04617],[10.58457,47.04677],[10.58517,47.04671],[10.58575,47.04625],[10.58638,47.04564],[10.58621,47.04535]]}},{"type":"Feature","properties":{"kind":"piste","difficulty":"easy","name":null,"aerialway":null,"osm":"way/1486169691"},"geometry":{"type":"LineString","coordinates":[[10.57064,47.04286],[10.57169,47.04333],[10.57197,47.04397],[10.57254,47.04427],[10.57338,47.04462],[10.57494,47.04501],[10.57507,47.04489],[10.57341,47.0445],[10.57304,47.04423],[10.57224,47.04399],[10.5721,47.04387],[10.57197,47.04324],[10.57109,47.04283],[10.57064,47.04286]]}},{"type":"Feature","properties":{"kind":"piste","difficulty":"intermediate","name":null,"aerialway":null,"osm":"way/1486169692"},"geometry":{"type":"LineString","coordinates":[[10.57666,47.06036],[10.57639,47.06113],[10.57644,47.06146],[10.57684,47.06142],[10.57715,47.06047],[10.57666,47.06036]]}},{"type":"Feature","properties":{"kind":"piste","difficulty":"advanced","name":null,"aerialway":null,"osm":"way/1486169693"},"geometry":{"type":"LineString","coordinates":[[10.57667,47.06217],[10.57662,47.06133]]}},{"type":"Feature","properties":{"kind":"piste","difficulty":"advanced","name":null,"aerialway":null,"osm":"way/1486169694"},"geometry":{"type":"LineString","coordinates":[[10.57644,47.06146],[10.57649,47.06197],[10.57673,47.06205],[10.57684,47.06142],[10.57644,47.06146]]}},{"type":"Feature","properties":{"kind":"piste","difficulty":"intermediate","name":null,"aerialway":null,"osm":"way/1486169695"},"geometry":{"type":"LineString","coordinates":[[10.57649,47.06197],[10.57637,47.06206],[10.57691,47.06251],[10.5772,47.06243],[10.57698,47.06215],[10.57649,47.06197]]}},{"type":"Feature","properties":{"kind":"piste","difficulty":"intermediate","name":null,"aerialway":null,"osm":"way/1486169696"},"geometry":{"type":"LineString","coordinates":[[10.57698,47.06215],[10.57882,47.06097],[10.57954,47.05988],[10.57977,47.0591],[10.58031,47.05934],[10.57996,47.06041],[10.5792,47.0613],[10.57817,47.06189],[10.57707,47.0623],[10.57698,47.06215]]}},{"type":"Feature","properties":{"kind":"piste","difficulty":"intermediate","name":null,"aerialway":null,"osm":"way/1486169697"},"geometry":{"type":"LineString","coordinates":[[10.5792,47.0613],[10.5799,47.06179],[10.58092,47.06192],[10.58085,47.0621],[10.58071,47.0622],[10.57981,47.06197],[10.57888,47.06148],[10.5792,47.0613]]}},{"type":"Feature","properties":{"kind":"piste","difficulty":"intermediate","name":null,"aerialway":null,"osm":"way/1486169698"},"geometry":{"type":"LineString","coordinates":[[10.57967,47.05793],[10.57946,47.05811],[10.57946,47.05829],[10.58,47.05871],[10.57977,47.0591],[10.58031,47.05934],[10.58055,47.05903],[10.58052,47.05877],[10.58038,47.0585],[10.57976,47.05813],[10.57981,47.05798],[10.57967,47.05793]]}},{"type":"Feature","properties":{"kind":"piste","difficulty":"intermediate","name":null,"aerialway":null,"osm":"way/1486169699"},"geometry":{"type":"LineString","coordinates":[[10.58684,47.05442],[10.58671,47.05303],[10.58623,47.05285],[10.58646,47.05345],[10.5864,47.05423],[10.5862,47.05477],[10.58684,47.05442]]}},{"type":"Feature","properties":{"kind":"piste","difficulty":"intermediate","name":null,"aerialway":null,"osm":"way/1486169700"},"geometry":{"type":"LineString","coordinates":[[10.5862,47.05477],[10.5859,47.05516],[10.58638,47.05527],[10.58658,47.05525],[10.5871,47.05469],[10.58684,47.05442],[10.5862,47.05477]]}},{"type":"Feature","properties":{"kind":"piste","difficulty":"easy","name":null,"aerialway":null,"osm":"way/1486169702"},"geometry":{"type":"LineString","coordinates":[[10.58683,47.05308],[10.58698,47.05287],[10.58767,47.05291],[10.58791,47.05274],[10.58694,47.05253],[10.58645,47.05271],[10.58649,47.05295],[10.58683,47.05308]]}},{"type":"Feature","properties":{"kind":"piste","difficulty":"easy","name":null,"aerialway":null,"osm":"way/1486169703"},"geometry":{"type":"LineString","coordinates":[[10.58749,47.05266],[10.58777,47.05248],[10.58775,47.05163],[10.58797,47.05144],[10.59102,47.05167],[10.591,47.05189],[10.58949,47.05181],[10.58889,47.05163],[10.58827,47.05169],[10.58799,47.05198],[10.58808,47.0526],[10.58791,47.05274],[10.58749,47.05266]]}},{"type":"Feature","properties":{"kind":"piste","difficulty":"intermediate","name":null,"aerialway":null,"osm":"way/1486169704"},"geometry":{"type":"LineString","coordinates":[[10.58767,47.05291],[10.59093,47.05356],[10.59364,47.05362],[10.59361,47.0534],[10.5907,47.05339],[10.58791,47.05274],[10.58767,47.05291]]}},{"type":"Feature","properties":{"kind":"piste","difficulty":"easy","name":null,"aerialway":null,"osm":"way/1486175156"},"geometry":{"type":"LineString","coordinates":[[10.58954,47.04816],[10.59046,47.04816],[10.59137,47.04897],[10.59232,47.05007],[10.59244,47.04988],[10.59089,47.04821],[10.5903,47.048],[10.58973,47.048],[10.58954,47.04816]]}},{"type":"Feature","properties":{"kind":"piste","difficulty":"easy","name":null,"aerialway":null,"osm":"way/1486175157"},"geometry":{"type":"LineString","coordinates":[[10.59253,47.05117],[10.59102,47.05167],[10.59159,47.05169],[10.59256,47.05135],[10.59253,47.05117]]}},{"type":"Feature","properties":{"kind":"piste","difficulty":"easy","name":null,"aerialway":null,"osm":"way/1486175158"},"geometry":{"type":"LineString","coordinates":[[10.59159,47.05169],[10.59204,47.05184],[10.59203,47.05215],[10.591,47.05189],[10.59102,47.05167],[10.59159,47.05169]]}},{"type":"Feature","properties":{"kind":"piste","difficulty":"easy","name":null,"aerialway":null,"osm":"way/1486175159"},"geometry":{"type":"LineString","coordinates":[[10.59203,47.05215],[10.59291,47.05252],[10.59361,47.0534],[10.5938,47.0534],[10.59357,47.05292],[10.59303,47.0524],[10.59204,47.0519],[10.59203,47.05215]]}},{"type":"Feature","properties":{"kind":"piste","difficulty":"easy","name":null,"aerialway":null,"osm":"way/1486175160"},"geometry":{"type":"LineString","coordinates":[[10.59256,47.05135],[10.59256,47.05183],[10.59245,47.05194],[10.59204,47.0519],[10.59254,47.05215],[10.59287,47.05185],[10.59294,47.05108],[10.59256,47.05135]]}},{"type":"Feature","properties":{"kind":"piste","difficulty":"easy","name":null,"aerialway":null,"osm":"way/1486175161"},"geometry":{"type":"LineString","coordinates":[[10.59256,47.05135],[10.5926,47.05047],[10.59232,47.05007],[10.59244,47.04988],[10.5929,47.05049],[10.59294,47.05108],[10.59256,47.05135]]}},{"type":"Feature","properties":{"kind":"piste","difficulty":"intermediate","name":null,"aerialway":null,"osm":"way/1486175162"},"geometry":{"type":"LineString","coordinates":[[10.59271,47.05199],[10.59442,47.05228],[10.59543,47.05262],[10.59583,47.05329],[10.59616,47.05358],[10.59751,47.05407],[10.59744,47.05451],[10.5972,47.05445],[10.59704,47.0541],[10.59681,47.05397],[10.59626,47.05386],[10.59574,47.05356],[10.59515,47.05278],[10.59317,47.05219],[10.59254,47.05215],[10.59271,47.05199]]}},{"type":"Feature","properties":{"kind":"piste","difficulty":"easy","name":null,"aerialway":null,"osm":"way/1486175163"},"geometry":{"type":"LineString","coordinates":[[10.59361,47.0534],[10.59364,47.05436],[10.59379,47.05461],[10.59439,47.05498],[10.59386,47.05408],[10.5938,47.0534],[10.59361,47.0534]]}},{"type":"Feature","properties":{"kind":"piste","difficulty":"intermediate","name":null,"aerialway":null,"osm":"way/1486175164"},"geometry":{"type":"LineString","coordinates":[[10.59424,47.05458],[10.59481,47.05499],[10.59703,47.05476],[10.59714,47.05453],[10.59653,47.05467],[10.59517,47.05472],[10.59424,47.05458]]}},{"type":"Feature","properties":{"kind":"piste","difficulty":"easy","name":null,"aerialway":null,"osm":"way/1486175165"},"geometry":{"type":"LineString","coordinates":[[10.59439,47.05498],[10.59559,47.05617],[10.59577,47.05612],[10.59502,47.05537],[10.59481,47.05499],[10.59424,47.05458],[10.59439,47.05498]]}},{"type":"Feature","properties":{"kind":"piste","difficulty":"easy","name":null,"aerialway":null,"osm":"way/1486175166"},"geometry":{"type":"LineString","coordinates":[[10.59717,47.05468],[10.59731,47.05453]]}},{"type":"Feature","properties":{"kind":"piste","difficulty":"easy","name":null,"aerialway":null,"osm":"way/1486175167"},"geometry":{"type":"LineString","coordinates":[[10.59559,47.05617],[10.59509,47.05657],[10.59465,47.05751],[10.59491,47.05744],[10.59524,47.05675],[10.59579,47.05639],[10.59559,47.05617]]}},{"type":"Feature","properties":{"kind":"piste","difficulty":"easy","name":null,"aerialway":null,"osm":"way/1486175168"},"geometry":{"type":"LineString","coordinates":[[10.59559,47.05617],[10.59612,47.05673],[10.5964,47.05742],[10.59657,47.05736],[10.59577,47.05612],[10.59559,47.05617]]}},{"type":"Feature","properties":{"kind":"piste","difficulty":"easy","name":null,"aerialway":null,"osm":"way/1486175169"},"geometry":{"type":"LineString","coordinates":[[10.59714,47.05453],[10.59744,47.05451],[10.59684,47.0552],[10.59672,47.0559],[10.59647,47.05589],[10.59665,47.0553],[10.59714,47.05453]]}},{"type":"Feature","properties":{"kind":"piste","difficulty":"intermediate","name":null,"aerialway":null,"osm":"way/1486175170"},"geometry":{"type":"LineString","coordinates":[[10.59751,47.05407],[10.59896,47.05367],[10.6,47.053],[10.60109,47.05305],[10.60169,47.05293],[10.60296,47.0522],[10.60471,47.05205],[10.60687,47.05139],[10.60774,47.0518],[10.60797,47.05244],[10.60796,47.05291],[10.60844,47.05345],[10.60806,47.05368],[10.60763,47.05287],[10.60767,47.05256],[10.60741,47.05202],[10.60659,47.05169],[10.60487,47.05224],[10.60325,47.05242],[10.60126,47.05326],[10.59988,47.05335],[10.59907,47.05391],[10.59744,47.05451],[10.59751,47.05407]]}},{"type":"Feature","properties":{"kind":"piste","difficulty":"intermediate","name":null,"aerialway":null,"osm":"way/1486175171"},"geometry":{"type":"LineString","coordinates":[[10.60844,47.05345],[10.60882,47.05354],[10.60851,47.05354],[10.6084,47.05376],[10.60889,47.05385],[10.60831,47.05382],[10.60806,47.05368],[10.60844,47.05345]]}},{"type":"Feature","properties":{"kind":"piste","difficulty":"easy","name":null,"aerialway":null,"osm":"way/1486175172"},"geometry":{"type":"LineString","coordinates":[[10.59577,47.05612],[10.59672,47.0559],[10.59673,47.05646],[10.59739,47.05696],[10.59722,47.05707],[10.59685,47.05669],[10.59596,47.05637],[10.59577,47.05612]]}},{"type":"Feature","properties":{"kind":"piste","difficulty":"easy","name":null,"aerialway":null,"osm":"way/1486175173"},"geometry":{"type":"LineString","coordinates":[[10.59657,47.05736],[10.59742,47.05702],[10.59716,47.05742],[10.5972,47.05759],[10.59657,47.05736]]}},{"type":"Feature","properties":{"kind":"piste","difficulty":"intermediate","name":null,"aerialway":null,"osm":"way/1486175174"},"geometry":{"type":"LineString","coordinates":[[10.59491,47.05744],[10.59657,47.05736],[10.5972,47.05759],[10.59725,47.05775],[10.59697,47.05772],[10.59458,47.05838],[10.59316,47.0586],[10.59214,47.05902],[10.5921,47.05876],[10.5932,47.05793],[10.59491,47.05744]]}},{"type":"Feature","properties":{"kind":"piste","difficulty":"easy","name":null,"aerialway":null,"osm":"way/1486175175"},"geometry":{"type":"LineString","coordinates":[[10.59393,47.05848],[10.5939,47.05878],[10.59343,47.05973],[10.59366,47.05978],[10.59458,47.05838],[10.59393,47.05848]]}},{"type":"Feature","properties":{"kind":"piste","difficulty":"easy","name":null,"aerialway":null,"osm":"way/1486175176"},"geometry":{"type":"LineString","coordinates":[[10.59366,47.05978],[10.59347,47.06026],[10.59261,47.06043],[10.59222,47.05969],[10.59366,47.05978]]}},{"type":"Feature","properties":{"kind":"piste","difficulty":"easy","name":null,"aerialway":null,"osm":"way/1486175177"},"geometry":{"type":"LineString","coordinates":[[10.59347,47.06026],[10.59498,47.06045],[10.59635,47.06096],[10.59748,47.06089],[10.59706,47.06064],[10.59651,47.06075],[10.59631,47.06055],[10.59636,47.06032],[10.59513,47.05994],[10.59366,47.05978],[10.59347,47.06026]]}},{"type":"Feature","properties":{"kind":"piste","difficulty":"easy","name":null,"aerialway":null,"osm":"way/1486175178"},"geometry":{"type":"LineString","coordinates":[[10.59706,47.06064],[10.59817,47.06012],[10.59855,47.05961],[10.59907,47.05923],[10.59979,47.05903],[10.60375,47.05832],[10.60499,47.05797],[10.60681,47.05771],[10.60895,47.05704],[10.61221,47.05693],[10.61216,47.05715],[10.60884,47.05762],[10.60775,47.05814],[10.6054,47.05819],[10.59934,47.05942],[10.59814,47.06064],[10.59748,47.06089],[10.59706,47.06064]]}},{"type":"Feature","properties":{"kind":"piste","difficulty":"easy","name":null,"aerialway":null,"osm":"way/1486285784"},"geometry":{"type":"LineString","coordinates":[[10.5454,47.03472],[10.54534,47.03439]]}},{"type":"Feature","properties":{"kind":"piste","difficulty":"easy","name":null,"aerialway":null,"osm":"way/1486285785"},"geometry":{"type":"LineString","coordinates":[[10.58693,47.05305],[10.58661,47.0529]]}},{"type":"Feature","properties":{"kind":"piste","difficulty":"intermediate","name":null,"aerialway":null,"osm":"way/1486285786"},"geometry":{"type":"LineString","coordinates":[[10.58026,47.05901],[10.58022,47.05867],[10.57964,47.05824],[10.57964,47.05809],[10.5809,47.05731],[10.58205,47.05694]]}},{"type":"Feature","properties":{"kind":"piste","difficulty":"intermediate","name":null,"aerialway":null,"osm":"way/1486285787"},"geometry":{"type":"LineString","coordinates":[[10.58658,47.05481],[10.588,47.05363],[10.58904,47.05313]]}},{"type":"Feature","properties":{"kind":"piste","difficulty":"easy","name":null,"aerialway":null,"osm":"way/1486285788"},"geometry":{"type":"LineString","coordinates":[[10.61221,47.05693],[10.61366,47.05681],[10.61381,47.05697],[10.61331,47.05719],[10.61312,47.05708],[10.61267,47.05719],[10.61216,47.05715],[10.61221,47.05693]]}},{"type":"Feature","properties":{"kind":"piste","difficulty":"easy","name":null,"aerialway":null,"osm":"way/1486285789"},"geometry":{"type":"LineString","coordinates":[[10.59155,47.06076],[10.59262,47.06067],[10.59242,47.06007],[10.59207,47.06034],[10.59173,47.06035],[10.59155,47.06076]]}},{"type":"Feature","properties":{"kind":"piste","difficulty":"easy","name":null,"aerialway":null,"osm":"way/1486285790"},"geometry":{"type":"LineString","coordinates":[[10.5917,47.06005],[10.59242,47.06007],[10.59222,47.05969],[10.59122,47.05958],[10.59045,47.05968],[10.5917,47.06005]]}},{"type":"Feature","properties":{"kind":"piste","difficulty":"easy","name":null,"aerialway":null,"osm":"way/1486285791"},"geometry":{"type":"LineString","coordinates":[[10.5901,47.0595],[10.58919,47.05976],[10.58833,47.06036],[10.58863,47.06057],[10.58837,47.06068],[10.58849,47.06082],[10.59162,47.06063],[10.5917,47.06005],[10.5901,47.0595]]}},{"type":"Feature","properties":{"kind":"piste","difficulty":"intermediate","name":null,"aerialway":null,"osm":"way/1486285792"},"geometry":{"type":"LineString","coordinates":[[10.6082,47.05788],[10.60808,47.05863],[10.60841,47.0586],[10.60884,47.05762],[10.6082,47.05788]]}},{"type":"Feature","properties":{"kind":"piste","difficulty":"intermediate","name":null,"aerialway":null,"osm":"way/1486285793"},"geometry":{"type":"LineString","coordinates":[[10.61216,47.05715],[10.61094,47.05769],[10.60963,47.05847],[10.60649,47.05885],[10.60495,47.05952],[10.60512,47.05993],[10.60689,47.05906],[10.6095,47.05883],[10.6125,47.05732],[10.61267,47.05719],[10.61216,47.05715]]}},{"type":"Feature","properties":{"kind":"piste","difficulty":"intermediate","name":null,"aerialway":null,"osm":"way/1486285794"},"geometry":{"type":"LineString","coordinates":[[10.60495,47.05952],[10.60372,47.06027],[10.60239,47.06053],[10.60148,47.06042],[10.60138,47.06052],[10.60211,47.06074],[10.6039,47.06073],[10.60512,47.05993],[10.60495,47.05952]]}},{"type":"Feature","properties":{"kind":"piste","difficulty":"intermediate","name":null,"aerialway":null,"osm":"way/1486285795"},"geometry":{"type":"LineString","coordinates":[[10.60307,47.0608],[10.60213,47.06183],[10.6005,47.0628],[10.59921,47.06428],[10.59792,47.06498],[10.59848,47.06512],[10.59915,47.06475],[10.5997,47.06436],[10.6011,47.06294],[10.6023,47.06239],[10.6039,47.06073],[10.60307,47.0608]]}},{"type":"Feature","properties":{"kind":"piste","difficulty":"easy","name":null,"aerialway":null,"osm":"way/1486285796"},"geometry":{"type":"LineString","coordinates":[[10.5921,47.05876],[10.5901,47.0595],[10.59045,47.05968],[10.59109,47.0596],[10.59214,47.05902],[10.5921,47.05876]]}},{"type":"Feature","properties":{"kind":"piste","difficulty":"easy","name":null,"aerialway":null,"osm":"way/1486285797"},"geometry":{"type":"LineString","coordinates":[[10.61857,47.06105],[10.61802,47.05981],[10.61727,47.0591],[10.6162,47.05869],[10.61546,47.05816],[10.61376,47.0575],[10.61331,47.05719],[10.61361,47.05707],[10.61367,47.05738],[10.61572,47.05811],[10.61827,47.05941],[10.61903,47.06033],[10.61967,47.06073],[10.61934,47.06091],[10.61928,47.06123],[10.6188,47.06101],[10.61857,47.06105]]}},{"type":"Feature","properties":{"kind":"piste","difficulty":"intermediate","name":null,"aerialway":null,"osm":"way/1486285799"},"geometry":{"type":"LineString","coordinates":[[10.62174,47.0611],[10.62086,47.06234],[10.62105,47.06266],[10.62151,47.06189],[10.62226,47.06116],[10.62174,47.0611]]}},{"type":"Feature","properties":{"kind":"piste","difficulty":"intermediate","name":null,"aerialway":null,"osm":"way/1486285800"},"geometry":{"type":"LineString","coordinates":[[10.61934,47.06117],[10.62054,47.06189],[10.62105,47.06266],[10.62154,47.06392],[10.62257,47.06484],[10.62341,47.06542],[10.62445,47.06568],[10.62484,47.06596],[10.62515,47.06695],[10.62507,47.06809],[10.62471,47.06874],[10.62385,47.0698],[10.62377,47.0701],[10.62377,47.07037],[10.62441,47.07173],[10.62412,47.07198],[10.62356,47.07011],[10.62361,47.0698],[10.62442,47.06885],[10.62489,47.06773],[10.62493,47.06698],[10.6246,47.06601],[10.62444,47.06582],[10.62289,47.0653],[10.62201,47.06459],[10.62125,47.06375],[10.62034,47.06198],[10.61996,47.06164],[10.61857,47.06105],[10.61925,47.06125],[10.61934,47.06117]]}},{"type":"Feature","properties":{"kind":"piste","difficulty":"intermediate","name":null,"aerialway":null,"osm":"way/1486285801"},"geometry":{"type":"LineString","coordinates":[[10.62441,47.07173],[10.62537,47.07286],[10.62533,47.07337],[10.62496,47.07373],[10.62467,47.07447],[10.62372,47.07546],[10.62364,47.07577],[10.62275,47.0758],[10.62339,47.07496],[10.62425,47.07417],[10.62471,47.07337],[10.62471,47.07291],[10.62412,47.07198],[10.62441,47.07173]]}},{"type":"Feature","properties":{"kind":"piste","difficulty":"intermediate","name":null,"aerialway":null,"osm":"way/1486288647"},"geometry":{"type":"LineString","coordinates":[[10.62364,47.07577],[10.62357,47.07599],[10.62394,47.07641],[10.62573,47.07671],[10.62737,47.07755],[10.628,47.07801],[10.6285,47.07859],[10.62863,47.07907],[10.62857,47.07929],[10.62834,47.07943],[10.6265,47.07912],[10.62564,47.07929],[10.62439,47.07997],[10.62359,47.08058],[10.62336,47.07998],[10.62506,47.079],[10.62598,47.07879],[10.62822,47.07899],[10.62834,47.07885],[10.62778,47.07811],[10.62618,47.07706],[10.62538,47.07678],[10.62397,47.07667],[10.62341,47.07644],[10.62275,47.0758],[10.62364,47.07577]]}},{"type":"Feature","properties":{"kind":"piste","difficulty":"intermediate","name":null,"aerialway":null,"osm":"way/1486288648"},"geometry":{"type":"LineString","coordinates":[[10.62336,47.07998],[10.62299,47.08012],[10.62215,47.08102],[10.62014,47.08177],[10.61946,47.08186],[10.61689,47.08181],[10.61428,47.08164],[10.61188,47.08121],[10.6112,47.08097],[10.60884,47.07961],[10.6056,47.0771],[10.60438,47.07714],[10.60205,47.07695],[10.60032,47.07704],[10.59956,47.07669],[10.59876,47.07679],[10.59892,47.07699],[10.59947,47.07687],[10.59996,47.07713],[10.60043,47.07718],[10.60229,47.07712],[10.60538,47.07735],[10.60813,47.07928],[10.60979,47.08114],[10.61018,47.08141],[10.61209,47.082],[10.61509,47.08246],[10.61807,47.08258],[10.61924,47.08252],[10.62049,47.08228],[10.62265,47.08132],[10.62359,47.08058],[10.62336,47.07998]]}},{"type":"Feature","properties":{"kind":"piste","difficulty":"intermediate","name":null,"aerialway":null,"osm":"way/1486288649"},"geometry":{"type":"LineString","coordinates":[[10.57691,47.06251],[10.58055,47.06515],[10.58135,47.06563],[10.58232,47.06601],[10.58245,47.06576],[10.58128,47.06541],[10.57764,47.06271],[10.5772,47.06243],[10.57691,47.06251]]}},{"type":"Feature","properties":{"kind":"piste","difficulty":"intermediate","name":null,"aerialway":null,"osm":"way/1486288650"},"geometry":{"type":"LineString","coordinates":[[10.58232,47.06601],[10.58469,47.06614],[10.58576,47.06649],[10.58713,47.06615],[10.58697,47.06579],[10.58502,47.06538],[10.58245,47.06576],[10.58232,47.06601]]}},{"type":"Feature","properties":{"kind":"piste","difficulty":"intermediate","name":null,"aerialway":null,"osm":"way/1486288651"},"geometry":{"type":"LineString","coordinates":[[10.58697,47.06579],[10.58821,47.06588],[10.58816,47.066],[10.58713,47.06615],[10.58697,47.06579]]}},{"type":"Feature","properties":{"kind":"piste","difficulty":"intermediate","name":null,"aerialway":null,"osm":"way/1486288652"},"geometry":{"type":"LineString","coordinates":[[10.59616,47.06541],[10.59454,47.06546],[10.59284,47.06579],[10.59287,47.06595],[10.59332,47.066],[10.59472,47.06589],[10.59632,47.0657],[10.59616,47.06541]]}},{"type":"Feature","properties":{"kind":"piste","difficulty":"intermediate","name":null,"aerialway":null,"osm":"way/1486288653"},"geometry":{"type":"LineString","coordinates":[[10.59454,47.06546],[10.59477,47.0652],[10.59475,47.0648],[10.59545,47.065],[10.59545,47.06543],[10.59454,47.06546]]}},{"type":"Feature","properties":{"kind":"piste","difficulty":"intermediate","name":null,"aerialway":null,"osm":"way/1486288654"},"geometry":{"type":"LineString","coordinates":[[10.59472,47.06589],[10.59447,47.06671],[10.59323,47.06823],[10.5917,47.0686],[10.59115,47.06857],[10.59102,47.06872],[10.59201,47.06909],[10.59283,47.06922],[10.59364,47.06867],[10.59581,47.06597],[10.59632,47.0657],[10.59472,47.06589]]}},{"type":"Feature","properties":{"kind":"piste","difficulty":"advanced","name":null,"aerialway":null,"osm":"way/1486288655"},"geometry":{"type":"LineString","coordinates":[[10.58549,47.06641],[10.58438,47.06652],[10.58297,47.06711],[10.58252,47.06769],[10.58143,47.06763],[10.58218,47.06701],[10.58253,47.06632],[10.58232,47.06601],[10.58469,47.06614],[10.58549,47.06641]]}},{"type":"Feature","properties":{"kind":"piste","difficulty":"intermediate","name":null,"aerialway":null,"osm":"way/1486288656"},"geometry":{"type":"LineString","coordinates":[[10.58502,47.06538],[10.58806,47.06482],[10.58829,47.06499],[10.58697,47.06579],[10.58502,47.06538]]}},{"type":"Feature","properties":{"kind":"piste","difficulty":"intermediate","name":null,"aerialway":null,"osm":"way/1486288657"},"geometry":{"type":"LineString","coordinates":[[10.59533,47.06268],[10.59482,47.06376],[10.59475,47.0648],[10.59545,47.065],[10.59558,47.06395],[10.59592,47.06282],[10.5963,47.06221],[10.59748,47.06089],[10.59693,47.06097],[10.59533,47.06268]]}},{"type":"Feature","properties":{"kind":"piste","difficulty":"advanced","name":null,"aerialway":null,"osm":"way/1486288658"},"geometry":{"type":"LineString","coordinates":[[10.58143,47.06763],[10.57873,47.07005],[10.57632,47.0713],[10.57623,47.07151],[10.57636,47.07248],[10.57667,47.07227],[10.57663,47.07138],[10.57765,47.07104],[10.57968,47.06992],[10.58205,47.06766],[10.58143,47.06763]]}},{"type":"Feature","properties":{"kind":"piste","difficulty":"advanced","name":null,"aerialway":null,"osm":"way/1486288659"},"geometry":{"type":"LineString","coordinates":[[10.58205,47.06766],[10.58134,47.06937],[10.58111,47.07112],[10.5812,47.07162],[10.58183,47.0719],[10.58155,47.0716],[10.5815,47.07135],[10.58166,47.0698],[10.58192,47.06889],[10.58252,47.06769],[10.58205,47.06766]]}},{"type":"Feature","properties":{"kind":"piste","difficulty":"advanced","name":null,"aerialway":null,"osm":"way/1486288660"},"geometry":{"type":"LineString","coordinates":[[10.58839,47.07235],[10.58911,47.07106]]}},{"type":"Feature","properties":{"kind":"piste","difficulty":"intermediate","name":null,"aerialway":null,"osm":"way/1486288661"},"geometry":{"type":"LineString","coordinates":[[10.58729,47.06949],[10.58694,47.07018],[10.58646,47.07076],[10.58689,47.07087],[10.58778,47.06943],[10.58803,47.06934],[10.58885,47.06951],[10.58943,47.06947],[10.59093,47.0691],[10.59189,47.06905],[10.59102,47.06872],[10.58919,47.06928],[10.58771,47.06914],[10.58729,47.06949]]}},{"type":"Feature","properties":{"kind":"piste","difficulty":"intermediate","name":null,"aerialway":null,"osm":"way/1486288662"},"geometry":{"type":"LineString","coordinates":[[10.58812,47.07225],[10.58831,47.07295],[10.58856,47.07306],[10.5887,47.07295],[10.58866,47.07235],[10.5882,47.07217],[10.58812,47.07225]]}},{"type":"Feature","properties":{"kind":"piste","difficulty":"advanced","name":null,"aerialway":null,"osm":"way/1486288663"},"geometry":{"type":"LineString","coordinates":[[10.5882,47.07217],[10.58889,47.07099],[10.58926,47.07115],[10.5889,47.07169],[10.58866,47.07235],[10.5882,47.07217]]}},{"type":"Feature","properties":{"kind":"piste","difficulty":"intermediate","name":null,"aerialway":null,"osm":"way/1486302901"},"geometry":{"type":"LineString","coordinates":[[10.57636,47.07248],[10.57784,47.07322],[10.57886,47.07332],[10.58053,47.07386],[10.58074,47.07358],[10.57737,47.07277],[10.57667,47.07227],[10.57636,47.07248]]}},{"type":"Feature","properties":{"kind":"piste","difficulty":"intermediate","name":null,"aerialway":null,"osm":"way/1486302902"},"geometry":{"type":"LineString","coordinates":[[10.58053,47.07386],[10.58052,47.07414],[10.58276,47.0743],[10.5827,47.07411],[10.58074,47.07358],[10.58053,47.07386]]}},{"type":"Feature","properties":{"kind":"piste","difficulty":"intermediate","name":null,"aerialway":null,"osm":"way/1486302903"},"geometry":{"type":"LineString","coordinates":[[10.5827,47.07411],[10.5861,47.07443],[10.58768,47.07502],[10.58829,47.07512],[10.58818,47.07522],[10.58678,47.07507],[10.58611,47.07459],[10.58276,47.0743],[10.5827,47.07411]]}},{"type":"Feature","properties":{"kind":"piste","difficulty":"intermediate","name":null,"aerialway":null,"osm":"way/1486302904"},"geometry":{"type":"LineString","coordinates":[[10.58137,47.07415],[10.58315,47.07556],[10.58337,47.07588],[10.58348,47.07618],[10.58298,47.07718],[10.58314,47.07747],[10.58522,47.07878],[10.58531,47.07912],[10.58596,47.07907],[10.585,47.07813],[10.58411,47.07756],[10.58354,47.07735],[10.58354,47.07699],[10.58401,47.07618],[10.58372,47.07554],[10.58292,47.07492],[10.58243,47.07427],[10.58137,47.07415]]}},{"type":"Feature","properties":{"kind":"piste","difficulty":"intermediate","name":null,"aerialway":null,"osm":"way/1486302905"},"geometry":{"type":"LineString","coordinates":[[10.58678,47.07507],[10.5867,47.07552],[10.58648,47.07587],[10.58648,47.0763],[10.58681,47.07815],[10.58661,47.07856],[10.58596,47.07907],[10.58712,47.07871],[10.58828,47.07922],[10.58774,47.07742],[10.58765,47.07637],[10.58806,47.07569],[10.58862,47.07556],[10.58818,47.07522],[10.58678,47.07507]]}},{"type":"Feature","properties":{"kind":"piste","difficulty":"intermediate","name":null,"aerialway":null,"osm":"way/1486302906"},"geometry":{"type":"LineString","coordinates":[[10.58712,47.07871],[10.58622,47.07967],[10.58624,47.08008],[10.58589,47.08006],[10.58531,47.07912],[10.58596,47.07907],[10.58712,47.07871]]}},{"type":"Feature","properties":{"kind":"piste","difficulty":"intermediate","name":null,"aerialway":null,"osm":"way/1486302907"},"geometry":{"type":"LineString","coordinates":[[10.58531,47.07912],[10.58498,47.08001],[10.58431,47.08085],[10.58326,47.08151],[10.58192,47.08196],[10.58111,47.08238],[10.58247,47.08239],[10.58459,47.08122],[10.58506,47.08053],[10.58589,47.08006],[10.58531,47.07912]]}},{"type":"Feature","properties":{"kind":"piste","difficulty":"intermediate","name":null,"aerialway":null,"osm":"way/1486302908"},"geometry":{"type":"LineString","coordinates":[[10.58111,47.08238],[10.58115,47.08264],[10.58094,47.08298],[10.58101,47.08354],[10.58128,47.0839],[10.58225,47.08445],[10.58232,47.08427],[10.58138,47.08369],[10.5813,47.08352],[10.5815,47.08319],[10.58247,47.08239],[10.58111,47.08238]]}},{"type":"Feature","properties":{"kind":"piste","difficulty":"intermediate","name":null,"aerialway":null,"osm":"way/1486302909"},"geometry":{"type":"LineString","coordinates":[[10.58225,47.08445],[10.58263,47.0847],[10.58289,47.08583],[10.58288,47.08705],[10.5839,47.08693],[10.58356,47.08579],[10.58304,47.0848],[10.58286,47.08453],[10.58232,47.08427],[10.58225,47.08445]]}},{"type":"Feature","properties":{"kind":"piste","difficulty":"intermediate","name":null,"aerialway":null,"osm":"way/1486302910"},"geometry":{"type":"LineString","coordinates":[[10.58288,47.08705],[10.58257,47.08735],[10.58135,47.08794],[10.58082,47.08807],[10.57996,47.08804],[10.57995,47.08822],[10.58038,47.08825],[10.58106,47.08864],[10.58285,47.08823],[10.5834,47.08786],[10.58377,47.08743],[10.5839,47.08693],[10.58288,47.08705]]}},{"type":"Feature","properties":{"kind":"piste","difficulty":"intermediate","name":null,"aerialway":null,"osm":"way/1486302911"},"geometry":{"type":"LineString","coordinates":[[10.5839,47.08693],[10.58588,47.08672],[10.58625,47.08699],[10.58377,47.08743],[10.5839,47.08693]]}},{"type":"Feature","properties":{"kind":"piste","difficulty":"intermediate","name":null,"aerialway":null,"osm":"way/1486302912"},"geometry":{"type":"LineString","coordinates":[[10.58588,47.08672],[10.58837,47.08593],[10.58847,47.08673],[10.58625,47.08699],[10.58588,47.08672]]}},{"type":"Feature","properties":{"kind":"piste","difficulty":"intermediate","name":null,"aerialway":null,"osm":"way/1486302913"},"geometry":{"type":"LineString","coordinates":[[10.58597,47.08013],[10.58599,47.08107],[10.58624,47.08123],[10.58653,47.08057],[10.58624,47.08008],[10.58597,47.08013]]}},{"type":"Feature","properties":{"kind":"piste","difficulty":"intermediate","name":null,"aerialway":null,"osm":"way/1486302914"},"geometry":{"type":"LineString","coordinates":[[10.58599,47.08107],[10.58468,47.08337],[10.58407,47.0837],[10.5829,47.08392],[10.58262,47.08441],[10.58286,47.08453],[10.58304,47.0841],[10.58322,47.08399],[10.5843,47.08383],[10.58496,47.08355],[10.58624,47.08123],[10.58599,47.08107]]}},{"type":"Feature","properties":{"kind":"piste","difficulty":"intermediate","name":null,"aerialway":null,"osm":"way/1486302915"},"geometry":{"type":"LineString","coordinates":[[10.57618,47.0835],[10.57584,47.08358],[10.57545,47.08457],[10.5755,47.08478],[10.57713,47.08519],[10.57759,47.08582],[10.57759,47.08623],[10.57819,47.08605],[10.57766,47.08528],[10.57738,47.08507],[10.57608,47.08477],[10.57593,47.08456],[10.57618,47.0835]]}},{"type":"Feature","properties":{"kind":"piste","difficulty":"intermediate","name":null,"aerialway":null,"osm":"way/1486302916"},"geometry":{"type":"LineString","coordinates":[[10.57759,47.08623],[10.57597,47.08644],[10.5754,47.08673],[10.57537,47.08686],[10.57598,47.08756],[10.57696,47.08814],[10.57766,47.08835],[10.57841,47.08897],[10.57825,47.08846],[10.57614,47.08744],[10.57562,47.08694],[10.57569,47.08678],[10.57617,47.08657],[10.57806,47.08637],[10.57831,47.08618],[10.57819,47.08605],[10.57759,47.08623]]}},{"type":"Feature","properties":{"kind":"piste","difficulty":"advanced","name":null,"aerialway":null,"osm":"way/1486302917"},"geometry":{"type":"LineString","coordinates":[[10.57797,47.08871],[10.57729,47.08946],[10.5777,47.08978],[10.57841,47.08897],[10.57797,47.08871]]}},{"type":"Feature","properties":{"kind":"piste","difficulty":"intermediate","name":null,"aerialway":null,"osm":"way/1486302918"},"geometry":{"type":"LineString","coordinates":[[10.57729,47.08946],[10.57691,47.08992],[10.57621,47.09014],[10.57623,47.09035],[10.57719,47.09024],[10.57744,47.09008],[10.5777,47.08978],[10.57729,47.08946]]}},{"type":"Feature","properties":{"kind":"piste","difficulty":"intermediate","name":null,"aerialway":null,"osm":"way/1486302919"},"geometry":{"type":"LineString","coordinates":[[10.58106,47.08864],[10.57921,47.08876],[10.57841,47.08897],[10.57825,47.08846],[10.57796,47.08826],[10.57906,47.08838],[10.58047,47.0883],[10.58106,47.08864]]}},{"type":"Feature","properties":{"kind":"piste","difficulty":"intermediate","name":null,"aerialway":null,"osm":"way/1486315747"},"geometry":{"type":"LineString","coordinates":[[10.58712,47.07871],[10.58709,47.07981],[10.58653,47.08057],[10.58624,47.08123],[10.58692,47.08171],[10.58697,47.08322],[10.58728,47.08434],[10.5879,47.08494],[10.58809,47.08532],[10.58837,47.08593],[10.58847,47.08673],[10.5892,47.08727],[10.58975,47.08685],[10.5891,47.0863],[10.58891,47.08552],[10.58886,47.08424],[10.58843,47.08244],[10.58843,47.08052],[10.58828,47.07922],[10.58712,47.07871]]}},{"type":"Feature","properties":{"kind":"piste","difficulty":"easy","name":null,"aerialway":null,"osm":"way/1486315749"},"geometry":{"type":"LineString","coordinates":[[10.58862,47.07556],[10.58891,47.07576],[10.5894,47.07578],[10.58965,47.07559],[10.58967,47.07537],[10.58949,47.07529],[10.58907,47.07539],[10.58829,47.07512],[10.58818,47.07522],[10.58862,47.07556]]}},{"type":"Feature","properties":{"kind":"piste","difficulty":"easy","name":null,"aerialway":null,"osm":"way/1486315750"},"geometry":{"type":"LineString","coordinates":[[10.594,47.07703],[10.59253,47.0771],[10.59199,47.07738],[10.59183,47.07716],[10.59241,47.07677],[10.59331,47.07672],[10.59376,47.07681],[10.594,47.07703]]}},{"type":"Feature","properties":{"kind":"piste","difficulty":"easy","name":null,"aerialway":null,"osm":"way/1486315751"},"geometry":{"type":"LineString","coordinates":[[10.594,47.07703],[10.59585,47.07699],[10.59674,47.07726],[10.59758,47.07723],[10.59761,47.07704],[10.5935,47.07657],[10.59338,47.07665],[10.594,47.07703]]}},{"type":"Feature","properties":{"kind":"piste","difficulty":"intermediate","name":null,"aerialway":null,"osm":"way/1486315752"},"geometry":{"type":"LineString","coordinates":[[10.59202,47.07762],[10.5923,47.07756],[10.59238,47.07774],[10.59227,47.07826],[10.59206,47.07896],[10.5916,47.07911],[10.59202,47.07762]]}},{"type":"Feature","properties":{"kind":"piste","difficulty":"intermediate","name":null,"aerialway":null,"osm":"way/1486315753"},"geometry":{"type":"LineString","coordinates":[[10.59648,47.07717],[10.59481,47.07761],[10.59336,47.07823],[10.59206,47.07896],[10.59213,47.07922],[10.59492,47.07787],[10.5959,47.07754],[10.59697,47.07738],[10.59648,47.07717]]}},{"type":"Feature","properties":{"kind":"piste","difficulty":"intermediate","name":null,"aerialway":null,"osm":"way/1486315754"},"geometry":{"type":"LineString","coordinates":[[10.5916,47.07911],[10.59157,47.07958],[10.59177,47.08037],[10.59223,47.08015],[10.59202,47.0797],[10.59213,47.07922],[10.59206,47.07896],[10.5916,47.07911]]}},{"type":"Feature","properties":{"kind":"piste","difficulty":"intermediate","name":null,"aerialway":null,"osm":"way/1486315755"},"geometry":{"type":"LineString","coordinates":[[10.59177,47.08037],[10.59196,47.08245],[10.59145,47.08394],[10.58985,47.08688],[10.59024,47.08709],[10.59265,47.08336],[10.59274,47.08301],[10.59272,47.08196],[10.59252,47.08158],[10.59251,47.08083],[10.59223,47.08015],[10.59177,47.08037]]}},{"type":"Feature","properties":{"kind":"piste","difficulty":"intermediate","name":null,"aerialway":null,"osm":"way/1486315756"},"geometry":{"type":"LineString","coordinates":[[10.59223,47.08015],[10.59518,47.07929],[10.59677,47.07784],[10.59697,47.07738],[10.59815,47.07723],[10.59748,47.07788],[10.59627,47.07949],[10.5958,47.07974],[10.593,47.08034],[10.59259,47.08061],[10.59251,47.08083],[10.59223,47.08015]]}},{"type":"Feature","properties":{"kind":"piste","difficulty":"intermediate","name":null,"aerialway":null,"osm":"way/1486315757"},"geometry":{"type":"LineString","coordinates":[[10.58975,47.08685],[10.59024,47.08709],[10.58999,47.08757],[10.59004,47.088],[10.59029,47.08812],[10.59013,47.0883],[10.58975,47.08818],[10.5892,47.08727],[10.58975,47.08685]]}},{"type":"Feature","properties":{"kind":"piste","difficulty":"intermediate","name":null,"aerialway":null,"osm":"way/1486315759"},"geometry":{"type":"LineString","coordinates":[[10.59855,47.07717],[10.5981,47.07777],[10.59822,47.07802],[10.59876,47.07714],[10.59855,47.07717]]}},{"type":"Feature","properties":{"kind":"piste","difficulty":"easy","name":null,"aerialway":null,"osm":"way/1486315760"},"geometry":{"type":"LineString","coordinates":[[10.59761,47.07704],[10.59827,47.07697],[10.59827,47.07681],[10.5986,47.07679],[10.59876,47.07679],[10.59892,47.07699],[10.59875,47.07714],[10.59824,47.07705],[10.59815,47.07723],[10.59697,47.07738],[10.59674,47.07726],[10.59758,47.07723],[10.59761,47.07704]]}},{"type":"Feature","properties":{"kind":"piste","difficulty":"easy","name":null,"aerialway":null,"osm":"way/1486315761"},"geometry":{"type":"LineString","coordinates":[[10.59827,47.07681],[10.59553,47.07674],[10.59709,47.07696],[10.59827,47.07681]]}},{"type":"Feature","properties":{"kind":"piste","difficulty":"intermediate","name":null,"aerialway":null,"osm":"way/1486315762"},"geometry":{"type":"LineString","coordinates":[[10.59794,47.0775],[10.59787,47.07777],[10.59802,47.07786],[10.5981,47.07777],[10.59822,47.07802],[10.59807,47.07874],[10.59746,47.07981],[10.59739,47.08135],[10.59725,47.08185],[10.59678,47.08199],[10.59629,47.08163],[10.59658,47.08103],[10.59681,47.07978],[10.59753,47.07886],[10.59776,47.07837],[10.5978,47.07811],[10.5975,47.07786],[10.59794,47.0775]]}},{"type":"Feature","properties":{"kind":"piste","difficulty":"advanced","name":null,"aerialway":null,"osm":"way/1486315763"},"geometry":{"type":"LineString","coordinates":[[10.59629,47.08163],[10.59557,47.08255],[10.59316,47.08472],[10.59381,47.08467],[10.59678,47.08199],[10.59629,47.08163]]}},{"type":"Feature","properties":{"kind":"piste","difficulty":"intermediate","name":null,"aerialway":null,"osm":"way/1486315764"},"geometry":{"type":"LineString","coordinates":[[10.59678,47.08199],[10.59669,47.08284],[10.59694,47.08328],[10.59725,47.08185],[10.59678,47.08199]]}},{"type":"Feature","properties":{"kind":"piste","difficulty":"intermediate","name":null,"aerialway":null,"osm":"way/1486315765"},"geometry":{"type":"LineString","coordinates":[[10.59316,47.08472],[10.59135,47.08702],[10.59078,47.08797],[10.5906,47.08818],[10.59029,47.08812],[10.59013,47.0883],[10.5909,47.0882],[10.59329,47.08514],[10.59404,47.08484],[10.59381,47.08467],[10.59316,47.08472]]}},{"type":"Feature","properties":{"kind":"piste","difficulty":"advanced","name":null,"aerialway":null,"osm":"way/1486315766"},"geometry":{"type":"LineString","coordinates":[[10.59381,47.08467],[10.59508,47.08437],[10.59568,47.08406],[10.59618,47.08373],[10.59669,47.08284],[10.59694,47.08328],[10.5966,47.08377],[10.59582,47.0843],[10.59404,47.08484],[10.59381,47.08467]]}},{"type":"Feature","properties":{"kind":"piste","difficulty":"easy","name":null,"aerialway":null,"osm":"way/1486315768"},"geometry":{"type":"LineString","coordinates":[[10.59653,47.06539],[10.59671,47.06548]]}},{"type":"Feature","properties":{"kind":"piste","difficulty":"advanced","name":null,"aerialway":null,"osm":"way/1486319410"},"geometry":{"type":"LineString","coordinates":[[10.62336,47.07998],[10.62257,47.07812],[10.62247,47.07755],[10.62243,47.07705],[10.62305,47.07612],[10.62275,47.0758],[10.62271,47.07608],[10.62226,47.07674],[10.62216,47.07722],[10.62223,47.0777],[10.62305,47.0801],[10.62336,47.07998]]}},{"type":"Feature","properties":{"kind":"piste","difficulty":"intermediate","name":null,"aerialway":null,"osm":"way/1486319411"},"geometry":{"type":"LineString","coordinates":[[10.57666,47.06036],[10.57808,47.0576],[10.5806,47.05358],[10.58088,47.05286],[10.58092,47.05209],[10.58164,47.05266],[10.58138,47.05332],[10.58024,47.05527],[10.57923,47.05653],[10.57753,47.05946],[10.57715,47.06047],[10.57666,47.06036]]}},{"type":"Feature","properties":{"kind":"piste","difficulty":"intermediate","name":null,"aerialway":null,"osm":"way/1486319412"},"geometry":{"type":"LineString","coordinates":[[10.58623,47.05285],[10.58552,47.05272],[10.58301,47.05288],[10.58164,47.05266],[10.58191,47.05224],[10.58277,47.05267],[10.58579,47.05257],[10.58645,47.05271],[10.58649,47.05295],[10.58623,47.05285]]}},{"type":"Feature","properties":{"kind":"piste","difficulty":"intermediate","name":null,"aerialway":null,"osm":"way/1486528111"},"geometry":{"type":"LineString","coordinates":[[10.62093,47.0626],[10.6213,47.06193],[10.62188,47.06122],[10.62224,47.06099]]}},{"type":"Feature","properties":{"kind":"piste","difficulty":"intermediate","name":null,"aerialway":null,"osm":"way/1486528114"},"geometry":{"type":"LineString","coordinates":[[10.55024,47.02813],[10.54943,47.02824],[10.54872,47.0287],[10.5471,47.03019],[10.54606,47.03166],[10.54342,47.03309],[10.54341,47.03338],[10.54454,47.03287],[10.54706,47.03142],[10.55005,47.02856],[10.55024,47.02813]]}},{"type":"Feature","properties":{"kind":"piste","difficulty":"intermediate","name":null,"aerialway":null,"osm":"way/1490716391"},"geometry":{"type":"LineString","coordinates":[[10.62426,47.06915],[10.62433,47.06908]]}},{"type":"Feature","properties":{"kind":"lift","difficulty":null,"name":"Alpkopf","aerialway":"chair_lift","osm":"way/22329131"},"geometry":{"type":"LineString","coordinates":[[10.57115,47.04138],[10.57067,47.03608]]}},{"type":"Feature","properties":{"kind":"lift","difficulty":null,"name":"Sunliner","aerialway":"gondola","osm":"way/22367414"},"geometry":{"type":"LineString","coordinates":[[10.59531,47.04083],[10.59199,47.05169]]}},{"type":"Feature","properties":{"kind":"lift","difficulty":null,"name":"Sonnenbahn Ladis-Fiss","aerialway":"gondola","osm":"way/22367445"},"geometry":{"type":"LineString","coordinates":[[10.64513,47.07041],[10.61983,47.06103],[10.61382,47.05675]]}},{"type":"Feature","properties":{"kind":"lift","difficulty":null,"name":"Rastbahn","aerialway":"chair_lift","osm":"way/23264137"},"geometry":{"type":"LineString","coordinates":[[10.59713,47.05709],[10.58838,47.06056]]}},{"type":"Feature","properties":{"kind":"lift","difficulty":null,"name":"Schöngampbahn","aerialway":"chair_lift","osm":"way/23264139"},"geometry":{"type":"LineString","coordinates":[[10.59022,47.08806],[10.59841,47.07721]]}},{"type":"Feature","properties":{"kind":"lift","difficulty":null,"name":"Möseralmbahn","aerialway":"gondola","osm":"way/23264141"},"geometry":{"type":"LineString","coordinates":[[10.61364,47.05673],[10.59242,47.05959]]}},{"type":"Feature","properties":{"kind":"lift","difficulty":null,"name":"Schönjochbahn I","aerialway":"gondola","osm":"way/23264143"},"geometry":{"type":"LineString","coordinates":[[10.61299,47.05717],[10.59671,47.06548]]}},{"type":"Feature","properties":{"kind":"lift","difficulty":null,"name":"Puinzbahn","aerialway":"chair_lift","osm":"way/23264144"},"geometry":{"type":"LineString","coordinates":[[10.59707,47.05449],[10.58693,47.05305]]}},{"type":"Feature","properties":{"kind":"lift","difficulty":null,"name":"Waldbahn","aerialway":"gondola","osm":"way/23295834"},"geometry":{"type":"LineString","coordinates":[[10.60871,47.054],[10.59212,47.05181]]}},{"type":"Feature","properties":{"kind":"lift","difficulty":null,"name":"Sattelbahn","aerialway":"chair_lift","osm":"way/23295840"},"geometry":{"type":"LineString","coordinates":[[10.59714,47.05786],[10.57718,47.06234]]}},{"type":"Feature","properties":{"kind":"lift","difficulty":null,"name":"Stierlerhüttelift","aerialway":"t-bar","osm":"way/24403254"},"geometry":{"type":"LineString","coordinates":[[10.56362,47.03757],[10.56752,47.03695]]}},{"type":"Feature","properties":{"kind":"lift","difficulty":null,"name":"Alpkopfbahn","aerialway":"gondola","osm":"way/24403282"},"geometry":{"type":"LineString","coordinates":[[10.59643,47.04038],[10.57043,47.03568]]}},{"type":"Feature","properties":{"kind":"lift","difficulty":null,"name":"Königsleithebahn","aerialway":"chair_lift","osm":"way/49430414"},"geometry":{"type":"LineString","coordinates":[[10.58865,47.04622],[10.57692,47.06205]]}},{"type":"Feature","properties":{"kind":"lift","difficulty":null,"name":"Poschilift","aerialway":"platter","osm":"way/50831977"},"geometry":{"type":"LineString","coordinates":[[10.62025,47.05829],[10.61857,47.06138]]}},{"type":"Feature","properties":{"kind":"lift","difficulty":null,"name":"Gamplelift","aerialway":"t-bar","osm":"way/51824750"},"geometry":{"type":"LineString","coordinates":[[10.56352,47.03675],[10.55997,47.03519]]}},{"type":"Feature","properties":{"kind":"lift","difficulty":null,"name":"Schönjochbahn II","aerialway":"gondola","osm":"way/52917114"},"geometry":{"type":"LineString","coordinates":[[10.59671,47.06548],[10.58933,47.07518]]}},{"type":"Feature","properties":{"kind":"lift","difficulty":null,"name":"Serfauser Sauser","aerialway":"zip_line","osm":"way/103963949"},"geometry":{"type":"LineString","coordinates":[[10.59215,47.05171],[10.59706,47.04864],[10.59034,47.04326],[10.589,47.04069],[10.59607,47.04061]]}},{"type":"Feature","properties":{"kind":"lift","difficulty":null,"name":"Möserlift","aerialway":"t-bar","osm":"way/156106104"},"geometry":{"type":"LineString","coordinates":[[10.5927,47.06076],[10.5881,47.06089]]}},{"type":"Feature","properties":{"kind":"lift","difficulty":null,"name":"Wonnelift","aerialway":"t-bar","osm":"way/156106161"},"geometry":{"type":"LineString","coordinates":[[10.59507,47.06264],[10.59051,47.06885]]}},{"type":"Feature","properties":{"kind":"lift","difficulty":null,"name":"Schönjöchllift","aerialway":"platter","osm":"way/156106166"},"geometry":{"type":"LineString","coordinates":[[10.59217,47.07752],[10.59817,47.07693]]}},{"type":"Feature","properties":{"kind":"lift","difficulty":null,"name":"Almbahn","aerialway":"gondola","osm":"way/156106192"},"geometry":{"type":"LineString","coordinates":[[10.57613,47.09026],[10.57679,47.07273]]}},{"type":"Feature","properties":{"kind":"lift","difficulty":null,"name":"Familienbahn Gampen","aerialway":"chair_lift","osm":"way/156106206"},"geometry":{"type":"LineString","coordinates":[[10.57143,47.04205],[10.56263,47.0408]]}},{"type":"Feature","properties":{"kind":"lift","difficulty":null,"name":"Lazidbahn","aerialway":"gondola","osm":"way/156106223"},"geometry":{"type":"LineString","coordinates":[[10.56239,47.03972],[10.54591,47.03485]]}},{"type":"Feature","properties":{"kind":"lift","difficulty":null,"name":"Laustalbahn","aerialway":"chair_lift","osm":"way/156388942"},"geometry":{"type":"LineString","coordinates":[[10.55981,47.03943],[10.56172,47.03992]]}},{"type":"Feature","properties":{"kind":"lift","difficulty":null,"name":"Pedruslift","aerialway":"platter","osm":"way/196768145"},"geometry":{"type":"LineString","coordinates":[[10.61184,47.05559],[10.60948,47.05648]]}},{"type":"Feature","properties":{"kind":"lift","difficulty":null,"name":"Förderband zum Talstation","aerialway":"magic_carpet","osm":"way/202158326"},"geometry":{"type":"LineString","coordinates":[[10.61579,47.05678],[10.61516,47.05697]]}},{"type":"Feature","properties":{"kind":"lift","difficulty":null,"name":null,"aerialway":"magic_carpet","osm":"way/507376605"},"geometry":{"type":"LineString","coordinates":[[10.62449,47.06134],[10.62301,47.06084]]}},{"type":"Feature","properties":{"kind":"lift","difficulty":null,"name":null,"aerialway":"magic_carpet","osm":"way/618470744"},"geometry":{"type":"LineString","coordinates":[[10.59303,47.05958],[10.59261,47.05961]]}},{"type":"Feature","properties":{"kind":"lift","difficulty":null,"name":null,"aerialway":"magic_carpet","osm":"way/618470745"},"geometry":{"type":"LineString","coordinates":[[10.59271,47.06031],[10.5921,47.06048]]}},{"type":"Feature","properties":{"kind":"lift","difficulty":null,"name":null,"aerialway":"magic_carpet","osm":"way/621464524"},"geometry":{"type":"LineString","coordinates":[[10.56367,47.03951],[10.56328,47.04009]]}},{"type":"Feature","properties":{"kind":"lift","difficulty":null,"name":"Fisser Flieger","aerialway":"zip_line","osm":"way/701386754"},"geometry":{"type":"LineString","coordinates":[[10.59142,47.06549],[10.59195,47.05935]]}},{"type":"Feature","properties":{"kind":"lift","difficulty":null,"name":"Bertas Märchenexpress","aerialway":"magic_carpet","osm":"way/792997036"},"geometry":{"type":"LineString","coordinates":[[10.62048,47.05984],[10.61982,47.06076]]}},{"type":"Feature","properties":{"kind":"lift","difficulty":null,"name":"12-er Bahn","aerialway":"chair_lift","osm":"way/813683562"},"geometry":{"type":"LineString","coordinates":[[10.57979,47.08807],[10.58042,47.07415]]}},{"type":"Feature","properties":{"kind":"lift","difficulty":null,"name":null,"aerialway":"magic_carpet","osm":"way/815632906"},"geometry":{"type":"LineString","coordinates":[[10.56396,47.0377],[10.56381,47.03903]]}},{"type":"Feature","properties":{"kind":"lift","difficulty":null,"name":"Komperdellbahn","aerialway":"gondola","osm":"way/895701675"},"geometry":{"type":"LineString","coordinates":[[10.59624,47.04096],[10.59005,47.04342],[10.56299,47.03987]]}},{"type":"Feature","properties":{"kind":"lift","difficulty":null,"name":"Bertas Märchenexpress","aerialway":"magic_carpet","osm":"way/1016965063"},"geometry":{"type":"LineString","coordinates":[[10.6205,47.05985],[10.61984,47.06077]]}},{"type":"Feature","properties":{"kind":"lift","difficulty":null,"name":null,"aerialway":"magic_carpet","osm":"way/1016965065"},"geometry":{"type":"LineString","coordinates":[[10.62064,47.06007],[10.62056,47.06024]]}},{"type":"Feature","properties":{"kind":"lift","difficulty":null,"name":null,"aerialway":"magic_carpet","osm":"way/1016965066"},"geometry":{"type":"LineString","coordinates":[[10.62079,47.06012],[10.62071,47.06027]]}}]}