{"type":"FeatureCollection","features":[{"type":"Feature","properties":{"kind":"piste","difficulty":"easy","name":"Schroll-Skirast","aerialway":null,"osm":"way/30903071"},"geometry":{"type":"LineString","coordinates":[[12.32508,47.39752],[12.32271,47.3981],[12.32037,47.39908],[12.32027,47.39944],[12.32059,47.4004],[12.32245,47.40316],[12.32062,47.40419],[12.3188,47.40479],[12.31841,47.40504],[12.31811,47.40547],[12.31764,47.40857],[12.31719,47.40976],[12.31736,47.41141],[12.31771,47.41206],[12.31808,47.41239],[12.31809,47.41258],[12.31584,47.41489],[12.3157,47.41517],[12.31566,47.41627],[12.31504,47.41735]]}},{"type":"Feature","properties":{"kind":"piste","difficulty":"advanced","name":"Ochsalm","aerialway":null,"osm":"way/149949038"},"geometry":{"type":"LineString","coordinates":[[12.35736,47.41668],[12.35586,47.417],[12.35582,47.41727],[12.35613,47.41799],[12.35607,47.41833],[12.35493,47.41785],[12.35197,47.41788],[12.35162,47.41894],[12.35086,47.41974],[12.34854,47.42068],[12.34711,47.42062],[12.34619,47.42076],[12.34607,47.42153],[12.34477,47.42361],[12.34464,47.42502],[12.3445,47.42529],[12.34113,47.42591],[12.33994,47.4265],[12.33855,47.42688],[12.3376,47.42742],[12.33653,47.42836],[12.33522,47.42889],[12.33402,47.42915]]}},{"type":"Feature","properties":{"kind":"piste","difficulty":"advanced","name":"Obwiesen","aerialway":null,"osm":"way/150132246"},"geometry":{"type":"LineString","coordinates":[[12.33402,47.42915],[12.33153,47.42907],[12.32974,47.42835],[12.32921,47.42849],[12.32906,47.42966],[12.32942,47.43109],[12.3294,47.43143],[12.32868,47.4312],[12.32801,47.43076],[12.32646,47.43059],[12.32517,47.42991],[12.32437,47.42967],[12.32276,47.42979],[12.32187,47.42969],[12.32013,47.42915],[12.31921,47.42906],[12.31891,47.4292],[12.31864,47.42964],[12.31875,47.42997],[12.3187,47.43021],[12.31851,47.43037],[12.31815,47.43048],[12.3173,47.43034]]}},{"type":"Feature","properties":{"kind":"piste","difficulty":"intermediate","name":"Kaser-Nord","aerialway":null,"osm":"way/198903416"},"geometry":{"type":"LineString","coordinates":[[12.35506,47.4159],[12.35378,47.41649],[12.35272,47.41717],[12.35197,47.41788],[12.34982,47.41852],[12.34908,47.41909],[12.34802,47.41931],[12.34769,47.41928],[12.34719,47.41901],[12.34671,47.41914],[12.34651,47.41936],[12.34651,47.4196],[12.34699,47.41996],[12.34619,47.42076],[12.34052,47.42281],[12.33927,47.4238],[12.33881,47.42385],[12.33815,47.42342],[12.33747,47.42338]]}},{"type":"Feature","properties":{"kind":"piste","difficulty":"advanced","name":"Kaser","aerialway":null,"osm":"way/198903417"},"geometry":{"type":"LineString","coordinates":[[12.33511,47.42806],[12.33402,47.42915]]}},{"type":"Feature","properties":{"kind":"piste","difficulty":"easy","name":null,"aerialway":null,"osm":"way/325441752"},"geometry":{"type":"LineString","coordinates":[[12.34847,47.43234],[12.34622,47.435],[12.34386,47.43733],[12.34307,47.43861],[12.34284,47.43925],[12.34225,47.44],[12.3398,47.44116],[12.33628,47.44357],[12.33379,47.44463],[12.33355,47.44486],[12.3332,47.44544],[12.33342,47.44596],[12.33341,47.44643],[12.3337,47.44696]]}},{"type":"Feature","properties":{"kind":"piste","difficulty":"advanced","name":"Ki-West Abfahrt","aerialway":null,"osm":"way/330857552"},"geometry":{"type":"LineString","coordinates":[[12.29621,47.40621],[12.2977,47.40574],[12.29762,47.40402]]}},{"type":"Feature","properties":{"kind":"piste","difficulty":"easy","name":null,"aerialway":null,"osm":"way/330990223"},"geometry":{"type":"LineString","coordinates":[[12.31547,47.4167],[12.3147,47.41694]]}},{"type":"Feature","properties":{"kind":"piste","difficulty":"unknown","name":"Kaser","aerialway":null,"osm":"way/364619007"},"geometry":{"type":"LineString","coordinates":[[12.33402,47.42915],[12.33235,47.42928],[12.33192,47.42951],[12.33195,47.42998],[12.33276,47.43112]]}},{"type":"Feature","properties":{"kind":"piste","difficulty":"easy","name":"Brunn","aerialway":null,"osm":"way/364619008"},"geometry":{"type":"LineString","coordinates":[[12.32832,47.40811],[12.3283,47.40863],[12.32811,47.40882],[12.32693,47.40897],[12.32541,47.40959],[12.32486,47.41047],[12.3245,47.41083],[12.32404,47.41104],[12.32297,47.41123],[12.32193,47.41167],[12.32165,47.41154],[12.3216,47.41119],[12.3215,47.41117],[12.31979,47.41199],[12.31948,47.41225],[12.31796,47.41277]]}},{"type":"Feature","properties":{"kind":"piste","difficulty":"easy","name":"Kaser","aerialway":null,"osm":"way/371927276"},"geometry":{"type":"LineString","coordinates":[[12.33099,47.43793],[12.32956,47.43804],[12.32618,47.43888],[12.32553,47.43869],[12.32514,47.43879],[12.32515,47.43869],[12.32574,47.43844],[12.32695,47.43838],[12.33011,47.43751],[12.33098,47.43755],[12.33203,47.43392],[12.33238,47.43071],[12.33325,47.43078],[12.33278,47.43411],[12.33256,47.43491],[12.33152,47.43769],[12.33131,47.43789],[12.33099,47.43793]]}},{"type":"Feature","properties":{"kind":"piste","difficulty":"easy","name":"Kaser-Fleck","aerialway":null,"osm":"way/371927277"},"geometry":{"type":"LineString","coordinates":[[12.33059,47.43753],[12.33029,47.43807],[12.33045,47.43844],[12.33098,47.43889],[12.33155,47.43968],[12.33197,47.44133],[12.3302,47.44262],[12.33036,47.44367],[12.33108,47.44424],[12.33183,47.44557],[12.33235,47.44608],[12.3337,47.44696],[12.33407,47.44754],[12.33467,47.44909],[12.33499,47.44962],[12.33551,47.45002],[12.33508,47.45038]]}},{"type":"Feature","properties":{"kind":"piste","difficulty":"easy","name":"Kaser","aerialway":null,"osm":"way/372062822"},"geometry":{"type":"LineString","coordinates":[[12.34308,47.4185],[12.33915,47.42019],[12.33832,47.42068],[12.33807,47.42106],[12.33779,47.42189],[12.33773,47.42284],[12.33747,47.42338],[12.33757,47.42488],[12.33728,47.42577],[12.33579,47.42749],[12.33549,47.42768],[12.33472,47.42756],[12.33478,47.42775],[12.33534,47.42819],[12.33588,47.42812],[12.33662,47.42774],[12.33684,47.4278],[12.3353,47.42879],[12.33445,47.42894],[12.33402,47.42915],[12.3335,47.43051],[12.33276,47.43112],[12.33234,47.43413],[12.33193,47.43567],[12.33119,47.4373],[12.32683,47.43869],[12.32548,47.43862],[12.32514,47.43879],[12.32521,47.43898]]}},{"type":"Feature","properties":{"kind":"piste","difficulty":"intermediate","name":"Ki-West Abfahrt","aerialway":null,"osm":"way/397908879"},"geometry":{"type":"LineString","coordinates":[[12.2643,47.40196],[12.26461,47.40196],[12.26555,47.40126],[12.26601,47.40108],[12.26758,47.4007],[12.26941,47.40065],[12.27051,47.4008],[12.27337,47.40224],[12.27382,47.40301],[12.27417,47.4041],[12.27403,47.40538],[12.27496,47.4067],[12.27589,47.40697],[12.27936,47.40748],[12.28114,47.40822],[12.28159,47.40825],[12.28369,47.40823],[12.28466,47.40788],[12.28655,47.40769],[12.28882,47.40852],[12.28972,47.40855],[12.29314,47.40775],[12.29621,47.40621],[12.29674,47.40675],[12.29653,47.4076],[12.29675,47.40771],[12.29733,47.40689],[12.29765,47.40576],[12.29713,47.40499],[12.29676,47.40483],[12.29617,47.40422],[12.29545,47.40384],[12.29545,47.40372],[12.29762,47.40402],[12.29984,47.40344],[12.30204,47.40342],[12.30274,47.40314],[12.30595,47.40411],[12.3062,47.40426],[12.30618,47.40438],[12.30601,47.40437]]}},{"type":"Feature","properties":{"kind":"piste","difficulty":"advanced","name":"Ki-West Abfahrt","aerialway":null,"osm":"way/400721479"},"geometry":{"type":"LineString","coordinates":[[12.2961,47.40613],[12.29644,47.40632],[12.2976,47.40594],[12.29759,47.40578],[12.29753,47.40564],[12.2961,47.40613]]}},{"type":"Feature","properties":{"kind":"piste","difficulty":"advanced","name":"Ki-West Abfahrt","aerialway":null,"osm":"way/400721480"},"geometry":{"type":"LineString","coordinates":[[12.29763,47.40561],[12.2977,47.4059],[12.2979,47.40562],[12.29782,47.40402],[12.29718,47.40404],[12.29749,47.40478],[12.29763,47.40561]]}},{"type":"Feature","properties":{"kind":"piste","difficulty":"intermediate","name":"Ki-West Abfahrt","aerialway":null,"osm":"way/400723830"},"geometry":{"type":"LineString","coordinates":[[12.29687,47.40399],[12.29666,47.4039],[12.29693,47.40384],[12.29787,47.40386],[12.29985,47.40334],[12.30109,47.40326],[12.30208,47.40334],[12.30291,47.40311],[12.30633,47.40404],[12.3062,47.40426],[12.30364,47.40341],[12.30263,47.4032],[12.30203,47.4035],[12.30079,47.40348],[12.2976,47.40407],[12.29687,47.40399]]}},{"type":"Feature","properties":{"kind":"piste","difficulty":"intermediate","name":"Ki-West Abfahrt","aerialway":null,"osm":"way/400891835"},"geometry":{"type":"LineString","coordinates":[[12.29644,47.40632],[12.2961,47.40613],[12.29262,47.40771],[12.28983,47.40829],[12.28898,47.40831],[12.28655,47.40754],[12.28476,47.40771],[12.28359,47.4081],[12.28161,47.40812],[12.28101,47.40802],[12.27939,47.40738],[12.27563,47.4068],[12.27493,47.40648],[12.27417,47.40538],[12.27428,47.40454],[12.27419,47.40365],[12.27395,47.40295],[12.27341,47.40219],[12.27318,47.40212],[12.2737,47.4029],[12.27391,47.40375],[12.27404,47.40453],[12.27388,47.40537],[12.2747,47.40665],[12.27562,47.40702],[12.27928,47.40758],[12.28098,47.40841],[12.28382,47.40834],[12.28449,47.40797],[12.28649,47.40788],[12.288,47.40844],[12.28927,47.40868],[12.29277,47.40804],[12.29644,47.40632]]}},{"type":"Feature","properties":{"kind":"piste","difficulty":"intermediate","name":"Ki-West Abfahrt","aerialway":null,"osm":"way/400981081"},"geometry":{"type":"LineString","coordinates":[[12.2976,47.40594],[12.2977,47.4059],[12.29763,47.40561],[12.29753,47.40564],[12.2976,47.40594]]}},{"type":"Feature","properties":{"kind":"piste","difficulty":"intermediate","name":"Kaser","aerialway":null,"osm":"way/510780097"},"geometry":{"type":"LineString","coordinates":[[12.32215,47.44026],[12.3217,47.44019],[12.32089,47.43919],[12.32048,47.43891]]}},{"type":"Feature","properties":{"kind":"piste","difficulty":"easy","name":null,"aerialway":null,"osm":"way/1037424942"},"geometry":{"type":"LineString","coordinates":[[12.33467,47.44909],[12.33507,47.44939],[12.33731,47.44991],[12.33751,47.45003],[12.33743,47.4502],[12.33792,47.45048],[12.33805,47.45071]]}},{"type":"Feature","properties":{"kind":"piste","difficulty":"easy","name":null,"aerialway":null,"osm":"way/1346483592"},"geometry":{"type":"LineString","coordinates":[[12.31784,47.41223],[12.31798,47.41234],[12.31797,47.41258],[12.31686,47.41344],[12.31643,47.41405],[12.31581,47.41461],[12.31562,47.41512],[12.31562,47.41629],[12.31503,47.41727],[12.31511,47.4173],[12.31556,47.41665],[12.31599,47.41641],[12.31589,47.41628],[12.31601,47.41605],[12.316,47.41501],[12.3164,47.4145],[12.31814,47.41289],[12.31824,47.41257],[12.31799,47.41222],[12.31784,47.41223]]}},{"type":"Feature","properties":{"kind":"piste","difficulty":"easy","name":null,"aerialway":null,"osm":"way/1346483594"},"geometry":{"type":"LineString","coordinates":[[12.32813,47.408],[12.32811,47.40844],[12.3277,47.40882],[12.32686,47.40891],[12.32539,47.40945],[12.32465,47.41055],[12.32425,47.41085],[12.32207,47.41149],[12.32181,47.41149],[12.32156,47.41109],[12.31937,47.41226],[12.31824,47.41257],[12.31814,47.41289],[12.31846,47.41279],[12.31877,47.41248],[12.31951,47.41226],[12.32128,47.41136],[12.3215,47.41136],[12.32168,47.4117],[12.32239,47.41168],[12.32303,47.41136],[12.32462,47.41092],[12.32504,47.41056],[12.32551,47.40959],[12.32711,47.40909],[12.3281,47.40895],[12.32845,47.40874],[12.32856,47.40817],[12.32878,47.40798],[12.32813,47.408]]}},{"type":"Feature","properties":{"kind":"piste","difficulty":"easy","name":null,"aerialway":null,"osm":"way/1346490339"},"geometry":{"type":"LineString","coordinates":[[12.34858,47.43224],[12.34815,47.43254],[12.34608,47.43491],[12.34355,47.43752],[12.34307,47.43826],[12.34249,47.43967],[12.33954,47.44108],[12.33767,47.44216],[12.33613,47.44334],[12.33381,47.44443],[12.3332,47.44499],[12.33311,47.44544],[12.33401,47.44469],[12.33692,47.44324],[12.33914,47.4417],[12.34213,47.44042],[12.34279,47.44003],[12.34343,47.43849],[12.34347,47.43803],[12.34629,47.43538],[12.34808,47.43319],[12.34892,47.43241],[12.34961,47.43179],[12.35112,47.43114],[12.34975,47.43142],[12.34858,47.43224]]}},{"type":"Feature","properties":{"kind":"piste","difficulty":"advanced","name":null,"aerialway":null,"osm":"way/1346628848"},"geometry":{"type":"LineString","coordinates":[[12.33519,47.42821],[12.33493,47.42796],[12.33427,47.42858],[12.33392,47.4291],[12.33447,47.42886],[12.33519,47.42821]]}},{"type":"Feature","properties":{"kind":"piste","difficulty":"easy","name":null,"aerialway":null,"osm":"way/1346628849"},"geometry":{"type":"LineString","coordinates":[[12.33238,47.43071],[12.33318,47.43058],[12.3335,47.43034],[12.33392,47.4291],[12.33447,47.42886],[12.33566,47.42873],[12.33416,47.4292],[12.33349,47.43069],[12.33318,47.43108],[12.33325,47.43078],[12.33238,47.43071]]}},{"type":"Feature","properties":{"kind":"piste","difficulty":"easy","name":null,"aerialway":null,"osm":"way/1354443783"},"geometry":{"type":"LineString","coordinates":[[12.34279,47.41853],[12.34209,47.41901],[12.3384,47.42049],[12.3381,47.42087],[12.3377,47.42178],[12.33772,47.42281],[12.33744,47.42335],[12.33747,47.42375],[12.33762,47.42371],[12.33786,47.42289],[12.33778,47.42221],[12.33794,47.4215],[12.33832,47.42086],[12.3386,47.42061],[12.34207,47.41917],[12.34268,47.41866],[12.34288,47.41867],[12.34279,47.41853]]}},{"type":"Feature","properties":{"kind":"piste","difficulty":"easy","name":null,"aerialway":null,"osm":"way/1354443784"},"geometry":{"type":"LineString","coordinates":[[12.33747,47.42375],[12.33752,47.42487],[12.33725,47.42557],[12.33618,47.42682],[12.33576,47.42701],[12.33616,47.42703],[12.33603,47.42723],[12.33549,47.42739],[12.33517,47.4277],[12.33557,47.42778],[12.33581,47.42758],[12.33728,47.42594],[12.33766,47.42485],[12.33762,47.42371],[12.33747,47.42375]]}},{"type":"Feature","properties":{"kind":"piste","difficulty":"easy","name":null,"aerialway":null,"osm":"way/1354443785"},"geometry":{"type":"LineString","coordinates":[[12.33576,47.42701],[12.33549,47.42739],[12.33574,47.42729],[12.33591,47.42699],[12.33576,47.42701]]}},{"type":"Feature","properties":{"kind":"piste","difficulty":"easy","name":"Kaser","aerialway":null,"osm":"way/1354443786"},"geometry":{"type":"LineString","coordinates":[[12.33549,47.42768],[12.33511,47.42806]]}},{"type":"Feature","properties":{"kind":"piste","difficulty":"intermediate","name":null,"aerialway":null,"osm":"way/1354443787"},"geometry":{"type":"LineString","coordinates":[[12.33517,47.4277],[12.33493,47.42796],[12.33519,47.42821],[12.33557,47.42778],[12.33517,47.4277]]}},{"type":"Feature","properties":{"kind":"piste","difficulty":"intermediate","name":"Kaser","aerialway":null,"osm":"way/1551211793"},"geometry":{"type":"LineString","coordinates":[[12.32683,47.43869],[12.3255,47.43917],[12.32419,47.43934]]}},{"type":"Feature","properties":{"kind":"piste","difficulty":"intermediate","name":"Kaser-Fleck","aerialway":null,"osm":"way/1551211794"},"geometry":{"type":"LineString","coordinates":[[12.33212,47.44585],[12.33131,47.44623],[12.32989,47.44637],[12.32837,47.44696],[12.32811,47.44718]]}},{"type":"Feature","properties":{"kind":"piste","difficulty":"easy","name":null,"aerialway":null,"osm":"relation/18614844"},"geometry":{"type":"MultiLineString","coordinates":[[[12.32192,47.39868],[12.32082,47.39897],[12.32044,47.39949],[12.32071,47.40042],[12.32154,47.40154],[12.3221,47.4026],[12.32263,47.40302],[12.32262,47.40314],[12.32161,47.40395],[12.3192,47.40472],[12.3186,47.40513],[12.31826,47.40568],[12.31813,47.40696],[12.31755,47.40938],[12.31728,47.41002],[12.31736,47.41124],[12.31799,47.41222],[12.31784,47.41223],[12.31759,47.41207],[12.31729,47.41148],[12.31709,47.41005],[12.31712,47.40957],[12.31756,47.40843],[12.31784,47.40562],[12.31852,47.40471],[12.32173,47.40356],[12.32228,47.403],[12.32129,47.40173],[12.32,47.39923],[12.32013,47.39905],[12.32156,47.39844],[12.32234,47.39842],[12.32192,47.39868]],[[12.32145,47.40178],[12.32156,47.40175],[12.32141,47.40165],[12.32145,47.40178]]]}},{"type":"Feature","properties":{"kind":"lift","difficulty":null,"name":"Pengelstein I","aerialway":"gondola","osm":"way/30853760"},"geometry":{"type":"LineString","coordinates":[[12.31538,47.41708],[12.33167,47.3951]]}},{"type":"Feature","properties":{"kind":"lift","difficulty":null,"name":"Fleckalmbahn","aerialway":"gondola","osm":"way/30854288"},"geometry":{"type":"LineString","coordinates":[[12.33508,47.45038],[12.34728,47.43255],[12.35784,47.41793]]}},{"type":"Feature","properties":{"kind":"lift","difficulty":null,"name":"KiWest","aerialway":"gondola","osm":"way/145634136"},"geometry":{"type":"LineString","coordinates":[[12.30601,47.40437],[12.26778,47.40083]]}},{"type":"Feature","properties":{"kind":"lift","difficulty":null,"name":"Maierlbahn","aerialway":"gondola","osm":"way/149949035"},"geometry":{"type":"LineString","coordinates":[[12.32521,47.43898],[12.3459,47.41975]]}},{"type":"Feature","properties":{"kind":"piste","difficulty":"advanced","name":"Skiroute 56 Schwarzkogel","aerialway":null,"osm":"way/30853973"},"geometry":{"type":"LineString","coordinates":[[12.34338,47.37788],[12.3386,47.37785],[12.33584,47.37831],[12.33552,47.37859],[12.33546,47.37924],[12.33448,47.37937],[12.33419,47.37952],[12.33344,47.38035],[12.33143,47.3806],[12.33068,47.38105],[12.3294,47.38148],[12.32911,47.38139],[12.32887,47.38066],[12.32869,47.38057],[12.32818,47.38046],[12.32728,47.38051],[12.32585,47.37999],[12.32528,47.38018],[12.3248,47.38],[12.32323,47.37995],[12.32277,47.37966],[12.3222,47.37951],[12.32081,47.37945],[12.32027,47.37959],[12.3198,47.38],[12.31879,47.38147],[12.31703,47.38228],[12.31659,47.38206],[12.31625,47.38106],[12.31586,47.38079],[12.31377,47.38012],[12.31323,47.38019],[12.31307,47.38032],[12.3131,47.38106],[12.31288,47.38121],[12.31201,47.38122],[12.31119,47.38098],[12.3105,47.38106],[12.30992,47.38128]]}},{"type":"Feature","properties":{"kind":"piste","difficulty":"intermediate","name":"Kampen","aerialway":null,"osm":"way/30854125"},"geometry":{"type":"LineString","coordinates":[[12.36995,47.43125],[12.36774,47.43143],[12.3668,47.4317],[12.36618,47.43221],[12.3655,47.43248],[12.36479,47.4333],[12.36239,47.43423],[12.36175,47.43525],[12.36182,47.43581],[12.36163,47.43644],[12.36177,47.43707],[12.36192,47.43725],[12.36336,47.43795],[12.36355,47.43848],[12.36572,47.43949],[12.36686,47.44037],[12.36815,47.44176],[12.36921,47.44316],[12.36948,47.44387],[12.37066,47.4453],[12.37097,47.44544],[12.37173,47.4456],[12.37248,47.44534],[12.37311,47.4448],[12.37398,47.4448],[12.37443,47.44419],[12.37491,47.44543],[12.37641,47.44657],[12.3773,47.44625],[12.37832,47.4466],[12.38065,47.44656],[12.38187,47.44596],[12.3834,47.44542],[12.38384,47.44541],[12.38407,47.44552],[12.38406,47.44566]]}},{"type":"Feature","properties":{"kind":"piste","difficulty":"advanced","name":"Hochsaukaser","aerialway":null,"osm":"way/30858188"},"geometry":{"type":"LineString","coordinates":[[12.34487,47.38006],[12.35316,47.37916],[12.35395,47.37898],[12.35406,47.37904],[12.35395,47.37914]]}},{"type":"Feature","properties":{"kind":"piste","difficulty":"advanced","name":"Hochsaukaser","aerialway":null,"osm":"way/30860532"},"geometry":{"type":"LineString","coordinates":[[12.34525,47.38358],[12.3451,47.38351],[12.34504,47.38225],[12.34471,47.381],[12.34487,47.38006]]}},{"type":"Feature","properties":{"kind":"piste","difficulty":"intermediate","name":"Ganslernhang","aerialway":null,"osm":"way/30860855"},"geometry":{"type":"LineString","coordinates":[[12.37601,47.44221],[12.37856,47.44196]]}},{"type":"Feature","properties":{"kind":"piste","difficulty":"advanced","name":"Griesalm","aerialway":null,"osm":"way/30900307"},"geometry":{"type":"LineString","coordinates":[[12.36743,47.40226],[12.36979,47.40214],[12.37133,47.40222],[12.37177,47.40237],[12.37383,47.40368],[12.37442,47.40412],[12.37457,47.4045],[12.37445,47.4049],[12.37337,47.40575],[12.37268,47.40549],[12.37167,47.40481],[12.37025,47.40443],[12.36983,47.40453],[12.36906,47.40522],[12.36853,47.40597],[12.36848,47.40622],[12.36863,47.40847],[12.36849,47.40889],[12.36685,47.41132],[12.36698,47.41299],[12.36726,47.41334],[12.36744,47.41325]]}},{"type":"Feature","properties":{"kind":"piste","difficulty":"intermediate","name":"Jufen","aerialway":null,"osm":"way/30900308"},"geometry":{"type":"LineString","coordinates":[[12.36034,47.40437],[12.36096,47.40457],[12.36131,47.40486],[12.36114,47.40529],[12.36073,47.40572],[12.36066,47.40603],[12.36095,47.40689],[12.36013,47.40805],[12.36006,47.40821],[12.36016,47.40836]]}},{"type":"Feature","properties":{"kind":"piste","difficulty":"advanced","name":"Direttissima","aerialway":null,"osm":"way/30900309"},"geometry":{"type":"LineString","coordinates":[[12.36422,47.40041],[12.36256,47.40191],[12.36232,47.40234],[12.36316,47.40409],[12.3635,47.40448],[12.3638,47.40544],[12.36405,47.40576]]}},{"type":"Feature","properties":{"kind":"piste","difficulty":"advanced","name":"Direttissima","aerialway":null,"osm":"way/30900310"},"geometry":{"type":"LineString","coordinates":[[12.36405,47.40576],[12.3633,47.40684],[12.36291,47.40793],[12.36417,47.40915],[12.36501,47.41071],[12.36653,47.4125],[12.36688,47.41318],[12.36726,47.41334]]}},{"type":"Feature","properties":{"kind":"piste","difficulty":"easy","name":"Streiteck","aerialway":null,"osm":"way/30900313"},"geometry":{"type":"LineString","coordinates":[[12.36159,47.39975],[12.36017,47.39979],[12.35832,47.40025],[12.35759,47.40053],[12.35746,47.4007],[12.35755,47.40084]]}},{"type":"Feature","properties":{"kind":"piste","difficulty":"advanced","name":"Direttissima","aerialway":null,"osm":"way/30900317"},"geometry":{"type":"LineString","coordinates":[[12.36405,47.40576],[12.36512,47.40631],[12.36571,47.40638],[12.36667,47.40619],[12.36753,47.40654],[12.36779,47.40709],[12.36785,47.40985]]}},{"type":"Feature","properties":{"kind":"piste","difficulty":"easy","name":"Streiteck","aerialway":null,"osm":"way/30900319"},"geometry":{"type":"LineString","coordinates":[[12.35296,47.39868],[12.35311,47.39884],[12.35405,47.39876],[12.35493,47.39903],[12.35523,47.39923],[12.35594,47.40031],[12.35682,47.40073],[12.35755,47.40084],[12.35938,47.40073],[12.36045,47.40081],[12.3616,47.40141],[12.36223,47.40205],[12.36232,47.40234],[12.36158,47.40292],[12.35979,47.40486],[12.35857,47.40551],[12.35837,47.40586],[12.35821,47.40762],[12.35767,47.40869],[12.35733,47.40896],[12.35702,47.40903],[12.35655,47.40888],[12.35634,47.40848],[12.35595,47.4084],[12.35572,47.40849],[12.35555,47.4092],[12.35304,47.41161],[12.3526,47.41214],[12.35225,47.41289],[12.35137,47.41309],[12.35096,47.41331],[12.3508,47.41397],[12.35041,47.41407],[12.35017,47.41432],[12.34927,47.4148],[12.34863,47.41567]]}},{"type":"Feature","properties":{"kind":"piste","difficulty":"easy","name":"Hahnenkamm","aerialway":null,"osm":"way/30900770"},"geometry":{"type":"LineString","coordinates":[[12.35881,47.41846],[12.35825,47.41915],[12.3582,47.41948],[12.35899,47.4201],[12.35956,47.42095],[12.36104,47.42125],[12.36261,47.42185],[12.36585,47.42358],[12.36777,47.42409],[12.36982,47.42484]]}},{"type":"Feature","properties":{"kind":"piste","difficulty":"easy","name":"Melkalm","aerialway":null,"osm":"way/30900772"},"geometry":{"type":"LineString","coordinates":[[12.36982,47.42484],[12.37008,47.42471],[12.37029,47.42437],[12.37051,47.42284],[12.37038,47.42215],[12.36944,47.42111],[12.36848,47.42074],[12.36713,47.4197],[12.36653,47.41939],[12.36824,47.41764],[12.3683,47.41695],[12.36855,47.41697],[12.36872,47.41714],[12.36907,47.41833],[12.36916,47.41833],[12.36949,47.41688],[12.36949,47.41651],[12.36912,47.41578],[12.36767,47.41437],[12.36747,47.41405],[12.36741,47.4136]]}},{"type":"Feature","properties":{"kind":"piste","difficulty":"advanced","name":"Jufen-Steilhang","aerialway":null,"osm":"way/30902539"},"geometry":{"type":"LineString","coordinates":[[12.35755,47.40084],[12.35875,47.40136],[12.35941,47.40256],[12.3598,47.40298],[12.36034,47.40437]]}},{"type":"Feature","properties":{"kind":"piste","difficulty":"easy","name":"Silberstube","aerialway":null,"osm":"way/30902541"},"geometry":{"type":"LineString","coordinates":[[12.36159,47.39975],[12.35915,47.39936],[12.358,47.39937],[12.35701,47.39964],[12.35633,47.3995],[12.35587,47.39914],[12.35564,47.39856],[12.35341,47.39715],[12.35351,47.3964],[12.35373,47.3959]]}},{"type":"Feature","properties":{"kind":"piste","difficulty":"easy","name":"Bärenbadkogel II","aerialway":null,"osm":"way/32267775"},"geometry":{"type":"LineString","coordinates":[[12.39045,47.34735],[12.39042,47.34712],[12.39084,47.34583],[12.39144,47.34472],[12.39236,47.34404],[12.39325,47.34274],[12.39438,47.34224],[12.39484,47.34187],[12.39505,47.34147]]}},{"type":"Feature","properties":{"kind":"piste","difficulty":"easy","name":"Kaser","aerialway":null,"osm":"way/47039743"},"geometry":{"type":"LineString","coordinates":[[12.35837,47.41794],[12.35833,47.4177],[12.35736,47.41668],[12.35675,47.4163],[12.35321,47.41539],[12.35217,47.41523],[12.35088,47.41528],[12.34697,47.41608],[12.34574,47.41666],[12.34494,47.41733],[12.34308,47.4185],[12.343,47.41877]]}},{"type":"Feature","properties":{"kind":"piste","difficulty":"easy","name":null,"aerialway":null,"osm":"way/77244852"},"geometry":{"type":"LineString","coordinates":[[12.35626,47.42134],[12.35663,47.42172],[12.35691,47.42226],[12.3572,47.42352],[12.35687,47.42347],[12.35685,47.42378],[12.357,47.4242],[12.35737,47.42442],[12.35716,47.42507],[12.35694,47.42532],[12.35709,47.42537],[12.35764,47.42517],[12.35802,47.42486],[12.35815,47.42445],[12.35835,47.42452],[12.3582,47.42515],[12.35771,47.4259],[12.35685,47.42648],[12.3557,47.42665],[12.35486,47.42693],[12.35477,47.42685],[12.35487,47.42649],[12.35475,47.42596],[12.35455,47.42571],[12.35456,47.42521],[12.35424,47.42496],[12.35401,47.42456],[12.35385,47.4246],[12.35338,47.42573],[12.35264,47.42667],[12.35204,47.42809],[12.35138,47.42872],[12.35121,47.42904],[12.35145,47.42937],[12.35291,47.42981],[12.35419,47.42943],[12.35531,47.42965],[12.35588,47.42961],[12.35544,47.42981],[12.35431,47.42993],[12.35405,47.43021],[12.35325,47.4306],[12.35224,47.43078],[12.35148,47.43075],[12.35095,47.43112],[12.34964,47.43153],[12.34881,47.43222],[12.34847,47.43234]]}},{"type":"Feature","properties":{"kind":"piste","difficulty":"intermediate","name":"Kapellenabfahrt","aerialway":null,"osm":"way/90190612"},"geometry":{"type":"LineString","coordinates":[[12.36104,47.42125],[12.36167,47.42085],[12.36324,47.42045],[12.36361,47.42054],[12.3643,47.42105],[12.36492,47.42115],[12.36517,47.42041],[12.36495,47.41954],[12.36591,47.41904],[12.36647,47.41849],[12.36666,47.41806],[12.36666,47.4171],[12.36683,47.41687],[12.3686,47.41626],[12.36904,47.41598],[12.36912,47.41578]]}},{"type":"Feature","properties":{"kind":"piste","difficulty":"intermediate","name":"Hieslegg","aerialway":null,"osm":"way/90647712"},"geometry":{"type":"LineString","coordinates":[[12.33919,47.39069],[12.3387,47.39054],[12.33855,47.39037],[12.33817,47.38941],[12.33797,47.38849],[12.33732,47.38791],[12.33705,47.38789],[12.33693,47.38801],[12.33704,47.38877],[12.33691,47.38892],[12.3367,47.38891],[12.33515,47.38809],[12.33499,47.38731],[12.33473,47.38685],[12.3338,47.38665],[12.33223,47.38676],[12.33198,47.38683],[12.33153,47.38724],[12.33079,47.38829],[12.33084,47.38928],[12.33063,47.38967],[12.33063,47.39071],[12.33022,47.39135],[12.32938,47.39192],[12.32946,47.39235],[12.32883,47.39268]]}},{"type":"Feature","properties":{"kind":"piste","difficulty":"easy","name":"Kasereck","aerialway":null,"osm":"way/90647721"},"geometry":{"type":"LineString","coordinates":[[12.34833,47.39059],[12.3486,47.39042],[12.34923,47.39064],[12.3509,47.39055],[12.35092,47.39079],[12.35043,47.39143],[12.35043,47.39254],[12.3506,47.39329],[12.351,47.39361],[12.3521,47.39386],[12.35435,47.39373],[12.35684,47.39414]]}},{"type":"Feature","properties":{"kind":"piste","difficulty":"intermediate","name":"Verbindung - Trattenbach","aerialway":null,"osm":"way/91081512"},"geometry":{"type":"LineString","coordinates":[[12.35502,47.33719],[12.35491,47.33722],[12.35503,47.33731],[12.35549,47.33733],[12.35666,47.33701],[12.35822,47.33679],[12.36302,47.33755]]}},{"type":"Feature","properties":{"kind":"piste","difficulty":"intermediate","name":"Trattenbach","aerialway":null,"osm":"way/91081520"},"geometry":{"type":"LineString","coordinates":[[12.36482,47.33751],[12.36471,47.33682],[12.36445,47.33647],[12.36343,47.33599],[12.36215,47.33574],[12.36135,47.33544],[12.36116,47.33521],[12.36116,47.3327],[12.35904,47.33216],[12.35721,47.33116],[12.35721,47.33099],[12.35769,47.33088],[12.35933,47.33085]]}},{"type":"Feature","properties":{"kind":"piste","difficulty":"easy","name":"Jägerwurz","aerialway":null,"osm":"way/91081522"},"geometry":{"type":"LineString","coordinates":[[12.37921,47.36498],[12.37915,47.36505],[12.37927,47.36509],[12.38089,47.36544]]}},{"type":"Feature","properties":{"kind":"piste","difficulty":"easy","name":"Pengelstein II","aerialway":null,"osm":"way/91087227"},"geometry":{"type":"LineString","coordinates":[[12.33282,47.39517],[12.33276,47.39593],[12.33252,47.39637],[12.32999,47.39747],[12.32908,47.39813],[12.32803,47.3985],[12.32467,47.39875],[12.32402,47.39909]]}},{"type":"Feature","properties":{"kind":"piste","difficulty":"intermediate","name":"Hieslegg","aerialway":null,"osm":"way/94961889"},"geometry":{"type":"LineString","coordinates":[[12.34568,47.38425],[12.34579,47.38412],[12.34562,47.38404],[12.34533,47.38415],[12.34477,47.3849],[12.34396,47.38523],[12.34291,47.38615],[12.34257,47.38746],[12.34157,47.38879],[12.34121,47.3894],[12.3411,47.38985],[12.33905,47.39081],[12.33885,47.39111],[12.33887,47.39194]]}},{"type":"Feature","properties":{"kind":"piste","difficulty":"intermediate","name":"Trattenbach","aerialway":null,"osm":"way/115117562"},"geometry":{"type":"LineString","coordinates":[[12.36302,47.33755],[12.36384,47.33659],[12.36394,47.3362]]}},{"type":"Feature","properties":{"kind":"piste","difficulty":"advanced","name":"Bärenbadkogel II","aerialway":null,"osm":"way/115117565"},"geometry":{"type":"LineString","coordinates":[[12.3798,47.33964],[12.38032,47.33988],[12.38083,47.33989],[12.38271,47.33923],[12.38516,47.33888],[12.38787,47.33929],[12.38979,47.33972],[12.3908,47.34008],[12.39406,47.34171]]}},{"type":"Feature","properties":{"kind":"piste","difficulty":"advanced","name":"Rettenstein","aerialway":null,"osm":"way/115117583"},"geometry":{"type":"LineString","coordinates":[[12.35502,47.33719],[12.35469,47.33715],[12.35463,47.33668],[12.35523,47.33588],[12.35552,47.33507],[12.3567,47.33385],[12.35737,47.33279],[12.35898,47.33085]]}},{"type":"Feature","properties":{"kind":"piste","difficulty":"easy","name":"Kasereck","aerialway":null,"osm":"way/145012973"},"geometry":{"type":"LineString","coordinates":[[12.34833,47.39059],[12.34818,47.39077],[12.34817,47.39104],[12.34838,47.39166],[12.34794,47.39202],[12.34786,47.3924],[12.34816,47.39322],[12.34887,47.3939],[12.34942,47.39506],[12.34965,47.39527],[12.35118,47.39507],[12.35376,47.39413],[12.35684,47.39414],[12.35703,47.39395],[12.35692,47.3939]]}},{"type":"Feature","properties":{"kind":"piste","difficulty":"easy","name":"Jägerwurz","aerialway":null,"osm":"way/145012974"},"geometry":{"type":"LineString","coordinates":[[12.38056,47.3656],[12.38089,47.36544]]}},{"type":"Feature","properties":{"kind":"piste","difficulty":"intermediate","name":"Kapellenabfahrt","aerialway":null,"osm":"way/145012977"},"geometry":{"type":"LineString","coordinates":[[12.36577,47.4238],[12.3663,47.4228],[12.36632,47.42211],[12.36557,47.42137],[12.36492,47.42115]]}},{"type":"Feature","properties":{"kind":"piste","difficulty":"intermediate","name":"Bärenbadkogel I","aerialway":null,"osm":"way/145012979"},"geometry":{"type":"LineString","coordinates":[[12.39045,47.34735],[12.39069,47.34734],[12.39076,47.34797],[12.39141,47.34826],[12.39215,47.34896],[12.3934,47.34934],[12.39418,47.35016],[12.39432,47.35046],[12.39437,47.35151]]}},{"type":"Feature","properties":{"kind":"piste","difficulty":"easy","name":"Pengelstein II","aerialway":null,"osm":"way/145012982"},"geometry":{"type":"LineString","coordinates":[[12.34517,47.3897],[12.34402,47.38924],[12.34348,47.38845],[12.34262,47.3894],[12.34167,47.39015]]}},{"type":"Feature","properties":{"kind":"piste","difficulty":"advanced","name":"Powder Heaven","aerialway":null,"osm":"way/149949042"},"geometry":{"type":"LineString","coordinates":[[12.3718,47.40487],[12.37106,47.40574],[12.36968,47.4079],[12.36834,47.40916],[12.36842,47.40976],[12.36767,47.4113],[12.36763,47.41188],[12.36791,47.41292],[12.36842,47.41324],[12.3684,47.41345],[12.36814,47.41362]]}},{"type":"Feature","properties":{"kind":"piste","difficulty":"intermediate","name":"Wagstätt/Wurzhöhe","aerialway":null,"osm":"way/149949046"},"geometry":{"type":"LineString","coordinates":[[12.3882,47.37029],[12.38795,47.37028],[12.38787,47.37036],[12.38797,47.37043],[12.39298,47.37228],[12.39434,47.37345],[12.39625,47.37458],[12.3969,47.37484],[12.39759,47.37486],[12.39815,47.37454],[12.39919,47.37354],[12.39955,47.37343],[12.40831,47.37443],[12.40914,47.37471],[12.40967,47.37541],[12.41001,47.37563],[12.41371,47.37653],[12.41422,47.37699],[12.41473,47.37773],[12.41653,47.37792],[12.41808,47.37775],[12.41818,47.37761]]}},{"type":"Feature","properties":{"kind":"piste","difficulty":"easy","name":"Wurzhöhe Süd","aerialway":null,"osm":"way/149949051"},"geometry":{"type":"LineString","coordinates":[[12.3882,47.37029],[12.388,47.37018],[12.3874,47.36925],[12.3871,47.36858],[12.38669,47.36841],[12.38662,47.36826],[12.38731,47.36751],[12.38821,47.36697],[12.39314,47.36711],[12.39506,47.36781],[12.39527,47.36774],[12.39518,47.36729],[12.39426,47.36556],[12.39352,47.36496],[12.39292,47.36349],[12.39199,47.36261],[12.39173,47.36175],[12.39075,47.36079],[12.39067,47.35994],[12.39049,47.35963],[12.38904,47.35799],[12.38814,47.35756],[12.38858,47.35725],[12.38984,47.35724],[12.39048,47.35708],[12.39285,47.35749],[12.39296,47.35737],[12.39259,47.35714]]}},{"type":"Feature","properties":{"kind":"piste","difficulty":"easy","name":"Asten","aerialway":null,"osm":"way/150132238"},"geometry":{"type":"LineString","coordinates":[[12.3705,47.42287],[12.3715,47.42337],[12.37228,47.42426],[12.37356,47.4247],[12.37414,47.42525],[12.37547,47.4257],[12.37581,47.42567],[12.37531,47.42475],[12.37589,47.42409],[12.37595,47.42306],[12.3762,47.42296],[12.37738,47.42378],[12.37715,47.42306],[12.37722,47.42299],[12.37861,47.42421],[12.38111,47.4247],[12.38163,47.42506],[12.38236,47.42617],[12.38267,47.4264],[12.38417,47.42543],[12.3844,47.42547],[12.38473,47.42598],[12.38504,47.42609],[12.38597,47.426],[12.38701,47.42608],[12.38701,47.42584],[12.38666,47.42546],[12.38649,47.42495],[12.38611,47.42464],[12.38617,47.42449],[12.38715,47.42504],[12.38822,47.42589],[12.38992,47.42852],[12.39014,47.42943],[12.39014,47.43007],[12.38977,47.43056],[12.38885,47.43123],[12.38831,47.43182],[12.38816,47.43271],[12.38494,47.43415],[12.38382,47.43481],[12.3825,47.43502],[12.38242,47.43519],[12.38257,47.43562],[12.38281,47.43574],[12.38367,47.43567],[12.38564,47.43643],[12.386,47.43689],[12.38577,47.43719]]}},{"type":"Feature","properties":{"kind":"piste","difficulty":"easy","name":"Brunn","aerialway":null,"osm":"way/150132241"},"geometry":{"type":"LineString","coordinates":[[12.36118,47.40117],[12.36063,47.40203],[12.36048,47.40215],[12.35944,47.40226],[12.35922,47.4029],[12.35867,47.40319],[12.35731,47.40361],[12.35552,47.40376],[12.35477,47.40376],[12.35342,47.40328],[12.35158,47.40297],[12.34893,47.40282],[12.34729,47.4022],[12.3447,47.40202],[12.34379,47.4018],[12.33967,47.40258],[12.33794,47.40212],[12.33634,47.4024],[12.336,47.40223],[12.33612,47.4021]]}},{"type":"Feature","properties":{"kind":"piste","difficulty":"intermediate","name":"Wurzhöhe Süd","aerialway":null,"osm":"way/207469202"},"geometry":{"type":"LineString","coordinates":[[12.39234,47.3671],[12.39352,47.36496]]}},{"type":"Feature","properties":{"kind":"piste","difficulty":"expert","name":"Streif-Rennstrecke","aerialway":null,"osm":"way/229219551"},"geometry":{"type":"LineString","coordinates":[[12.37164,47.42638],[12.37104,47.42675],[12.3709,47.42702]]}},{"type":"Feature","properties":{"kind":"piste","difficulty":"intermediate","name":"Streif Familienabfahrt","aerialway":null,"osm":"way/229219552"},"geometry":{"type":"LineString","coordinates":[[12.37005,47.43416],[12.36948,47.43549],[12.36941,47.43641],[12.36953,47.43662],[12.37012,47.437],[12.37083,47.43715],[12.37103,47.43703],[12.37109,47.43668],[12.37128,47.43649],[12.37205,47.43646],[12.37289,47.437],[12.37336,47.43776]]}},{"type":"Feature","properties":{"kind":"piste","difficulty":"intermediate","name":null,"aerialway":null,"osm":"way/311339389"},"geometry":{"type":"LineString","coordinates":[[12.41071,47.38717],[12.41089,47.38718]]}},{"type":"Feature","properties":{"kind":"piste","difficulty":"intermediate","name":null,"aerialway":null,"osm":"way/311339391"},"geometry":{"type":"LineString","coordinates":[[12.41089,47.38718],[12.41267,47.38798],[12.41361,47.38778],[12.41506,47.38773],[12.41556,47.38753],[12.41605,47.38757]]}},{"type":"Feature","properties":{"kind":"piste","difficulty":"easy","name":"Asten","aerialway":null,"osm":"way/318839613"},"geometry":{"type":"LineString","coordinates":[[12.38577,47.43719],[12.38553,47.43728]]}},{"type":"Feature","properties":{"kind":"piste","difficulty":"easy","name":"Asten","aerialway":null,"osm":"way/318839614"},"geometry":{"type":"LineString","coordinates":[[12.38553,47.43728],[12.38555,47.43805],[12.38525,47.43842],[12.38519,47.43877],[12.38553,47.44018],[12.38584,47.44038],[12.38662,47.44039],[12.38734,47.44066],[12.38768,47.4416],[12.38829,47.44223],[12.38812,47.44275],[12.38877,47.44317],[12.38936,47.44323]]}},{"type":"Feature","properties":{"kind":"piste","difficulty":"intermediate","name":"Streif Familienabfahrt","aerialway":null,"osm":"way/319921373"},"geometry":{"type":"LineString","coordinates":[[12.36786,47.42649],[12.36847,47.42704],[12.36819,47.42734],[12.36613,47.42779],[12.36552,47.42827],[12.36498,47.42766],[12.3648,47.42766],[12.36514,47.42873],[12.36581,47.42884],[12.36513,47.42899],[12.36449,47.42864],[12.36446,47.42879],[12.36487,47.42924],[12.36465,47.42933],[12.36433,47.42912],[12.36426,47.42925],[12.3646,47.42951],[12.36645,47.42959],[12.3668,47.42983],[12.36826,47.43035],[12.36995,47.43125]]}},{"type":"Feature","properties":{"kind":"piste","difficulty":"easy","name":"Walde","aerialway":null,"osm":"way/319921374"},"geometry":{"type":"LineString","coordinates":[[12.36804,47.42798],[12.36701,47.42774],[12.36566,47.42791],[12.36541,47.42784]]}},{"type":"Feature","properties":{"kind":"piste","difficulty":"intermediate","name":"Streif Familienabfahrt","aerialway":null,"osm":"way/319923954"},"geometry":{"type":"LineString","coordinates":[[12.36995,47.43125],[12.36984,47.43157],[12.36991,47.43263],[12.36934,47.43358],[12.36889,47.43506],[12.36839,47.43599],[12.36853,47.43635],[12.36875,47.43649],[12.36978,47.43686]]}},{"type":"Feature","properties":{"kind":"piste","difficulty":"advanced","name":"Seidlalmhang","aerialway":null,"osm":"way/319923956"},"geometry":{"type":"LineString","coordinates":[[12.37083,47.43715],[12.37143,47.43778],[12.37147,47.43867],[12.37264,47.43913]]}},{"type":"Feature","properties":{"kind":"piste","difficulty":"advanced","name":"Waldehang","aerialway":null,"osm":"way/319923958"},"geometry":{"type":"LineString","coordinates":[[12.36819,47.42546],[12.36762,47.42629],[12.36663,47.42707],[12.36598,47.42786]]}},{"type":"Feature","properties":{"kind":"piste","difficulty":"novice","name":"Rasmusleiten","aerialway":null,"osm":"way/319923961"},"geometry":{"type":"LineString","coordinates":[[12.38293,47.44098],[12.38279,47.44129],[12.3836,47.4412],[12.38467,47.44156],[12.38546,47.44153],[12.3861,47.44207]]}},{"type":"Feature","properties":{"kind":"piste","difficulty":"novice","name":"Rasmusleiten","aerialway":null,"osm":"way/319923965"},"geometry":{"type":"LineString","coordinates":[[12.38285,47.44149],[12.38307,47.44172],[12.38417,47.442],[12.38686,47.44404],[12.38714,47.44431],[12.38708,47.44445],[12.38663,47.44475],[12.38629,47.44465],[12.38499,47.44368],[12.38293,47.44284],[12.38199,47.44223],[12.38192,47.44202],[12.38285,47.44149]]}},{"type":"Feature","properties":{"kind":"piste","difficulty":"intermediate","name":"Verbindung - Hausleiten","aerialway":null,"osm":"way/319925856"},"geometry":{"type":"LineString","coordinates":[[12.41297,47.38018],[12.41327,47.37985],[12.41533,47.37846],[12.41767,47.37793],[12.41812,47.37779],[12.41827,47.37761],[12.41818,47.37761]]}},{"type":"Feature","properties":{"kind":"piste","difficulty":"easy","name":"Verbindung - Hausleiten","aerialway":null,"osm":"way/319925860"},"geometry":{"type":"LineString","coordinates":[[12.41297,47.38018],[12.4137,47.38013],[12.41469,47.38046],[12.41585,47.3814],[12.41725,47.38301],[12.41733,47.38334]]}},{"type":"Feature","properties":{"kind":"piste","difficulty":"easy","name":"Verbindung - Hausleiten","aerialway":null,"osm":"way/319925862"},"geometry":{"type":"LineString","coordinates":[[12.41297,47.38018],[12.4173,47.38323],[12.41753,47.38243],[12.41745,47.38189],[12.41712,47.38123],[12.41597,47.38006],[12.41565,47.37989],[12.41443,47.37979],[12.41387,47.37982],[12.41297,47.38018]]}},{"type":"Feature","properties":{"kind":"piste","difficulty":"intermediate","name":"Wagstätt/Wurzhöhe","aerialway":null,"osm":"way/320001443"},"geometry":{"type":"LineString","coordinates":[[12.40362,47.37484],[12.40363,47.37465],[12.40526,47.37411]]}},{"type":"Feature","properties":{"kind":"piste","difficulty":"easy","name":"Kaser","aerialway":null,"osm":"way/320040031"},"geometry":{"type":"LineString","coordinates":[[12.3459,47.41975],[12.34591,47.41963],[12.34525,47.41943],[12.34516,47.41919],[12.34557,47.4185],[12.34652,47.41746],[12.34622,47.41714],[12.34534,47.41695]]}},{"type":"Feature","properties":{"kind":"piste","difficulty":"easy","name":null,"aerialway":null,"osm":"way/320431348"},"geometry":{"type":"LineString","coordinates":[[12.34657,47.38954],[12.34693,47.38949],[12.34695,47.38924]]}},{"type":"Feature","properties":{"kind":"piste","difficulty":"easy","name":"Kasereck","aerialway":null,"osm":"way/320431350"},"geometry":{"type":"LineString","coordinates":[[12.34657,47.38954],[12.34679,47.39002]]}},{"type":"Feature","properties":{"kind":"piste","difficulty":"intermediate","name":"Bärenbadkogel I","aerialway":null,"osm":"way/320989203"},"geometry":{"type":"LineString","coordinates":[[12.39283,47.35714],[12.3931,47.35724],[12.39353,47.35718],[12.39347,47.35735]]}},{"type":"Feature","properties":{"kind":"piste","difficulty":"intermediate","name":"Fleck","aerialway":null,"osm":"way/325191555"},"geometry":{"type":"LineString","coordinates":[[12.35698,47.42535],[12.3564,47.42598],[12.35514,47.42667],[12.35446,47.42743],[12.35281,47.42857],[12.35173,47.42896],[12.3509,47.42955],[12.34923,47.43101],[12.34927,47.43133],[12.3486,47.43183],[12.34871,47.4322],[12.34847,47.43234]]}},{"type":"Feature","properties":{"kind":"piste","difficulty":"easy","name":null,"aerialway":null,"osm":"way/325687050"},"geometry":{"type":"LineString","coordinates":[[12.34593,47.38893],[12.34637,47.38911],[12.34657,47.38954]]}},{"type":"Feature","properties":{"kind":"piste","difficulty":"advanced","name":"Selboden","aerialway":null,"osm":"way/325687051"},"geometry":{"type":"LineString","coordinates":[[12.37337,47.40575],[12.37355,47.40586],[12.37366,47.40643],[12.37287,47.40773],[12.37257,47.40847],[12.3725,47.41061],[12.37177,47.41239],[12.37119,47.41279],[12.36961,47.41345],[12.36821,47.4137]]}},{"type":"Feature","properties":{"kind":"piste","difficulty":"advanced","name":"Skiroute Giggling","aerialway":null,"osm":"way/325687902"},"geometry":{"type":"LineString","coordinates":[[12.39722,47.40276],[12.39767,47.4019],[12.39895,47.40177],[12.39939,47.4015],[12.39955,47.40088],[12.39951,47.39994],[12.3998,47.3994],[12.40129,47.39907],[12.40353,47.39954],[12.40665,47.40079],[12.4069,47.40076],[12.40716,47.39969],[12.40781,47.39968],[12.40801,47.40013],[12.40867,47.40043],[12.4108,47.40047],[12.41135,47.39996],[12.41271,47.39952],[12.41374,47.39959],[12.41503,47.39991],[12.41748,47.39989],[12.42035,47.39958]]}},{"type":"Feature","properties":{"kind":"piste","difficulty":"easy","name":null,"aerialway":null,"osm":"way/329742715"},"geometry":{"type":"LineString","coordinates":[[12.36104,47.42125],[12.35953,47.42188]]}},{"type":"Feature","properties":{"kind":"piste","difficulty":"easy","name":"Streiteck","aerialway":null,"osm":"way/330691235"},"geometry":{"type":"LineString","coordinates":[[12.36211,47.40208],[12.36228,47.4024],[12.36222,47.40254],[12.36007,47.40498],[12.35863,47.40561],[12.35829,47.40554],[12.35945,47.40491],[12.35992,47.40452],[12.36027,47.40387],[12.36082,47.40325],[12.36211,47.40208]]}},{"type":"Feature","properties":{"kind":"piste","difficulty":"easy","name":"Streiteck","aerialway":null,"osm":"way/330691240"},"geometry":{"type":"LineString","coordinates":[[12.35862,47.40684],[12.35851,47.40755],[12.35906,47.40794],[12.35989,47.40816],[12.35992,47.40848],[12.35877,47.40869],[12.35742,47.40863],[12.35758,47.4078],[12.35809,47.40735],[12.35808,47.40576],[12.35829,47.40554],[12.35863,47.40561],[12.35853,47.40572],[12.35865,47.40601],[12.35862,47.40684]]}},{"type":"Feature","properties":{"kind":"piste","difficulty":"advanced","name":"Direttissima","aerialway":null,"osm":"way/330691244"},"geometry":{"type":"LineString","coordinates":[[12.36445,47.40058],[12.36276,47.40204],[12.36286,47.40234],[12.36228,47.4024],[12.36213,47.40201],[12.36383,47.40044],[12.36445,47.40058]]}},{"type":"Feature","properties":{"kind":"piste","difficulty":"advanced","name":"Jufen-Steilhang","aerialway":null,"osm":"way/330751135"},"geometry":{"type":"LineString","coordinates":[[12.35755,47.40084],[12.35875,47.40092],[12.35954,47.40181],[12.35951,47.40233],[12.35994,47.40293],[12.36025,47.40391],[12.35992,47.40452],[12.36,47.40368],[12.35971,47.40295],[12.35882,47.40246],[12.35852,47.40205],[12.35819,47.40191],[12.35705,47.40086],[12.35755,47.40084]]}},{"type":"Feature","properties":{"kind":"piste","difficulty":"easy","name":"Silberstube","aerialway":null,"osm":"way/330751137"},"geometry":{"type":"LineString","coordinates":[[12.35253,47.39814],[12.35321,47.3971],[12.35337,47.39584],[12.35484,47.39457],[12.35552,47.39425],[12.35684,47.39414],[12.35674,47.39446],[12.35553,47.39492],[12.35421,47.39593],[12.35376,47.39642],[12.3536,47.3972],[12.35288,47.39833],[12.35253,47.39814]]}},{"type":"Feature","properties":{"kind":"piste","difficulty":"easy","name":"Kasereck","aerialway":null,"osm":"way/330751138"},"geometry":{"type":"LineString","coordinates":[[12.34953,47.39521],[12.34954,47.39534],[12.3497,47.39538],[12.35058,47.3954],[12.35171,47.39514],[12.35385,47.39425],[12.35684,47.39414],[12.35476,47.39398],[12.35365,47.39403],[12.34953,47.39521]]}},{"type":"Feature","properties":{"kind":"piste","difficulty":"easy","name":"Kasereck","aerialway":null,"osm":"way/330751139"},"geometry":{"type":"LineString","coordinates":[[12.35043,47.39143],[12.35028,47.3917],[12.35043,47.39327],[12.35066,47.3936],[12.35125,47.39402],[12.35282,47.39419],[12.35476,47.39398],[12.35684,47.39414],[12.35689,47.39399],[12.35442,47.39342],[12.35218,47.39358],[12.35108,47.39345],[12.35082,47.39331],[12.3507,47.39307],[12.35043,47.39143]]}},{"type":"Feature","properties":{"kind":"piste","difficulty":"novice","name":"Marchenwald","aerialway":null,"osm":"way/330751393"},"geometry":{"type":"LineString","coordinates":[[12.37084,47.42599],[12.37072,47.42557],[12.37044,47.42528],[12.36987,47.42501]]}},{"type":"Feature","properties":{"kind":"piste","difficulty":"novice","name":"Starthaus","aerialway":null,"osm":"way/330751394"},"geometry":{"type":"LineString","coordinates":[[12.37092,47.4259],[12.37103,47.42617],[12.37155,47.42637]]}},{"type":"Feature","properties":{"kind":"piste","difficulty":"novice","name":null,"aerialway":null,"osm":"way/330751395"},"geometry":{"type":"LineString","coordinates":[[12.37092,47.4259],[12.37084,47.42599]]}},{"type":"Feature","properties":{"kind":"piste","difficulty":"easy","name":"Silberstube","aerialway":null,"osm":"way/330754231"},"geometry":{"type":"LineString","coordinates":[[12.35373,47.3959],[12.35296,47.39478],[12.35308,47.39436]]}},{"type":"Feature","properties":{"kind":"piste","difficulty":"easy","name":"Silberstube","aerialway":null,"osm":"way/330754235"},"geometry":{"type":"LineString","coordinates":[[12.35296,47.39868],[12.35282,47.39871],[12.35212,47.398],[12.35161,47.39732],[12.35162,47.39707],[12.35197,47.39678],[12.35373,47.3959]]}},{"type":"Feature","properties":{"kind":"piste","difficulty":"intermediate","name":"Wagstätt/Wurzhöhe","aerialway":null,"osm":"way/330826918"},"geometry":{"type":"LineString","coordinates":[[12.41299,47.37628],[12.41333,47.3769],[12.41316,47.37808],[12.41271,47.37876],[12.41288,47.37962],[12.41341,47.37953],[12.41416,47.38022]]}},{"type":"Feature","properties":{"kind":"piste","difficulty":"intermediate","name":"Jufen","aerialway":null,"osm":"way/330927335"},"geometry":{"type":"LineString","coordinates":[[12.36067,47.40426],[12.36125,47.40451],[12.36164,47.40325],[12.36222,47.40254],[12.36231,47.403],[12.36188,47.40419],[12.36096,47.40595],[12.36106,47.40639],[12.36199,47.40707],[12.36037,47.40765],[12.36067,47.40689],[12.36064,47.40664],[12.36025,47.40604],[12.36029,47.40577],[12.3606,47.40542],[12.36095,47.40527],[12.36107,47.40502],[12.36064,47.40469],[12.36032,47.40461],[12.36067,47.40426]]}},{"type":"Feature","properties":{"kind":"piste","difficulty":"advanced","name":"Griesalm","aerialway":null,"osm":"way/330927336"},"geometry":{"type":"LineString","coordinates":[[12.37076,47.4045],[12.37,47.40484],[12.36922,47.40585],[12.36891,47.40715],[12.36887,47.40841],[12.3686,47.4091],[12.36733,47.41133],[12.36725,47.41267],[12.36698,47.41299],[12.36648,47.412],[12.36621,47.4111],[12.36748,47.40998],[12.36843,47.40848],[12.36795,47.40643],[12.36752,47.40604],[12.36866,47.40503],[12.36936,47.4046],[12.36992,47.40438],[12.37076,47.4045]]}},{"type":"Feature","properties":{"kind":"piste","difficulty":"intermediate","name":"Brunn-Kälberwald","aerialway":null,"osm":"way/330987254"},"geometry":{"type":"LineString","coordinates":[[12.34823,47.39117],[12.34682,47.3919],[12.34606,47.39248]]}},{"type":"Feature","properties":{"kind":"piste","difficulty":"novice","name":"Sun Kid Aschau","aerialway":null,"osm":"way/331714211"},"geometry":{"type":"LineString","coordinates":[[12.31092,47.38049],[12.31084,47.38041],[12.31018,47.38063],[12.31022,47.38075]]}},{"type":"Feature","properties":{"kind":"piste","difficulty":"easy","name":"Sun Kid Aschau","aerialway":null,"osm":"way/331714212"},"geometry":{"type":"LineString","coordinates":[[12.31187,47.38056],[12.31199,47.38137],[12.31167,47.38171],[12.31116,47.38178]]}},{"type":"Feature","properties":{"kind":"piste","difficulty":"easy","name":"Sun Kid Aschau","aerialway":null,"osm":"way/331714213"},"geometry":{"type":"LineString","coordinates":[[12.31257,47.38001],[12.31187,47.38056],[12.31045,47.381],[12.30987,47.38093]]}},{"type":"Feature","properties":{"kind":"piste","difficulty":"advanced","name":null,"aerialway":null,"osm":"way/332347449"},"geometry":{"type":"LineString","coordinates":[[12.3509,47.39055],[12.3543,47.39027],[12.35491,47.38957],[12.35632,47.38907],[12.35799,47.38881],[12.35909,47.38885],[12.36043,47.3886],[12.36191,47.38789],[12.36257,47.38744],[12.36506,47.38652],[12.36626,47.38615],[12.36788,47.38622],[12.37157,47.38447],[12.37336,47.38401],[12.37741,47.38375],[12.38026,47.38387],[12.38287,47.38353],[12.38343,47.38358],[12.38388,47.38377],[12.38388,47.38395],[12.38271,47.38488],[12.38255,47.38522],[12.38274,47.38537],[12.38396,47.38468],[12.38447,47.38455],[12.38706,47.3845],[12.38898,47.38476]]}},{"type":"Feature","properties":{"kind":"piste","difficulty":"easy","name":"Bichlalm-Standard","aerialway":null,"osm":"way/349891840"},"geometry":{"type":"LineString","coordinates":[[12.45084,47.44084],[12.45088,47.44093],[12.45055,47.44089],[12.45043,47.44057],[12.45129,47.43986],[12.45128,47.43954],[12.44975,47.43913],[12.44837,47.43908],[12.44654,47.43944],[12.44539,47.43938],[12.44408,47.43983],[12.44343,47.44025],[12.44278,47.44015],[12.44204,47.43968],[12.44127,47.43962],[12.44106,47.43964],[12.44099,47.43977],[12.44134,47.44012],[12.44116,47.44032],[12.44005,47.44028],[12.43973,47.44059],[12.43912,47.44068],[12.43786,47.44044],[12.43748,47.44008],[12.4371,47.43917],[12.43635,47.43802],[12.43632,47.43781],[12.43677,47.43661],[12.43665,47.43612],[12.43501,47.4363],[12.43429,47.43614],[12.43428,47.43594],[12.43451,47.4356],[12.4342,47.43513],[12.43413,47.43476],[12.43429,47.43373],[12.43419,47.43329],[12.43388,47.43272],[12.43308,47.43184],[12.43255,47.43161],[12.43145,47.43159],[12.43098,47.43182],[12.42873,47.43228],[12.4267,47.4315],[12.42592,47.4314],[12.42589,47.43155]]}},{"type":"Feature","properties":{"kind":"piste","difficulty":"intermediate","name":"Brunn-Kälberwald","aerialway":null,"osm":"way/364307382"},"geometry":{"type":"LineString","coordinates":[[12.34905,47.39434],[12.34845,47.39403],[12.34665,47.39367],[12.34654,47.39355],[12.34644,47.3927],[12.34606,47.39248]]}},{"type":"Feature","properties":{"kind":"piste","difficulty":"intermediate","name":"Streif Familienabfahrt","aerialway":null,"osm":"way/364619005"},"geometry":{"type":"LineString","coordinates":[[12.36816,47.42428],[12.36848,47.42506],[12.36819,47.42546],[12.36537,47.42573],[12.36562,47.42591],[12.36727,47.42622]]}},{"type":"Feature","properties":{"kind":"piste","difficulty":"intermediate","name":"Kapellenabfahrt","aerialway":null,"osm":"way/364619006"},"geometry":{"type":"LineString","coordinates":[[12.36647,47.41849],[12.36659,47.41796],[12.3662,47.41708],[12.36648,47.41677],[12.36832,47.41604],[12.36896,47.41561],[12.36927,47.4161],[12.36891,47.41655],[12.3683,47.41695],[12.36791,47.41674],[12.36671,47.4172],[12.3668,47.41807],[12.36664,47.41841],[12.36647,47.41849]]}},{"type":"Feature","properties":{"kind":"piste","difficulty":"easy","name":"Hieslegg","aerialway":null,"osm":"way/364619009"},"geometry":{"type":"LineString","coordinates":[[12.34568,47.38425],[12.34595,47.38422],[12.34594,47.3844],[12.34477,47.3849],[12.34407,47.3857],[12.34413,47.38627],[12.34347,47.3866]]}},{"type":"Feature","properties":{"kind":"piste","difficulty":"easy","name":"Hieslegg","aerialway":null,"osm":"way/364619010"},"geometry":{"type":"LineString","coordinates":[[12.3411,47.38985],[12.34119,47.3902]]}},{"type":"Feature","properties":{"kind":"piste","difficulty":"intermediate","name":"Pengelstein II","aerialway":null,"osm":"way/364619012"},"geometry":{"type":"LineString","coordinates":[[12.33178,47.39514],[12.33182,47.39503],[12.33129,47.39473],[12.33079,47.39392],[12.33036,47.39349]]}},{"type":"Feature","properties":{"kind":"piste","difficulty":"easy","name":"Bichlalm-Standard","aerialway":null,"osm":"way/364620630"},"geometry":{"type":"LineString","coordinates":[[12.43665,47.43612],[12.436,47.43532]]}},{"type":"Feature","properties":{"kind":"piste","difficulty":"expert","name":"Bichlalm-Süd","aerialway":null,"osm":"way/364620631"},"geometry":{"type":"LineString","coordinates":[[12.44654,47.43944],[12.44615,47.43923],[12.44593,47.4389],[12.44603,47.43843],[12.44578,47.43761],[12.44533,47.43722],[12.4439,47.43652],[12.44205,47.43614],[12.44059,47.43606],[12.43799,47.43554],[12.436,47.43532]]}},{"type":"Feature","properties":{"kind":"piste","difficulty":"expert","name":"Golf","aerialway":null,"osm":"way/364620632"},"geometry":{"type":"LineString","coordinates":[[12.43786,47.44044],[12.43683,47.43998],[12.4359,47.4391],[12.43497,47.4387],[12.43399,47.43851],[12.43117,47.43912],[12.42869,47.43995],[12.42276,47.44061],[12.42053,47.44131],[12.41941,47.44148],[12.41837,47.44216],[12.4174,47.44224],[12.41673,47.44185],[12.41651,47.44152],[12.41498,47.44074],[12.41526,47.44021],[12.41317,47.43938],[12.41066,47.43755]]}},{"type":"Feature","properties":{"kind":"piste","difficulty":"easy","name":"Streiteck","aerialway":null,"osm":"way/364622316"},"geometry":{"type":"LineString","coordinates":[[12.35433,47.39925],[12.35448,47.39912],[12.35471,47.39918],[12.35566,47.39994]]}},{"type":"Feature","properties":{"kind":"piste","difficulty":"advanced","name":"Brunn-Steilhang","aerialway":null,"osm":"way/364622317"},"geometry":{"type":"LineString","coordinates":[[12.35359,47.39879],[12.3533,47.39904],[12.35329,47.40047],[12.35288,47.4015],[12.35158,47.40297]]}},{"type":"Feature","properties":{"kind":"piste","difficulty":"easy","name":"Silberstube","aerialway":null,"osm":"way/368642982"},"geometry":{"type":"LineString","coordinates":[[12.35433,47.39925],[12.35295,47.39834],[12.35301,47.39784],[12.35341,47.39715]]}},{"type":"Feature","properties":{"kind":"piste","difficulty":"advanced","name":"Waldehang","aerialway":null,"osm":"way/368650479"},"geometry":{"type":"LineString","coordinates":[[12.36762,47.43013],[12.36688,47.43144],[12.36653,47.43182]]}},{"type":"Feature","properties":{"kind":"piste","difficulty":"intermediate","name":null,"aerialway":null,"osm":"way/368650480"},"geometry":{"type":"LineString","coordinates":[[12.39537,47.38625],[12.39756,47.38635],[12.3991,47.38683],[12.40009,47.38657],[12.40113,47.38658],[12.40392,47.38741],[12.40563,47.38734],[12.40631,47.38748],[12.4073,47.38707],[12.40855,47.38745],[12.41071,47.38717]]}},{"type":"Feature","properties":{"kind":"piste","difficulty":"easy","name":"Hahnenkamm","aerialway":null,"osm":"way/369375237"},"geometry":{"type":"LineString","coordinates":[[12.36982,47.42484],[12.37088,47.42524],[12.37123,47.42586],[12.37174,47.42639]]}},{"type":"Feature","properties":{"kind":"piste","difficulty":"easy","name":"Pengelstein II","aerialway":null,"osm":"way/371560800"},"geometry":{"type":"LineString","coordinates":[[12.34833,47.39059],[12.34842,47.39022],[12.3483,47.39001],[12.34772,47.38965],[12.34657,47.38954],[12.34624,47.38967],[12.34517,47.3897]]}},{"type":"Feature","properties":{"kind":"piste","difficulty":"easy","name":"Kasereck","aerialway":null,"osm":"way/371560801"},"geometry":{"type":"LineString","coordinates":[[12.34679,47.39002],[12.34701,47.39072],[12.34775,47.39177],[12.34787,47.39213]]}},{"type":"Feature","properties":{"kind":"piste","difficulty":"easy","name":"Pengelstein II","aerialway":null,"osm":"way/371560802"},"geometry":{"type":"LineString","coordinates":[[12.34833,47.39059],[12.34652,47.38993],[12.34517,47.3897],[12.34425,47.38973],[12.34119,47.3902],[12.33981,47.39104],[12.33911,47.39167],[12.33752,47.39369],[12.337,47.39383],[12.33589,47.3938],[12.33506,47.39416],[12.33487,47.39448],[12.33508,47.39502],[12.3333,47.39509],[12.33171,47.3955],[12.32928,47.39575],[12.32835,47.39625],[12.32508,47.39752],[12.32402,47.39909],[12.32358,47.40002],[12.32366,47.40013],[12.32384,47.40006]]}},{"type":"Feature","properties":{"kind":"piste","difficulty":"intermediate","name":"Wagstätt/Wurzhöhe","aerialway":null,"osm":"way/371592726"},"geometry":{"type":"LineString","coordinates":[[12.4127,47.37884],[12.41329,47.37895],[12.41498,47.37876]]}},{"type":"Feature","properties":{"kind":"piste","difficulty":"easy","name":"Jägerwurz","aerialway":null,"osm":"way/371592727"},"geometry":{"type":"LineString","coordinates":[[12.38322,47.36581],[12.38435,47.36602],[12.38613,47.36613],[12.38742,47.36668],[12.38857,47.36685],[12.39055,47.36692],[12.39247,47.36772],[12.39304,47.3678],[12.39529,47.36921],[12.39527,47.36956],[12.39551,47.37041],[12.39623,47.37086],[12.39692,47.37168],[12.3995,47.3731],[12.40066,47.37337],[12.40223,47.37334],[12.40297,47.37346],[12.40349,47.37387],[12.40356,47.37403],[12.40342,47.37457],[12.40362,47.37484]]}},{"type":"Feature","properties":{"kind":"piste","difficulty":"intermediate","name":"Talsen","aerialway":null,"osm":"way/371592728"},"geometry":{"type":"LineString","coordinates":[[12.38089,47.36544],[12.38105,47.36529],[12.37979,47.36428],[12.38292,47.36276],[12.38621,47.36176],[12.38798,47.36162],[12.38937,47.36174],[12.38988,47.36163],[12.39033,47.36126],[12.39061,47.36059],[12.3904,47.35921],[12.39062,47.35877],[12.39285,47.35749]]}},{"type":"Feature","properties":{"kind":"piste","difficulty":"intermediate","name":null,"aerialway":null,"osm":"way/371592730"},"geometry":{"type":"LineString","coordinates":[[12.40389,47.35946],[12.40455,47.35962],[12.40512,47.35992],[12.40664,47.3601],[12.40936,47.35978],[12.41035,47.3595],[12.41178,47.3586],[12.41246,47.35832],[12.41346,47.35764],[12.41355,47.35727]]}},{"type":"Feature","properties":{"kind":"piste","difficulty":"intermediate","name":null,"aerialway":null,"osm":"way/371592731"},"geometry":{"type":"LineString","coordinates":[[12.39763,47.35711],[12.39891,47.3575],[12.39985,47.35745],[12.40033,47.35755],[12.40061,47.35771],[12.40075,47.35839],[12.40282,47.35853],[12.40365,47.35895],[12.40389,47.35946]]}},{"type":"Feature","properties":{"kind":"piste","difficulty":"intermediate","name":"Streif Familienabfahrt","aerialway":null,"osm":"way/371927264"},"geometry":{"type":"LineString","coordinates":[[12.36727,47.42622],[12.36786,47.42649]]}},{"type":"Feature","properties":{"kind":"piste","difficulty":"easy","name":"Sonnenrast","aerialway":null,"osm":"way/371927267"},"geometry":{"type":"LineString","coordinates":[[12.35932,47.41864],[12.35914,47.41865],[12.35903,47.41851],[12.35812,47.41673],[12.35774,47.41439],[12.3574,47.41361],[12.35702,47.41208],[12.3574,47.4095],[12.35801,47.40903],[12.3593,47.40878],[12.36059,47.40815]]}},{"type":"Feature","properties":{"kind":"piste","difficulty":"intermediate","name":"Wagstätt/Wurzhöhe","aerialway":null,"osm":"way/371927278"},"geometry":{"type":"LineString","coordinates":[[12.39251,47.37209],[12.39434,47.37232],[12.39919,47.37354]]}},{"type":"Feature","properties":{"kind":"piste","difficulty":"easy","name":"Bärenbadkogel Nord","aerialway":null,"osm":"way/371927279"},"geometry":{"type":"LineString","coordinates":[[12.39437,47.35532],[12.39369,47.35548],[12.3925,47.35532],[12.39228,47.35548],[12.39201,47.35599],[12.39062,47.35606],[12.39285,47.357]]}},{"type":"Feature","properties":{"kind":"piste","difficulty":"intermediate","name":"Bärenbadkogel I","aerialway":null,"osm":"way/371929097"},"geometry":{"type":"LineString","coordinates":[[12.39437,47.35151],[12.39496,47.35362],[12.39488,47.35455],[12.39445,47.35525],[12.39306,47.35652],[12.39286,47.35693]]}},{"type":"Feature","properties":{"kind":"piste","difficulty":"intermediate","name":"Kapellenabfahrt","aerialway":null,"osm":"way/399046602"},"geometry":{"type":"LineString","coordinates":[[12.3683,47.41695],[12.3686,47.41626]]}},{"type":"Feature","properties":{"kind":"piste","difficulty":"advanced","name":"Powder Heaven","aerialway":null,"osm":"way/432920486"},"geometry":{"type":"LineString","coordinates":[[12.37157,47.40486],[12.37184,47.40503],[12.37103,47.40622],[12.37029,47.40788],[12.36985,47.40819],[12.3693,47.40837],[12.36921,47.40852],[12.36922,47.40958],[12.36814,47.41103],[12.36792,47.41253],[12.36783,47.41265],[12.36749,47.41248],[12.36726,47.41234],[12.36733,47.41133],[12.3686,47.4091],[12.36887,47.40841],[12.36914,47.40832],[12.36932,47.40808],[12.3697,47.40672],[12.37157,47.40486]]}},{"type":"Feature","properties":{"kind":"piste","difficulty":"advanced","name":"Powder Heaven","aerialway":null,"osm":"way/432920487"},"geometry":{"type":"LineString","coordinates":[[12.3697,47.40672],[12.36964,47.40631],[12.36979,47.4057],[12.37022,47.40505],[12.37094,47.40464],[12.37157,47.40486],[12.37049,47.40548],[12.37018,47.40588],[12.37011,47.4063],[12.3697,47.40672]]}},{"type":"Feature","properties":{"kind":"piste","difficulty":"easy","name":"Melkalm","aerialway":null,"osm":"way/432920489"},"geometry":{"type":"LineString","coordinates":[[12.36741,47.4136],[12.36726,47.41334]]}},{"type":"Feature","properties":{"kind":"piste","difficulty":"easy","name":"Melkalm","aerialway":null,"osm":"way/432920491"},"geometry":{"type":"LineString","coordinates":[[12.36741,47.4136],[12.36798,47.41348],[12.36821,47.4137]]}},{"type":"Feature","properties":{"kind":"piste","difficulty":"easy","name":"Melkalm","aerialway":null,"osm":"way/432920493"},"geometry":{"type":"LineString","coordinates":[[12.36821,47.4137],[12.36845,47.41397]]}},{"type":"Feature","properties":{"kind":"piste","difficulty":"intermediate","name":"Trattenbach","aerialway":null,"osm":"way/434343625"},"geometry":{"type":"LineString","coordinates":[[12.3798,47.33964],[12.37492,47.33859],[12.37183,47.33862],[12.37109,47.33854],[12.36978,47.33815],[12.36638,47.33786],[12.36482,47.33751],[12.36302,47.33755]]}},{"type":"Feature","properties":{"kind":"piste","difficulty":"intermediate","name":"Bärenbadkogel Nord","aerialway":null,"osm":"way/434343626"},"geometry":{"type":"LineString","coordinates":[[12.38027,47.33967],[12.3798,47.33964],[12.37922,47.34001],[12.37693,47.34039],[12.37665,47.34049],[12.37647,47.34073],[12.37657,47.34103],[12.37694,47.34133],[12.37901,47.34382],[12.37949,47.34462],[12.38353,47.34622],[12.3863,47.34823],[12.3883,47.34931],[12.38878,47.34985],[12.39024,47.35096],[12.39187,47.35147],[12.39437,47.35151]]}},{"type":"Feature","properties":{"kind":"piste","difficulty":"easy","name":"Bärenbadkogel II","aerialway":null,"osm":"way/434343627"},"geometry":{"type":"LineString","coordinates":[[12.38014,47.34083],[12.37994,47.34052],[12.3798,47.33964],[12.37878,47.33924],[12.37903,47.33863],[12.37978,47.33789],[12.38056,47.33748],[12.38127,47.3372],[12.3824,47.33717],[12.38701,47.33776],[12.38765,47.33796],[12.38788,47.33826],[12.38799,47.33872],[12.38768,47.34038],[12.38809,47.34089],[12.38837,47.34101],[12.39161,47.3413],[12.39484,47.34187]]}},{"type":"Feature","properties":{"kind":"piste","difficulty":"intermediate","name":"Bärenbadkogel Nord","aerialway":null,"osm":"way/434343628"},"geometry":{"type":"LineString","coordinates":[[12.37971,47.34001],[12.37975,47.34015],[12.37701,47.34045],[12.37662,47.34073],[12.37685,47.34114],[12.37798,47.34195],[12.37868,47.34282],[12.37884,47.34348],[12.37923,47.34411],[12.37749,47.34247],[12.37699,47.34185],[12.37698,47.34149],[12.37622,47.34093],[12.37616,47.34059],[12.37649,47.34035],[12.37869,47.34005],[12.3794,47.33974],[12.37971,47.34001]]}},{"type":"Feature","properties":{"kind":"piste","difficulty":"novice","name":"Mini Streif","aerialway":null,"osm":"way/474426155"},"geometry":{"type":"LineString","coordinates":[[12.38438,47.44439],[12.38423,47.44465],[12.38434,47.44524],[12.38448,47.44532]]}},{"type":"Feature","properties":{"kind":"piste","difficulty":"novice","name":"Verbindung - Rasmusleiten","aerialway":null,"osm":"way/474426156"},"geometry":{"type":"LineString","coordinates":[[12.38395,47.44546],[12.38448,47.44532],[12.38494,47.4445],[12.38677,47.44401],[12.38852,47.44302]]}},{"type":"Feature","properties":{"kind":"piste","difficulty":"intermediate","name":"Hieslegg","aerialway":null,"osm":"way/474426157"},"geometry":{"type":"LineString","coordinates":[[12.34525,47.38358],[12.34508,47.38383],[12.34516,47.38433]]}},{"type":"Feature","properties":{"kind":"piste","difficulty":"advanced","name":"Hochsaukaser","aerialway":null,"osm":"way/476091881"},"geometry":{"type":"LineString","coordinates":[[12.34475,47.38076],[12.35267,47.37953],[12.35387,47.37901],[12.35306,47.37884],[12.34481,47.37963],[12.34475,47.38076]]}},{"type":"Feature","properties":{"kind":"piste","difficulty":"advanced","name":"Powder Heaven","aerialway":null,"osm":"way/479614752"},"geometry":{"type":"LineString","coordinates":[[12.3714,47.40471],[12.3706,47.40507],[12.36998,47.40583],[12.36988,47.40632],[12.37024,47.40695]]}},{"type":"Feature","properties":{"kind":"piste","difficulty":"intermediate","name":"Asten","aerialway":null,"osm":"way/510433884"},"geometry":{"type":"LineString","coordinates":[[12.38436,47.4345],[12.38435,47.4348],[12.38472,47.43549],[12.38535,47.43627]]}},{"type":"Feature","properties":{"kind":"piste","difficulty":"advanced","name":"Direttissima","aerialway":null,"osm":"way/510433888"},"geometry":{"type":"LineString","coordinates":[[12.36088,47.40666],[12.36142,47.40703],[12.36193,47.4072]]}},{"type":"Feature","properties":{"kind":"piste","difficulty":"intermediate","name":"Jufen","aerialway":null,"osm":"way/510433889"},"geometry":{"type":"LineString","coordinates":[[12.36232,47.40234],[12.36131,47.40486]]}},{"type":"Feature","properties":{"kind":"piste","difficulty":"intermediate","name":"Brunn-Kälberwald","aerialway":null,"osm":"way/510433890"},"geometry":{"type":"LineString","coordinates":[[12.34606,47.39248],[12.34399,47.39291],[12.3439,47.39315],[12.34424,47.39332],[12.34431,47.39361],[12.34354,47.3944],[12.34122,47.39524],[12.34096,47.39545],[12.34106,47.39571],[12.34155,47.39597],[12.34168,47.39629],[12.34164,47.39684],[12.34187,47.3971],[12.34213,47.3984],[12.34201,47.3991],[12.34172,47.39947],[12.34132,47.40063],[12.34092,47.40109],[12.34005,47.40145],[12.33838,47.40139],[12.33698,47.4022],[12.33634,47.4024]]}},{"type":"Feature","properties":{"kind":"piste","difficulty":"freeride","name":null,"aerialway":null,"osm":"way/510433891"},"geometry":{"type":"LineString","coordinates":[[12.34606,47.39248],[12.34536,47.39216],[12.343,47.39165],[12.3413,47.39152],[12.34056,47.39157],[12.33849,47.39236]]}},{"type":"Feature","properties":{"kind":"piste","difficulty":"easy","name":"Hahnenkamm","aerialway":null,"osm":"way/510780095"},"geometry":{"type":"LineString","coordinates":[[12.36982,47.42484],[12.36987,47.42501]]}},{"type":"Feature","properties":{"kind":"piste","difficulty":"easy","name":"Pengelstein II","aerialway":null,"osm":"way/541396249"},"geometry":{"type":"LineString","coordinates":[[12.33849,47.39236],[12.33744,47.39318],[12.33427,47.39383],[12.33326,47.39454],[12.33282,47.39517]]}},{"type":"Feature","properties":{"kind":"piste","difficulty":"easy","name":"Pengelstein II","aerialway":null,"osm":"way/541396251"},"geometry":{"type":"LineString","coordinates":[[12.33178,47.39514],[12.33171,47.3955]]}},{"type":"Feature","properties":{"kind":"piste","difficulty":"advanced","name":"Direttissima","aerialway":null,"osm":"way/543525772"},"geometry":{"type":"LineString","coordinates":[[12.36286,47.40234],[12.36316,47.40306],[12.3635,47.40448],[12.36295,47.40425],[12.36231,47.403],[12.36228,47.4024],[12.36286,47.40234]]}},{"type":"Feature","properties":{"kind":"piste","difficulty":"advanced","name":"Direttissima","aerialway":null,"osm":"way/543525773"},"geometry":{"type":"LineString","coordinates":[[12.36403,47.4058],[12.36437,47.40613],[12.36364,47.40763],[12.36361,47.40793],[12.36365,47.40808],[12.36488,47.40911],[12.36511,47.41014],[12.36504,47.41048],[12.36532,47.41108],[12.36498,47.41087],[12.36338,47.40887],[12.36253,47.40818],[12.3623,47.4078],[12.36228,47.40745],[12.3632,47.40606],[12.36351,47.40574],[12.36403,47.4058]]}},{"type":"Feature","properties":{"kind":"piste","difficulty":"advanced","name":"Direttissima","aerialway":null,"osm":"way/543525774"},"geometry":{"type":"LineString","coordinates":[[12.36748,47.40998],[12.36843,47.40848],[12.36795,47.40643],[12.36752,47.40604],[12.36717,47.40635],[12.36749,47.40716],[12.36748,47.40998]]}},{"type":"Feature","properties":{"kind":"piste","difficulty":"intermediate","name":"Streif Familienabfahrt","aerialway":null,"osm":"way/547439925"},"geometry":{"type":"LineString","coordinates":[[12.37856,47.44196],[12.38214,47.44189]]}},{"type":"Feature","properties":{"kind":"piste","difficulty":"novice","name":"Rasmusleiten","aerialway":null,"osm":"way/547439926"},"geometry":{"type":"LineString","coordinates":[[12.38274,47.44127],[12.38295,47.44229]]}},{"type":"Feature","properties":{"kind":"piste","difficulty":"novice","name":"Rasmusleiten","aerialway":null,"osm":"way/547439927"},"geometry":{"type":"LineString","coordinates":[[12.38283,47.4419],[12.38388,47.44216],[12.38515,47.44311],[12.38612,47.44339]]}},{"type":"Feature","properties":{"kind":"piste","difficulty":"intermediate","name":"Talsen","aerialway":null,"osm":"way/568686164"},"geometry":{"type":"LineString","coordinates":[[12.38098,47.3637],[12.38171,47.36257],[12.38221,47.36213],[12.38288,47.36184],[12.38457,47.36142],[12.38538,47.36144],[12.38662,47.36171]]}},{"type":"Feature","properties":{"kind":"piste","difficulty":"easy","name":"Wurzhöhe Süd","aerialway":null,"osm":"way/568686169"},"geometry":{"type":"LineString","coordinates":[[12.39296,47.35744],[12.39329,47.35724]]}},{"type":"Feature","properties":{"kind":"piste","difficulty":"intermediate","name":"Wagstätt/Wurzhöhe","aerialway":null,"osm":"way/568686175"},"geometry":{"type":"LineString","coordinates":[[12.40404,47.37453],[12.40531,47.37487],[12.40636,47.3754],[12.40698,47.37555],[12.4077,47.37565],[12.41001,47.37563]]}},{"type":"Feature","properties":{"kind":"piste","difficulty":"intermediate","name":"Kaser-Nord","aerialway":null,"osm":"way/568734952"},"geometry":{"type":"LineString","coordinates":[[12.3459,47.41975],[12.34651,47.4196]]}},{"type":"Feature","properties":{"kind":"piste","difficulty":"intermediate","name":"Bärenbadkogel I","aerialway":null,"osm":"way/570652298"},"geometry":{"type":"LineString","coordinates":[[12.39415,47.34985],[12.39465,47.3507],[12.39547,47.35344],[12.39551,47.35396],[12.39501,47.35512],[12.39295,47.35692],[12.39281,47.3569],[12.39257,47.35683],[12.39263,47.35673],[12.39388,47.35543],[12.39428,47.35481],[12.3943,47.35454],[12.39401,47.35215],[12.39377,47.3513],[12.39405,47.3506],[12.39338,47.34952],[12.393,47.34917],[12.39338,47.34921],[12.39415,47.34985]]}},{"type":"Feature","properties":{"kind":"piste","difficulty":"advanced","name":"Direttissima","aerialway":null,"osm":"way/702275128"},"geometry":{"type":"LineString","coordinates":[[12.36016,47.40836],[12.36072,47.40766],[12.36161,47.40724],[12.36237,47.40733],[12.36291,47.40793]]}},{"type":"Feature","properties":{"kind":"piste","difficulty":"easy","name":"Kaser","aerialway":null,"osm":"way/702275129"},"geometry":{"type":"LineString","coordinates":[[12.35776,47.4171],[12.35768,47.41727],[12.35692,47.41671],[12.35624,47.41643],[12.35489,47.41625],[12.35274,47.41567],[12.3512,47.41555],[12.34985,47.41569],[12.3473,47.41626],[12.3462,47.41657],[12.34482,47.4173],[12.34594,47.41632],[12.34686,47.41585],[12.34945,47.41522],[12.35168,47.41487],[12.35358,47.41514],[12.3572,47.41601],[12.35766,47.41642],[12.35788,47.41702],[12.35776,47.4171]]}},{"type":"Feature","properties":{"kind":"piste","difficulty":"easy","name":null,"aerialway":null,"osm":"way/702275131"},"geometry":{"type":"LineString","coordinates":[[12.35914,47.41865],[12.3587,47.41871]]}},{"type":"Feature","properties":{"kind":"piste","difficulty":"easy","name":null,"aerialway":null,"osm":"way/704921357"},"geometry":{"type":"LineString","coordinates":[[12.34877,47.39066],[12.34833,47.39059]]}},{"type":"Feature","properties":{"kind":"piste","difficulty":"intermediate","name":null,"aerialway":null,"osm":"way/768998531"},"geometry":{"type":"LineString","coordinates":[[12.39526,47.38625],[12.39537,47.38625]]}},{"type":"Feature","properties":{"kind":"piste","difficulty":"intermediate","name":null,"aerialway":null,"osm":"way/768998532"},"geometry":{"type":"LineString","coordinates":[[12.38898,47.38476],[12.39008,47.38543],[12.39283,47.3862],[12.39397,47.38618],[12.39446,47.38635],[12.39526,47.38625]]}},{"type":"Feature","properties":{"kind":"piste","difficulty":"unknown","name":null,"aerialway":null,"osm":"way/850463475"},"geometry":{"type":"LineString","coordinates":[[12.33167,47.3951],[12.33178,47.39514]]}},{"type":"Feature","properties":{"kind":"piste","difficulty":"easy","name":"Walde","aerialway":null,"osm":"way/956695992"},"geometry":{"type":"LineString","coordinates":[[12.36837,47.42437],[12.36861,47.42501],[12.3685,47.42533],[12.36822,47.42553],[12.36547,47.42577],[12.36732,47.42618]]}},{"type":"Feature","properties":{"kind":"piste","difficulty":"easy","name":"Walde","aerialway":null,"osm":"way/956695994"},"geometry":{"type":"LineString","coordinates":[[12.3679,47.42645],[12.36944,47.42779],[12.36932,47.42802],[12.36886,47.42817]]}},{"type":"Feature","properties":{"kind":"piste","difficulty":"easy","name":"Walde","aerialway":null,"osm":"way/956695995"},"geometry":{"type":"LineString","coordinates":[[12.36732,47.42618],[12.3679,47.42645]]}},{"type":"Feature","properties":{"kind":"piste","difficulty":"intermediate","name":"Streif Familienabfahrt","aerialway":null,"osm":"way/956695996"},"geometry":{"type":"LineString","coordinates":[[12.37866,47.43977],[12.37898,47.44015],[12.37885,47.44096],[12.37771,47.44155],[12.37772,47.44172],[12.37881,47.44205],[12.37996,47.44273],[12.38381,47.44378],[12.38397,47.44409],[12.38415,47.44545],[12.38406,47.44566]]}},{"type":"Feature","properties":{"kind":"piste","difficulty":"easy","name":"Walde","aerialway":null,"osm":"way/1005821141"},"geometry":{"type":"LineString","coordinates":[[12.36982,47.42484],[12.36899,47.42531],[12.36819,47.42546]]}},{"type":"Feature","properties":{"kind":"piste","difficulty":"novice","name":"Rasmusleiten","aerialway":null,"osm":"way/1037424944"},"geometry":{"type":"LineString","coordinates":[[12.38092,47.44186],[12.38175,47.44135],[12.38274,47.44127]]}},{"type":"Feature","properties":{"kind":"piste","difficulty":"easy","name":null,"aerialway":null,"osm":"way/1104049994"},"geometry":{"type":"LineString","coordinates":[[12.34803,47.39056],[12.34833,47.39059]]}},{"type":"Feature","properties":{"kind":"piste","difficulty":"easy","name":"Hahnenkamm","aerialway":null,"osm":"way/1315883218"},"geometry":{"type":"LineString","coordinates":[[12.35837,47.41794],[12.35795,47.41919],[12.35816,47.41967],[12.35862,47.41988]]}},{"type":"Feature","properties":{"kind":"piste","difficulty":"easy","name":"Fleck","aerialway":null,"osm":"way/1315883219"},"geometry":{"type":"LineString","coordinates":[[12.35889,47.41808],[12.35837,47.41794],[12.35771,47.41835],[12.35673,47.41992],[12.35668,47.42029],[12.35693,47.42109],[12.35769,47.4216],[12.35843,47.4223]]}},{"type":"Feature","properties":{"kind":"piste","difficulty":"intermediate","name":"Fleck","aerialway":null,"osm":"way/1315883220"},"geometry":{"type":"LineString","coordinates":[[12.35984,47.42107],[12.35719,47.42349]]}},{"type":"Feature","properties":{"kind":"piste","difficulty":"easy","name":null,"aerialway":null,"osm":"way/1320392701"},"geometry":{"type":"LineString","coordinates":[[12.35953,47.42188],[12.35807,47.4224],[12.35626,47.42134]]}},{"type":"Feature","properties":{"kind":"piste","difficulty":"intermediate","name":"Brunn-Kälberwald","aerialway":null,"osm":"way/1323450712"},"geometry":{"type":"LineString","coordinates":[[12.34068,47.40123],[12.34079,47.40149],[12.34065,47.40166],[12.34086,47.40178],[12.34088,47.40195],[12.34026,47.40245]]}},{"type":"Feature","properties":{"kind":"piste","difficulty":"easy","name":"Silberstube","aerialway":null,"osm":"way/1323450714"},"geometry":{"type":"LineString","coordinates":[[12.3517,47.39747],[12.35192,47.39766],[12.35192,47.39735],[12.35232,47.39687],[12.35325,47.39642],[12.35337,47.39584],[12.35166,47.39681],[12.35151,47.39724],[12.3517,47.39747]]}},{"type":"Feature","properties":{"kind":"piste","difficulty":"easy","name":"Silberstube","aerialway":null,"osm":"way/1323450715"},"geometry":{"type":"LineString","coordinates":[[12.35268,47.39852],[12.35289,47.39817]]}},{"type":"Feature","properties":{"kind":"piste","difficulty":"advanced","name":"Skiroute 56 Schwarzkogel","aerialway":null,"osm":"way/1324043460"},"geometry":{"type":"LineString","coordinates":[[12.34487,47.38006],[12.34477,47.37925],[12.34426,47.37858],[12.34421,47.37793],[12.34338,47.37788]]}},{"type":"Feature","properties":{"kind":"piste","difficulty":"easy","name":"Streiteck","aerialway":null,"osm":"way/1344553556"},"geometry":{"type":"LineString","coordinates":[[12.35821,47.40762],[12.35842,47.4079],[12.3601,47.40855],[12.36014,47.40881]]}},{"type":"Feature","properties":{"kind":"piste","difficulty":"easy","name":"Streiteck","aerialway":null,"osm":"way/1344553557"},"geometry":{"type":"LineString","coordinates":[[12.3574,47.4095],[12.35676,47.409]]}},{"type":"Feature","properties":{"kind":"piste","difficulty":"advanced","name":"Waldehang","aerialway":null,"osm":"way/1344553559"},"geometry":{"type":"LineString","coordinates":[[12.36842,47.4256],[12.36773,47.42651],[12.36635,47.42771],[12.36566,47.42785],[12.36605,47.42724],[12.3675,47.42607],[12.36773,47.42569],[12.36842,47.4256]]}},{"type":"Feature","properties":{"kind":"piste","difficulty":"intermediate","name":null,"aerialway":null,"osm":"way/1346483577"},"geometry":{"type":"LineString","coordinates":[[12.34489,47.38469],[12.34374,47.38531],[12.34288,47.38604],[12.34273,47.38624],[12.3427,47.3867],[12.34234,47.38769],[12.34128,47.38888],[12.34089,47.38985],[12.33914,47.39053],[12.33895,47.39047],[12.33869,47.39008],[12.33836,47.39015],[12.33864,47.39063],[12.33894,47.39074],[12.33877,47.39097],[12.33867,47.39182],[12.33901,47.39167],[12.33895,47.39114],[12.3391,47.39093],[12.34093,47.39028],[12.34131,47.3899],[12.34141,47.38917],[12.34243,47.38803],[12.34281,47.38723],[12.34308,47.38626],[12.34489,47.38469]]}},{"type":"Feature","properties":{"kind":"piste","difficulty":"intermediate","name":null,"aerialway":null,"osm":"way/1346483578"},"geometry":{"type":"LineString","coordinates":[[12.33836,47.39015],[12.33791,47.38869],[12.33745,47.3881],[12.33717,47.38809],[12.33708,47.3882],[12.33711,47.38878],[12.33703,47.38896],[12.3368,47.38903],[12.3352,47.38828],[12.33492,47.388],[12.33454,47.38692],[12.33423,47.38682],[12.33236,47.38685],[12.33198,47.38693],[12.33147,47.3873],[12.33134,47.38724],[12.33165,47.3868],[12.33311,47.38651],[12.33431,47.38651],[12.33485,47.38672],[12.3352,47.38769],[12.33517,47.38791],[12.33543,47.38816],[12.33675,47.38882],[12.33696,47.38864],[12.33688,47.388],[12.33722,47.38764],[12.33739,47.38763],[12.33815,47.3885],[12.3382,47.38899],[12.33869,47.39008],[12.33836,47.39015]]}},{"type":"Feature","properties":{"kind":"piste","difficulty":"intermediate","name":null,"aerialway":null,"osm":"way/1346483579"},"geometry":{"type":"LineString","coordinates":[[12.3343,47.39371],[12.33159,47.39344],[12.33054,47.39347],[12.33083,47.39372],[12.33283,47.39371],[12.33386,47.3939],[12.3343,47.39371]]}},{"type":"Feature","properties":{"kind":"piste","difficulty":"easy","name":null,"aerialway":null,"osm":"way/1346483580"},"geometry":{"type":"LineString","coordinates":[[12.34131,47.3899],[12.34192,47.3899],[12.3443,47.38949],[12.34618,47.3896],[12.34615,47.38995],[12.34437,47.38978],[12.3409,47.3904],[12.33911,47.39179],[12.33782,47.39356],[12.33744,47.39391],[12.33579,47.39393],[12.33535,47.3941],[12.33514,47.39397],[12.33595,47.39374],[12.33732,47.39369],[12.33769,47.39341],[12.33806,47.3925],[12.33867,47.39182],[12.34093,47.39028],[12.34131,47.3899]]}},{"type":"Feature","properties":{"kind":"piste","difficulty":"easy","name":null,"aerialway":null,"osm":"way/1346483581"},"geometry":{"type":"LineString","coordinates":[[12.33514,47.39397],[12.33478,47.3943],[12.33474,47.39459],[12.33491,47.39501],[12.33337,47.39499],[12.3329,47.39512],[12.33319,47.39542],[12.33321,47.39525],[12.33339,47.39516],[12.33523,47.39509],[12.33525,47.39465],[12.33512,47.39444],[12.33535,47.3941],[12.33514,47.39397]]}},{"type":"Feature","properties":{"kind":"piste","difficulty":"easy","name":null,"aerialway":null,"osm":"way/1346483582"},"geometry":{"type":"LineString","coordinates":[[12.3329,47.39512],[12.33262,47.39541],[12.33271,47.39582],[12.33235,47.39641],[12.33052,47.39717],[12.3291,47.39803],[12.32726,47.39841],[12.32459,47.39862],[12.32448,47.39884],[12.32803,47.39852],[12.32934,47.39812],[12.33066,47.39733],[12.33267,47.39653],[12.33311,47.39613],[12.33324,47.39562],[12.3329,47.39512]]}},{"type":"Feature","properties":{"kind":"piste","difficulty":"easy","name":null,"aerialway":null,"osm":"way/1346483583"},"geometry":{"type":"LineString","coordinates":[[12.32495,47.39743],[12.32527,47.39761],[12.32791,47.39671],[12.32974,47.3958],[12.33183,47.39564],[12.33262,47.39541],[12.3329,47.39512],[12.33181,47.39534],[12.32976,47.39549],[12.3255,47.39702],[12.32495,47.39743]]}},{"type":"Feature","properties":{"kind":"piste","difficulty":"easy","name":null,"aerialway":null,"osm":"way/1346483584"},"geometry":{"type":"LineString","coordinates":[[12.33505,47.39385],[12.33423,47.39403],[12.33389,47.39424],[12.33328,47.39486],[12.33337,47.39499],[12.33246,47.39516],[12.33337,47.3942],[12.33386,47.3939],[12.33733,47.39301],[12.33806,47.3925],[12.33787,47.39303],[12.33745,47.39334],[12.33505,47.39385]]}},{"type":"Feature","properties":{"kind":"piste","difficulty":"intermediate","name":null,"aerialway":null,"osm":"way/1346483585"},"geometry":{"type":"LineString","coordinates":[[12.33054,47.39347],[12.32872,47.39253],[12.32871,47.3927],[12.32906,47.39299],[12.33031,47.39366],[12.33083,47.39372],[12.33054,47.39347]]}},{"type":"Feature","properties":{"kind":"piste","difficulty":"easy","name":"Pengelstein II","aerialway":null,"osm":"way/1346483587"},"geometry":{"type":"LineString","coordinates":[[12.32402,47.39909],[12.32349,47.39911],[12.32266,47.39854],[12.32234,47.39849],[12.32118,47.39869]]}},{"type":"Feature","properties":{"kind":"piste","difficulty":"easy","name":null,"aerialway":null,"osm":"way/1346483588"},"geometry":{"type":"LineString","coordinates":[[12.32495,47.39743],[12.32467,47.39788],[12.32445,47.39796],[12.32349,47.39977],[12.32341,47.39996],[12.32351,47.40018],[12.32376,47.40014],[12.32365,47.39998],[12.32435,47.39928],[12.32452,47.39872],[12.32527,47.39761],[12.32495,47.39743]]}},{"type":"Feature","properties":{"kind":"piste","difficulty":"easy","name":null,"aerialway":null,"osm":"way/1346483589"},"geometry":{"type":"LineString","coordinates":[[12.32495,47.39743],[12.32467,47.3976],[12.32413,47.39755],[12.32235,47.39805],[12.32156,47.39844],[12.32234,47.39842],[12.32311,47.39814],[12.32445,47.39796],[12.32467,47.39788],[12.32495,47.39743]]}},{"type":"Feature","properties":{"kind":"piste","difficulty":"easy","name":null,"aerialway":null,"osm":"way/1346483590"},"geometry":{"type":"LineString","coordinates":[[12.32406,47.39874],[12.32361,47.39899],[12.32234,47.39842],[12.32192,47.39868],[12.32245,47.39864],[12.32378,47.39936],[12.32406,47.39874]]}},{"type":"Feature","properties":{"kind":"piste","difficulty":"easy","name":null,"aerialway":null,"osm":"way/1346483593"},"geometry":{"type":"LineString","coordinates":[[12.33591,47.40252],[12.33352,47.40399],[12.33255,47.40518],[12.33223,47.40541],[12.33169,47.40565],[12.33093,47.40578],[12.33014,47.40617],[12.3291,47.40718],[12.32956,47.40742],[12.33055,47.40641],[12.33226,47.40558],[12.33352,47.40437],[12.33621,47.40268],[12.33591,47.40252]]}},{"type":"Feature","properties":{"kind":"piste","difficulty":"easy","name":null,"aerialway":null,"osm":"way/1346483595"},"geometry":{"type":"LineString","coordinates":[[12.3291,47.40718],[12.3283,47.40774],[12.32813,47.408],[12.32878,47.40798],[12.3294,47.40733],[12.3291,47.40718]]}},{"type":"Feature","properties":{"kind":"piste","difficulty":"intermediate","name":null,"aerialway":null,"osm":"way/1346483596"},"geometry":{"type":"LineString","coordinates":[[12.34796,47.39108],[12.34708,47.39144],[12.34543,47.39251],[12.34383,47.39277],[12.3436,47.39293],[12.34364,47.39317],[12.34422,47.39342],[12.34413,47.39373],[12.34302,47.39441],[12.34097,47.39532],[12.34096,47.39569],[12.3415,47.39597],[12.34145,47.39667],[12.3418,47.3976],[12.3417,47.39918],[12.34125,47.40055],[12.34079,47.40104],[12.34097,47.40119],[12.34145,47.40059],[12.34205,47.39942],[12.34225,47.39841],[12.34175,47.39598],[12.34105,47.39561],[12.34362,47.39445],[12.34444,47.39365],[12.34427,47.39319],[12.34407,47.39305],[12.34533,47.39289],[12.34649,47.39256],[12.34813,47.39132],[12.34796,47.39108]]}},{"type":"Feature","properties":{"kind":"piste","difficulty":"easy","name":null,"aerialway":null,"osm":"way/1346483597"},"geometry":{"type":"LineString","coordinates":[[12.34811,47.3906],[12.34798,47.39074],[12.34796,47.39108],[12.34826,47.39162],[12.3479,47.39199],[12.34794,47.39214],[12.34839,47.39179],[12.34858,47.39139],[12.34833,47.39071],[12.34811,47.3906]]}},{"type":"Feature","properties":{"kind":"piste","difficulty":"easy","name":null,"aerialway":null,"osm":"way/1346483598"},"geometry":{"type":"LineString","coordinates":[[12.35028,47.3917],[12.35033,47.39139],[12.35073,47.39093],[12.3507,47.39072],[12.34916,47.39068],[12.34876,47.39045],[12.34872,47.3906],[12.34862,47.39029],[12.34935,47.39056],[12.35107,47.39043],[12.35113,47.39067],[12.35052,47.39142],[12.35052,47.39197],[12.35043,47.39143],[12.35028,47.3917]]}},{"type":"Feature","properties":{"kind":"piste","difficulty":"intermediate","name":null,"aerialway":null,"osm":"way/1346483599"},"geometry":{"type":"LineString","coordinates":[[12.34079,47.40104],[12.3399,47.40139],[12.33839,47.40133],[12.33703,47.40209],[12.33767,47.40202],[12.33861,47.40152],[12.33996,47.40158],[12.34054,47.40144],[12.34097,47.40119],[12.34079,47.40104]]}},{"type":"Feature","properties":{"kind":"piste","difficulty":"easy","name":null,"aerialway":null,"osm":"way/1346483601"},"geometry":{"type":"LineString","coordinates":[[12.35908,47.40282],[12.35777,47.40346],[12.35527,47.40367],[12.35409,47.40346],[12.35342,47.40319],[12.35279,47.40317],[12.3513,47.40272],[12.34927,47.40272],[12.3473,47.4021],[12.34351,47.40161],[12.3399,47.4024],[12.33927,47.40243],[12.33831,47.40199],[12.33596,47.40226],[12.3361,47.40247],[12.33591,47.40252],[12.33621,47.40268],[12.33655,47.40242],[12.33824,47.40221],[12.33927,47.40266],[12.3401,47.40262],[12.34385,47.40191],[12.34701,47.40228],[12.34886,47.40291],[12.35325,47.40331],[12.3548,47.40382],[12.35778,47.4036],[12.35847,47.40341],[12.35954,47.40289],[12.35915,47.4027],[12.35908,47.40282]]}},{"type":"Feature","properties":{"kind":"piste","difficulty":"advanced","name":null,"aerialway":null,"osm":"way/1346483602"},"geometry":{"type":"LineString","coordinates":[[12.35367,47.39898],[12.35346,47.39918],[12.35331,47.39995],[12.35335,47.40056],[12.35305,47.40137],[12.3519,47.40289],[12.3513,47.40272],[12.35209,47.40205],[12.3526,47.4014],[12.35286,47.40077],[12.35304,47.40029],[12.35309,47.39953],[12.35308,47.39913],[12.35286,47.39891],[12.35367,47.39898]]}},{"type":"Feature","properties":{"kind":"piste","difficulty":"easy","name":null,"aerialway":null,"osm":"way/1346486604"},"geometry":{"type":"LineString","coordinates":[[12.35288,47.39868],[12.3533,47.3988],[12.35406,47.3987],[12.35495,47.39893],[12.35534,47.39918],[12.35599,47.40023],[12.3566,47.40051],[12.35734,47.40065],[12.35705,47.40086],[12.35605,47.4005],[12.35457,47.39916],[12.35419,47.3992],[12.35367,47.39898],[12.35286,47.39891],[12.3526,47.3988],[12.35288,47.39868]]}},{"type":"Feature","properties":{"kind":"piste","difficulty":"easy","name":null,"aerialway":null,"osm":"way/1346486605"},"geometry":{"type":"LineString","coordinates":[[12.35948,47.4001],[12.35833,47.40041],[12.35841,47.40068],[12.35894,47.4007],[12.35857,47.40086],[12.35705,47.40086],[12.35816,47.40014],[12.35967,47.39993],[12.36003,47.39973],[12.36011,47.39987],[12.35948,47.4001]]}},{"type":"Feature","properties":{"kind":"piste","difficulty":"intermediate","name":null,"aerialway":null,"osm":"way/1346490331"},"geometry":{"type":"LineString","coordinates":[[12.35931,47.42091],[12.3594,47.4212],[12.35826,47.42207],[12.359,47.42192],[12.35996,47.42124],[12.35931,47.42091]]}},{"type":"Feature","properties":{"kind":"piste","difficulty":"intermediate","name":null,"aerialway":null,"osm":"way/1346490332"},"geometry":{"type":"LineString","coordinates":[[12.35772,47.4223],[12.3571,47.42278],[12.35725,47.4234],[12.35821,47.42249],[12.35772,47.4223]]}},{"type":"Feature","properties":{"kind":"piste","difficulty":"easy","name":null,"aerialway":null,"osm":"way/1346490333"},"geometry":{"type":"LineString","coordinates":[[12.35899,47.41893],[12.35892,47.41878],[12.3586,47.41897],[12.35828,47.41931],[12.35836,47.41953],[12.35897,47.41985],[12.3596,47.42079],[12.36023,47.42109],[12.36085,47.42115],[12.36063,47.42142],[12.35947,47.42105],[12.35892,47.42005],[12.35833,47.41971],[12.35814,47.41946],[12.35808,47.41922],[12.35871,47.41849],[12.35927,47.4186],[12.35906,47.41866],[12.35915,47.41885],[12.35899,47.41893]]}},{"type":"Feature","properties":{"kind":"piste","difficulty":"intermediate","name":null,"aerialway":null,"osm":"way/1346490334"},"geometry":{"type":"LineString","coordinates":[[12.36085,47.42115],[12.36098,47.42096],[12.3633,47.42041],[12.36422,47.4208],[12.36459,47.42085],[12.3649,47.42071],[12.36504,47.42039],[12.36482,47.41952],[12.36511,47.41926],[12.366,47.41887],[12.36646,47.41833],[12.36647,47.41849],[12.36664,47.41841],[12.36614,47.41897],[12.36501,47.41953],[12.36543,47.42085],[12.36496,47.42128],[12.36409,47.42108],[12.3637,47.42069],[12.3634,47.42058],[12.36126,47.42119],[12.36085,47.42115]]}},{"type":"Feature","properties":{"kind":"piste","difficulty":"intermediate","name":null,"aerialway":null,"osm":"way/1346490335"},"geometry":{"type":"LineString","coordinates":[[12.36589,47.42299],[12.366,47.42206],[12.36545,47.42154],[12.36496,47.42128],[12.36543,47.42085],[12.36641,47.42206],[12.36653,47.42243],[12.36635,47.42316],[12.36589,47.42299]]}},{"type":"Feature","properties":{"kind":"piste","difficulty":"intermediate","name":null,"aerialway":null,"osm":"way/1346490336"},"geometry":{"type":"LineString","coordinates":[[12.35157,47.42928],[12.3514,47.42891],[12.35273,47.42845],[12.35336,47.42783],[12.35409,47.42746],[12.35475,47.42692],[12.355,47.42701],[12.35306,47.42861],[12.35157,47.42928]]}},{"type":"Feature","properties":{"kind":"piste","difficulty":"intermediate","name":null,"aerialway":null,"osm":"way/1346490337"},"geometry":{"type":"LineString","coordinates":[[12.35486,47.42681],[12.35634,47.42585],[12.35685,47.4253],[12.35715,47.42544],[12.35684,47.42589],[12.3563,47.42627],[12.35498,47.42686],[12.35486,47.42681]]}},{"type":"Feature","properties":{"kind":"piste","difficulty":"intermediate","name":null,"aerialway":null,"osm":"way/1346490338"},"geometry":{"type":"LineString","coordinates":[[12.35106,47.42906],[12.35132,47.42941],[12.35086,47.42973],[12.34942,47.43125],[12.34907,47.43122],[12.34909,47.43105],[12.34989,47.43038],[12.35106,47.42906]]}},{"type":"Feature","properties":{"kind":"piste","difficulty":"easy","name":null,"aerialway":null,"osm":"way/1346490340"},"geometry":{"type":"LineString","coordinates":[[12.35826,47.42207],[12.35772,47.4223],[12.35821,47.42249],[12.35913,47.422],[12.359,47.42192],[12.35826,47.42207]]}},{"type":"Feature","properties":{"kind":"piste","difficulty":"advanced","name":null,"aerialway":null,"osm":"way/1346490341"},"geometry":{"type":"LineString","coordinates":[[12.37065,47.43739],[12.37102,47.43767],[12.37114,47.43796],[12.37108,47.4387],[12.37203,47.43902],[12.37237,47.43934],[12.37257,47.43898],[12.37146,47.4387],[12.37141,47.43853],[12.37179,47.43829],[12.3718,47.43805],[12.37146,47.43724],[12.37065,47.43739]]}},{"type":"Feature","properties":{"kind":"piste","difficulty":"intermediate","name":null,"aerialway":null,"osm":"way/1346490342"},"geometry":{"type":"LineString","coordinates":[[12.37065,47.43739],[12.36798,47.43615],[12.36834,47.4358],[12.36927,47.43636],[12.37042,47.43685],[12.37118,47.4364],[12.37199,47.43636],[12.37255,47.43652],[12.37322,47.437],[12.37359,47.43745],[12.37369,47.43799],[12.37335,47.43859],[12.37281,47.43898],[12.37283,47.4392],[12.37237,47.43934],[12.37318,47.43798],[12.37307,47.43748],[12.37216,47.43682],[12.37172,47.4368],[12.37146,47.43724],[12.37065,47.43739]]}},{"type":"Feature","properties":{"kind":"piste","difficulty":"intermediate","name":null,"aerialway":null,"osm":"way/1346490343"},"geometry":{"type":"LineString","coordinates":[[12.37905,47.4403],[12.37906,47.43984],[12.37889,47.43959],[12.37766,47.4392],[12.37526,47.43965],[12.37429,47.43962],[12.37283,47.4392],[12.37234,47.43935],[12.37386,47.43994],[12.37481,47.44012],[12.3768,47.43972],[12.3784,47.43987],[12.37905,47.4403]]}},{"type":"Feature","properties":{"kind":"piste","difficulty":"intermediate","name":null,"aerialway":null,"osm":"way/1346490344"},"geometry":{"type":"LineString","coordinates":[[12.37603,47.44215],[12.37649,47.44194],[12.3772,47.44188],[12.37753,47.44161],[12.37821,47.4418],[12.37984,47.44176],[12.38114,47.44151],[12.3826,47.44156],[12.38192,47.44202],[12.38189,47.44216],[12.38045,47.44196],[12.37946,47.44215],[12.37839,47.44209],[12.37627,47.44224],[12.37603,47.44215]]}},{"type":"Feature","properties":{"kind":"piste","difficulty":"intermediate","name":null,"aerialway":null,"osm":"way/1346618031"},"geometry":{"type":"LineString","coordinates":[[12.36372,47.43854],[12.36532,47.43909],[12.36706,47.44003],[12.36778,47.4409],[12.36791,47.44135],[12.36821,47.44176],[12.36958,47.44341],[12.37017,47.44441],[12.37074,47.44504],[12.37161,47.44556],[12.37141,47.44563],[12.3709,47.44548],[12.37053,47.44527],[12.36988,47.44459],[12.36941,47.44389],[12.36915,47.4432],[12.36673,47.4403],[12.36566,47.43949],[12.36385,47.43871],[12.36372,47.43854]]}},{"type":"Feature","properties":{"kind":"piste","difficulty":"intermediate","name":null,"aerialway":null,"osm":"way/1346618032"},"geometry":{"type":"LineString","coordinates":[[12.37173,47.44558],[12.37269,47.44521],[12.37317,47.44465],[12.37384,47.44472],[12.37411,47.44453],[12.37425,47.44415],[12.37453,47.44424],[12.37458,47.44436],[12.37431,47.44441],[12.374,47.44494],[12.37326,47.44504],[12.37264,47.44545],[12.37172,47.44568],[12.37151,47.44566],[12.37173,47.44558]]}},{"type":"Feature","properties":{"kind":"piste","difficulty":"intermediate","name":null,"aerialway":null,"osm":"way/1346618033"},"geometry":{"type":"LineString","coordinates":[[12.37478,47.44509],[12.37483,47.44547],[12.37616,47.44654],[12.3767,47.44657],[12.37708,47.44627],[12.37737,47.44627],[12.37818,47.44661],[12.37855,47.4466],[12.37728,47.44615],[12.37655,47.44651],[12.37505,47.44544],[12.37478,47.44509]]}},{"type":"Feature","properties":{"kind":"piste","difficulty":"intermediate","name":null,"aerialway":null,"osm":"way/1346618034"},"geometry":{"type":"LineString","coordinates":[[12.37877,47.44649],[12.38006,47.44653],[12.38108,47.44636],[12.38174,47.44599],[12.38323,47.44544],[12.38331,47.4455],[12.38062,47.44662],[12.37996,47.44666],[12.37877,47.44649]]}},{"type":"Feature","properties":{"kind":"piste","difficulty":"intermediate","name":null,"aerialway":null,"osm":"way/1346618035"},"geometry":{"type":"LineString","coordinates":[[12.3661,47.43215],[12.3654,47.43244],[12.36474,47.43302],[12.36222,47.43425],[12.3641,47.43369],[12.36483,47.43331],[12.36554,47.4325],[12.36638,47.43214],[12.36674,47.43177],[12.36793,47.43147],[12.3692,47.43136],[12.36949,47.43144],[12.36955,47.43118],[12.36923,47.43104],[12.36881,47.43121],[12.36778,47.43134],[12.36645,47.43176],[12.3661,47.43215]]}},{"type":"Feature","properties":{"kind":"piste","difficulty":"advanced","name":null,"aerialway":null,"osm":"way/1346618036"},"geometry":{"type":"LineString","coordinates":[[12.36789,47.43027],[12.36738,47.43013],[12.36645,47.43176],[12.36714,47.43151],[12.36715,47.43132],[12.36789,47.43027]]}},{"type":"Feature","properties":{"kind":"piste","difficulty":"intermediate","name":null,"aerialway":null,"osm":"way/1346618037"},"geometry":{"type":"LineString","coordinates":[[12.37003,47.43449],[12.37005,47.43359],[12.37061,47.43262],[12.37065,47.43148],[12.36983,47.43106],[12.36994,47.43142],[12.37014,47.43147],[12.37042,47.4318],[12.37032,47.43292],[12.36986,47.43358],[12.36991,47.43415],[12.3698,47.43461],[12.37003,47.43449]]}},{"type":"Feature","properties":{"kind":"piste","difficulty":"intermediate","name":null,"aerialway":null,"osm":"way/1346618038"},"geometry":{"type":"LineString","coordinates":[[12.36852,47.42744],[12.3686,47.42721],[12.3684,47.42704],[12.36747,47.42744],[12.36646,47.42767],[12.3672,47.4277],[12.36852,47.42744]]}},{"type":"Feature","properties":{"kind":"piste","difficulty":"expert","name":null,"aerialway":null,"osm":"way/1346618039"},"geometry":{"type":"LineString","coordinates":[[12.36759,47.42803],[12.36763,47.42833],[12.36799,47.42869],[12.36723,47.42904],[12.36711,47.42945],[12.36949,47.43087],[12.3676,47.42948],[12.3685,47.42887],[12.36824,47.42847],[12.36873,47.42831],[12.36759,47.42803]]}},{"type":"Feature","properties":{"kind":"piste","difficulty":"expert","name":null,"aerialway":null,"osm":"way/1346618040"},"geometry":{"type":"LineString","coordinates":[[12.36906,47.42828],[12.36986,47.42814],[12.37047,47.42785],[12.37151,47.42648],[12.37124,47.42643],[12.37088,47.42671],[12.37056,47.42734],[12.36981,47.42794],[12.36906,47.42828]]}},{"type":"Feature","properties":{"kind":"piste","difficulty":"easy","name":null,"aerialway":null,"osm":"way/1346618041"},"geometry":{"type":"LineString","coordinates":[[12.3686,47.42721],[12.36852,47.42744],[12.36934,47.42781],[12.36882,47.42805],[12.3672,47.4277],[12.36646,47.42767],[12.36547,47.42791],[12.36614,47.42803],[12.36715,47.42786],[12.36873,47.42831],[12.36906,47.42828],[12.36981,47.42794],[12.36789,47.42642],[12.3678,47.42652],[12.3686,47.42721]]}},{"type":"Feature","properties":{"kind":"piste","difficulty":"intermediate","name":null,"aerialway":null,"osm":"way/1346618042"},"geometry":{"type":"LineString","coordinates":[[12.36477,47.42757],[12.3651,47.4277],[12.36545,47.42817],[12.3658,47.42799],[12.36614,47.42803],[12.36577,47.42832],[12.36545,47.42831],[12.36494,47.42773],[12.36514,47.4286],[12.36592,47.42878],[12.36588,47.4289],[12.36511,47.42905],[12.3646,47.42876],[12.3645,47.42859],[12.36502,47.42892],[12.3657,47.42886],[12.36505,47.42876],[12.36485,47.42796],[12.36468,47.42775],[12.36477,47.42757]]}},{"type":"Feature","properties":{"kind":"piste","difficulty":"intermediate","name":null,"aerialway":null,"osm":"way/1346618043"},"geometry":{"type":"LineString","coordinates":[[12.3645,47.42859],[12.36433,47.42868],[12.36475,47.42919],[12.36458,47.42924],[12.36419,47.42904],[12.36416,47.42918],[12.3644,47.42949],[12.3663,47.42957],[12.36687,47.42992],[12.36816,47.43034],[12.36926,47.43094],[12.36923,47.43104],[12.36949,47.43087],[12.36689,47.42982],[12.36641,47.4295],[12.36459,47.42946],[12.36436,47.42923],[12.36473,47.42935],[12.36494,47.42917],[12.3645,47.42859]]}},{"type":"Feature","properties":{"kind":"piste","difficulty":"intermediate","name":null,"aerialway":null,"osm":"way/1346618044"},"geometry":{"type":"LineString","coordinates":[[12.36923,47.43104],[12.36955,47.43118],[12.36949,47.43144],[12.36989,47.43209],[12.36994,47.43142],[12.36983,47.43106],[12.36949,47.43087],[12.36923,47.43104]]}},{"type":"Feature","properties":{"kind":"piste","difficulty":"easy","name":null,"aerialway":null,"osm":"way/1346618045"},"geometry":{"type":"LineString","coordinates":[[12.36732,47.42617],[12.36617,47.42606],[12.36536,47.42585],[12.36533,47.42575],[12.36541,47.42565],[12.36644,47.42569],[12.36694,47.42552],[12.36855,47.42532],[12.36842,47.4256],[12.36554,47.42579],[12.36732,47.42617]]}},{"type":"Feature","properties":{"kind":"piste","difficulty":"easy","name":null,"aerialway":null,"osm":"way/1346618046"},"geometry":{"type":"LineString","coordinates":[[12.36855,47.42532],[12.36893,47.42523],[12.3695,47.42482],[12.36975,47.42507],[12.36909,47.42543],[12.36842,47.4256],[12.36855,47.42532]]}},{"type":"Feature","properties":{"kind":"piste","difficulty":"easy","name":null,"aerialway":null,"osm":"way/1346628838"},"geometry":{"type":"LineString","coordinates":[[12.36063,47.42142],[12.36115,47.4214],[12.36289,47.42206],[12.36459,47.42289],[12.36562,47.42352],[12.36567,47.42367],[12.36591,47.42368],[12.36591,47.4239],[12.36753,47.42412],[12.36804,47.42448],[12.36817,47.42495],[12.3679,47.4254],[12.36893,47.42523],[12.3695,47.42482],[12.3688,47.42462],[12.3685,47.42414],[12.36287,47.42173],[12.36126,47.42119],[12.36085,47.42115],[12.36063,47.42142]]}},{"type":"Feature","properties":{"kind":"piste","difficulty":"easy","name":null,"aerialway":null,"osm":"way/1346628839"},"geometry":{"type":"LineString","coordinates":[[12.36063,47.42142],[12.35968,47.42181],[12.359,47.42192],[12.35913,47.422],[12.36004,47.42179],[12.36099,47.42141],[12.36063,47.42142]]}},{"type":"Feature","properties":{"kind":"piste","difficulty":"easy","name":null,"aerialway":null,"osm":"way/1346628840"},"geometry":{"type":"LineString","coordinates":[[12.3695,47.42482],[12.3688,47.42462],[12.3685,47.42414],[12.37011,47.42479],[12.36975,47.42507],[12.3695,47.42482]]}},{"type":"Feature","properties":{"kind":"piste","difficulty":"novice","name":null,"aerialway":null,"osm":"way/1346628841"},"geometry":{"type":"LineString","coordinates":[[12.37079,47.42596],[12.36989,47.42497],[12.37011,47.42479],[12.37077,47.42536],[12.37093,47.42581],[12.37085,47.42602],[12.37079,47.42596]]}},{"type":"Feature","properties":{"kind":"piste","difficulty":"novice","name":null,"aerialway":null,"osm":"way/1346628842"},"geometry":{"type":"LineString","coordinates":[[12.37085,47.42602],[12.37087,47.42633],[12.37167,47.42654],[12.37219,47.42643],[12.37155,47.42638],[12.3709,47.4259],[12.37085,47.42602]]}},{"type":"Feature","properties":{"kind":"piste","difficulty":"easy","name":null,"aerialway":null,"osm":"way/1346628843"},"geometry":{"type":"LineString","coordinates":[[12.36976,47.42462],[12.37005,47.42458],[12.37024,47.42435],[12.37035,47.42253],[12.37009,47.42186],[12.36908,47.42104],[12.36834,47.4207],[12.36924,47.42093],[12.37,47.42139],[12.37072,47.42229],[12.37077,47.42536],[12.36976,47.42462]]}},{"type":"Feature","properties":{"kind":"piste","difficulty":"easy","name":null,"aerialway":null,"osm":"way/1346628844"},"geometry":{"type":"LineString","coordinates":[[12.36682,47.41964],[12.36638,47.41945],[12.36653,47.41917],[12.36823,47.41755],[12.36814,47.4171],[12.36791,47.41674],[12.3683,47.41695],[12.36868,47.41667],[12.36843,47.41709],[12.36841,47.41759],[12.36664,47.41942],[12.36859,47.42074],[12.36834,47.4207],[12.36682,47.41964]]}},{"type":"Feature","properties":{"kind":"piste","difficulty":"advanced","name":null,"aerialway":null,"osm":"way/1346628845"},"geometry":{"type":"LineString","coordinates":[[12.37224,47.40263],[12.37494,47.40432],[12.37488,47.40478],[12.37457,47.40533],[12.37401,47.40571],[12.37345,47.40584],[12.37277,47.40569],[12.37157,47.40486],[12.37047,47.40457],[12.37124,47.40459],[12.37313,47.40564],[12.3741,47.4048],[12.37424,47.40437],[12.37368,47.40383],[12.37169,47.40251],[12.37224,47.40263]]}},{"type":"Feature","properties":{"kind":"piste","difficulty":"easy","name":null,"aerialway":null,"osm":"way/1346628846"},"geometry":{"type":"LineString","coordinates":[[12.34833,47.39071],[12.34872,47.3906],[12.34862,47.39029],[12.34807,47.39032],[12.34778,47.3901],[12.34768,47.39026],[12.34742,47.3903],[12.34711,47.39012],[12.34716,47.39026],[12.34798,47.39045],[12.34833,47.39071]]}},{"type":"Feature","properties":{"kind":"piste","difficulty":"easy","name":null,"aerialway":null,"osm":"way/1346628847"},"geometry":{"type":"LineString","coordinates":[[12.34662,47.38929],[12.34739,47.38957],[12.34738,47.38977],[12.34711,47.39012],[12.34716,47.39026],[12.34615,47.38995],[12.34618,47.3896],[12.34651,47.38923],[12.34662,47.38929]]}},{"type":"Feature","properties":{"kind":"piste","difficulty":"intermediate","name":null,"aerialway":null,"osm":"way/1346657584"},"geometry":{"type":"LineString","coordinates":[[12.40362,47.37382],[12.40427,47.37435],[12.40904,47.37477],[12.41005,47.3758],[12.41377,47.37681],[12.41451,47.37778],[12.41487,47.37791],[12.41686,47.37822],[12.41826,47.37779],[12.415,47.3776],[12.41459,47.37741],[12.41392,47.37652],[12.41021,47.37551],[12.40926,47.3746],[12.40881,47.37441],[12.40408,47.37383],[12.40313,47.37343],[12.40362,47.37382]]}},{"type":"Feature","properties":{"kind":"piste","difficulty":"intermediate","name":null,"aerialway":null,"osm":"way/1346657585"},"geometry":{"type":"LineString","coordinates":[[12.40302,47.37395],[12.39988,47.37356],[12.39913,47.37378],[12.39771,47.37493],[12.39718,47.37508],[12.39665,47.37506],[12.39398,47.3733],[12.39275,47.37229],[12.39332,47.37237],[12.39497,47.37352],[12.39704,47.37463],[12.39742,47.3746],[12.39791,47.37431],[12.39835,47.37352],[12.3991,47.37323],[12.40278,47.37368],[12.40302,47.37395]]}},{"type":"Feature","properties":{"kind":"piste","difficulty":"intermediate","name":null,"aerialway":null,"osm":"way/1346657586"},"geometry":{"type":"LineString","coordinates":[[12.39332,47.37237],[12.393,47.37177],[12.39822,47.37311],[12.3991,47.37323],[12.39835,47.37352],[12.39332,47.37237]]}},{"type":"Feature","properties":{"kind":"piste","difficulty":"easy","name":null,"aerialway":null,"osm":"way/1346657587"},"geometry":{"type":"LineString","coordinates":[[12.39632,47.37111],[12.39727,47.37205],[12.3991,47.37323],[12.40278,47.37368],[12.40337,47.37471],[12.40357,47.37476],[12.40366,47.37458],[12.40351,47.37453],[12.40376,47.37415],[12.40396,47.37416],[12.40313,47.37343],[12.40259,47.37326],[12.40082,47.3733],[12.39928,47.37288],[12.39632,47.37111]]}},{"type":"Feature","properties":{"kind":"piste","difficulty":"intermediate","name":null,"aerialway":null,"osm":"way/1346657588"},"geometry":{"type":"LineString","coordinates":[[12.39275,47.37229],[12.3906,47.37154],[12.38778,47.37033],[12.38806,47.37027],[12.393,47.37177],[12.39332,47.37237],[12.39275,47.37229]]}},{"type":"Feature","properties":{"kind":"piste","difficulty":"easy","name":null,"aerialway":null,"osm":"way/1346657589"},"geometry":{"type":"LineString","coordinates":[[12.39251,47.36782],[12.39125,47.36723],[12.38747,47.36699],[12.38755,47.36657],[12.39181,47.36704],[12.39251,47.36782]]}},{"type":"Feature","properties":{"kind":"piste","difficulty":"easy","name":null,"aerialway":null,"osm":"way/1346657590"},"geometry":{"type":"LineString","coordinates":[[12.38747,47.36699],[12.38657,47.3679],[12.38647,47.36814],[12.38659,47.36842],[12.38714,47.36882],[12.38721,47.36918],[12.38777,47.36979],[12.3879,47.37024],[12.38806,47.37027],[12.38814,47.37016],[12.38731,47.36888],[12.38718,47.36846],[12.38777,47.36756],[12.38832,47.3671],[12.38747,47.36699]]}},{"type":"Feature","properties":{"kind":"piste","difficulty":"intermediate","name":null,"aerialway":null,"osm":"way/1346657591"},"geometry":{"type":"LineString","coordinates":[[12.39336,47.36506],[12.39241,47.36677],[12.39181,47.36704],[12.39259,47.36696],[12.39364,47.36514],[12.39336,47.36506]]}},{"type":"Feature","properties":{"kind":"piste","difficulty":"easy","name":null,"aerialway":null,"osm":"way/1346657592"},"geometry":{"type":"LineString","coordinates":[[12.39181,47.36704],[12.39259,47.36696],[12.39467,47.36759],[12.39498,47.36765],[12.39509,47.36754],[12.39513,47.36736],[12.39422,47.36566],[12.39364,47.36514],[12.39403,47.36525],[12.39433,47.36558],[12.39534,47.36749],[12.39523,47.3677],[12.39485,47.36777],[12.39281,47.3672],[12.39211,47.36737],[12.39181,47.36704]]}},{"type":"Feature","properties":{"kind":"piste","difficulty":"easy","name":null,"aerialway":null,"osm":"way/1346657593"},"geometry":{"type":"LineString","coordinates":[[12.38087,47.36557],[12.3806,47.3654],[12.38099,47.36521],[12.3817,47.36546],[12.38289,47.36554],[12.38484,47.36599],[12.38656,47.36611],[12.38755,47.36657],[12.38747,47.36699],[12.38582,47.36635],[12.38087,47.36557]]}},{"type":"Feature","properties":{"kind":"piste","difficulty":"easy","name":null,"aerialway":null,"osm":"way/1346657594"},"geometry":{"type":"LineString","coordinates":[[12.3907,47.36098],[12.39137,47.3614],[12.39162,47.36171],[12.39192,47.36268],[12.39291,47.36363],[12.39336,47.36506],[12.39403,47.36525],[12.39357,47.36484],[12.39324,47.36426],[12.39299,47.36335],[12.39214,47.36264],[12.39173,47.36165],[12.39091,47.36088],[12.39087,47.36012],[12.39046,47.3607],[12.3907,47.36098]]}},{"type":"Feature","properties":{"kind":"piste","difficulty":"easy","name":null,"aerialway":null,"osm":"way/1346657595"},"geometry":{"type":"LineString","coordinates":[[12.39013,47.3595],[12.38982,47.35896],[12.38896,47.35802],[12.38816,47.3577],[12.38814,47.3575],[12.38828,47.35734],[12.38878,47.35716],[12.38967,47.35717],[12.39058,47.35701],[12.39269,47.35741],[12.39262,47.3575],[12.39044,47.35713],[12.38963,47.35736],[12.38887,47.35739],[12.38867,47.35761],[12.38869,47.35777],[12.38954,47.35826],[12.38995,47.35882],[12.39053,47.35916],[12.39087,47.36012],[12.39046,47.3607],[12.39038,47.35977],[12.39013,47.3595]]}},{"type":"Feature","properties":{"kind":"piste","difficulty":"intermediate","name":null,"aerialway":null,"osm":"way/1346657596"},"geometry":{"type":"LineString","coordinates":[[12.39046,47.3607],[12.39018,47.36125],[12.38981,47.36154],[12.38618,47.36174],[12.38383,47.36232],[12.38223,47.36282],[12.37951,47.36424],[12.37982,47.36445],[12.38031,47.36433],[12.38264,47.36309],[12.38304,47.36307],[12.38548,47.36218],[12.38861,47.36176],[12.38986,47.36174],[12.39035,47.36144],[12.3907,47.36098],[12.39046,47.3607]]}},{"type":"Feature","properties":{"kind":"piste","difficulty":"easy","name":null,"aerialway":null,"osm":"way/1346657597"},"geometry":{"type":"LineString","coordinates":[[12.37913,47.36499],[12.38068,47.36526],[12.38099,47.36521],[12.38038,47.36542],[12.37905,47.36515],[12.37896,47.36511],[12.37913,47.36499]]}},{"type":"Feature","properties":{"kind":"piste","difficulty":"intermediate","name":null,"aerialway":null,"osm":"way/1346657598"},"geometry":{"type":"LineString","coordinates":[[12.37982,47.36445],[12.38081,47.36525],[12.38099,47.36521],[12.38042,47.36463],[12.38012,47.36454],[12.38,47.36437],[12.37982,47.36445]]}},{"type":"Feature","properties":{"kind":"piste","difficulty":"easy","name":null,"aerialway":null,"osm":"way/1346657599"},"geometry":{"type":"LineString","coordinates":[[12.39257,47.35719],[12.39273,47.35732],[12.39262,47.3575],[12.39293,47.35758],[12.3934,47.35723],[12.39362,47.35726],[12.39355,47.35717],[12.39304,47.35721],[12.3929,47.35712],[12.39295,47.35692],[12.39257,47.35683],[12.39267,47.35718],[12.39257,47.35719]]}},{"type":"Feature","properties":{"kind":"piste","difficulty":"intermediate","name":null,"aerialway":null,"osm":"way/1346657600"},"geometry":{"type":"LineString","coordinates":[[12.39053,47.35916],[12.39047,47.35895],[12.39095,47.35862],[12.39293,47.35758],[12.39251,47.35746],[12.38995,47.35882],[12.39053,47.35916]]}},{"type":"Feature","properties":{"kind":"piste","difficulty":"intermediate","name":null,"aerialway":null,"osm":"way/1346657601"},"geometry":{"type":"LineString","coordinates":[[12.39049,47.34731],[12.39058,47.34718],[12.39078,47.34732],[12.39098,47.348],[12.39156,47.34827],[12.39222,47.34887],[12.39338,47.34921],[12.393,47.34917],[12.39312,47.34928],[12.39211,47.34898],[12.39062,47.34797],[12.39063,47.34744],[12.39049,47.34731]]}},{"type":"Feature","properties":{"kind":"piste","difficulty":"intermediate","name":null,"aerialway":null,"osm":"way/1346657602"},"geometry":{"type":"LineString","coordinates":[[12.39384,47.35159],[12.39184,47.35149],[12.3904,47.35108],[12.38868,47.35002],[12.38796,47.34919],[12.38577,47.34804],[12.38382,47.34648],[12.38121,47.34527],[12.3796,47.34476],[12.37899,47.34387],[12.37923,47.34411],[12.37905,47.34375],[12.37965,47.34466],[12.38066,47.34492],[12.38311,47.34598],[12.38528,47.34719],[12.38648,47.34821],[12.38822,47.34917],[12.38962,47.35046],[12.39047,47.35103],[12.39182,47.35141],[12.3928,47.3515],[12.39378,47.35135],[12.39384,47.35159]]}},{"type":"Feature","properties":{"kind":"piste","difficulty":"advanced","name":null,"aerialway":null,"osm":"way/1346657603"},"geometry":{"type":"LineString","coordinates":[[12.38053,47.34004],[12.38029,47.33983],[12.38089,47.3398],[12.38156,47.33935],[12.38439,47.33873],[12.38555,47.33866],[12.38766,47.339],[12.38759,47.33953],[12.38591,47.33924],[12.38372,47.33923],[12.38053,47.34004]]}},{"type":"Feature","properties":{"kind":"piste","difficulty":"advanced","name":null,"aerialway":null,"osm":"way/1346657604"},"geometry":{"type":"LineString","coordinates":[[12.38156,47.33935],[12.38091,47.33948],[12.38005,47.33945],[12.38077,47.33961],[12.38126,47.33954],[12.38156,47.33935]]}},{"type":"Feature","properties":{"kind":"piste","difficulty":"advanced","name":null,"aerialway":null,"osm":"way/1346657605"},"geometry":{"type":"LineString","coordinates":[[12.38825,47.33908],[12.3905,47.33971],[12.39392,47.34138],[12.39296,47.34128],[12.39042,47.34018],[12.38934,47.33982],[12.38814,47.33963],[12.38825,47.33908]]}},{"type":"Feature","properties":{"kind":"piste","difficulty":"easy","name":null,"aerialway":null,"osm":"way/1346657606"},"geometry":{"type":"LineString","coordinates":[[12.38759,47.33953],[12.38825,47.33908],[12.38793,47.34023],[12.38803,47.34053],[12.389,47.34098],[12.38996,47.34096],[12.39392,47.34138],[12.39474,47.34179],[12.39492,47.34153],[12.3951,47.34155],[12.39488,47.34192],[12.39453,47.34198],[12.39155,47.34145],[12.38802,47.3411],[12.38776,47.34091],[12.38759,47.34047],[12.38759,47.33953]]}},{"type":"Feature","properties":{"kind":"piste","difficulty":"easy","name":null,"aerialway":null,"osm":"way/1346661229"},"geometry":{"type":"LineString","coordinates":[[12.39058,47.34718],[12.39036,47.34732],[12.39035,47.34716],[12.39084,47.34526],[12.39118,47.34457],[12.39247,47.34355],[12.39317,47.34273],[12.39412,47.34232],[12.39453,47.34198],[12.39488,47.34192],[12.39429,47.34233],[12.3933,47.34276],[12.39269,47.34379],[12.39179,47.34456],[12.39113,47.34553],[12.3907,47.3465],[12.39058,47.34718]]}},{"type":"Feature","properties":{"kind":"piste","difficulty":"easy","name":null,"aerialway":null,"osm":"way/1346661230"},"geometry":{"type":"LineString","coordinates":[[12.38053,47.34004],[12.37981,47.3405],[12.37959,47.34046],[12.37977,47.34022],[12.37971,47.34001],[12.37862,47.33927],[12.37868,47.33912],[12.37915,47.3394],[12.38005,47.33945],[12.38021,47.33962],[12.3802,47.33981],[12.38053,47.34004]]}},{"type":"Feature","properties":{"kind":"piste","difficulty":"easy","name":null,"aerialway":null,"osm":"way/1346661231"},"geometry":{"type":"LineString","coordinates":[[12.37892,47.33919],[12.37985,47.33803],[12.38163,47.33735],[12.38311,47.33738],[12.38676,47.33784],[12.38738,47.33808],[12.38772,47.3385],[12.38759,47.33953],[12.38825,47.33908],[12.38824,47.33864],[12.3881,47.3381],[12.38768,47.3378],[12.38678,47.33756],[12.38311,47.33713],[12.38126,47.33709],[12.38065,47.33727],[12.3796,47.33784],[12.37844,47.33903],[12.37862,47.33927],[12.37868,47.33912],[12.37892,47.33919]]}},{"type":"Feature","properties":{"kind":"piste","difficulty":"intermediate","name":null,"aerialway":null,"osm":"way/1346661232"},"geometry":{"type":"LineString","coordinates":[[12.37913,47.33956],[12.37855,47.33953],[12.37542,47.33873],[12.37121,47.33862],[12.37047,47.33834],[12.36936,47.33816],[12.36573,47.33788],[12.3648,47.33755],[12.36458,47.33723],[12.36464,47.33685],[12.36404,47.3365],[12.36408,47.33621],[12.36468,47.33657],[12.36482,47.33707],[12.36542,47.33766],[12.37015,47.33814],[12.37192,47.3385],[12.37493,47.33849],[12.37862,47.33927],[12.37913,47.33956]]}},{"type":"Feature","properties":{"kind":"piste","difficulty":"intermediate","name":null,"aerialway":null,"osm":"way/1346661233"},"geometry":{"type":"LineString","coordinates":[[12.35492,47.33722],[12.35594,47.33713],[12.35782,47.33673],[12.35975,47.33683],[12.36134,47.33718],[12.36338,47.33736],[12.36332,47.33755],[12.35931,47.33697],[12.35795,47.3369],[12.35583,47.33736],[12.35506,47.33742],[12.35486,47.33737],[12.35492,47.33722]]}},{"type":"Feature","properties":{"kind":"piste","difficulty":"intermediate","name":null,"aerialway":null,"osm":"way/1346661234"},"geometry":{"type":"LineString","coordinates":[[12.36332,47.33755],[12.3648,47.33755],[12.36458,47.33723],[12.36399,47.33695],[12.36404,47.3365],[12.36374,47.33644],[12.36337,47.337],[12.36296,47.33733],[12.36338,47.33736],[12.36332,47.33755]]}},{"type":"Feature","properties":{"kind":"piste","difficulty":"intermediate","name":null,"aerialway":null,"osm":"way/1346661235"},"geometry":{"type":"LineString","coordinates":[[12.36404,47.3365],[12.36408,47.33621],[12.36351,47.33596],[12.36222,47.33571],[12.36142,47.33533],[12.3614,47.33433],[12.36158,47.33279],[12.36035,47.33239],[12.36076,47.3326],[12.3611,47.33306],[12.36086,47.33407],[12.36088,47.33537],[12.3633,47.33609],[12.36374,47.33644],[12.36404,47.3365]]}},{"type":"Feature","properties":{"kind":"piste","difficulty":"advanced","name":null,"aerialway":null,"osm":"way/1346746514"},"geometry":{"type":"LineString","coordinates":[[12.37164,47.42638],[12.37152,47.42685],[12.37219,47.42742],[12.37226,47.42763],[12.37145,47.42742],[12.37118,47.42751],[12.37039,47.42744],[12.3686,47.42693],[12.36847,47.42704]]}},{"type":"Feature","properties":{"kind":"piste","difficulty":"intermediate","name":"Pengelstein II","aerialway":null,"osm":"way/1354429705"},"geometry":{"type":"LineString","coordinates":[[12.34119,47.3902],[12.34065,47.39012]]}},{"type":"Feature","properties":{"kind":"piste","difficulty":"advanced","name":null,"aerialway":null,"osm":"way/1354429706"},"geometry":{"type":"LineString","coordinates":[[12.34578,47.3841],[12.34579,47.38396],[12.34512,47.38308]]}},{"type":"Feature","properties":{"kind":"piste","difficulty":"easy","name":"Brunn","aerialway":null,"osm":"way/1354429707"},"geometry":{"type":"LineString","coordinates":[[12.32942,47.40717],[12.32832,47.40811]]}},{"type":"Feature","properties":{"kind":"piste","difficulty":"easy","name":"Brunn","aerialway":null,"osm":"way/1354429708"},"geometry":{"type":"LineString","coordinates":[[12.33634,47.4024],[12.33583,47.4026],[12.33354,47.4041],[12.33272,47.40516],[12.33175,47.40571],[12.33082,47.40598],[12.32942,47.40717]]}},{"type":"Feature","properties":{"kind":"piste","difficulty":"easy","name":"Brunn","aerialway":null,"osm":"way/1354429709"},"geometry":{"type":"LineString","coordinates":[[12.32942,47.40717],[12.32988,47.40764],[12.33064,47.40777],[12.33068,47.40787],[12.32977,47.40825],[12.32876,47.40807],[12.32832,47.40811]]}},{"type":"Feature","properties":{"kind":"piste","difficulty":"easy","name":null,"aerialway":null,"osm":"way/1354429710"},"geometry":{"type":"LineString","coordinates":[[12.34695,47.38924],[12.34662,47.38936],[12.34657,47.38954]]}},{"type":"Feature","properties":{"kind":"piste","difficulty":"easy","name":"Kasereck","aerialway":null,"osm":"way/1354429711"},"geometry":{"type":"LineString","coordinates":[[12.34734,47.39029],[12.34701,47.39027],[12.34701,47.39072]]}},{"type":"Feature","properties":{"kind":"piste","difficulty":"intermediate","name":null,"aerialway":null,"osm":"way/1354429712"},"geometry":{"type":"LineString","coordinates":[[12.35674,47.39446],[12.35702,47.39441],[12.3569,47.39415],[12.35701,47.394],[12.35689,47.39399],[12.35674,47.39446]]}},{"type":"Feature","properties":{"kind":"piste","difficulty":"easy","name":null,"aerialway":null,"osm":"way/1354429713"},"geometry":{"type":"LineString","coordinates":[[12.36055,47.40189],[12.36039,47.40212],[12.36016,47.40219],[12.3606,47.40218],[12.36131,47.40126],[12.36104,47.40113],[12.36055,47.40189]]}},{"type":"Feature","properties":{"kind":"piste","difficulty":"easy","name":null,"aerialway":null,"osm":"way/1354429714"},"geometry":{"type":"LineString","coordinates":[[12.35796,47.40818],[12.35796,47.40839],[12.3582,47.40856],[12.35868,47.40867],[12.35929,47.40867],[12.35992,47.40848]]}},{"type":"Feature","properties":{"kind":"piste","difficulty":"easy","name":"Skimovie Strecke","aerialway":null,"osm":"way/1354429715"},"geometry":{"type":"LineString","coordinates":[[12.35979,47.40486],[12.35914,47.40716],[12.35911,47.40778],[12.35951,47.40829]]}},{"type":"Feature","properties":{"kind":"piste","difficulty":"easy","name":null,"aerialway":null,"osm":"way/1354429716"},"geometry":{"type":"LineString","coordinates":[[12.35911,47.41803],[12.35927,47.4186],[12.35888,47.41851],[12.3589,47.41812],[12.35873,47.41808],[12.35848,47.41812],[12.3583,47.41841],[12.35814,47.4184],[12.35797,47.41771],[12.35804,47.41752],[12.35768,47.41727],[12.35776,47.4171],[12.35799,47.41701],[12.35894,47.41816],[12.35911,47.41803]]}},{"type":"Feature","properties":{"kind":"piste","difficulty":"intermediate","name":null,"aerialway":null,"osm":"way/1354429718"},"geometry":{"type":"LineString","coordinates":[[12.35224,47.41758],[12.34975,47.41852],[12.35045,47.41849],[12.35094,47.41833],[12.35221,47.41782],[12.35243,47.41746],[12.35224,47.41758]]}},{"type":"Feature","properties":{"kind":"piste","difficulty":"intermediate","name":null,"aerialway":null,"osm":"way/1354429719"},"geometry":{"type":"LineString","coordinates":[[12.34835,47.41922],[12.34794,47.41922],[12.34713,47.41894],[12.34637,47.41929],[12.34657,47.41944],[12.34723,47.41906],[12.34781,47.41935],[12.34835,47.41922]]}},{"type":"Feature","properties":{"kind":"piste","difficulty":"intermediate","name":null,"aerialway":null,"osm":"way/1354443781"},"geometry":{"type":"LineString","coordinates":[[12.34651,47.41936],[12.346,47.41948],[12.34525,47.41943]]}},{"type":"Feature","properties":{"kind":"piste","difficulty":"intermediate","name":null,"aerialway":null,"osm":"way/1354443782"},"geometry":{"type":"LineString","coordinates":[[12.34586,47.41967],[12.34592,47.41953],[12.34517,47.41946],[12.34508,47.4192],[12.34544,47.41852],[12.34641,47.41746],[12.34609,47.41724],[12.3455,47.41713],[12.34303,47.41872],[12.3429,47.41873],[12.34279,47.41853],[12.34567,47.41683],[12.34604,47.41693],[12.34664,47.41735],[12.34618,47.418],[12.34563,47.41848],[12.34527,47.4191],[12.34531,47.41927],[12.34552,47.41934],[12.34636,47.4193],[12.34657,47.41944],[12.34625,47.41965],[12.34586,47.41967]]}},{"type":"Feature","properties":{"kind":"piste","difficulty":"advanced","name":null,"aerialway":null,"osm":"way/1354443788"},"geometry":{"type":"LineString","coordinates":[[12.36696,47.42615],[12.36735,47.42656]]}},{"type":"Feature","properties":{"kind":"piste","difficulty":"easy","name":null,"aerialway":null,"osm":"way/1354443789"},"geometry":{"type":"LineString","coordinates":[[12.36007,47.39957],[12.36011,47.39987],[12.36068,47.3998],[12.36243,47.39994],[12.36505,47.40072],[12.36596,47.40136],[12.36712,47.40178],[12.36736,47.40199],[12.36736,47.40219],[12.3675,47.40219],[12.36754,47.40202],[12.36737,47.40182],[12.36673,47.40133],[12.36473,47.4004],[12.36221,47.39963],[12.35984,47.3994],[12.36007,47.39957]]}},{"type":"Feature","properties":{"kind":"piste","difficulty":"easy","name":null,"aerialway":null,"osm":"way/1354443790"},"geometry":{"type":"LineString","coordinates":[[12.35633,47.39947],[12.357,47.3996],[12.35897,47.39926],[12.35984,47.3994],[12.35997,47.39957],[12.35869,47.39942],[12.35709,47.39973],[12.35633,47.39947]]}},{"type":"Feature","properties":{"kind":"piste","difficulty":"easy","name":"Silberstube","aerialway":null,"osm":"way/1354443791"},"geometry":{"type":"LineString","coordinates":[[12.35373,47.3959],[12.35513,47.39481],[12.35583,47.39443],[12.35684,47.39414],[12.357,47.39439],[12.35692,47.39446]]}},{"type":"Feature","properties":{"kind":"piste","difficulty":"easy","name":null,"aerialway":null,"osm":"way/1354443792"},"geometry":{"type":"LineString","coordinates":[[12.39173,47.36175],[12.39169,47.36123],[12.39098,47.36017],[12.39067,47.35994]]}},{"type":"Feature","properties":{"kind":"piste","difficulty":"intermediate","name":"Trattenbach","aerialway":null,"osm":"way/1354487310"},"geometry":{"type":"LineString","coordinates":[[12.36482,47.33751],[12.36406,47.3372],[12.36384,47.33693],[12.36384,47.33659]]}},{"type":"Feature","properties":{"kind":"piste","difficulty":"easy","name":"Streiteck","aerialway":null,"osm":"way/1361000523"},"geometry":{"type":"LineString","coordinates":[[12.36743,47.40226],[12.36731,47.40186],[12.36656,47.40164]]}},{"type":"Feature","properties":{"kind":"piste","difficulty":"easy","name":"Streiteck","aerialway":null,"osm":"way/1361000524"},"geometry":{"type":"LineString","coordinates":[[12.36656,47.40164],[12.36513,47.40066],[12.36422,47.40041]]}},{"type":"Feature","properties":{"kind":"piste","difficulty":"easy","name":"Streiteck","aerialway":null,"osm":"way/1361000525"},"geometry":{"type":"LineString","coordinates":[[12.36422,47.40041],[12.36237,47.39986],[12.36159,47.39975]]}},{"type":"Feature","properties":{"kind":"piste","difficulty":"easy","name":"Jägerwurz","aerialway":null,"osm":"way/1361000526"},"geometry":{"type":"LineString","coordinates":[[12.38089,47.36544],[12.38153,47.36563],[12.38276,47.36568],[12.38322,47.36581]]}},{"type":"Feature","properties":{"kind":"piste","difficulty":"easy","name":"Talsenhöhe","aerialway":null,"osm":"way/1379131565"},"geometry":{"type":"LineString","coordinates":[[12.38043,47.36482],[12.38049,47.36466],[12.3813,47.36478],[12.38202,47.36523],[12.38228,47.36566]]}},{"type":"Feature","properties":{"kind":"piste","difficulty":"intermediate","name":"Hieslegg","aerialway":null,"osm":"way/1471122715"},"geometry":{"type":"LineString","coordinates":[[12.33427,47.39383],[12.332,47.39354],[12.33078,47.39358],[12.32995,47.39341],[12.32876,47.39262],[12.32887,47.39247]]}},{"type":"Feature","properties":{"kind":"piste","difficulty":"expert","name":null,"aerialway":null,"osm":"way/1472105872"},"geometry":{"type":"LineString","coordinates":[[12.36886,47.42817],[12.36836,47.4283],[12.36814,47.42865]]}},{"type":"Feature","properties":{"kind":"piste","difficulty":"expert","name":null,"aerialway":null,"osm":"way/1472105873"},"geometry":{"type":"LineString","coordinates":[[12.37164,47.42638],[12.37076,47.42633]]}},{"type":"Feature","properties":{"kind":"piste","difficulty":"intermediate","name":null,"aerialway":null,"osm":"way/1472105875"},"geometry":{"type":"LineString","coordinates":[[12.37292,47.43704],[12.37265,47.43756],[12.37151,47.43807]]}},{"type":"Feature","properties":{"kind":"piste","difficulty":"expert","name":null,"aerialway":null,"osm":"way/1472105876"},"geometry":{"type":"LineString","coordinates":[[12.36811,47.42877],[12.36759,47.42937],[12.36763,47.4298]]}},{"type":"Feature","properties":{"kind":"piste","difficulty":"expert","name":null,"aerialway":null,"osm":"way/1472107191"},"geometry":{"type":"LineString","coordinates":[[12.37893,47.43979],[12.38012,47.44002],[12.38056,47.44024],[12.38089,47.44059]]}},{"type":"Feature","properties":{"kind":"piste","difficulty":"advanced","name":"Skiroute Giggling","aerialway":null,"osm":"way/1551211795"},"geometry":{"type":"LineString","coordinates":[[12.37442,47.40412],[12.37573,47.40463],[12.37645,47.40514],[12.37691,47.40503],[12.37728,47.40531],[12.37774,47.40501],[12.37863,47.40491],[12.37928,47.40452],[12.38222,47.4036],[12.38713,47.40271],[12.38764,47.40191],[12.38865,47.40146],[12.39031,47.40108],[12.39722,47.40276]]}},{"type":"Feature","properties":{"kind":"piste","difficulty":"intermediate","name":null,"aerialway":null,"osm":"way/1551211796"},"geometry":{"type":"LineString","coordinates":[[12.39286,47.35693],[12.39451,47.357],[12.39557,47.35718],[12.39763,47.35711]]}},{"type":"Feature","properties":{"kind":"piste","difficulty":"easy","name":"Sonnenrast","aerialway":null,"osm":"relation/7707534"},"geometry":{"type":"MultiLineString","coordinates":[[[12.35701,47.41143],[12.35694,47.41006],[12.35742,47.40863],[12.35877,47.40869],[12.35992,47.40848],[12.35971,47.40878],[12.35927,47.40906],[12.3579,47.40942],[12.3573,47.41136]],[[12.3573,47.41136],[12.35721,47.41224],[12.35817,47.41459],[12.35836,47.4155],[12.35832,47.41649],[12.35844,47.41714],[12.35908,47.41781],[12.35911,47.41803],[12.35894,47.41816],[12.35799,47.41701],[12.35794,47.41622],[12.35715,47.41335],[12.35692,47.41204],[12.35701,47.41143]]]}},{"type":"Feature","properties":{"kind":"piste","difficulty":"expert","name":"Streif-Rennstrecke","aerialway":null,"osm":"relation/12870777"},"geometry":{"type":"MultiLineString","coordinates":[[[12.37076,47.42633],[12.37073,47.42676],[12.3709,47.42702]],[[12.3709,47.42702],[12.37082,47.42728],[12.36988,47.42803],[12.36886,47.42817]],[[12.36886,47.42817],[12.36804,47.42798]],[[12.36804,47.42798],[12.36772,47.42819],[12.36816,47.42872],[12.36734,47.42909],[12.36721,47.4293],[12.36724,47.42954],[12.36995,47.43125]],[[12.36995,47.43125],[12.37043,47.43169],[12.37057,47.43226],[12.3705,47.43285],[12.37001,47.43355],[12.37005,47.43416]],[[12.37005,47.43416],[12.37073,47.4353],[12.37094,47.43641],[12.37153,47.4372]],[[12.37153,47.4372],[12.37208,47.43741],[12.37297,47.43748],[12.37336,47.43776]],[[12.37336,47.43776],[12.37335,47.43827],[12.37266,47.43897],[12.37269,47.43927],[12.37286,47.43941],[12.37491,47.43973],[12.37774,47.43935],[12.37866,47.43977]],[[12.37866,47.43977],[12.37903,47.43978],[12.37976,47.4394],[12.38023,47.43953],[12.38082,47.44024],[12.38094,47.44097],[12.38134,47.44139],[12.38214,47.44189]],[[12.38214,47.44189],[12.38502,47.44337],[12.38628,47.44416],[12.38704,47.44436],[12.38758,47.44416]]]}},{"type":"Feature","properties":{"kind":"lift","difficulty":null,"name":"Pengelstein II","aerialway":"chair_lift","osm":"way/30853847"},"geometry":{"type":"LineString","coordinates":[[12.32384,47.40006],[12.34803,47.39056]]}},{"type":"Feature","properties":{"kind":"lift","difficulty":null,"name":"Hochsaukaser","aerialway":"chair_lift","osm":"way/30853972"},"geometry":{"type":"LineString","coordinates":[[12.35395,47.37914],[12.34525,47.38358]]}},{"type":"Feature","properties":{"kind":"lift","difficulty":null,"name":"3S Bahn","aerialway":"cable_car","osm":"way/30854221"},"geometry":{"type":"LineString","coordinates":[[12.34695,47.38924],[12.38056,47.3656]]}},{"type":"Feature","properties":{"kind":"lift","difficulty":null,"name":"Talsen","aerialway":"chair_lift","osm":"way/30854222"},"geometry":{"type":"LineString","coordinates":[[12.39347,47.35735],[12.37921,47.36498]]}},{"type":"Feature","properties":{"kind":"lift","difficulty":null,"name":"Wagstättbahn","aerialway":"gondola","osm":"way/30854793"},"geometry":{"type":"LineString","coordinates":[[12.41818,47.37761],[12.40362,47.37484]]}},{"type":"Feature","properties":{"kind":"lift","difficulty":null,"name":"Bärenbadkogel I","aerialway":"chair_lift","osm":"way/30854794"},"geometry":{"type":"LineString","coordinates":[[12.39259,47.35714],[12.39045,47.34735]]}},{"type":"Feature","properties":{"kind":"lift","difficulty":null,"name":"Bärenbadkogel II","aerialway":"chair_lift","osm":"way/30854843"},"geometry":{"type":"LineString","coordinates":[[12.39505,47.34147],[12.38027,47.33967]]}},{"type":"Feature","properties":{"kind":"lift","difficulty":null,"name":"Steinbergkogel","aerialway":"chair_lift","osm":"way/30857742"},"geometry":{"type":"LineString","coordinates":[[12.36744,47.41325],[12.36743,47.40226]]}},{"type":"Feature","properties":{"kind":"lift","difficulty":null,"name":"Ehrenbachhöhe","aerialway":"chair_lift","osm":"way/30857859"},"geometry":{"type":"LineString","coordinates":[[12.36845,47.41397],[12.35932,47.41864]]}},{"type":"Feature","properties":{"kind":"lift","difficulty":null,"name":"Sonnenrast","aerialway":"chair_lift","osm":"way/30857860"},"geometry":{"type":"LineString","coordinates":[[12.36014,47.40881],[12.35881,47.41846]]}},{"type":"Feature","properties":{"kind":"lift","difficulty":null,"name":"Ganslern","aerialway":"chair_lift","osm":"way/30860754"},"geometry":{"type":"LineString","coordinates":[[12.38406,47.44566],[12.37601,47.44221]]}},{"type":"Feature","properties":{"kind":"lift","difficulty":null,"name":"Hieslegg","aerialway":"chair_lift","osm":"way/139921083"},"geometry":{"type":"LineString","coordinates":[[12.32887,47.39247],[12.34568,47.38425]]}},{"type":"Feature","properties":{"kind":"lift","difficulty":null,"name":"Starthaus","aerialway":"magic_carpet","osm":"way/150132245"},"geometry":{"type":"LineString","coordinates":[[12.37155,47.42637],[12.37092,47.4259]]}},{"type":"Feature","properties":{"kind":"lift","difficulty":null,"name":"Walde","aerialway":"chair_lift","osm":"way/150132247"},"geometry":{"type":"LineString","coordinates":[[12.36541,47.42784],[12.36577,47.4238]]}},{"type":"Feature","properties":{"kind":"lift","difficulty":null,"name":"Hahnenkammbahn","aerialway":"gondola","osm":"way/156335495"},"geometry":{"type":"LineString","coordinates":[[12.38936,47.44323],[12.37252,47.42681]]}},{"type":"Feature","properties":{"kind":"lift","difficulty":null,"name":"Usterkar","aerialway":"t-bar","osm":"way/157595350"},"geometry":{"type":"LineString","coordinates":[[12.34347,47.3866],[12.34617,47.38916]]}},{"type":"Feature","properties":{"kind":"lift","difficulty":null,"name":"Kasereck","aerialway":"chair_lift","osm":"way/157595351"},"geometry":{"type":"LineString","coordinates":[[12.35692,47.3939],[12.34877,47.39066]]}},{"type":"Feature","properties":{"kind":"lift","difficulty":null,"name":"Silberstube","aerialway":"chair_lift","osm":"way/157595352"},"geometry":{"type":"LineString","coordinates":[[12.35692,47.39446],[12.35296,47.39868]]}},{"type":"Feature","properties":{"kind":"lift","difficulty":null,"name":"Ochsalm","aerialway":"chair_lift","osm":"way/198903418"},"geometry":{"type":"LineString","coordinates":[[12.343,47.41877],[12.35787,47.41768]]}},{"type":"Feature","properties":{"kind":"lift","difficulty":null,"name":"Hausleiten","aerialway":"t-bar","osm":"way/305386920"},"geometry":{"type":"LineString","coordinates":[[12.41733,47.38334],[12.4126,47.37992]]}},{"type":"Feature","properties":{"kind":"lift","difficulty":null,"name":"Mocking","aerialway":"magic_carpet","osm":"way/306018804"},"geometry":{"type":"LineString","coordinates":[[12.38659,47.44352],[12.3855,47.44214]]}},{"type":"Feature","properties":{"kind":"lift","difficulty":null,"name":"Rasmusleiten","aerialway":"t-bar","osm":"way/306018805"},"geometry":{"type":"LineString","coordinates":[[12.38612,47.44339],[12.38258,47.44071]]}},{"type":"Feature","properties":{"kind":"lift","difficulty":null,"name":"Märchenwald","aerialway":"magic_carpet","osm":"way/330691226"},"geometry":{"type":"LineString","coordinates":[[12.36987,47.42501],[12.37084,47.42599]]}},{"type":"Feature","properties":{"kind":"lift","difficulty":null,"name":"Übungslift Aschau","aerialway":"t-bar","osm":"way/331711776"},"geometry":{"type":"LineString","coordinates":[[12.30987,47.38093],[12.31257,47.38001]]}},{"type":"Feature","properties":{"kind":"lift","difficulty":null,"name":"Sun Kid Aschau","aerialway":"magic_carpet","osm":"way/331714214"},"geometry":{"type":"LineString","coordinates":[[12.31022,47.38075],[12.31092,47.38049]]}},{"type":"Feature","properties":{"kind":"lift","difficulty":null,"name":"Bichlalmlift","aerialway":"chair_lift","osm":"way/331744508"},"geometry":{"type":"LineString","coordinates":[[12.42589,47.43155],[12.45084,47.44084]]}},{"type":"Feature","properties":{"kind":"lift","difficulty":null,"name":"Brunn","aerialway":"chair_lift","osm":"way/364622315"},"geometry":{"type":"LineString","coordinates":[[12.33612,47.4021],[12.35433,47.39925]]}},{"type":"Feature","properties":{"kind":"lift","difficulty":null,"name":null,"aerialway":"magic_carpet","osm":"way/440394935"},"geometry":{"type":"LineString","coordinates":[[12.38484,47.43914],[12.38416,47.43821]]}},{"type":"Feature","properties":{"kind":"lift","difficulty":null,"name":"Mini Streif","aerialway":"magic_carpet","osm":"way/441146120"},"geometry":{"type":"LineString","coordinates":[[12.38448,47.44532],[12.38438,47.44439]]}},{"type":"Feature","properties":{"kind":"lift","difficulty":null,"name":"Jufen","aerialway":"chair_lift","osm":"way/510433886"},"geometry":{"type":"LineString","coordinates":[[12.36059,47.40815],[12.36656,47.40164]]}},{"type":"Feature","properties":{"kind":"lift","difficulty":null,"name":null,"aerialway":"magic_carpet","osm":"way/759139665"},"geometry":{"type":"LineString","coordinates":[[12.41578,47.38346],[12.41558,47.38318]]}},{"type":"Feature","properties":{"kind":"lift","difficulty":null,"name":"Wagstättbahn","aerialway":"gondola","osm":"way/759139666"},"geometry":{"type":"LineString","coordinates":[[12.40362,47.37484],[12.3882,47.37029]]}},{"type":"Feature","properties":{"kind":"lift","difficulty":null,"name":"Trattenbach","aerialway":"chair_lift","osm":"way/1153493641"},"geometry":{"type":"LineString","coordinates":[[12.35933,47.33085],[12.35502,47.33719]]}},{"type":"Feature","properties":{"kind":"lift","difficulty":null,"name":"Gauxjoch","aerialway":"chair_lift","osm":"way/1153493642"},"geometry":{"type":"LineString","coordinates":[[12.36302,47.33755],[12.38014,47.34083]]}},{"type":"Feature","properties":{"kind":"lift","difficulty":null,"name":"B6 Förderband / magic carpet (summer / winter)","aerialway":"magic_carpet","osm":"way/1323450711"},"geometry":{"type":"LineString","coordinates":[[12.35959,47.40839],[12.35824,47.40802]]}}]}