{"type":"FeatureCollection","features":[{"type":"Feature","properties":{"kind":"piste","difficulty":"easy","name":null,"aerialway":null,"osm":"way/26562570"},"geometry":{"type":"LineString","coordinates":[[12.69718,47.40263],[12.69688,47.40219],[12.6966,47.40108],[12.69673,47.39998],[12.69665,47.39867],[12.69646,47.39835],[12.69582,47.39797],[12.69488,47.39783],[12.69412,47.39795],[12.69286,47.39742]]}},{"type":"Feature","properties":{"kind":"piste","difficulty":"intermediate","name":null,"aerialway":null,"osm":"way/26562571"},"geometry":{"type":"LineString","coordinates":[[12.68304,47.39167],[12.68118,47.39112],[12.68086,47.39092],[12.68015,47.38914],[12.67972,47.3885],[12.67719,47.38628],[12.67577,47.38615],[12.67454,47.3856],[12.67438,47.38531],[12.67527,47.38381],[12.67685,47.38242],[12.67824,47.38159],[12.67775,47.38098],[12.67718,47.38065],[12.6754,47.38045],[12.67499,47.37953]]}},{"type":"Feature","properties":{"kind":"piste","difficulty":"intermediate","name":null,"aerialway":null,"osm":"way/26562574"},"geometry":{"type":"LineString","coordinates":[[12.70258,47.40046],[12.70437,47.40054],[12.70634,47.401]]}},{"type":"Feature","properties":{"kind":"piste","difficulty":"intermediate","name":null,"aerialway":null,"osm":"way/29199054"},"geometry":{"type":"LineString","coordinates":[[12.68768,47.39947],[12.68778,47.39863],[12.68765,47.39769],[12.68661,47.39418],[12.68615,47.39194]]}},{"type":"Feature","properties":{"kind":"piste","difficulty":"easy","name":null,"aerialway":null,"osm":"way/29831452"},"geometry":{"type":"LineString","coordinates":[[12.5668,47.4236],[12.56485,47.42131],[12.56359,47.42105],[12.56245,47.42063],[12.56474,47.4205],[12.56646,47.42064],[12.56791,47.42184],[12.56922,47.42239],[12.56921,47.4221],[12.56895,47.42161],[12.56845,47.42144],[12.56802,47.421],[12.56923,47.42118],[12.56982,47.42175],[12.56955,47.42087],[12.56842,47.41995],[12.56786,47.41915],[12.56706,47.41869],[12.56657,47.41812],[12.56636,47.41765],[12.56651,47.4175],[12.56747,47.41802],[12.56824,47.41804]]}},{"type":"Feature","properties":{"kind":"piste","difficulty":"easy","name":null,"aerialway":null,"osm":"way/30004621"},"geometry":{"type":"LineString","coordinates":[[12.63233,47.36518],[12.62899,47.36559],[12.62797,47.36612],[12.62794,47.36634],[12.62816,47.36651],[12.62866,47.36654],[12.62959,47.36632],[12.63047,47.36665],[12.63053,47.36696],[12.63115,47.36754],[12.63142,47.36801],[12.63058,47.36773]]}},{"type":"Feature","properties":{"kind":"piste","difficulty":"intermediate","name":null,"aerialway":null,"osm":"way/30004624"},"geometry":{"type":"LineString","coordinates":[[12.67442,47.40421],[12.67426,47.40438],[12.6738,47.40446],[12.67253,47.40453],[12.671,47.40421],[12.66924,47.40358],[12.66728,47.40389],[12.66682,47.40367],[12.66641,47.40242],[12.66613,47.40205]]}},{"type":"Feature","properties":{"kind":"piste","difficulty":"easy","name":null,"aerialway":null,"osm":"way/30042820"},"geometry":{"type":"LineString","coordinates":[[12.64953,47.40062],[12.65068,47.39885],[12.65103,47.39854],[12.65131,47.39802],[12.65144,47.39734],[12.65138,47.39579],[12.65117,47.39489],[12.6507,47.39439],[12.64964,47.39383],[12.64589,47.39274],[12.6441,47.39246],[12.64165,47.39231],[12.64021,47.3925],[12.63797,47.39234]]}},{"type":"Feature","properties":{"kind":"piste","difficulty":"intermediate","name":null,"aerialway":null,"osm":"way/30043138"},"geometry":{"type":"LineString","coordinates":[[12.55045,47.39705],[12.55004,47.39686],[12.54952,47.39567],[12.5474,47.39404],[12.54712,47.3934],[12.5471,47.39277],[12.54729,47.39219],[12.54771,47.39158],[12.54936,47.39059],[12.54939,47.39027],[12.54924,47.38999],[12.54798,47.38925],[12.54807,47.38838],[12.54797,47.38724],[12.54812,47.38694],[12.54976,47.38521]]}},{"type":"Feature","properties":{"kind":"piste","difficulty":"intermediate","name":"WM-Strecke","aerialway":null,"osm":"way/30043566"},"geometry":{"type":"LineString","coordinates":[[12.56847,47.35899],[12.56874,47.35881],[12.5692,47.35875],[12.57013,47.35907],[12.57064,47.3591],[12.57173,47.35884],[12.57236,47.35854],[12.57301,47.35797],[12.57295,47.35754],[12.57251,47.35684],[12.57256,47.35659],[12.57275,47.35642],[12.57344,47.35638],[12.57568,47.35775],[12.57724,47.35934],[12.57767,47.35963],[12.5786,47.35983],[12.57998,47.35982],[12.58059,47.36011]]}},{"type":"Feature","properties":{"kind":"piste","difficulty":"intermediate","name":"Seekar Abfahrt","aerialway":null,"osm":"way/30043569"},"geometry":{"type":"LineString","coordinates":[[12.54997,47.3475],[12.55151,47.34742],[12.5539,47.34756],[12.55514,47.34714],[12.55602,47.34649],[12.55692,47.34636],[12.5587,47.34636],[12.55945,47.34654],[12.55987,47.34684],[12.56,47.34764],[12.56026,47.34793],[12.56355,47.34796],[12.56442,47.34831]]}},{"type":"Feature","properties":{"kind":"piste","difficulty":"intermediate","name":"Zehner-Standardabfahrt","aerialway":null,"osm":"way/30043621"},"geometry":{"type":"LineString","coordinates":[[12.57455,47.35035],[12.57543,47.35026],[12.57721,47.34958],[12.57851,47.34927]]}},{"type":"Feature","properties":{"kind":"piste","difficulty":"advanced","name":null,"aerialway":null,"osm":"way/30043813"},"geometry":{"type":"LineString","coordinates":[[12.62649,47.36417],[12.62782,47.36541],[12.62848,47.36585],[12.62975,47.36633],[12.63013,47.36687]]}},{"type":"Feature","properties":{"kind":"piste","difficulty":"easy","name":null,"aerialway":null,"osm":"way/30044946"},"geometry":{"type":"LineString","coordinates":[[12.5606,47.3775],[12.56158,47.37561],[12.56156,47.37543]]}},{"type":"Feature","properties":{"kind":"piste","difficulty":"advanced","name":"Reichkendlabfahrt","aerialway":null,"osm":"way/30044949"},"geometry":{"type":"LineString","coordinates":[[12.55113,47.39718],[12.55177,47.39692],[12.55218,47.39584],[12.55275,47.39371],[12.5531,47.39157],[12.55375,47.39023]]}},{"type":"Feature","properties":{"kind":"piste","difficulty":"intermediate","name":null,"aerialway":null,"osm":"way/30087887"},"geometry":{"type":"LineString","coordinates":[[12.68768,47.39947],[12.68908,47.39885],[12.69043,47.39806],[12.6927,47.39716]]}},{"type":"Feature","properties":{"kind":"piste","difficulty":"easy","name":"Familienabfahrt","aerialway":null,"osm":"way/31865037"},"geometry":{"type":"LineString","coordinates":[[12.59037,47.38893],[12.58954,47.38782],[12.58812,47.38646],[12.58716,47.38512],[12.58712,47.38389],[12.58748,47.38345],[12.58801,47.3833],[12.58909,47.38328],[12.58969,47.38306],[12.59078,47.38065],[12.59203,47.37994],[12.59288,47.37972],[12.59339,47.37987]]}},{"type":"Feature","properties":{"kind":"piste","difficulty":"intermediate","name":null,"aerialway":null,"osm":"way/31991139"},"geometry":{"type":"LineString","coordinates":[[12.54829,47.427],[12.54925,47.42741],[12.55193,47.42782]]}},{"type":"Feature","properties":{"kind":"piste","difficulty":"easy","name":"Verbindung Reiterkogelbahn Hasenaurbahn","aerialway":null,"osm":"way/48507861"},"geometry":{"type":"LineString","coordinates":[[12.5891,47.38863],[12.59037,47.38893]]}},{"type":"Feature","properties":{"kind":"piste","difficulty":"freeride","name":"Roßwald","aerialway":null,"osm":"way/48507862"},"geometry":{"type":"LineString","coordinates":[[12.57091,47.38839],[12.5713,47.38789],[12.57156,47.38641],[12.57197,47.3861],[12.57293,47.38411],[12.57364,47.38356],[12.57546,47.38302],[12.579,47.38139],[12.5818,47.38112],[12.58415,47.38144],[12.58811,47.38099],[12.59,47.38025],[12.59153,47.38028]]}},{"type":"Feature","properties":{"kind":"piste","difficulty":"easy","name":null,"aerialway":null,"osm":"way/48507863"},"geometry":{"type":"LineString","coordinates":[[12.59037,47.38893],[12.59063,47.38858],[12.591,47.38844],[12.59176,47.38829],[12.59222,47.38833],[12.59261,47.38858],[12.59285,47.38923],[12.59317,47.38961],[12.59388,47.3898],[12.59457,47.38958],[12.60001,47.3903]]}},{"type":"Feature","properties":{"kind":"piste","difficulty":"intermediate","name":null,"aerialway":null,"osm":"way/48507864"},"geometry":{"type":"LineString","coordinates":[[12.60001,47.3903],[12.60019,47.38967],[12.60123,47.38815],[12.60156,47.38742],[12.60137,47.38674],[12.60095,47.38576],[12.59964,47.38497],[12.59909,47.38419],[12.59814,47.38363],[12.59743,47.38377],[12.59703,47.38316],[12.59619,47.38255],[12.596,47.38144],[12.59616,47.38018]]}},{"type":"Feature","properties":{"kind":"piste","difficulty":"intermediate","name":null,"aerialway":null,"osm":"way/48923775"},"geometry":{"type":"LineString","coordinates":[[12.71433,47.42766],[12.71477,47.4294],[12.71426,47.43107],[12.71415,47.43196],[12.71511,47.43254],[12.71683,47.43306],[12.71981,47.43345],[12.72088,47.43428],[12.72122,47.43436],[12.72177,47.43414],[12.72178,47.43345],[12.72194,47.43337],[12.72257,47.43399],[12.72279,47.4344],[12.72153,47.43548],[12.71941,47.43798]]}},{"type":"Feature","properties":{"kind":"piste","difficulty":"intermediate","name":null,"aerialway":null,"osm":"way/52253330"},"geometry":{"type":"LineString","coordinates":[[12.56613,47.35358],[12.56577,47.353],[12.56744,47.35259],[12.56717,47.35194],[12.56712,47.35097],[12.56822,47.35055],[12.56818,47.35031],[12.56786,47.35003],[12.56781,47.34971],[12.56718,47.34949],[12.56689,47.3491],[12.56442,47.34831]]}},{"type":"Feature","properties":{"kind":"piste","difficulty":"easy","name":null,"aerialway":null,"osm":"way/52253333"},"geometry":{"type":"LineString","coordinates":[[12.5833,47.36345],[12.5843,47.36341],[12.58693,47.36264],[12.58763,47.36275],[12.5881,47.36402],[12.58901,47.3647],[12.58921,47.36546],[12.59028,47.36752],[12.58981,47.36991],[12.59155,47.37233]]}},{"type":"Feature","properties":{"kind":"piste","difficulty":"intermediate","name":"Trasse Hochalm","aerialway":null,"osm":"way/52253334"},"geometry":{"type":"LineString","coordinates":[[12.54886,47.39507],[12.54855,47.39436],[12.54875,47.39399],[12.55011,47.39341],[12.55075,47.39217],[12.55324,47.39035],[12.55375,47.39023]]}},{"type":"Feature","properties":{"kind":"piste","difficulty":"easy","name":null,"aerialway":null,"osm":"way/77450008"},"geometry":{"type":"LineString","coordinates":[[12.71519,47.43115],[12.71629,47.43089],[12.71739,47.43046],[12.71886,47.42966],[12.71918,47.42934],[12.71959,47.4292],[12.71998,47.42879]]}},{"type":"Feature","properties":{"kind":"piste","difficulty":"intermediate","name":null,"aerialway":null,"osm":"way/93220497"},"geometry":{"type":"LineString","coordinates":[[12.64059,47.36831],[12.64098,47.36826],[12.64111,47.36791],[12.64109,47.36627],[12.64138,47.36513]]}},{"type":"Feature","properties":{"kind":"piste","difficulty":"easy","name":null,"aerialway":null,"osm":"way/93248056"},"geometry":{"type":"LineString","coordinates":[[12.70286,47.39979],[12.70454,47.39811],[12.70522,47.39765],[12.7054,47.39699],[12.70546,47.39506],[12.70585,47.39415],[12.7069,47.39288]]}},{"type":"Feature","properties":{"kind":"piste","difficulty":"easy","name":null,"aerialway":null,"osm":"way/98907831"},"geometry":{"type":"LineString","coordinates":[[12.60125,47.39338],[12.60303,47.39251],[12.60388,47.39234],[12.6074,47.39224],[12.60761,47.39206],[12.60769,47.39142],[12.60786,47.3913],[12.60847,47.39121],[12.60995,47.39137],[12.61035,47.39109],[12.61051,47.39066],[12.61095,47.39042],[12.61299,47.39059],[12.615,47.3899]]}},{"type":"Feature","properties":{"kind":"piste","difficulty":"easy","name":null,"aerialway":null,"osm":"way/99351324"},"geometry":{"type":"LineString","coordinates":[[12.59155,47.37233],[12.59076,47.37384]]}},{"type":"Feature","properties":{"kind":"piste","difficulty":"easy","name":null,"aerialway":null,"osm":"way/99354092"},"geometry":{"type":"LineString","coordinates":[[12.68867,47.40142],[12.69043,47.40126],[12.69189,47.40167],[12.6926,47.40169],[12.69434,47.40256],[12.69599,47.4024]]}},{"type":"Feature","properties":{"kind":"piste","difficulty":"easy","name":null,"aerialway":null,"osm":"way/99354618"},"geometry":{"type":"LineString","coordinates":[[12.65437,47.40699],[12.65538,47.40642],[12.65626,47.40617]]}},{"type":"Feature","properties":{"kind":"piste","difficulty":"easy","name":null,"aerialway":null,"osm":"way/99354619"},"geometry":{"type":"LineString","coordinates":[[12.66613,47.40205],[12.66526,47.40255]]}},{"type":"Feature","properties":{"kind":"piste","difficulty":"easy","name":null,"aerialway":null,"osm":"way/103906376"},"geometry":{"type":"LineString","coordinates":[[12.60916,47.37866],[12.60929,47.37903],[12.60731,47.38197],[12.60694,47.38205]]}},{"type":"Feature","properties":{"kind":"piste","difficulty":"easy","name":null,"aerialway":null,"osm":"way/103906380"},"geometry":{"type":"LineString","coordinates":[[12.60761,47.37884],[12.60716,47.37895],[12.60563,47.37971]]}},{"type":"Feature","properties":{"kind":"piste","difficulty":"advanced","name":null,"aerialway":null,"osm":"way/104394863"},"geometry":{"type":"LineString","coordinates":[[12.71666,47.41046],[12.71879,47.41149]]}},{"type":"Feature","properties":{"kind":"piste","difficulty":"easy","name":"Spieleck","aerialway":null,"osm":"way/104394864"},"geometry":{"type":"LineString","coordinates":[[12.53578,47.39277],[12.53509,47.39249],[12.53342,47.39122],[12.53281,47.39058],[12.5328,47.38989],[12.53347,47.38936],[12.53411,47.38916],[12.5345,47.38864],[12.53459,47.38804],[12.53435,47.38686],[12.5348,47.38598],[12.5354,47.38549],[12.53707,47.38541],[12.53841,47.38551]]}},{"type":"Feature","properties":{"kind":"piste","difficulty":"easy","name":null,"aerialway":null,"osm":"way/104394865"},"geometry":{"type":"LineString","coordinates":[[12.65398,47.40768],[12.65408,47.40733],[12.65437,47.40699]]}},{"type":"Feature","properties":{"kind":"piste","difficulty":"freeride","name":null,"aerialway":null,"osm":"way/104394866"},"geometry":{"type":"LineString","coordinates":[[12.64869,47.39883],[12.64704,47.39721],[12.64563,47.39541],[12.64527,47.3945],[12.64497,47.39416],[12.64283,47.39335],[12.6421,47.39236]]}},{"type":"Feature","properties":{"kind":"piste","difficulty":"easy","name":"Skiweg Hochalmexpress","aerialway":null,"osm":"way/104394868"},"geometry":{"type":"LineString","coordinates":[[12.59113,47.40034],[12.58887,47.39887],[12.5857,47.39569],[12.5846,47.39427],[12.58366,47.39335]]}},{"type":"Feature","properties":{"kind":"piste","difficulty":"intermediate","name":"Bachabfahrt","aerialway":null,"osm":"way/104394871"},"geometry":{"type":"LineString","coordinates":[[12.59176,47.38829],[12.59268,47.3874],[12.59339,47.38642],[12.59342,47.38591],[12.59477,47.38433],[12.596,47.38366],[12.59619,47.38255]]}},{"type":"Feature","properties":{"kind":"piste","difficulty":"easy","name":null,"aerialway":null,"osm":"way/104394872"},"geometry":{"type":"LineString","coordinates":[[12.65469,47.40874],[12.65293,47.40848],[12.65072,47.40791]]}},{"type":"Feature","properties":{"kind":"piste","difficulty":"easy","name":"Standard","aerialway":null,"osm":"way/104394875"},"geometry":{"type":"LineString","coordinates":[[12.55636,47.3828],[12.55622,47.38238],[12.5555,47.38134]]}},{"type":"Feature","properties":{"kind":"piste","difficulty":"intermediate","name":null,"aerialway":null,"osm":"way/104394884"},"geometry":{"type":"LineString","coordinates":[[12.65341,47.40996],[12.65254,47.4101],[12.6521,47.40995],[12.65172,47.40965],[12.65072,47.40791],[12.6504,47.4069],[12.64975,47.40594]]}},{"type":"Feature","properties":{"kind":"piste","difficulty":"easy","name":null,"aerialway":null,"osm":"way/104394888"},"geometry":{"type":"LineString","coordinates":[[12.63386,47.39399],[12.63472,47.39343],[12.63523,47.39287],[12.63547,47.39282]]}},{"type":"Feature","properties":{"kind":"piste","difficulty":"easy","name":null,"aerialway":null,"osm":"way/104394889"},"geometry":{"type":"LineString","coordinates":[[12.57142,47.39032],[12.57049,47.38903]]}},{"type":"Feature","properties":{"kind":"piste","difficulty":"easy","name":null,"aerialway":null,"osm":"way/104401153"},"geometry":{"type":"LineString","coordinates":[[12.70899,47.40682],[12.71107,47.40592],[12.71173,47.40534],[12.71244,47.40427],[12.71331,47.40344]]}},{"type":"Feature","properties":{"kind":"piste","difficulty":"easy","name":null,"aerialway":null,"osm":"way/104401154"},"geometry":{"type":"LineString","coordinates":[[12.71444,47.41052],[12.71386,47.40983]]}},{"type":"Feature","properties":{"kind":"piste","difficulty":"easy","name":null,"aerialway":null,"osm":"way/104401158"},"geometry":{"type":"LineString","coordinates":[[12.71265,47.40798],[12.71527,47.40887],[12.71647,47.40908]]}},{"type":"Feature","properties":{"kind":"piste","difficulty":"freeride","name":null,"aerialway":null,"osm":"way/104401160"},"geometry":{"type":"LineString","coordinates":[[12.63488,47.3665],[12.635,47.36536],[12.6353,47.36434],[12.63587,47.36345],[12.63658,47.36269],[12.63716,47.36219],[12.63787,47.36181]]}},{"type":"Feature","properties":{"kind":"piste","difficulty":"advanced","name":null,"aerialway":null,"osm":"way/104401575"},"geometry":{"type":"LineString","coordinates":[[12.70925,47.43511],[12.7095,47.43538],[12.71022,47.43565],[12.71229,47.43588],[12.71319,47.43614]]}},{"type":"Feature","properties":{"kind":"piste","difficulty":"advanced","name":null,"aerialway":null,"osm":"way/104401576"},"geometry":{"type":"LineString","coordinates":[[12.71415,47.43196],[12.71404,47.43318],[12.71383,47.43376],[12.71323,47.43435],[12.71307,47.4349],[12.71305,47.43559],[12.71319,47.43614],[12.71344,47.43653],[12.71411,47.437],[12.71445,47.43762],[12.71511,47.43797],[12.71902,47.43852]]}},{"type":"Feature","properties":{"kind":"piste","difficulty":"easy","name":null,"aerialway":null,"osm":"way/179476331"},"geometry":{"type":"LineString","coordinates":[[12.65626,47.40617],[12.65772,47.40585],[12.66014,47.40508]]}},{"type":"Feature","properties":{"kind":"piste","difficulty":"easy","name":null,"aerialway":null,"osm":"way/179476476"},"geometry":{"type":"LineString","coordinates":[[12.66014,47.40508],[12.6615,47.40454],[12.66326,47.40267],[12.6641,47.40136],[12.66425,47.40097],[12.66432,47.39998],[12.66487,47.39915],[12.66479,47.39809],[12.66452,47.39773],[12.6632,47.39755],[12.66181,47.39756]]}},{"type":"Feature","properties":{"kind":"piste","difficulty":"easy","name":null,"aerialway":null,"osm":"way/179476482"},"geometry":{"type":"LineString","coordinates":[[12.64975,47.40594],[12.64603,47.40614],[12.64385,47.4064],[12.64275,47.40667]]}},{"type":"Feature","properties":{"kind":"piste","difficulty":"easy","name":null,"aerialway":null,"osm":"way/179476496"},"geometry":{"type":"LineString","coordinates":[[12.68111,47.39669],[12.6821,47.39592],[12.6824,47.39536],[12.68217,47.39502],[12.68153,47.39458],[12.68137,47.39424],[12.68125,47.3937],[12.68141,47.39321],[12.68304,47.39167]]}},{"type":"Feature","properties":{"kind":"piste","difficulty":"easy","name":null,"aerialway":null,"osm":"way/179476497"},"geometry":{"type":"LineString","coordinates":[[12.67488,47.40015],[12.67566,47.40018],[12.67771,47.39967],[12.67887,47.39872],[12.67939,47.39797],[12.68045,47.39743],[12.68111,47.39669]]}},{"type":"Feature","properties":{"kind":"piste","difficulty":"intermediate","name":"Wieshof","aerialway":null,"osm":"way/201222910"},"geometry":{"type":"LineString","coordinates":[[12.59814,47.38363],[12.59836,47.38323],[12.59881,47.38303],[12.6014,47.38278],[12.60287,47.38252],[12.60332,47.38219],[12.60356,47.3822]]}},{"type":"Feature","properties":{"kind":"piste","difficulty":"easy","name":null,"aerialway":null,"osm":"way/232504541"},"geometry":{"type":"LineString","coordinates":[[12.56053,47.42427],[12.56476,47.42531],[12.56331,47.42399],[12.56226,47.42342],[12.56225,47.4233]]}},{"type":"Feature","properties":{"kind":"piste","difficulty":"intermediate","name":"Seekar Abfahrt bis Zehnerlift","aerialway":null,"osm":"way/306558014"},"geometry":{"type":"LineString","coordinates":[[12.56442,47.34831],[12.56544,47.34798],[12.56668,47.34783],[12.56855,47.34788],[12.56981,47.34809],[12.5704,47.34794],[12.57242,47.34802],[12.57385,47.34788],[12.57469,47.34793],[12.5757,47.34816],[12.57786,47.349],[12.57874,47.34915],[12.57851,47.34927]]}},{"type":"Feature","properties":{"kind":"piste","difficulty":"easy","name":null,"aerialway":null,"osm":"way/306559095"},"geometry":{"type":"LineString","coordinates":[[12.58746,47.36629],[12.58799,47.36672],[12.58865,47.367],[12.59015,47.36817]]}},{"type":"Feature","properties":{"kind":"piste","difficulty":"novice","name":null,"aerialway":null,"osm":"way/306559477"},"geometry":{"type":"LineString","coordinates":[[12.59731,47.37372],[12.5967,47.37389],[12.59565,47.37393]]}},{"type":"Feature","properties":{"kind":"piste","difficulty":"unknown","name":null,"aerialway":null,"osm":"way/325944113"},"geometry":{"type":"LineString","coordinates":[[12.63862,47.40807],[12.63785,47.40846],[12.63742,47.40885],[12.63737,47.40917],[12.63705,47.40947],[12.63605,47.40975],[12.63547,47.41026],[12.6346,47.41043],[12.6338,47.41086],[12.63158,47.41153],[12.63113,47.41201],[12.63058,47.41217],[12.62928,47.41308]]}},{"type":"Feature","properties":{"kind":"piste","difficulty":"easy","name":null,"aerialway":null,"osm":"way/325953892"},"geometry":{"type":"LineString","coordinates":[[12.70196,47.40064],[12.70194,47.40022],[12.70126,47.40029],[12.69939,47.40184],[12.69816,47.40242],[12.69718,47.40263]]}},{"type":"Feature","properties":{"kind":"piste","difficulty":"intermediate","name":"Seekar Abfahrt","aerialway":null,"osm":"way/325974633"},"geometry":{"type":"LineString","coordinates":[[12.5539,47.34756],[12.55517,47.34773],[12.56026,47.34793]]}},{"type":"Feature","properties":{"kind":"piste","difficulty":"novice","name":null,"aerialway":null,"osm":"way/325974638"},"geometry":{"type":"LineString","coordinates":[[12.59567,47.3731],[12.59575,47.37355],[12.59565,47.37393],[12.59409,47.37495],[12.59395,47.37517],[12.59398,47.37558],[12.59454,47.37604],[12.59421,47.37691],[12.59428,47.37705],[12.59443,47.37689]]}},{"type":"Feature","properties":{"kind":"piste","difficulty":"easy","name":"Flutlicht","aerialway":null,"osm":"way/325974641"},"geometry":{"type":"LineString","coordinates":[[12.60185,47.36955],[12.60187,47.3699],[12.60078,47.37121],[12.60017,47.37161],[12.59852,47.37208],[12.59845,47.37225]]}},{"type":"Feature","properties":{"kind":"piste","difficulty":"easy","name":"Zehner-Familienabfahrt","aerialway":null,"osm":"way/325974647"},"geometry":{"type":"LineString","coordinates":[[12.57379,47.35473],[12.57462,47.35468],[12.57566,47.35437],[12.57647,47.35375],[12.57683,47.35271],[12.57666,47.35112],[12.57727,47.35029],[12.57851,47.34927]]}},{"type":"Feature","properties":{"kind":"piste","difficulty":"intermediate","name":null,"aerialway":null,"osm":"way/333653561"},"geometry":{"type":"LineString","coordinates":[[12.54674,47.3762],[12.54757,47.37607],[12.54844,47.37616]]}},{"type":"Feature","properties":{"kind":"piste","difficulty":"intermediate","name":"Skiroute zum Wallegghof","aerialway":null,"osm":"way/334660426"},"geometry":{"type":"LineString","coordinates":[[12.5521,47.38369],[12.55173,47.38279],[12.55209,47.38198],[12.55142,47.38097],[12.55138,47.3803],[12.54967,47.37947],[12.549,47.37883],[12.5476,47.37818],[12.54645,47.37672],[12.54641,47.37625],[12.54674,47.3762]]}},{"type":"Feature","properties":{"kind":"piste","difficulty":"intermediate","name":"Skiweg Wallegghof","aerialway":null,"osm":"way/334663620"},"geometry":{"type":"LineString","coordinates":[[12.54844,47.37616],[12.55116,47.37618],[12.55423,47.37573],[12.55461,47.37584],[12.55464,47.37603]]}},{"type":"Feature","properties":{"kind":"piste","difficulty":"intermediate","name":"Skiweg Wallegghof","aerialway":null,"osm":"way/339627432"},"geometry":{"type":"LineString","coordinates":[[12.55464,47.37603],[12.5549,47.37629]]}},{"type":"Feature","properties":{"kind":"piste","difficulty":"intermediate","name":"Skiweg Wallegghof","aerialway":null,"osm":"way/339627433"},"geometry":{"type":"LineString","coordinates":[[12.5549,47.37629],[12.55551,47.37598],[12.55697,47.3761]]}},{"type":"Feature","properties":{"kind":"piste","difficulty":"easy","name":"Familienabfahrt","aerialway":null,"osm":"way/347919883"},"geometry":{"type":"LineString","coordinates":[[12.59339,47.37987],[12.59354,47.37998]]}},{"type":"Feature","properties":{"kind":"piste","difficulty":"easy","name":"Familienabfahrt","aerialway":null,"osm":"way/347919884"},"geometry":{"type":"LineString","coordinates":[[12.59354,47.37998],[12.59597,47.38027],[12.59616,47.38018],[12.59633,47.37949],[12.59655,47.37941],[12.59678,47.37952]]}},{"type":"Feature","properties":{"kind":"piste","difficulty":"easy","name":null,"aerialway":null,"osm":"way/348427189"},"geometry":{"type":"LineString","coordinates":[[12.72202,47.42829],[12.7218,47.42878],[12.72206,47.42987],[12.72231,47.43026],[12.72222,47.43053],[12.72248,47.4307],[12.72391,47.43104],[12.72431,47.43091],[12.7268,47.43085],[12.72787,47.43052]]}},{"type":"Feature","properties":{"kind":"piste","difficulty":"easy","name":null,"aerialway":null,"osm":"way/374799987"},"geometry":{"type":"LineString","coordinates":[[12.64275,47.40667],[12.64122,47.40715],[12.6403,47.40714],[12.63862,47.40807]]}},{"type":"Feature","properties":{"kind":"piste","difficulty":"easy","name":null,"aerialway":null,"osm":"way/429088526"},"geometry":{"type":"LineString","coordinates":[[12.6731,47.40069],[12.67378,47.40016],[12.67488,47.40015]]}},{"type":"Feature","properties":{"kind":"piste","difficulty":"intermediate","name":"Zur Talstation Sunliner","aerialway":null,"osm":"way/440953089"},"geometry":{"type":"LineString","coordinates":[[12.59035,47.39463],[12.59156,47.39478],[12.59335,47.39468],[12.59572,47.39381],[12.59767,47.39187],[12.59998,47.39056]]}},{"type":"Feature","properties":{"kind":"piste","difficulty":"intermediate","name":null,"aerialway":null,"osm":"way/440953247"},"geometry":{"type":"LineString","coordinates":[[12.59279,47.40132],[12.59316,47.40137],[12.59367,47.40107],[12.59521,47.40052],[12.59813,47.39984],[12.59945,47.3992],[12.6026,47.39805],[12.60287,47.39749],[12.60283,47.39687],[12.60158,47.39504]]}},{"type":"Feature","properties":{"kind":"piste","difficulty":"advanced","name":"Zwölferkogel - Nordabfahrt","aerialway":null,"osm":"way/478045087"},"geometry":{"type":"LineString","coordinates":[[12.56171,47.37201],[12.5621,47.37361]]}},{"type":"Feature","properties":{"kind":"piste","difficulty":"easy","name":null,"aerialway":null,"osm":"way/478045092"},"geometry":{"type":"LineString","coordinates":[[12.67465,47.40412],[12.67486,47.40358],[12.67459,47.40289]]}},{"type":"Feature","properties":{"kind":"piste","difficulty":"easy","name":null,"aerialway":null,"osm":"way/550175040"},"geometry":{"type":"LineString","coordinates":[[12.60761,47.37884],[12.60725,47.37842]]}},{"type":"Feature","properties":{"kind":"piste","difficulty":"easy","name":null,"aerialway":null,"osm":"way/550175515"},"geometry":{"type":"LineString","coordinates":[[12.60243,47.37416],[12.6035,47.37455],[12.60398,47.37516],[12.6053,47.37607],[12.60592,47.37695],[12.6058,47.3774],[12.60587,47.3777],[12.6062,47.378],[12.60717,47.37828],[12.60725,47.37842]]}},{"type":"Feature","properties":{"kind":"piste","difficulty":"easy","name":null,"aerialway":null,"osm":"way/550175905"},"geometry":{"type":"LineString","coordinates":[[12.59486,47.37315],[12.59326,47.37286]]}},{"type":"Feature","properties":{"kind":"piste","difficulty":"novice","name":null,"aerialway":null,"osm":"way/550178783"},"geometry":{"type":"LineString","coordinates":[[12.59359,47.37463],[12.59398,47.37558]]}},{"type":"Feature","properties":{"kind":"piste","difficulty":"easy","name":null,"aerialway":null,"osm":"way/550466134"},"geometry":{"type":"LineString","coordinates":[[12.60563,47.37971],[12.6052,47.38036],[12.6053,47.3811],[12.60669,47.38182],[12.60682,47.38193],[12.6068,47.38213],[12.60698,47.38217],[12.60702,47.38207]]}},{"type":"Feature","properties":{"kind":"piste","difficulty":"novice","name":null,"aerialway":null,"osm":"way/550488559"},"geometry":{"type":"LineString","coordinates":[[12.59326,47.37286],[12.59349,47.37398]]}},{"type":"Feature","properties":{"kind":"piste","difficulty":"easy","name":"Standard","aerialway":null,"osm":"way/550702162"},"geometry":{"type":"LineString","coordinates":[[12.55756,47.37918],[12.55718,47.37855],[12.55632,47.3779],[12.55597,47.3774],[12.55598,47.37701],[12.55619,47.37658],[12.55697,47.3761],[12.56124,47.37611]]}},{"type":"Feature","properties":{"kind":"piste","difficulty":"advanced","name":"40a Zwölferkogel - Nordabfahrt","aerialway":null,"osm":"way/550906695"},"geometry":{"type":"LineString","coordinates":[[12.56847,47.35899],[12.56765,47.35896],[12.56689,47.35914],[12.56416,47.36018]]}},{"type":"Feature","properties":{"kind":"piste","difficulty":"intermediate","name":"Bachabfahrt","aerialway":null,"osm":"way/628075945"},"geometry":{"type":"LineString","coordinates":[[12.58437,47.39549],[12.58494,47.39474],[12.59111,47.38949]]}},{"type":"Feature","properties":{"kind":"piste","difficulty":"easy","name":"Zur Reiterkogel Mittelstation","aerialway":null,"osm":"way/628083723"},"geometry":{"type":"LineString","coordinates":[[12.59554,47.39707],[12.59634,47.39579],[12.59635,47.39553],[12.59614,47.39523],[12.5959,47.39498],[12.59522,47.39481],[12.59377,47.39396],[12.59276,47.39358],[12.59152,47.39259]]}},{"type":"Feature","properties":{"kind":"piste","difficulty":"easy","name":"Anakonda","aerialway":null,"osm":"way/628083727"},"geometry":{"type":"LineString","coordinates":[[12.5786,47.39239],[12.5773,47.39204],[12.57078,47.38858]]}},{"type":"Feature","properties":{"kind":"piste","difficulty":"easy","name":"Ausfahrt Anakonda-Hochalm","aerialway":null,"osm":"way/628083728"},"geometry":{"type":"LineString","coordinates":[[12.57425,47.39047],[12.57164,47.39037]]}},{"type":"Feature","properties":{"kind":"piste","difficulty":"freeride","name":"Zum Kendlhof","aerialway":null,"osm":"way/628083731"},"geometry":{"type":"LineString","coordinates":[[12.576,47.38279],[12.57474,47.38086],[12.57456,47.3793],[12.57386,47.37734]]}},{"type":"Feature","properties":{"kind":"piste","difficulty":"freeride","name":"Zum Stererhof","aerialway":null,"osm":"way/628083732"},"geometry":{"type":"LineString","coordinates":[[12.58415,47.38144],[12.58365,47.38079],[12.58451,47.38051],[12.58466,47.38018],[12.58458,47.37961],[12.58473,47.37921]]}},{"type":"Feature","properties":{"kind":"piste","difficulty":"novice","name":"Übungslift Kreuzkapelle","aerialway":null,"osm":"way/642160094"},"geometry":{"type":"LineString","coordinates":[[12.64042,47.39116],[12.63991,47.39097],[12.63975,47.3905],[12.63999,47.39019]]}},{"type":"Feature","properties":{"kind":"piste","difficulty":"easy","name":null,"aerialway":null,"osm":"way/664986363"},"geometry":{"type":"LineString","coordinates":[[12.615,47.3899],[12.61535,47.38951],[12.61533,47.38918],[12.61504,47.38872],[12.61346,47.38704],[12.61196,47.38613]]}},{"type":"Feature","properties":{"kind":"piste","difficulty":"easy","name":null,"aerialway":null,"osm":"way/664986364"},"geometry":{"type":"LineString","coordinates":[[12.615,47.3899],[12.61794,47.38961],[12.61842,47.3893],[12.61896,47.38864],[12.61911,47.38782]]}},{"type":"Feature","properties":{"kind":"piste","difficulty":"easy","name":null,"aerialway":null,"osm":"way/665004798"},"geometry":{"type":"LineString","coordinates":[[12.56199,47.37569],[12.56225,47.37578]]}},{"type":"Feature","properties":{"kind":"piste","difficulty":"advanced","name":null,"aerialway":null,"osm":"way/689063155"},"geometry":{"type":"LineString","coordinates":[[12.72088,47.43428],[12.72132,47.43484],[12.72153,47.43548]]}},{"type":"Feature","properties":{"kind":"piste","difficulty":"intermediate","name":null,"aerialway":null,"osm":"way/712516251"},"geometry":{"type":"LineString","coordinates":[[12.5449,47.42632],[12.54535,47.4268],[12.54556,47.42736],[12.5461,47.42765],[12.54711,47.4277],[12.54765,47.42749],[12.5476,47.4274],[12.54842,47.42723],[12.54837,47.42711],[12.54869,47.42701]]}},{"type":"Feature","properties":{"kind":"piste","difficulty":"easy","name":null,"aerialway":null,"osm":"way/762905899"},"geometry":{"type":"LineString","coordinates":[[12.73084,47.42047],[12.73128,47.42007]]}},{"type":"Feature","properties":{"kind":"piste","difficulty":"easy","name":null,"aerialway":null,"osm":"way/764621754"},"geometry":{"type":"LineString","coordinates":[[12.64049,47.39506],[12.64006,47.39483]]}},{"type":"Feature","properties":{"kind":"piste","difficulty":"easy","name":null,"aerialway":null,"osm":"way/765161791"},"geometry":{"type":"LineString","coordinates":[[12.63547,47.39282],[12.63579,47.39307]]}},{"type":"Feature","properties":{"kind":"piste","difficulty":"easy","name":null,"aerialway":null,"osm":"way/765161793"},"geometry":{"type":"LineString","coordinates":[[12.63589,47.39316],[12.63619,47.39315]]}},{"type":"Feature","properties":{"kind":"piste","difficulty":"easy","name":null,"aerialway":null,"osm":"way/765161794"},"geometry":{"type":"LineString","coordinates":[[12.63579,47.39307],[12.63589,47.39316]]}},{"type":"Feature","properties":{"kind":"piste","difficulty":"easy","name":null,"aerialway":null,"osm":"way/766022375"},"geometry":{"type":"LineString","coordinates":[[12.71367,47.40962],[12.71339,47.40911],[12.71253,47.40823],[12.71265,47.40798]]}},{"type":"Feature","properties":{"kind":"piste","difficulty":"easy","name":null,"aerialway":null,"osm":"way/766022377"},"geometry":{"type":"LineString","coordinates":[[12.71386,47.40983],[12.71367,47.40962]]}},{"type":"Feature","properties":{"kind":"piste","difficulty":"easy","name":null,"aerialway":null,"osm":"way/766036745"},"geometry":{"type":"LineString","coordinates":[[12.71444,47.41052],[12.71467,47.41069]]}},{"type":"Feature","properties":{"kind":"piste","difficulty":"easy","name":null,"aerialway":null,"osm":"way/766036746"},"geometry":{"type":"LineString","coordinates":[[12.7159,47.41299],[12.71566,47.41308]]}},{"type":"Feature","properties":{"kind":"piste","difficulty":"easy","name":null,"aerialway":null,"osm":"way/766036747"},"geometry":{"type":"LineString","coordinates":[[12.71529,47.41295],[12.71566,47.41308]]}},{"type":"Feature","properties":{"kind":"piste","difficulty":"easy","name":null,"aerialway":null,"osm":"way/766036748"},"geometry":{"type":"LineString","coordinates":[[12.71467,47.41069],[12.71549,47.41185],[12.7159,47.41273],[12.71564,47.41376]]}},{"type":"Feature","properties":{"kind":"piste","difficulty":"intermediate","name":null,"aerialway":null,"osm":"way/766070586"},"geometry":{"type":"LineString","coordinates":[[12.67499,47.37953],[12.67496,47.37942]]}},{"type":"Feature","properties":{"kind":"piste","difficulty":"intermediate","name":null,"aerialway":null,"osm":"way/777520159"},"geometry":{"type":"LineString","coordinates":[[12.6394,47.36928],[12.63969,47.37019],[12.63954,47.37065]]}},{"type":"Feature","properties":{"kind":"piste","difficulty":"easy","name":null,"aerialway":null,"osm":"way/777527752"},"geometry":{"type":"LineString","coordinates":[[12.66812,47.40148],[12.66715,47.40151],[12.66613,47.40205]]}},{"type":"Feature","properties":{"kind":"piste","difficulty":"intermediate","name":null,"aerialway":null,"osm":"way/777556608"},"geometry":{"type":"LineString","coordinates":[[12.70254,47.40209],[12.70263,47.40231],[12.70592,47.4031]]}},{"type":"Feature","properties":{"kind":"piste","difficulty":"easy","name":null,"aerialway":null,"osm":"way/777556609"},"geometry":{"type":"LineString","coordinates":[[12.70258,47.40046],[12.70286,47.39979]]}},{"type":"Feature","properties":{"kind":"piste","difficulty":"intermediate","name":null,"aerialway":null,"osm":"way/777556610"},"geometry":{"type":"LineString","coordinates":[[12.68379,47.39034],[12.68373,47.38998],[12.68309,47.38901],[12.68271,47.38883],[12.681,47.38875],[12.67972,47.3885]]}},{"type":"Feature","properties":{"kind":"piste","difficulty":"easy","name":null,"aerialway":null,"osm":"way/777556612"},"geometry":{"type":"LineString","coordinates":[[12.70744,47.40543],[12.7079,47.40552],[12.70829,47.4059],[12.70851,47.40645]]}},{"type":"Feature","properties":{"kind":"piste","difficulty":"easy","name":"Umfahrung Steilhang","aerialway":null,"osm":"way/791544198"},"geometry":{"type":"LineString","coordinates":[[12.58382,47.41509],[12.58353,47.41467],[12.58335,47.41406],[12.58292,47.41382],[12.58278,47.41351],[12.58266,47.41421],[12.58277,47.41454],[12.58226,47.41429],[12.58181,47.41374],[12.58199,47.41327],[12.5818,47.41297],[12.58163,47.41331],[12.58091,47.41389],[12.58088,47.41481],[12.58034,47.41447],[12.5804,47.41512],[12.57965,47.41439],[12.57956,47.41445],[12.57978,47.41517],[12.57971,47.41555],[12.58037,47.41627],[12.58022,47.41707]]}},{"type":"Feature","properties":{"kind":"piste","difficulty":"novice","name":null,"aerialway":null,"osm":"way/796312896"},"geometry":{"type":"LineString","coordinates":[[12.57592,47.35773],[12.57579,47.35735],[12.57592,47.35685],[12.57613,47.35676]]}},{"type":"Feature","properties":{"kind":"piste","difficulty":"freeride","name":null,"aerialway":null,"osm":"way/845518417"},"geometry":{"type":"LineString","coordinates":[[12.54488,47.4265],[12.54488,47.42629],[12.54536,47.426],[12.54658,47.42559],[12.54856,47.42592],[12.54903,47.42617],[12.54972,47.42689]]}},{"type":"Feature","properties":{"kind":"piste","difficulty":"freeride","name":null,"aerialway":null,"osm":"way/845518418"},"geometry":{"type":"LineString","coordinates":[[12.55008,47.42685],[12.55041,47.42592],[12.55064,47.42345],[12.55092,47.42259],[12.55287,47.42117],[12.55516,47.42016],[12.55577,47.41962],[12.55628,47.41817],[12.5568,47.4175],[12.55922,47.41563],[12.56053,47.41428],[12.56263,47.41316],[12.56377,47.41287],[12.56478,47.41282],[12.56637,47.41304],[12.56772,47.41351],[12.56883,47.41439]]}},{"type":"Feature","properties":{"kind":"piste","difficulty":"freeride","name":null,"aerialway":null,"osm":"way/845518419"},"geometry":{"type":"LineString","coordinates":[[12.55577,47.41962],[12.55637,47.41963],[12.55755,47.41939],[12.55931,47.41881],[12.56158,47.41731],[12.56218,47.41673],[12.56317,47.41518],[12.56347,47.41403],[12.56316,47.41302]]}},{"type":"Feature","properties":{"kind":"piste","difficulty":"freeride","name":null,"aerialway":null,"osm":"way/845518420"},"geometry":{"type":"LineString","coordinates":[[12.59191,47.40634],[12.59164,47.40597],[12.59125,47.40578],[12.59063,47.40573],[12.58905,47.40616],[12.5876,47.40772],[12.58716,47.40796],[12.58559,47.40975],[12.58478,47.41042],[12.58411,47.41185],[12.58425,47.41251],[12.58453,47.41302],[12.58453,47.41367],[12.58475,47.41407]]}},{"type":"Feature","properties":{"kind":"piste","difficulty":"easy","name":null,"aerialway":null,"osm":"way/909085457"},"geometry":{"type":"LineString","coordinates":[[12.71114,47.38793],[12.71338,47.38776],[12.71574,47.38687]]}},{"type":"Feature","properties":{"kind":"piste","difficulty":"easy","name":null,"aerialway":null,"osm":"way/1017568622"},"geometry":{"type":"LineString","coordinates":[[12.56158,47.37561],[12.56199,47.37569]]}},{"type":"Feature","properties":{"kind":"piste","difficulty":"intermediate","name":null,"aerialway":null,"osm":"way/1017576856"},"geometry":{"type":"LineString","coordinates":[[12.59154,47.39729],[12.59209,47.39641],[12.59263,47.39506],[12.59295,47.3947]]}},{"type":"Feature","properties":{"kind":"piste","difficulty":"easy","name":null,"aerialway":null,"osm":"way/1017576858"},"geometry":{"type":"LineString","coordinates":[[12.5923,47.39221],[12.59163,47.39194]]}},{"type":"Feature","properties":{"kind":"piste","difficulty":"easy","name":null,"aerialway":null,"osm":"way/1017576861"},"geometry":{"type":"LineString","coordinates":[[12.60062,47.39038],[12.60312,47.39085],[12.60385,47.39132],[12.60447,47.39205],[12.60496,47.3923]]}},{"type":"Feature","properties":{"kind":"piste","difficulty":"easy","name":null,"aerialway":null,"osm":"way/1017583629"},"geometry":{"type":"LineString","coordinates":[[12.60298,47.40732],[12.60378,47.40646],[12.60373,47.40638],[12.60236,47.40633],[12.60096,47.40687],[12.59918,47.40658],[12.59784,47.40705],[12.59713,47.40776],[12.59665,47.40865],[12.59606,47.40884]]}},{"type":"Feature","properties":{"kind":"piste","difficulty":"intermediate","name":"Westabfahrt","aerialway":null,"osm":"way/1017638570"},"geometry":{"type":"LineString","coordinates":[[12.60528,47.36647],[12.60504,47.36562]]}},{"type":"Feature","properties":{"kind":"piste","difficulty":"easy","name":null,"aerialway":null,"osm":"way/1017638575"},"geometry":{"type":"LineString","coordinates":[[12.60916,47.37866],[12.60828,47.37891],[12.60761,47.37884]]}},{"type":"Feature","properties":{"kind":"piste","difficulty":"easy","name":null,"aerialway":null,"osm":"way/1017649128"},"geometry":{"type":"LineString","coordinates":[[12.69599,47.4024],[12.69633,47.40221],[12.69673,47.40159]]}},{"type":"Feature","properties":{"kind":"piste","difficulty":"easy","name":null,"aerialway":null,"osm":"way/1017649131"},"geometry":{"type":"LineString","coordinates":[[12.70196,47.40064],[12.70258,47.40046]]}},{"type":"Feature","properties":{"kind":"piste","difficulty":"easy","name":null,"aerialway":null,"osm":"way/1017649132"},"geometry":{"type":"LineString","coordinates":[[12.70245,47.40085],[12.70258,47.40046]]}},{"type":"Feature","properties":{"kind":"piste","difficulty":"intermediate","name":null,"aerialway":null,"osm":"way/1017649133"},"geometry":{"type":"LineString","coordinates":[[12.70254,47.40209],[12.70263,47.40191],[12.70292,47.40179],[12.70335,47.40176],[12.70805,47.40198]]}},{"type":"Feature","properties":{"kind":"piste","difficulty":"advanced","name":null,"aerialway":null,"osm":"way/1017649136"},"geometry":{"type":"LineString","coordinates":[[12.70964,47.40749],[12.71265,47.40798]]}},{"type":"Feature","properties":{"kind":"piste","difficulty":"intermediate","name":null,"aerialway":null,"osm":"way/1017649138"},"geometry":{"type":"LineString","coordinates":[[12.71666,47.41046],[12.71659,47.41083],[12.71673,47.41144],[12.71819,47.41199]]}},{"type":"Feature","properties":{"kind":"piste","difficulty":"easy","name":null,"aerialway":null,"osm":"way/1017765472"},"geometry":{"type":"LineString","coordinates":[[12.61504,47.38872],[12.61555,47.38729],[12.61518,47.38689]]}},{"type":"Feature","properties":{"kind":"piste","difficulty":"easy","name":null,"aerialway":null,"osm":"way/1017771696"},"geometry":{"type":"LineString","coordinates":[[12.7069,47.39288],[12.70739,47.39223],[12.70782,47.39133],[12.70794,47.3902],[12.70832,47.38938],[12.70889,47.38869],[12.70922,47.38847],[12.71114,47.38793]]}},{"type":"Feature","properties":{"kind":"piste","difficulty":"easy","name":null,"aerialway":null,"osm":"way/1017771697"},"geometry":{"type":"LineString","coordinates":[[12.70685,47.39296],[12.70378,47.39452],[12.70279,47.39535],[12.69792,47.39772],[12.69589,47.398]]}},{"type":"Feature","properties":{"kind":"piste","difficulty":"easy","name":null,"aerialway":null,"osm":"way/1017771698"},"geometry":{"type":"LineString","coordinates":[[12.71433,47.42766],[12.71393,47.42748]]}},{"type":"Feature","properties":{"kind":"piste","difficulty":"easy","name":"204","aerialway":null,"osm":"way/1017771699"},"geometry":{"type":"LineString","coordinates":[[12.71403,47.42795],[12.71388,47.42839],[12.71308,47.42938],[12.71264,47.43054],[12.71207,47.43148],[12.70925,47.43511]]}},{"type":"Feature","properties":{"kind":"piste","difficulty":"easy","name":null,"aerialway":null,"osm":"way/1019748234"},"geometry":{"type":"LineString","coordinates":[[12.66739,47.4005],[12.66699,47.39936],[12.6663,47.39842],[12.66574,47.39808],[12.66452,47.39773]]}},{"type":"Feature","properties":{"kind":"piste","difficulty":"easy","name":null,"aerialway":null,"osm":"way/1019748236"},"geometry":{"type":"LineString","coordinates":[[12.66526,47.40255],[12.66394,47.40332],[12.66277,47.40369],[12.66252,47.40368],[12.66248,47.40353]]}},{"type":"Feature","properties":{"kind":"piste","difficulty":"easy","name":null,"aerialway":null,"osm":"way/1019764343"},"geometry":{"type":"LineString","coordinates":[[12.63862,47.40807],[12.63781,47.40749],[12.63736,47.40678],[12.63727,47.40633],[12.63729,47.4058],[12.63761,47.40527],[12.63887,47.40408],[12.63917,47.40353],[12.63925,47.40284],[12.63866,47.40258]]}},{"type":"Feature","properties":{"kind":"piste","difficulty":"easy","name":null,"aerialway":null,"osm":"way/1019764345"},"geometry":{"type":"LineString","coordinates":[[12.64687,47.40109],[12.64633,47.4009]]}},{"type":"Feature","properties":{"kind":"piste","difficulty":"easy","name":null,"aerialway":null,"osm":"way/1019764346"},"geometry":{"type":"LineString","coordinates":[[12.64864,47.40264],[12.64909,47.40234],[12.64959,47.40175]]}},{"type":"Feature","properties":{"kind":"piste","difficulty":"easy","name":null,"aerialway":null,"osm":"way/1019764348"},"geometry":{"type":"LineString","coordinates":[[12.63801,47.39274],[12.63799,47.39213],[12.63815,47.39197]]}},{"type":"Feature","properties":{"kind":"piste","difficulty":"intermediate","name":null,"aerialway":null,"osm":"way/1019764349"},"geometry":{"type":"LineString","coordinates":[[12.63858,47.39347],[12.63685,47.39353]]}},{"type":"Feature","properties":{"kind":"piste","difficulty":"intermediate","name":"Worldcup Zwolferkogel","aerialway":null,"osm":"way/1026418951"},"geometry":{"type":"LineString","coordinates":[[12.58039,47.36328],[12.5818,47.36394],[12.58226,47.36429],[12.58232,47.36483],[12.58429,47.36806],[12.58546,47.37059],[12.58568,47.37147],[12.58566,47.37229],[12.58595,47.37256],[12.58694,47.37284],[12.58776,47.37448]]}},{"type":"Feature","properties":{"kind":"piste","difficulty":"easy","name":null,"aerialway":null,"osm":"way/1029052218"},"geometry":{"type":"LineString","coordinates":[[12.60441,47.38077],[12.6037,47.38156],[12.60349,47.38171],[12.60341,47.38163]]}},{"type":"Feature","properties":{"kind":"piste","difficulty":"advanced","name":"Worldcup Zwolferkogel","aerialway":null,"osm":"way/1031005201"},"geometry":{"type":"LineString","coordinates":[[12.57071,47.35908],[12.57187,47.3593],[12.5755,47.3608],[12.57886,47.36105],[12.57993,47.36231],[12.58039,47.36328]]}},{"type":"Feature","properties":{"kind":"piste","difficulty":"intermediate","name":"Women DH Start","aerialway":null,"osm":"way/1032658985"},"geometry":{"type":"LineString","coordinates":[[12.57517,47.35808],[12.57583,47.35812],[12.57623,47.35829]]}},{"type":"Feature","properties":{"kind":"piste","difficulty":"freeride","name":null,"aerialway":null,"osm":"way/1033746498"},"geometry":{"type":"LineString","coordinates":[[12.6189,47.36201],[12.61892,47.36141],[12.61864,47.36095],[12.61692,47.36008],[12.61585,47.35896],[12.61354,47.35748],[12.61289,47.35661],[12.61185,47.35613],[12.61119,47.35566],[12.61089,47.35515],[12.61042,47.35498],[12.60934,47.35614],[12.60837,47.35691],[12.60675,47.35735],[12.60607,47.3578],[12.6045,47.35783],[12.60405,47.35808],[12.60433,47.35866],[12.60434,47.35907],[12.60458,47.35941],[12.60428,47.36003],[12.60377,47.36052],[12.60342,47.36148],[12.60388,47.36216],[12.60631,47.36333],[12.60546,47.36405],[12.60531,47.36445],[12.60466,47.36524],[12.60422,47.36653]]}},{"type":"Feature","properties":{"kind":"piste","difficulty":"easy","name":null,"aerialway":null,"osm":"way/1152344700"},"geometry":{"type":"LineString","coordinates":[[12.71998,47.42879],[12.72121,47.42762],[12.72164,47.42705],[12.72186,47.42713],[12.72202,47.42829]]}},{"type":"Feature","properties":{"kind":"piste","difficulty":"easy","name":null,"aerialway":null,"osm":"way/1189194957"},"geometry":{"type":"LineString","coordinates":[[12.56364,47.42352],[12.56413,47.42316],[12.56458,47.4231],[12.56565,47.42377],[12.56668,47.42414]]}},{"type":"Feature","properties":{"kind":"piste","difficulty":"easy","name":null,"aerialway":null,"osm":"way/1236478588"},"geometry":{"type":"LineString","coordinates":[[12.64477,47.36258],[12.64529,47.3625],[12.64727,47.36329],[12.6502,47.36391]]}},{"type":"Feature","properties":{"kind":"piste","difficulty":"intermediate","name":"Westabfahrt","aerialway":null,"osm":"way/1236650124"},"geometry":{"type":"LineString","coordinates":[[12.606,47.36605],[12.60499,47.367],[12.60678,47.36809],[12.60744,47.36824],[12.60894,47.36808],[12.60933,47.36792],[12.60971,47.36746],[12.6104,47.36713],[12.61108,47.36631],[12.61175,47.36626],[12.61204,47.36663],[12.61262,47.36673],[12.61358,47.36657],[12.61381,47.36637],[12.6143,47.36537],[12.61718,47.36241],[12.61803,47.36192],[12.61838,47.36198],[12.61882,47.36243],[12.61947,47.36403],[12.62003,47.36468],[12.62041,47.36488],[12.62261,47.36471],[12.62254,47.36436],[12.62138,47.36461],[12.62008,47.36402],[12.61916,47.36215],[12.6195,47.36174],[12.61943,47.36151],[12.61886,47.36098],[12.61842,47.3609],[12.6167,47.36212],[12.6159,47.36333],[12.61397,47.36532],[12.61363,47.36583],[12.61268,47.36587],[12.61146,47.36553],[12.61104,47.36556],[12.61036,47.36598],[12.60891,47.36745],[12.60821,47.36736],[12.60806,47.36719],[12.60681,47.36692],[12.60633,47.36659],[12.606,47.36605]]}},{"type":"Feature","properties":{"kind":"piste","difficulty":"advanced","name":null,"aerialway":null,"osm":"way/1236650126"},"geometry":{"type":"LineString","coordinates":[[12.63432,47.37473],[12.63452,47.37553],[12.63567,47.37407],[12.63655,47.37321],[12.63678,47.37245],[12.63723,47.3723],[12.63727,47.37143],[12.63747,47.37084],[12.63724,47.37084],[12.63709,47.37135],[12.63676,47.37163],[12.6366,47.37223],[12.63501,47.37457],[12.63485,47.37475],[12.63432,47.37473]]}},{"type":"Feature","properties":{"kind":"piste","difficulty":"easy","name":null,"aerialway":null,"osm":"way/1239834880"},"geometry":{"type":"LineString","coordinates":[[12.61721,47.40349],[12.61724,47.40303]]}},{"type":"Feature","properties":{"kind":"piste","difficulty":"easy","name":null,"aerialway":null,"osm":"way/1239834881"},"geometry":{"type":"LineString","coordinates":[[12.65238,47.41005],[12.65255,47.40982],[12.65372,47.40918],[12.65506,47.40898]]}},{"type":"Feature","properties":{"kind":"piste","difficulty":"intermediate","name":"Schattberg Nord Abfahrt","aerialway":null,"osm":"way/1239834882"},"geometry":{"type":"LineString","coordinates":[[12.6324,47.38021],[12.63279,47.38039],[12.63304,47.37999],[12.6339,47.37915],[12.63374,47.37873],[12.63385,47.37798],[12.63425,47.37581],[12.63452,47.37553],[12.63381,47.3734],[12.63392,47.37308],[12.63419,47.37285],[12.63504,47.37303],[12.63523,47.37218],[12.63523,47.37165],[12.63506,47.37109],[12.63513,47.37094],[12.63645,47.3704],[12.63724,47.37084],[12.63834,47.37047],[12.63913,47.3709],[12.6396,47.37085],[12.63979,47.37067],[12.63958,47.36926],[12.63964,47.369],[12.64003,47.36867],[12.64092,47.36836],[12.64086,47.3682],[12.6396,47.36765],[12.63809,47.36747],[12.63812,47.36759],[12.63986,47.36792],[12.64036,47.36824],[12.64039,47.36835],[12.63933,47.369],[12.63918,47.36921],[12.63892,47.36979],[12.63917,47.37044],[12.63899,47.37057],[12.63781,47.36998],[12.63751,47.36995],[12.63497,47.37027],[12.63469,47.37067],[12.6349,47.37216],[12.63483,47.37278],[12.63461,47.37282],[12.63375,47.37254],[12.63354,47.37258],[12.63344,47.37282],[12.63397,47.37489],[12.63398,47.37625],[12.63356,47.37791],[12.63345,47.37931],[12.6324,47.38021]]}},{"type":"Feature","properties":{"kind":"piste","difficulty":"easy","name":null,"aerialway":null,"osm":"way/1240408911"},"geometry":{"type":"LineString","coordinates":[[12.64621,47.40613],[12.6486,47.40419]]}},{"type":"Feature","properties":{"kind":"piste","difficulty":"easy","name":null,"aerialway":null,"osm":"way/1240408912"},"geometry":{"type":"LineString","coordinates":[[12.63989,47.39558],[12.63923,47.39504],[12.63954,47.39485],[12.63809,47.39403],[12.63836,47.39351],[12.63813,47.39319],[12.63781,47.39328],[12.63757,47.39282],[12.63799,47.39194],[12.63815,47.39211],[12.63887,47.392],[12.64097,47.39497],[12.63989,47.39558]]}},{"type":"Feature","properties":{"kind":"piste","difficulty":"intermediate","name":null,"aerialway":null,"osm":"way/1240408913"},"geometry":{"type":"LineString","coordinates":[[12.63809,47.39403],[12.6374,47.39399],[12.63728,47.39359],[12.63695,47.3936],[12.6369,47.39346],[12.63768,47.39342],[12.63813,47.39319],[12.63836,47.39351],[12.63809,47.39403]]}},{"type":"Feature","properties":{"kind":"piste","difficulty":"intermediate","name":null,"aerialway":null,"osm":"way/1240408914"},"geometry":{"type":"LineString","coordinates":[[12.64097,47.39497],[12.64163,47.3946],[12.64203,47.39498],[12.64149,47.39537],[12.64215,47.39681],[12.64195,47.39772],[12.64267,47.39828],[12.64301,47.3991],[12.64338,47.39956],[12.64525,47.40008],[12.64622,47.40048],[12.64673,47.40103],[12.6472,47.4008],[12.64607,47.39986],[12.645,47.39953],[12.64379,47.39836],[12.64372,47.39746],[12.64248,47.39613],[12.64315,47.39501],[12.64309,47.39479],[12.6426,47.39452],[12.64237,47.39417],[12.64155,47.39379],[12.6402,47.3923],[12.63904,47.39223],[12.64097,47.39497]]}},{"type":"Feature","properties":{"kind":"piste","difficulty":"intermediate","name":null,"aerialway":null,"osm":"way/1240695556"},"geometry":{"type":"LineString","coordinates":[[12.65088,47.40235],[12.65181,47.40147],[12.65186,47.40121],[12.65142,47.40071]]}},{"type":"Feature","properties":{"kind":"piste","difficulty":"intermediate","name":null,"aerialway":null,"osm":"way/1240695557"},"geometry":{"type":"LineString","coordinates":[[12.65338,47.40973],[12.65384,47.40966],[12.65438,47.40937],[12.65491,47.40956],[12.65377,47.41015],[12.65338,47.40973]]}},{"type":"Feature","properties":{"kind":"piste","difficulty":"easy","name":null,"aerialway":null,"osm":"way/1240695558"},"geometry":{"type":"LineString","coordinates":[[12.65253,47.40979],[12.65355,47.40928],[12.65422,47.4091],[12.6537,47.40916],[12.65253,47.40979]]}},{"type":"Feature","properties":{"kind":"piste","difficulty":"easy","name":null,"aerialway":null,"osm":"way/1240695559"},"geometry":{"type":"LineString","coordinates":[[12.65181,47.40885],[12.65146,47.40798],[12.65273,47.40838],[12.65347,47.40821],[12.65424,47.40878],[12.65262,47.40859],[12.65216,47.40861],[12.65181,47.40885]]}},{"type":"Feature","properties":{"kind":"piste","difficulty":"easy","name":null,"aerialway":null,"osm":"way/1240695560"},"geometry":{"type":"LineString","coordinates":[[12.65105,47.40686],[12.65039,47.40599],[12.64997,47.40505],[12.6499,47.40444],[12.6492,47.40322],[12.64904,47.40209],[12.64864,47.40091],[12.64963,47.40083],[12.65014,47.40215],[12.65151,47.4043],[12.65152,47.40478],[12.65101,47.4055],[12.65111,47.40605],[12.65242,47.40638],[12.65377,47.40717],[12.65499,47.40875],[12.65437,47.40897],[12.65347,47.40821],[12.65356,47.40807],[12.65237,47.40715],[12.65183,47.40692],[12.65105,47.40686]]}},{"type":"Feature","properties":{"kind":"piste","difficulty":"intermediate","name":null,"aerialway":null,"osm":"way/1240695561"},"geometry":{"type":"LineString","coordinates":[[12.65499,47.40875],[12.65398,47.40742],[12.65264,47.40512],[12.6517,47.40417],[12.65066,47.40273],[12.64963,47.40083],[12.65041,47.40084],[12.65108,47.40197],[12.65164,47.40219],[12.65328,47.40425],[12.65395,47.40547],[12.65537,47.40712],[12.65574,47.4085],[12.65499,47.40875]]}},{"type":"Feature","properties":{"kind":"piste","difficulty":"intermediate","name":null,"aerialway":null,"osm":"way/1240695562"},"geometry":{"type":"LineString","coordinates":[[12.65108,47.40197],[12.65165,47.40111],[12.65231,47.40129],[12.65164,47.40219],[12.65108,47.40197]]}},{"type":"Feature","properties":{"kind":"piste","difficulty":"intermediate","name":null,"aerialway":null,"osm":"way/1240695563"},"geometry":{"type":"LineString","coordinates":[[12.64904,47.40209],[12.64795,47.40094],[12.64709,47.40126],[12.648,47.40193],[12.64838,47.40255],[12.6479,47.40344],[12.64794,47.40403],[12.64864,47.40489],[12.64918,47.4061],[12.6497,47.4064],[12.64996,47.40671],[12.65014,47.40771],[12.65132,47.40973],[12.65148,47.4098],[12.65171,47.41021],[12.65251,47.41027],[12.65241,47.40972],[12.65183,47.40928],[12.65181,47.40884],[12.65105,47.40686],[12.65039,47.40599],[12.64997,47.40505],[12.64915,47.40413],[12.6492,47.40322],[12.64904,47.40209]]}},{"type":"Feature","properties":{"kind":"piste","difficulty":"easy","name":null,"aerialway":null,"osm":"way/1240695564"},"geometry":{"type":"LineString","coordinates":[[12.65231,47.40129],[12.65264,47.40095],[12.64965,47.40009],[12.64896,47.40021],[12.64673,47.40103],[12.64709,47.40126],[12.64795,47.40094],[12.65041,47.40084],[12.65231,47.40129]]}},{"type":"Feature","properties":{"kind":"piste","difficulty":"easy","name":null,"aerialway":null,"osm":"way/1240695565"},"geometry":{"type":"LineString","coordinates":[[12.64896,47.40021],[12.64852,47.39963],[12.64829,47.39874],[12.64888,47.39846],[12.64913,47.3993],[12.64965,47.40009],[12.64896,47.40021]]}},{"type":"Feature","properties":{"kind":"piste","difficulty":"intermediate","name":null,"aerialway":null,"osm":"way/1240701740"},"geometry":{"type":"LineString","coordinates":[[12.67406,47.40447],[12.67401,47.40433],[12.67284,47.40436],[12.67165,47.4042],[12.66916,47.40338],[12.66875,47.40337],[12.66778,47.40377],[12.6674,47.40373],[12.66714,47.40355],[12.66686,47.40299],[12.6669,47.40179],[12.66659,47.40124],[12.66545,47.40083],[12.66444,47.40063],[12.66435,47.40043],[12.66382,47.40015],[12.66022,47.39867],[12.65977,47.39901],[12.66292,47.40026],[12.66558,47.40191],[12.66606,47.40234],[12.66623,47.40266],[12.66658,47.40381],[12.66691,47.40398],[12.6677,47.40406],[12.66909,47.40381],[12.67002,47.40426],[12.67269,47.40497],[12.67321,47.40492],[12.67349,47.40458],[12.67406,47.40447]]}},{"type":"Feature","properties":{"kind":"piste","difficulty":"intermediate","name":null,"aerialway":null,"osm":"way/1240701741"},"geometry":{"type":"LineString","coordinates":[[12.6738,47.40446],[12.67353,47.40335]]}},{"type":"Feature","properties":{"kind":"piste","difficulty":"easy","name":null,"aerialway":null,"osm":"way/1240701742"},"geometry":{"type":"LineString","coordinates":[[12.66515,47.3983],[12.66572,47.39834],[12.66614,47.39862],[12.66646,47.39905],[12.66639,47.3993],[12.66682,47.39984],[12.66655,47.40007],[12.66665,47.40043],[12.66695,47.40061],[12.66714,47.40096],[12.66659,47.40124],[12.6669,47.40179],[12.66715,47.40161],[12.66764,47.40167],[12.66901,47.40219],[12.67151,47.40279],[12.67237,47.40315],[12.67344,47.40333],[12.6753,47.40301],[12.67496,47.40263],[12.67369,47.4028],[12.66979,47.4015],[12.66797,47.40022],[12.6676,47.39985],[12.66736,47.39924],[12.66678,47.39871],[12.66669,47.39829],[12.66579,47.39761],[12.66515,47.3983]]}},{"type":"Feature","properties":{"kind":"piste","difficulty":"easy","name":null,"aerialway":null,"osm":"way/1240701743"},"geometry":{"type":"LineString","coordinates":[[12.66184,47.39765],[12.66303,47.39799],[12.66421,47.39802],[12.66468,47.39826],[12.66472,47.3992],[12.66397,47.40022],[12.66435,47.40043],[12.66444,47.39994],[12.66498,47.39925],[12.66498,47.3985],[12.66579,47.39761],[12.66469,47.39719],[12.66417,47.39719],[12.66332,47.39751],[12.66239,47.39728],[12.66184,47.39765]]}},{"type":"Feature","properties":{"kind":"piste","difficulty":"easy","name":null,"aerialway":null,"osm":"way/1240701744"},"geometry":{"type":"LineString","coordinates":[[12.67271,47.40078],[12.67242,47.39988],[12.67204,47.3996],[12.67146,47.39885],[12.67071,47.39759],[12.66992,47.39661],[12.66917,47.39595],[12.66789,47.39549],[12.66619,47.39563],[12.66422,47.39617],[12.6632,47.39662],[12.66239,47.39728],[12.66022,47.39867],[12.66007,47.39857],[12.6629,47.39668],[12.66424,47.39598],[12.66712,47.39525],[12.6682,47.39519],[12.66891,47.3953],[12.67117,47.39672],[12.67161,47.39801],[12.67345,47.40007],[12.6736,47.40094],[12.6744,47.40218],[12.67496,47.40263],[12.67393,47.40277],[12.67343,47.40211],[12.67271,47.40078]]}},{"type":"Feature","properties":{"kind":"piste","difficulty":"easy","name":null,"aerialway":null,"osm":"way/1240701746"},"geometry":{"type":"LineString","coordinates":[[12.67456,47.40412],[12.67491,47.40419],[12.67517,47.40384],[12.67533,47.40348],[12.6753,47.40301],[12.67443,47.40318],[12.67471,47.40363],[12.67456,47.40412]]}},{"type":"Feature","properties":{"kind":"piste","difficulty":"easy","name":"Jausernabfahrt","aerialway":null,"osm":"way/1240729321"},"geometry":{"type":"LineString","coordinates":[[12.65211,47.36418],[12.65459,47.36397],[12.65742,47.36458],[12.65793,47.36491],[12.65925,47.36522],[12.66024,47.36609],[12.66109,47.36653],[12.66151,47.3669],[12.66275,47.36728],[12.66368,47.3678],[12.6639,47.36803],[12.66425,47.36929],[12.66478,47.37005],[12.66495,47.37072],[12.66492,47.3713],[12.66525,47.37208],[12.6663,47.37224],[12.66665,47.37267],[12.66761,47.37288],[12.66823,47.37344],[12.66881,47.37444],[12.67255,47.37523],[12.67775,47.37675],[12.67825,47.377],[12.67839,47.37739],[12.67798,47.37775],[12.67747,47.37777],[12.67638,47.37813],[12.6757,47.37857],[12.67552,47.37885],[12.67517,47.37893],[12.67613,47.3781],[12.67722,47.37771],[12.678,47.37763],[12.67804,47.37752],[12.67759,47.37731],[12.67235,47.37597],[12.66902,47.37533],[12.66861,47.3754],[12.66839,47.37531],[12.66833,47.3744],[12.66792,47.37403],[12.66758,47.37344],[12.66719,47.37322],[12.66608,47.37313],[12.66509,47.37253],[12.66463,47.37162],[12.66452,47.37035],[12.66343,47.36833],[12.66259,47.36758],[12.66084,47.36694],[12.65904,47.36557],[12.65742,47.36498],[12.65524,47.36444],[12.6541,47.36432],[12.65319,47.36454],[12.65161,47.36469],[12.65107,47.36457],[12.65125,47.36412],[12.65211,47.36418]]}},{"type":"Feature","properties":{"kind":"piste","difficulty":"intermediate","name":"Limbergabfahrt","aerialway":null,"osm":"way/1240729322"},"geometry":{"type":"LineString","coordinates":[[12.64404,47.36288],[12.64527,47.36351],[12.64478,47.36394],[12.64058,47.36628],[12.63809,47.36747],[12.63787,47.36725],[12.64056,47.36478],[12.64107,47.36465],[12.64219,47.36404],[12.64404,47.36288]]}},{"type":"Feature","properties":{"kind":"piste","difficulty":"easy","name":"Jausernabfahrt","aerialway":null,"osm":"way/1240729323"},"geometry":{"type":"LineString","coordinates":[[12.63787,47.36725],[12.63778,47.36714],[12.63728,47.3671],[12.63969,47.36444],[12.64036,47.3627],[12.64097,47.3623],[12.64144,47.36217],[12.64323,47.3621],[12.64361,47.36219],[12.64456,47.36254],[12.64553,47.36318],[12.6469,47.36371],[12.64778,47.36356],[12.64863,47.36359],[12.65125,47.36412],[12.65107,47.36457],[12.64856,47.3638],[12.64787,47.36372],[12.64672,47.36392],[12.64546,47.36365],[12.6438,47.36276],[12.64206,47.36234],[12.64161,47.36251],[12.64133,47.36278],[12.64125,47.36345],[12.64065,47.36417],[12.64056,47.36478],[12.63787,47.36725]]}},{"type":"Feature","properties":{"kind":"piste","difficulty":"easy","name":"Muldenabfahrt","aerialway":null,"osm":"way/1240729324"},"geometry":{"type":"LineString","coordinates":[[12.63202,47.36484],[12.63313,47.36508],[12.63348,47.36408],[12.63577,47.36159],[12.6364,47.36156],[12.63725,47.36184],[12.6382,47.36193],[12.64023,47.36175],[12.64179,47.36141],[12.64246,47.36142],[12.64405,47.3618],[12.6443,47.36199],[12.64456,47.36254],[12.64498,47.36283],[12.64459,47.36176],[12.6442,47.36152],[12.6424,47.36126],[12.64157,47.36129],[12.64021,47.36161],[12.63829,47.3618],[12.63552,47.3612],[12.63431,47.36163],[12.63289,47.36356],[12.63234,47.3647],[12.63202,47.36484]]}},{"type":"Feature","properties":{"kind":"piste","difficulty":"easy","name":null,"aerialway":null,"osm":"way/1240730714"},"geometry":{"type":"LineString","coordinates":[[12.64963,47.36378],[12.65143,47.36243],[12.65293,47.36079],[12.65333,47.36076],[12.65361,47.36168],[12.65345,47.36203],[12.65125,47.36412],[12.64963,47.36378]]}},{"type":"Feature","properties":{"kind":"piste","difficulty":"easy","name":null,"aerialway":null,"osm":"way/1240983415"},"geometry":{"type":"LineString","coordinates":[[12.63363,47.39386],[12.63375,47.39373],[12.63381,47.39249],[12.63409,47.39248],[12.63429,47.392],[12.63463,47.39199],[12.63569,47.39276],[12.6356,47.39287],[12.63579,47.39304],[12.63573,47.39311],[12.63516,47.3927],[12.63508,47.39246],[12.63462,47.39233],[12.63456,47.39247],[12.63475,47.39281],[12.63428,47.39354],[12.63416,47.3941],[12.62811,47.39811],[12.6236,47.40069],[12.6211,47.40159],[12.61884,47.40295],[12.618,47.40331],[12.61742,47.4038],[12.61695,47.40402],[12.61647,47.40413],[12.61571,47.40333],[12.61643,47.40327],[12.61766,47.40274],[12.61837,47.40202],[12.61875,47.40135],[12.61884,47.40058],[12.61906,47.40043],[12.62071,47.40058],[12.6239,47.39946],[12.62587,47.39836],[12.62785,47.39687],[12.62854,47.39592],[12.62948,47.3953],[12.63064,47.3949],[12.63249,47.3946],[12.63363,47.39386]]}},{"type":"Feature","properties":{"kind":"piste","difficulty":"easy","name":null,"aerialway":null,"osm":"way/1240983416"},"geometry":{"type":"LineString","coordinates":[[12.63416,47.3941],[12.63552,47.39298],[12.63516,47.3927],[12.63475,47.39281],[12.63428,47.39354],[12.63416,47.3941]]}},{"type":"Feature","properties":{"kind":"piste","difficulty":"easy","name":"Skiweg Bernkogel-Schattberg","aerialway":null,"osm":"way/1240983417"},"geometry":{"type":"LineString","coordinates":[[12.63475,47.39089],[12.63434,47.39128],[12.63333,47.39165],[12.63411,47.3917],[12.63441,47.39199],[12.63463,47.39199],[12.63424,47.39164],[12.63377,47.39152],[12.63445,47.39131],[12.63489,47.39096],[12.63475,47.39089]]}},{"type":"Feature","properties":{"kind":"piste","difficulty":"advanced","name":"205a","aerialway":null,"osm":"way/1317315714"},"geometry":{"type":"LineString","coordinates":[[12.71393,47.42748],[12.71248,47.42788],[12.71164,47.42953]]}},{"type":"Feature","properties":{"kind":"piste","difficulty":"intermediate","name":null,"aerialway":null,"osm":"way/1339503996"},"geometry":{"type":"LineString","coordinates":[[12.56241,47.37584],[12.5627,47.37592]]}},{"type":"Feature","properties":{"kind":"piste","difficulty":"easy","name":null,"aerialway":null,"osm":"way/1355508430"},"geometry":{"type":"LineString","coordinates":[[12.63527,47.38432],[12.63452,47.38579],[12.6318,47.3875],[12.63185,47.38795],[12.63311,47.38811],[12.63313,47.38834],[12.63222,47.38893],[12.63262,47.38917],[12.63368,47.38918],[12.63435,47.38956]]}},{"type":"Feature","properties":{"kind":"piste","difficulty":"intermediate","name":null,"aerialway":null,"osm":"way/1359530026"},"geometry":{"type":"LineString","coordinates":[[12.67449,47.38511],[12.67297,47.38289],[12.67317,47.38261],[12.67438,47.38215],[12.6755,47.38112],[12.6754,47.38045]]}},{"type":"Feature","properties":{"kind":"piste","difficulty":"intermediate","name":null,"aerialway":null,"osm":"way/1363516509"},"geometry":{"type":"LineString","coordinates":[[12.55399,47.43309],[12.55457,47.43293],[12.55499,47.43266],[12.55355,47.43166],[12.5526,47.43115],[12.55191,47.43094],[12.55183,47.43064],[12.55195,47.43049],[12.55126,47.43044],[12.55119,47.43063],[12.55146,47.43105],[12.55399,47.43309]]}},{"type":"Feature","properties":{"kind":"piste","difficulty":"intermediate","name":null,"aerialway":null,"osm":"way/1363516510"},"geometry":{"type":"LineString","coordinates":[[12.55126,47.43044],[12.55195,47.43049],[12.55236,47.4292],[12.55294,47.42858],[12.552,47.42792],[12.55171,47.42806],[12.55195,47.42851],[12.55159,47.4298],[12.55126,47.43044]]}},{"type":"Feature","properties":{"kind":"piste","difficulty":"intermediate","name":null,"aerialway":null,"osm":"way/1363516511"},"geometry":{"type":"LineString","coordinates":[[12.55175,47.42804],[12.55209,47.42785],[12.55214,47.42769],[12.55169,47.42763],[12.55142,47.42778],[12.55165,47.42784],[12.55175,47.42804]]}},{"type":"Feature","properties":{"kind":"piste","difficulty":"intermediate","name":null,"aerialway":null,"osm":"way/1363516512"},"geometry":{"type":"LineString","coordinates":[[12.55169,47.42763],[12.55137,47.42765],[12.55067,47.42742],[12.55169,47.42763]]}},{"type":"Feature","properties":{"kind":"piste","difficulty":"intermediate","name":null,"aerialway":null,"osm":"way/1363516513"},"geometry":{"type":"LineString","coordinates":[[12.55149,47.42773],[12.54997,47.42759],[12.55003,47.42751],[12.55149,47.42773]]}},{"type":"Feature","properties":{"kind":"piste","difficulty":"intermediate","name":null,"aerialway":null,"osm":"way/1363670177"},"geometry":{"type":"LineString","coordinates":[[12.54445,47.42743],[12.54416,47.42729],[12.54453,47.42712],[12.54487,47.42629],[12.54497,47.4263],[12.54445,47.42743]]}},{"type":"Feature","properties":{"kind":"piste","difficulty":"intermediate","name":null,"aerialway":null,"osm":"way/1363670178"},"geometry":{"type":"LineString","coordinates":[[12.54497,47.4263],[12.5449,47.42657],[12.54552,47.42737],[12.54628,47.42731],[12.54662,47.42697],[12.54607,47.42648],[12.54538,47.42626],[12.54497,47.4263]]}},{"type":"Feature","properties":{"kind":"piste","difficulty":"intermediate","name":null,"aerialway":null,"osm":"way/1363670179"},"geometry":{"type":"LineString","coordinates":[[12.54628,47.42731],[12.54797,47.42707],[12.54848,47.42713],[12.54833,47.42669],[12.54607,47.42648],[12.54662,47.42697],[12.54628,47.42731]]}},{"type":"Feature","properties":{"kind":"piste","difficulty":"intermediate","name":null,"aerialway":null,"osm":"way/1363670180"},"geometry":{"type":"LineString","coordinates":[[12.54848,47.42713],[12.54843,47.42697],[12.54924,47.42737],[12.55003,47.42751],[12.54997,47.42759],[12.54941,47.42749],[12.54848,47.42713]]}},{"type":"Feature","properties":{"kind":"piste","difficulty":"intermediate","name":null,"aerialway":null,"osm":"way/1363670181"},"geometry":{"type":"LineString","coordinates":[[12.54833,47.42669],[12.54843,47.42697],[12.54875,47.42709],[12.55056,47.42697],[12.55038,47.4264],[12.54833,47.42669]]}},{"type":"Feature","properties":{"kind":"piste","difficulty":"intermediate","name":null,"aerialway":null,"osm":"way/1363670182"},"geometry":{"type":"LineString","coordinates":[[12.55056,47.42697],[12.55067,47.42742],[12.55096,47.42741],[12.55074,47.42724],[12.5505,47.42637],[12.55038,47.4264],[12.55056,47.42697]]}},{"type":"Feature","properties":{"kind":"piste","difficulty":"intermediate","name":null,"aerialway":null,"osm":"way/1363670183"},"geometry":{"type":"LineString","coordinates":[[12.55096,47.42741],[12.55072,47.42714],[12.55159,47.42657],[12.55264,47.42632],[12.55297,47.42656],[12.5525,47.42661],[12.55142,47.42732],[12.55096,47.42741]]}},{"type":"Feature","properties":{"kind":"piste","difficulty":"intermediate","name":null,"aerialway":null,"osm":"way/1363670184"},"geometry":{"type":"LineString","coordinates":[[12.55072,47.42695],[12.55048,47.42659],[12.5505,47.42637],[12.55119,47.42626],[12.55128,47.42608],[12.55225,47.42552],[12.55357,47.42531],[12.55507,47.4255],[12.55506,47.42564],[12.55327,47.42566],[12.55195,47.42621],[12.55072,47.42695]]}},{"type":"Feature","properties":{"kind":"piste","difficulty":"intermediate","name":null,"aerialway":null,"osm":"way/1363670185"},"geometry":{"type":"LineString","coordinates":[[12.55264,47.42632],[12.55297,47.42656],[12.5547,47.42627],[12.55646,47.42615],[12.55753,47.42638],[12.55787,47.42617],[12.55641,47.42603],[12.55264,47.42632]]}},{"type":"Feature","properties":{"kind":"piste","difficulty":"intermediate","name":null,"aerialway":null,"osm":"way/1363670186"},"geometry":{"type":"LineString","coordinates":[[12.55506,47.42564],[12.55507,47.4255],[12.55573,47.42549],[12.55702,47.42512],[12.55803,47.42457],[12.55808,47.42478],[12.55697,47.4253],[12.55506,47.42564]]}},{"type":"Feature","properties":{"kind":"piste","difficulty":"intermediate","name":null,"aerialway":null,"osm":"way/1363670187"},"geometry":{"type":"LineString","coordinates":[[12.55755,47.42609],[12.55747,47.4259],[12.55814,47.42528],[12.55846,47.42514],[12.55865,47.42482],[12.5586,47.4247],[12.55888,47.42466],[12.55897,47.42522],[12.55845,47.42585],[12.55787,47.42617],[12.55755,47.42609]]}},{"type":"Feature","properties":{"kind":"piste","difficulty":"intermediate","name":null,"aerialway":null,"osm":"way/1363670188"},"geometry":{"type":"LineString","coordinates":[[12.55808,47.42478],[12.55806,47.42441],[12.55884,47.42395],[12.55905,47.42445],[12.55888,47.42466],[12.55856,47.42462],[12.55808,47.42478]]}},{"type":"Feature","properties":{"kind":"piste","difficulty":"intermediate","name":null,"aerialway":null,"osm":"way/1363670189"},"geometry":{"type":"LineString","coordinates":[[12.55905,47.42445],[12.55884,47.42395],[12.55944,47.42338],[12.5619,47.42197],[12.5624,47.42292],[12.561,47.42326],[12.55905,47.42445]]}},{"type":"Feature","properties":{"kind":"piste","difficulty":"easy","name":null,"aerialway":null,"osm":"way/1363670191"},"geometry":{"type":"LineString","coordinates":[[12.55887,47.42441],[12.55947,47.42446],[12.56053,47.42427]]}},{"type":"Feature","properties":{"kind":"piste","difficulty":"intermediate","name":null,"aerialway":null,"osm":"way/1363977523"},"geometry":{"type":"LineString","coordinates":[[12.5624,47.42292],[12.56377,47.42193],[12.56528,47.42019],[12.56645,47.41808],[12.56545,47.41779],[12.5644,47.41956],[12.56377,47.42031],[12.56317,47.421],[12.5619,47.42197],[12.5624,47.42292]]}},{"type":"Feature","properties":{"kind":"piste","difficulty":"intermediate","name":null,"aerialway":null,"osm":"way/1363977524"},"geometry":{"type":"LineString","coordinates":[[12.56545,47.41779],[12.56645,47.41808],[12.56699,47.41803],[12.56872,47.41825],[12.56882,47.41776],[12.56775,47.4178],[12.56711,47.41745],[12.56645,47.41736],[12.56545,47.41779]]}},{"type":"Feature","properties":{"kind":"piste","difficulty":"easy","name":null,"aerialway":null,"osm":"way/1363977525"},"geometry":{"type":"LineString","coordinates":[[12.56872,47.41825],[12.56879,47.41815],[12.56907,47.41825],[12.56882,47.41776],[12.5689,47.41773],[12.56919,47.41833],[12.56872,47.41825]]}},{"type":"Feature","properties":{"kind":"piste","difficulty":"easy","name":null,"aerialway":null,"osm":"way/1363977526"},"geometry":{"type":"LineString","coordinates":[[12.56882,47.41776],[12.5689,47.41773],[12.56879,47.41754],[12.56815,47.41709],[12.56882,47.41776]]}},{"type":"Feature","properties":{"kind":"piste","difficulty":"easy","name":null,"aerialway":null,"osm":"way/1363977527"},"geometry":{"type":"LineString","coordinates":[[12.56822,47.41708],[12.56735,47.41637],[12.56717,47.41608],[12.5661,47.41562],[12.56591,47.41538],[12.56539,47.41516],[12.56582,47.41526],[12.5662,47.41559],[12.56711,47.41596],[12.56743,47.41633],[12.56804,47.41673],[12.56822,47.41708]]}},{"type":"Feature","properties":{"kind":"piste","difficulty":"easy","name":null,"aerialway":null,"osm":"way/1363977530"},"geometry":{"type":"LineString","coordinates":[[12.56148,47.42308],[12.56229,47.42328]]}},{"type":"Feature","properties":{"kind":"piste","difficulty":"easy","name":null,"aerialway":null,"osm":"way/1363977532"},"geometry":{"type":"LineString","coordinates":[[12.56225,47.4233],[12.56364,47.42352]]}},{"type":"Feature","properties":{"kind":"piste","difficulty":"easy","name":null,"aerialway":null,"osm":"way/1363977533"},"geometry":{"type":"LineString","coordinates":[[12.56668,47.42414],[12.56764,47.42458],[12.56704,47.42384],[12.56677,47.42369],[12.5668,47.4236]]}},{"type":"Feature","properties":{"kind":"piste","difficulty":"easy","name":null,"aerialway":null,"osm":"way/1363977534"},"geometry":{"type":"LineString","coordinates":[[12.56539,47.41516],[12.56543,47.41525],[12.56516,47.41555],[12.56484,47.41556],[12.5645,47.41499],[12.56457,47.41466],[12.56469,47.41467],[12.56462,47.41492],[12.56487,47.4155],[12.56519,47.41547],[12.56539,47.41516]]}},{"type":"Feature","properties":{"kind":"piste","difficulty":"easy","name":null,"aerialway":null,"osm":"way/1363977535"},"geometry":{"type":"LineString","coordinates":[[12.56457,47.41466],[12.56574,47.41436],[12.5673,47.41438],[12.56874,47.41456],[12.56892,47.41432],[12.56765,47.41413],[12.56538,47.41419],[12.56457,47.41466]]}},{"type":"Feature","properties":{"kind":"piste","difficulty":"easy","name":null,"aerialway":null,"osm":"way/1363977536"},"geometry":{"type":"LineString","coordinates":[[12.56874,47.41456],[12.56892,47.41432],[12.56948,47.41445],[12.57019,47.41486],[12.5742,47.41636],[12.57656,47.41704],[12.5771,47.41741],[12.57421,47.41653],[12.56964,47.41477],[12.56874,47.41456]]}},{"type":"Feature","properties":{"kind":"piste","difficulty":"easy","name":null,"aerialway":null,"osm":"way/1363977537"},"geometry":{"type":"LineString","coordinates":[[12.57678,47.41737],[12.57789,47.41754],[12.57789,47.41765],[12.57678,47.41737]]}},{"type":"Feature","properties":{"kind":"piste","difficulty":"easy","name":null,"aerialway":null,"osm":"way/1363977538"},"geometry":{"type":"LineString","coordinates":[[12.57768,47.41752],[12.57808,47.41715],[12.57862,47.41712],[12.57826,47.41748],[12.57808,47.41741],[12.57808,47.4175],[12.57768,47.41752]]}},{"type":"Feature","properties":{"kind":"piste","difficulty":"intermediate","name":null,"aerialway":null,"osm":"way/1363977539"},"geometry":{"type":"LineString","coordinates":[[12.57852,47.41724],[12.57862,47.41712],[12.57983,47.41712],[12.58325,47.4154],[12.58368,47.41503],[12.5838,47.41518],[12.58118,47.41677],[12.57964,47.41741],[12.57852,47.41724]]}},{"type":"Feature","properties":{"kind":"piste","difficulty":"intermediate","name":null,"aerialway":null,"osm":"way/1364352937"},"geometry":{"type":"LineString","coordinates":[[12.58368,47.41503],[12.5838,47.41518],[12.58464,47.41426],[12.58538,47.4138],[12.58562,47.41313],[12.58533,47.4119],[12.58558,47.41123],[12.58559,47.41063],[12.58615,47.40981],[12.58647,47.40963],[12.58712,47.40985],[12.58817,47.4106],[12.58834,47.41044],[12.58755,47.40982],[12.5864,47.40942],[12.58604,47.40947],[12.58532,47.41074],[12.58514,47.41212],[12.58537,47.41262],[12.58536,47.41308],[12.58488,47.4138],[12.58368,47.41503]]}},{"type":"Feature","properties":{"kind":"piste","difficulty":"intermediate","name":null,"aerialway":null,"osm":"way/1364352938"},"geometry":{"type":"LineString","coordinates":[[12.58834,47.41044],[12.58817,47.4106],[12.58861,47.41049],[12.58904,47.41015],[12.58941,47.40925],[12.59018,47.40855],[12.59033,47.40776],[12.59051,47.4075],[12.59084,47.4072],[12.59186,47.40674],[12.59267,47.40621],[12.59269,47.40594],[12.59289,47.40583],[12.59289,47.40558],[12.59181,47.40614],[12.59106,47.40683],[12.59038,47.40722],[12.58947,47.40883],[12.58883,47.40944],[12.58855,47.41021],[12.58834,47.41044]]}},{"type":"Feature","properties":{"kind":"piste","difficulty":"easy","name":null,"aerialway":null,"osm":"way/1365627332"},"geometry":{"type":"LineString","coordinates":[[12.607,47.38202],[12.60725,47.38225],[12.60813,47.38248],[12.60858,47.38186],[12.6079,47.382],[12.60716,47.38177],[12.607,47.38202]]}},{"type":"Feature","properties":{"kind":"piste","difficulty":"easy","name":null,"aerialway":null,"osm":"way/1365627333"},"geometry":{"type":"LineString","coordinates":[[12.60747,47.38191],[12.60716,47.38177],[12.6075,47.38125],[12.60785,47.38135],[12.60747,47.38191]]}},{"type":"Feature","properties":{"kind":"piste","difficulty":"easy","name":null,"aerialway":null,"osm":"way/1365627334"},"geometry":{"type":"LineString","coordinates":[[12.60772,47.38152],[12.60814,47.38158],[12.60795,47.38192],[12.60858,47.38186],[12.60883,47.3812],[12.60764,47.38104],[12.6075,47.38125],[12.60785,47.38135],[12.60772,47.38152]]}},{"type":"Feature","properties":{"kind":"piste","difficulty":"easy","name":null,"aerialway":null,"osm":"way/1365627335"},"geometry":{"type":"LineString","coordinates":[[12.60764,47.38104],[12.60883,47.3812],[12.60919,47.38031],[12.60924,47.37975],[12.60944,47.37955],[12.60975,47.37862],[12.60917,47.37848],[12.60923,47.37866],[12.60764,47.38104]]}},{"type":"Feature","properties":{"kind":"piste","difficulty":"easy","name":null,"aerialway":null,"osm":"way/1365627336"},"geometry":{"type":"LineString","coordinates":[[12.60917,47.37848],[12.60921,47.37859],[12.60882,47.37891],[12.60821,47.37912],[12.60749,47.37894],[12.60762,47.37866],[12.60837,47.3788],[12.60871,47.37869],[12.60884,47.37848],[12.60917,47.37848]]}},{"type":"Feature","properties":{"kind":"piste","difficulty":"easy","name":null,"aerialway":null,"osm":"way/1365627337"},"geometry":{"type":"LineString","coordinates":[[12.60762,47.37866],[12.6063,47.37918],[12.60557,47.37967],[12.60606,47.37972],[12.60706,47.379],[12.60749,47.37894],[12.60762,47.37866]]}},{"type":"Feature","properties":{"kind":"piste","difficulty":"easy","name":null,"aerialway":null,"osm":"way/1365627338"},"geometry":{"type":"LineString","coordinates":[[12.60606,47.37972],[12.60557,47.37967],[12.60444,47.38069],[12.60481,47.38085],[12.60562,47.37992],[12.60606,47.37972]]}},{"type":"Feature","properties":{"kind":"piste","difficulty":"easy","name":null,"aerialway":null,"osm":"way/1365627339"},"geometry":{"type":"LineString","coordinates":[[12.60491,47.38073],[12.60481,47.38085],[12.6052,47.38108],[12.60581,47.38137],[12.60593,47.38123],[12.60491,47.38073]]}},{"type":"Feature","properties":{"kind":"piste","difficulty":"easy","name":null,"aerialway":null,"osm":"way/1365627340"},"geometry":{"type":"LineString","coordinates":[[12.60581,47.38137],[12.60593,47.38123],[12.60687,47.38188],[12.60676,47.38212],[12.60657,47.3818],[12.60581,47.38137]]}},{"type":"Feature","properties":{"kind":"piste","difficulty":"easy","name":null,"aerialway":null,"osm":"way/1365627341"},"geometry":{"type":"LineString","coordinates":[[12.60444,47.38069],[12.60481,47.38085],[12.60417,47.38151],[12.60385,47.38183],[12.60341,47.38172],[12.60444,47.38069]]}},{"type":"Feature","properties":{"kind":"piste","difficulty":"easy","name":null,"aerialway":null,"osm":"way/1365627342"},"geometry":{"type":"LineString","coordinates":[[12.60341,47.38172],[12.60278,47.3815],[12.60271,47.38114],[12.60289,47.38092],[12.60378,47.38078],[12.60424,47.38053],[12.60452,47.38061],[12.6038,47.38119],[12.60341,47.38172]]}},{"type":"Feature","properties":{"kind":"piste","difficulty":"easy","name":null,"aerialway":null,"osm":"way/1365627343"},"geometry":{"type":"LineString","coordinates":[[12.60762,47.37866],[12.60746,47.37869],[12.60743,47.37855],[12.60721,47.37845],[12.60727,47.37832],[12.60762,47.37866]]}},{"type":"Feature","properties":{"kind":"piste","difficulty":"easy","name":null,"aerialway":null,"osm":"way/1365627344"},"geometry":{"type":"LineString","coordinates":[[12.60721,47.37845],[12.60543,47.37815],[12.60488,47.37776],[12.60463,47.37741],[12.60431,47.37729],[12.60465,47.37736],[12.60496,47.37775],[12.60559,47.37813],[12.6068,47.37821],[12.60727,47.37832],[12.60721,47.37845]]}},{"type":"Feature","properties":{"kind":"piste","difficulty":"easy","name":null,"aerialway":null,"osm":"way/1365627345"},"geometry":{"type":"LineString","coordinates":[[12.60727,47.37832],[12.60601,47.37795],[12.60577,47.37743],[12.6059,47.37694],[12.60562,47.37657],[12.60597,47.37688],[12.60584,47.37744],[12.60601,47.37781],[12.60727,47.37832]]}},{"type":"Feature","properties":{"kind":"piste","difficulty":"easy","name":null,"aerialway":null,"osm":"way/1365627346"},"geometry":{"type":"LineString","coordinates":[[12.60569,47.37654],[12.60505,47.37589],[12.60391,47.3752],[12.60333,47.37449],[12.6036,47.37462],[12.6041,47.37521],[12.60531,47.37604],[12.60569,47.37654]]}},{"type":"Feature","properties":{"kind":"piste","difficulty":"easy","name":null,"aerialway":null,"osm":"way/1365627347"},"geometry":{"type":"LineString","coordinates":[[12.60337,47.37445],[12.60236,47.37403],[12.60228,47.37409],[12.6028,47.37436],[12.60337,47.37445]]}},{"type":"Feature","properties":{"kind":"piste","difficulty":"easy","name":null,"aerialway":null,"osm":"way/1365627348"},"geometry":{"type":"LineString","coordinates":[[12.60431,47.37729],[12.60414,47.37734],[12.6031,47.37688],[12.60242,47.37691],[12.60225,47.37714],[12.60238,47.3775],[12.60127,47.37717],[12.60165,47.37672],[12.60237,47.37672],[12.60345,47.37687],[12.60431,47.37729]]}},{"type":"Feature","properties":{"kind":"piste","difficulty":"easy","name":null,"aerialway":null,"osm":"way/1365627349"},"geometry":{"type":"LineString","coordinates":[[12.60238,47.3775],[12.60127,47.37717],[12.60079,47.37822],[12.60055,47.37849],[12.60031,47.37928],[12.6005,47.37936],[12.60082,47.37898],[12.60119,47.37818],[12.60159,47.37817],[12.60238,47.3775]]}},{"type":"Feature","properties":{"kind":"piste","difficulty":"easy","name":null,"aerialway":null,"osm":"way/1365627350"},"geometry":{"type":"LineString","coordinates":[[12.60204,47.37465],[12.6021,47.37454],[12.60182,47.37446],[12.60135,47.37446],[12.60204,47.37465]]}},{"type":"Feature","properties":{"kind":"piste","difficulty":"easy","name":null,"aerialway":null,"osm":"way/1365627351"},"geometry":{"type":"LineString","coordinates":[[12.60204,47.37465],[12.6021,47.37454],[12.60273,47.37464],[12.60255,47.37548],[12.60268,47.37586],[12.60257,47.37674],[12.60165,47.37672],[12.60189,47.37613],[12.6018,47.3755],[12.60204,47.37465]]}},{"type":"Feature","properties":{"kind":"piste","difficulty":"easy","name":null,"aerialway":null,"osm":"way/1365627352"},"geometry":{"type":"LineString","coordinates":[[12.60236,47.37403],[12.60208,47.37402],[12.60178,47.37379],[12.60037,47.37331],[12.59985,47.37305],[12.59994,47.37284],[12.60236,47.37403]]}},{"type":"Feature","properties":{"kind":"piste","difficulty":"easy","name":null,"aerialway":null,"osm":"way/1365627353"},"geometry":{"type":"LineString","coordinates":[[12.60135,47.37446],[12.60074,47.37478],[12.60042,47.3748],[12.60047,47.37468],[12.60135,47.37446]]}},{"type":"Feature","properties":{"kind":"piste","difficulty":"easy","name":null,"aerialway":null,"osm":"way/1365627354"},"geometry":{"type":"LineString","coordinates":[[12.59985,47.37305],[12.60065,47.37342],[12.59973,47.37465],[12.5987,47.37427],[12.59907,47.37376],[12.59985,47.37305]]}},{"type":"Feature","properties":{"kind":"piste","difficulty":"easy","name":null,"aerialway":null,"osm":"way/1365627355"},"geometry":{"type":"LineString","coordinates":[[12.60047,47.37468],[12.59973,47.37465],[12.59967,47.37476],[12.60042,47.3748],[12.60047,47.37468]]}},{"type":"Feature","properties":{"kind":"piste","difficulty":"easy","name":null,"aerialway":null,"osm":"way/1365627356"},"geometry":{"type":"LineString","coordinates":[[12.59967,47.37476],[12.59973,47.37465],[12.5987,47.37427],[12.59839,47.37436],[12.59967,47.37476]]}},{"type":"Feature","properties":{"kind":"piste","difficulty":"easy","name":null,"aerialway":null,"osm":"way/1365627357"},"geometry":{"type":"LineString","coordinates":[[12.5987,47.37427],[12.59839,47.37436],[12.59754,47.37397],[12.59764,47.37386],[12.5987,47.37427]]}},{"type":"Feature","properties":{"kind":"piste","difficulty":"easy","name":null,"aerialway":null,"osm":"way/1365627358"},"geometry":{"type":"LineString","coordinates":[[12.59839,47.37436],[12.59967,47.37476],[12.59768,47.37611],[12.59682,47.37631],[12.59614,47.37677],[12.59508,47.37685],[12.5948,47.37722],[12.59428,47.37708],[12.5945,47.37705],[12.5953,47.37637],[12.59762,47.37515],[12.59839,47.37436]]}},{"type":"Feature","properties":{"kind":"piste","difficulty":"easy","name":null,"aerialway":null,"osm":"way/1365627359"},"geometry":{"type":"LineString","coordinates":[[12.59436,47.37705],[12.5941,47.37695],[12.59436,47.37705]]}},{"type":"Feature","properties":{"kind":"piste","difficulty":"easy","name":null,"aerialway":null,"osm":"way/1365627360"},"geometry":{"type":"LineString","coordinates":[[12.59754,47.37397],[12.59764,47.37386],[12.59731,47.37368],[12.5963,47.37321],[12.59623,47.3733],[12.59754,47.37397]]}},{"type":"Feature","properties":{"kind":"piste","difficulty":"easy","name":null,"aerialway":null,"osm":"way/1365627361"},"geometry":{"type":"LineString","coordinates":[[12.5941,47.37695],[12.59427,47.37694],[12.59445,47.37671],[12.5947,47.3761],[12.59436,47.37592],[12.59443,47.37613],[12.5941,47.37695]]}},{"type":"Feature","properties":{"kind":"piste","difficulty":"easy","name":null,"aerialway":null,"osm":"way/1365627363"},"geometry":{"type":"LineString","coordinates":[[12.59634,47.37415],[12.59647,47.37407],[12.59655,47.37432],[12.59511,47.37543],[12.59448,47.37568],[12.5947,47.3761],[12.59419,47.37572],[12.59573,47.37476],[12.59635,47.37429],[12.59634,47.37415]]}},{"type":"Feature","properties":{"kind":"piste","difficulty":"easy","name":null,"aerialway":null,"osm":"way/1365627364"},"geometry":{"type":"LineString","coordinates":[[12.59634,47.37415],[12.59643,47.374],[12.59707,47.3737],[12.59577,47.37314],[12.59544,47.37335],[12.59634,47.37415]]}},{"type":"Feature","properties":{"kind":"piste","difficulty":"easy","name":null,"aerialway":null,"osm":"way/1365627365"},"geometry":{"type":"LineString","coordinates":[[12.5963,47.37321],[12.59623,47.3733],[12.59577,47.37311],[12.5963,47.37321]]}},{"type":"Feature","properties":{"kind":"piste","difficulty":"easy","name":null,"aerialway":null,"osm":"way/1365627366"},"geometry":{"type":"LineString","coordinates":[[12.59544,47.37335],[12.5935,47.37481],[12.59369,47.37488],[12.59382,47.37565],[12.5944,47.37604],[12.59391,47.37554],[12.59624,47.37407],[12.59544,47.37335]]}},{"type":"Feature","properties":{"kind":"piste","difficulty":"easy","name":null,"aerialway":null,"osm":"way/1365627367"},"geometry":{"type":"LineString","coordinates":[[12.59579,47.37305],[12.59487,47.37313],[12.5954,47.37339],[12.59476,47.37317],[12.59453,47.37296],[12.59579,47.37305]]}},{"type":"Feature","properties":{"kind":"piste","difficulty":"easy","name":null,"aerialway":null,"osm":"way/1365627368"},"geometry":{"type":"LineString","coordinates":[[12.59528,47.37334],[12.59393,47.37276],[12.59364,47.37286],[12.59316,47.37326],[12.59318,47.3736],[12.59285,47.37416],[12.59294,47.37463],[12.5935,47.37481],[12.59355,47.37461],[12.59528,47.37334]]}},{"type":"Feature","properties":{"kind":"piste","difficulty":"easy","name":null,"aerialway":null,"osm":"way/1365627369"},"geometry":{"type":"LineString","coordinates":[[12.59471,47.373],[12.59387,47.37267],[12.59496,47.3719],[12.59516,47.37258],[12.59471,47.373]]}},{"type":"Feature","properties":{"kind":"piste","difficulty":"advanced","name":null,"aerialway":null,"osm":"way/1367275719"},"geometry":{"type":"LineString","coordinates":[[12.63418,47.38961],[12.63383,47.38951],[12.63443,47.38854],[12.63448,47.38816],[12.63552,47.38606],[12.63557,47.38563],[12.63525,47.38483],[12.63593,47.38473],[12.63604,47.38574],[12.63581,47.38652],[12.63521,47.38782],[12.63484,47.389],[12.63463,47.38933],[12.63418,47.38961]]}},{"type":"Feature","properties":{"kind":"piste","difficulty":"expert","name":null,"aerialway":null,"osm":"way/1367275720"},"geometry":{"type":"LineString","coordinates":[[12.63418,47.38961],[12.63383,47.38951],[12.63288,47.39027],[12.63309,47.39036],[12.63335,47.39028],[12.63418,47.38961]]}},{"type":"Feature","properties":{"kind":"piste","difficulty":"advanced","name":null,"aerialway":null,"osm":"way/1367275721"},"geometry":{"type":"LineString","coordinates":[[12.63593,47.38473],[12.63525,47.38483],[12.63469,47.38383],[12.63465,47.38322],[12.63337,47.38251],[12.63309,47.38223],[12.63255,47.38206],[12.63086,47.38191],[12.63082,47.38172],[12.63106,47.38115],[12.63207,47.38058],[12.6324,47.38021],[12.63279,47.38039],[12.63234,47.38084],[12.63139,47.38124],[12.63126,47.3815],[12.63133,47.38186],[12.63263,47.38199],[12.63487,47.38282],[12.63542,47.38405],[12.63593,47.38473]]}},{"type":"Feature","properties":{"kind":"piste","difficulty":"easy","name":null,"aerialway":null,"osm":"way/1367623292"},"geometry":{"type":"LineString","coordinates":[[12.63812,47.36759],[12.63842,47.36761],[12.63815,47.3678],[12.63717,47.36753],[12.63702,47.36753],[12.63692,47.36777],[12.63672,47.36764],[12.63701,47.36716],[12.63728,47.3671],[12.63749,47.36716],[12.63728,47.36728],[12.63749,47.36741],[12.63787,47.36725],[12.63812,47.36759]]}},{"type":"Feature","properties":{"kind":"piste","difficulty":"easy","name":null,"aerialway":null,"osm":"way/1367623293"},"geometry":{"type":"LineString","coordinates":[[12.6368,47.36758],[12.63689,47.36728],[12.63406,47.36611],[12.6324,47.36514],[12.63223,47.36524],[12.63197,47.36513],[12.63173,47.36531],[12.63359,47.36628],[12.63485,47.3667],[12.6368,47.36758]]}},{"type":"Feature","properties":{"kind":"piste","difficulty":"easy","name":null,"aerialway":null,"osm":"way/1367623294"},"geometry":{"type":"LineString","coordinates":[[12.63287,47.36541],[12.63313,47.36508],[12.63202,47.36484],[12.63165,47.3651],[12.63223,47.36524],[12.6324,47.36514],[12.63287,47.36541]]}},{"type":"Feature","properties":{"kind":"piste","difficulty":"easy","name":null,"aerialway":null,"osm":"way/1367623295"},"geometry":{"type":"LineString","coordinates":[[12.62261,47.36471],[12.62264,47.36486],[12.6229,47.36485],[12.62312,47.36471],[12.62304,47.36459],[12.62319,47.36444],[12.62254,47.36436],[12.62261,47.36471]]}},{"type":"Feature","properties":{"kind":"piste","difficulty":"easy","name":null,"aerialway":null,"osm":"way/1367623296"},"geometry":{"type":"LineString","coordinates":[[12.62319,47.36444],[12.6228,47.36439],[12.62317,47.36413],[12.62397,47.36386],[12.62519,47.36428],[12.62693,47.36406],[12.62754,47.36414],[12.62904,47.36483],[12.63171,47.36504],[12.62883,47.36494],[12.62734,47.36424],[12.62666,47.36421],[12.62491,47.36455],[12.62393,47.36408],[12.62319,47.36444]]}},{"type":"Feature","properties":{"kind":"piste","difficulty":"intermediate","name":null,"aerialway":null,"osm":"way/1367623297"},"geometry":{"type":"LineString","coordinates":[[12.60499,47.367],[12.60472,47.36686],[12.604,47.36702],[12.60366,47.36733],[12.601,47.3687],[12.60053,47.36847],[12.60264,47.36713],[12.60399,47.36643],[12.606,47.36605],[12.60499,47.367]]}},{"type":"Feature","properties":{"kind":"piste","difficulty":"intermediate","name":null,"aerialway":null,"osm":"way/1367623298"},"geometry":{"type":"LineString","coordinates":[[12.601,47.3687],[12.60053,47.36847],[12.59942,47.36883],[12.59816,47.36953],[12.59748,47.37006],[12.5965,47.37038],[12.59517,47.3705],[12.59445,47.37077],[12.59444,47.37151],[12.59482,47.37203],[12.59496,47.3719],[12.59457,47.37141],[12.59453,47.37095],[12.59764,47.37031],[12.601,47.3687]]}},{"type":"Feature","properties":{"kind":"piste","difficulty":"intermediate","name":null,"aerialway":null,"osm":"way/1367623299"},"geometry":{"type":"LineString","coordinates":[[12.60037,47.36895],[12.601,47.3687],[12.60159,47.36893],[12.6017,47.36945],[12.60181,47.36951],[12.60164,47.36948],[12.60142,47.36911],[12.60037,47.36895]]}},{"type":"Feature","properties":{"kind":"piste","difficulty":"intermediate","name":null,"aerialway":null,"osm":"way/1367623300"},"geometry":{"type":"LineString","coordinates":[[12.56473,47.35687],[12.56515,47.35703],[12.56484,47.35775],[12.5648,47.35827],[12.5643,47.35956],[12.56392,47.35957],[12.56382,47.35881],[12.56441,47.35789],[12.56473,47.35687]]}},{"type":"Feature","properties":{"kind":"piste","difficulty":"intermediate","name":null,"aerialway":null,"osm":"way/1367623301"},"geometry":{"type":"LineString","coordinates":[[12.5643,47.35956],[12.56392,47.35957],[12.56371,47.36048],[12.56281,47.3616],[12.56241,47.36188],[12.56285,47.36199],[12.56349,47.36169],[12.56437,47.36051],[12.5643,47.35956]]}},{"type":"Feature","properties":{"kind":"piste","difficulty":"intermediate","name":null,"aerialway":null,"osm":"way/1367623302"},"geometry":{"type":"LineString","coordinates":[[12.56241,47.36188],[12.56285,47.36199],[12.56159,47.36228],[12.56017,47.36323],[12.55911,47.3636],[12.55905,47.36345],[12.55984,47.36323],[12.56121,47.36235],[12.56241,47.36188]]}},{"type":"Feature","properties":{"kind":"piste","difficulty":"intermediate","name":null,"aerialway":null,"osm":"way/1367623303"},"geometry":{"type":"LineString","coordinates":[[12.55911,47.3636],[12.55905,47.36345],[12.5588,47.3636],[12.55866,47.36412],[12.55873,47.36561],[12.5589,47.36621],[12.55921,47.36661],[12.55947,47.36737],[12.55946,47.36772],[12.5602,47.36953],[12.56062,47.36973],[12.56074,47.36927],[12.56063,47.36873],[12.55969,47.36713],[12.55951,47.36641],[12.55922,47.36523],[12.55911,47.3636]]}},{"type":"Feature","properties":{"kind":"piste","difficulty":"intermediate","name":null,"aerialway":null,"osm":"way/1367623304"},"geometry":{"type":"LineString","coordinates":[[12.56062,47.36973],[12.5602,47.36953],[12.55997,47.36968],[12.55826,47.37009],[12.55819,47.37037],[12.55846,47.37078],[12.55869,47.37105],[12.55899,47.37117],[12.56097,47.37154],[12.56195,47.37185],[12.56147,47.37196],[12.5615,47.37206],[12.56211,47.37197],[12.56209,47.37174],[12.55963,47.37106],[12.5589,47.37071],[12.55927,47.36996],[12.56062,47.36973]]}},{"type":"Feature","properties":{"kind":"piste","difficulty":"intermediate","name":null,"aerialway":null,"osm":"way/1367623305"},"geometry":{"type":"LineString","coordinates":[[12.56147,47.37196],[12.5615,47.37206],[12.56109,47.372],[12.5604,47.37222],[12.55973,47.37222],[12.55971,47.37231],[12.55957,47.37221],[12.56147,47.37196]]}},{"type":"Feature","properties":{"kind":"piste","difficulty":"intermediate","name":null,"aerialway":null,"osm":"way/1367623306"},"geometry":{"type":"LineString","coordinates":[[12.55971,47.37231],[12.56124,47.37248],[12.56158,47.37282],[12.56143,47.37301],[12.56104,47.37251],[12.55971,47.37231]]}},{"type":"Feature","properties":{"kind":"piste","difficulty":"intermediate","name":null,"aerialway":null,"osm":"way/1367623307"},"geometry":{"type":"LineString","coordinates":[[12.56143,47.37301],[12.56158,47.37282],[12.56253,47.37287],[12.56253,47.37501],[12.56242,47.37501],[12.56193,47.37427],[12.56143,47.37301]]}},{"type":"Feature","properties":{"kind":"piste","difficulty":"intermediate","name":null,"aerialway":null,"osm":"way/1367623308"},"geometry":{"type":"LineString","coordinates":[[12.56242,47.37501],[12.56253,47.37501],[12.56246,47.37584],[12.56235,47.37584],[12.56242,47.37501]]}},{"type":"Feature","properties":{"kind":"piste","difficulty":"easy","name":null,"aerialway":null,"osm":"way/1367623309"},"geometry":{"type":"LineString","coordinates":[[12.56235,47.37584],[12.56183,47.37556],[12.56174,47.37565],[12.56259,47.3762],[12.56264,47.37585],[12.56235,47.37584]]}},{"type":"Feature","properties":{"kind":"piste","difficulty":"easy","name":null,"aerialway":null,"osm":"way/1367623310"},"geometry":{"type":"LineString","coordinates":[[12.59764,47.37031],[12.59799,47.37012],[12.59783,47.3708],[12.59825,47.37187],[12.59796,47.37194],[12.59764,47.37079],[12.59764,47.37031]]}},{"type":"Feature","properties":{"kind":"piste","difficulty":"easy","name":null,"aerialway":null,"osm":"way/1367623311"},"geometry":{"type":"LineString","coordinates":[[12.59825,47.37187],[12.59852,47.37225],[12.59896,47.37224],[12.60085,47.37165],[12.60178,47.37077],[12.60207,47.36997],[12.60204,47.36966],[12.60179,47.3697],[12.60135,47.3703],[12.60034,47.37115],[12.59949,47.37166],[12.59825,47.37187]]}},{"type":"Feature","properties":{"kind":"piste","difficulty":"easy","name":null,"aerialway":null,"osm":"way/1367623312"},"geometry":{"type":"LineString","coordinates":[[12.59796,47.37194],[12.59825,47.37187],[12.59858,47.37232],[12.59994,47.37284],[12.59985,47.37305],[12.59877,47.37256],[12.59796,47.37194]]}},{"type":"Feature","properties":{"kind":"piste","difficulty":"easy","name":null,"aerialway":null,"osm":"way/1370265773"},"geometry":{"type":"LineString","coordinates":[[12.56349,47.3561],[12.56339,47.35616],[12.56306,47.35582],[12.56476,47.35358],[12.56571,47.35291],[12.56572,47.35323],[12.56516,47.35364],[12.56437,47.35502],[12.56349,47.3561]]}},{"type":"Feature","properties":{"kind":"piste","difficulty":"easy","name":null,"aerialway":null,"osm":"way/1370265775"},"geometry":{"type":"LineString","coordinates":[[12.56577,47.353],[12.56592,47.35231],[12.56557,47.35159],[12.56767,47.3527]]}},{"type":"Feature","properties":{"kind":"piste","difficulty":"easy","name":null,"aerialway":null,"osm":"way/1370265778"},"geometry":{"type":"LineString","coordinates":[[12.56475,47.35569],[12.56418,47.35481]]}},{"type":"Feature","properties":{"kind":"piste","difficulty":"easy","name":null,"aerialway":null,"osm":"way/1370265779"},"geometry":{"type":"LineString","coordinates":[[12.56372,47.35626],[12.5666,47.35635],[12.56752,47.35606],[12.56774,47.35563]]}},{"type":"Feature","properties":{"kind":"piste","difficulty":"easy","name":null,"aerialway":null,"osm":"way/1370265780"},"geometry":{"type":"LineString","coordinates":[[12.56915,47.36046],[12.56964,47.36054],[12.56912,47.36009],[12.56864,47.35903],[12.56832,47.35908],[12.56915,47.36046]]}},{"type":"Feature","properties":{"kind":"piste","difficulty":"easy","name":null,"aerialway":null,"osm":"way/1370265781"},"geometry":{"type":"LineString","coordinates":[[12.56832,47.35908],[12.56771,47.3585],[12.56774,47.35837],[12.56829,47.35875],[12.5682,47.35844],[12.5684,47.35844],[12.56864,47.35905],[12.56832,47.35908]]}},{"type":"Feature","properties":{"kind":"piste","difficulty":"easy","name":null,"aerialway":null,"osm":"way/1370265782"},"geometry":{"type":"LineString","coordinates":[[12.56771,47.3585],[12.56774,47.35837],[12.5663,47.35779],[12.56543,47.35689],[12.56515,47.35703],[12.56608,47.35786],[12.56771,47.3585]]}},{"type":"Feature","properties":{"kind":"piste","difficulty":"easy","name":null,"aerialway":null,"osm":"way/1370265783"},"geometry":{"type":"LineString","coordinates":[[12.56473,47.35687],[12.56515,47.35703],[12.56543,47.35689],[12.56544,47.35677],[12.56521,47.35683],[12.56485,47.35671],[12.56473,47.35687]]}},{"type":"Feature","properties":{"kind":"piste","difficulty":"easy","name":null,"aerialway":null,"osm":"way/1370494179"},"geometry":{"type":"LineString","coordinates":[[12.5684,47.35844],[12.5682,47.35844],[12.56769,47.35587],[12.56795,47.35578],[12.5684,47.35844]]}},{"type":"Feature","properties":{"kind":"piste","difficulty":"easy","name":null,"aerialway":null,"osm":"way/1370494180"},"geometry":{"type":"LineString","coordinates":[[12.56532,47.35674],[12.56544,47.35677],[12.5657,47.35655],[12.56743,47.35639],[12.56769,47.35587],[12.56647,47.35628],[12.56553,47.35619],[12.56532,47.35674]]}},{"type":"Feature","properties":{"kind":"piste","difficulty":"easy","name":null,"aerialway":null,"osm":"way/1370494181"},"geometry":{"type":"LineString","coordinates":[[12.56339,47.35616],[12.56359,47.3562],[12.56339,47.35616]]}},{"type":"Feature","properties":{"kind":"piste","difficulty":"easy","name":null,"aerialway":null,"osm":"way/1370494182"},"geometry":{"type":"LineString","coordinates":[[12.56359,47.3562],[12.56454,47.35675],[12.56476,47.35683],[12.56485,47.35671],[12.56359,47.3562]]}},{"type":"Feature","properties":{"kind":"piste","difficulty":"easy","name":null,"aerialway":null,"osm":"way/1370494183"},"geometry":{"type":"LineString","coordinates":[[12.5637,47.35625],[12.56553,47.35619],[12.5655,47.3563],[12.5637,47.35625]]}},{"type":"Feature","properties":{"kind":"piste","difficulty":"easy","name":null,"aerialway":null,"osm":"way/1370494184"},"geometry":{"type":"LineString","coordinates":[[12.56752,47.35589],[12.56795,47.35578],[12.56783,47.35535],[12.56855,47.35424],[12.56949,47.35388],[12.56997,47.35353],[12.56902,47.35321],[12.56783,47.35338],[12.56712,47.35397],[12.56713,47.35478],[12.56752,47.35589]]}},{"type":"Feature","properties":{"kind":"piste","difficulty":"easy","name":null,"aerialway":null,"osm":"way/1370494185"},"geometry":{"type":"LineString","coordinates":[[12.56949,47.35388],[12.56997,47.35353],[12.57213,47.35322],[12.57357,47.35365],[12.57495,47.35442],[12.57571,47.35545],[12.57631,47.35583],[12.57554,47.35592],[12.57273,47.35474],[12.5713,47.35392],[12.56949,47.35388]]}},{"type":"Feature","properties":{"kind":"piste","difficulty":"easy","name":null,"aerialway":null,"osm":"way/1370494186"},"geometry":{"type":"LineString","coordinates":[[12.56902,47.35321],[12.57012,47.3535],[12.57179,47.35193],[12.57328,47.35107],[12.57461,47.35051],[12.57499,47.35021],[12.57418,47.35002],[12.57382,47.35041],[12.57202,47.35122],[12.56937,47.35318],[12.56902,47.35321]]}},{"type":"Feature","properties":{"kind":"piste","difficulty":"easy","name":null,"aerialway":null,"osm":"way/1370494187"},"geometry":{"type":"LineString","coordinates":[[12.57499,47.35021],[12.57502,47.35005],[12.57429,47.34925],[12.57448,47.34879],[12.57872,47.34923],[12.5788,47.34911],[12.57608,47.34884],[12.57438,47.34854],[12.57397,47.34858],[12.57376,47.34866],[12.57379,47.34889],[12.57418,47.35002],[12.57499,47.35021]]}},{"type":"Feature","properties":{"kind":"piste","difficulty":"easy","name":null,"aerialway":null,"osm":"way/1370494188"},"geometry":{"type":"LineString","coordinates":[[12.57554,47.35592],[12.57631,47.35583],[12.57719,47.35688],[12.57758,47.35759],[12.57854,47.35861],[12.58037,47.35954],[12.57986,47.35972],[12.57866,47.35908],[12.57798,47.35828],[12.57744,47.35788],[12.57637,47.35634],[12.57554,47.35592]]}},{"type":"Feature","properties":{"kind":"piste","difficulty":"easy","name":null,"aerialway":null,"osm":"way/1370494189"},"geometry":{"type":"LineString","coordinates":[[12.58037,47.35954],[12.57986,47.35972],[12.58058,47.36021],[12.58148,47.36178],[12.58155,47.36249],[12.58184,47.36255],[12.58199,47.36162],[12.58185,47.36106],[12.58114,47.35999],[12.58037,47.35954]]}},{"type":"Feature","properties":{"kind":"piste","difficulty":"easy","name":null,"aerialway":null,"osm":"way/1371043313"},"geometry":{"type":"LineString","coordinates":[[12.56183,47.37572],[12.56099,47.37585],[12.56067,47.37623],[12.56274,47.37668],[12.56353,47.37615],[12.56351,47.37594],[12.56313,47.37588],[12.56304,47.37609],[12.56265,47.37609],[12.56259,47.3762],[12.56183,47.37572]]}},{"type":"Feature","properties":{"kind":"piste","difficulty":"easy","name":null,"aerialway":null,"osm":"way/1371043314"},"geometry":{"type":"LineString","coordinates":[[12.56067,47.37623],[12.56099,47.37585],[12.56071,47.37604],[12.5574,47.37594],[12.55644,47.37605],[12.55605,47.37649],[12.55573,47.37717],[12.55599,47.37776],[12.55671,47.37828],[12.55737,47.37905],[12.55751,47.37896],[12.55724,47.37855],[12.55634,47.37787],[12.55621,47.3776],[12.55631,47.37702],[12.55675,47.37637],[12.55713,47.37622],[12.56067,47.37623]]}},{"type":"Feature","properties":{"kind":"piste","difficulty":"easy","name":null,"aerialway":null,"osm":"way/1371043315"},"geometry":{"type":"LineString","coordinates":[[12.56274,47.37668],[12.56093,47.37628],[12.56045,47.3772],[12.55978,47.3777],[12.55737,47.37905],[12.55781,47.37932],[12.55845,47.3788],[12.56274,47.37668]]}},{"type":"Feature","properties":{"kind":"piste","difficulty":"easy","name":null,"aerialway":null,"osm":"way/1371043316"},"geometry":{"type":"LineString","coordinates":[[12.55781,47.37932],[12.55737,47.37905],[12.55423,47.38233],[12.55405,47.38274],[12.55338,47.3831],[12.55402,47.38342],[12.55426,47.38325],[12.55471,47.38275],[12.55504,47.38213],[12.55593,47.38137],[12.55781,47.37932]]}},{"type":"Feature","properties":{"kind":"piste","difficulty":"easy","name":null,"aerialway":null,"osm":"way/1371043317"},"geometry":{"type":"LineString","coordinates":[[12.55583,47.38145],[12.55545,47.38174],[12.55574,47.382],[12.55612,47.38269],[12.55604,47.38295],[12.55668,47.38303],[12.55673,47.38261],[12.55615,47.38206],[12.55583,47.38145]]}},{"type":"Feature","properties":{"kind":"piste","difficulty":"easy","name":null,"aerialway":null,"osm":"way/1371043318"},"geometry":{"type":"LineString","coordinates":[[12.55604,47.38295],[12.55554,47.38327],[12.55443,47.38349],[12.55402,47.38342],[12.55394,47.38359],[12.55675,47.38409],[12.55647,47.38373],[12.55668,47.38303],[12.55604,47.38295]]}},{"type":"Feature","properties":{"kind":"piste","difficulty":"easy","name":null,"aerialway":null,"osm":"way/1372163384"},"geometry":{"type":"LineString","coordinates":[[12.57074,47.3903],[12.57114,47.39012],[12.57212,47.39027],[12.57192,47.39067],[12.57074,47.3903]]}},{"type":"Feature","properties":{"kind":"piste","difficulty":"easy","name":null,"aerialway":null,"osm":"way/1372163385"},"geometry":{"type":"LineString","coordinates":[[12.57204,47.39043],[12.57192,47.39067],[12.57505,47.39173],[12.57606,47.39193],[12.5761,47.39158],[12.57543,47.39151],[12.57457,47.39119],[12.57353,47.39099],[12.57204,47.39043]]}},{"type":"Feature","properties":{"kind":"piste","difficulty":"easy","name":null,"aerialway":null,"osm":"way/1372163386"},"geometry":{"type":"LineString","coordinates":[[12.57204,47.39043],[12.57212,47.39027],[12.57458,47.3905],[12.57587,47.39094],[12.57639,47.39127],[12.57612,47.39156],[12.57403,47.39073],[12.57204,47.39043]]}},{"type":"Feature","properties":{"kind":"piste","difficulty":"easy","name":null,"aerialway":null,"osm":"way/1372163387"},"geometry":{"type":"LineString","coordinates":[[12.57606,47.39193],[12.5761,47.39158],[12.57639,47.39127],[12.57858,47.39242],[12.57818,47.39285],[12.57789,47.39279],[12.57706,47.39226],[12.57606,47.39193]]}},{"type":"Feature","properties":{"kind":"piste","difficulty":"easy","name":null,"aerialway":null,"osm":"way/1372163388"},"geometry":{"type":"LineString","coordinates":[[12.57818,47.39285],[12.57827,47.39271],[12.57906,47.39294],[12.57818,47.39285]]}},{"type":"Feature","properties":{"kind":"piste","difficulty":"intermediate","name":null,"aerialway":null,"osm":"way/1372163389"},"geometry":{"type":"LineString","coordinates":[[12.59973,47.38999],[12.60019,47.39001],[12.60146,47.38819],[12.60169,47.38749],[12.60164,47.38696],[12.60106,47.38573],[12.59978,47.38498],[12.59962,47.38457],[12.59909,47.38397],[12.59821,47.38363],[12.59814,47.3837],[12.59908,47.38439],[12.59943,47.38495],[12.59981,47.38529],[12.60085,47.38579],[12.60142,47.38719],[12.60138,47.38766],[12.59973,47.38999]]}},{"type":"Feature","properties":{"kind":"piste","difficulty":"easy","name":null,"aerialway":null,"osm":"way/1372163390"},"geometry":{"type":"LineString","coordinates":[[12.65108,47.40046],[12.64965,47.40009],[12.65005,47.39963],[12.65035,47.39902],[12.65084,47.39853],[12.65098,47.39796],[12.65105,47.39649],[12.65095,47.39535],[12.65068,47.39491],[12.64984,47.39408],[12.64896,47.39399],[12.64606,47.39297],[12.6446,47.39266],[12.64192,47.39238],[12.64042,47.39255],[12.6402,47.3923],[12.64068,47.39228],[12.64083,47.39211],[12.64077,47.39194],[12.64088,47.39193],[12.64134,47.39231],[12.64309,47.39245],[12.64387,47.39232],[12.64493,47.39245],[12.64567,47.39239],[12.65011,47.39384],[12.65048,47.39411],[12.65131,47.39504],[12.6518,47.3962],[12.65183,47.39774],[12.65165,47.39836],[12.65093,47.39889],[12.65035,47.39981],[12.65108,47.40046]]}},{"type":"Feature","properties":{"kind":"piste","difficulty":"easy","name":null,"aerialway":null,"osm":"way/1389428688"},"geometry":{"type":"LineString","coordinates":[[12.60226,47.37418],[12.60269,47.37425]]}},{"type":"Feature","properties":{"kind":"piste","difficulty":"intermediate","name":null,"aerialway":null,"osm":"way/1389428689"},"geometry":{"type":"LineString","coordinates":[[12.71819,47.41199],[12.71887,47.41241]]}},{"type":"Feature","properties":{"kind":"piste","difficulty":"intermediate","name":null,"aerialway":null,"osm":"way/1389430113"},"geometry":{"type":"LineString","coordinates":[[12.56649,47.41741],[12.56661,47.41672],[12.5663,47.41564]]}},{"type":"Feature","properties":{"kind":"piste","difficulty":"easy","name":null,"aerialway":null,"osm":"way/1389430114"},"geometry":{"type":"LineString","coordinates":[[12.63821,47.39308],[12.63753,47.39299],[12.63761,47.39264],[12.63797,47.39234]]}},{"type":"Feature","properties":{"kind":"piste","difficulty":"easy","name":null,"aerialway":null,"osm":"way/1389430115"},"geometry":{"type":"LineString","coordinates":[[12.5539,47.38339],[12.55417,47.38286]]}},{"type":"Feature","properties":{"kind":"piste","difficulty":"easy","name":null,"aerialway":null,"osm":"way/1389430493"},"geometry":{"type":"LineString","coordinates":[[12.55647,47.38425],[12.55623,47.38357],[12.55625,47.3832]]}},{"type":"Feature","properties":{"kind":"piste","difficulty":"intermediate","name":"211a","aerialway":null,"osm":"way/1408245935"},"geometry":{"type":"LineString","coordinates":[[12.73128,47.42007],[12.73262,47.42047],[12.73345,47.42092]]}},{"type":"Feature","properties":{"kind":"piste","difficulty":"easy","name":null,"aerialway":null,"osm":"way/1408376167"},"geometry":{"type":"LineString","coordinates":[[12.5686,47.3531],[12.56972,47.35353]]}},{"type":"Feature","properties":{"kind":"piste","difficulty":"easy","name":null,"aerialway":null,"osm":"way/1408376168"},"geometry":{"type":"LineString","coordinates":[[12.56767,47.3527],[12.5686,47.3531]]}},{"type":"Feature","properties":{"kind":"piste","difficulty":"advanced","name":"Sonnenmulde","aerialway":null,"osm":"way/1422714334"},"geometry":{"type":"LineString","coordinates":[[12.54488,47.4265],[12.54663,47.42661],[12.54787,47.4269]]}},{"type":"Feature","properties":{"kind":"piste","difficulty":"intermediate","name":"Schattberg Nord Abfahrt","aerialway":null,"osm":"way/1445794293"},"geometry":{"type":"LineString","coordinates":[[12.63745,47.37052],[12.63717,47.37056],[12.6365,47.37029],[12.63609,47.37028],[12.63551,47.37043],[12.63501,47.37078],[12.63506,47.37241],[12.63496,47.37291],[12.63392,47.37276],[12.63367,47.37295],[12.63371,47.37355],[12.63421,47.3755]]}},{"type":"Feature","properties":{"kind":"piste","difficulty":"easy","name":null,"aerialway":null,"osm":"way/1445794297"},"geometry":{"type":"LineString","coordinates":[[12.56464,47.35413],[12.56496,47.35361],[12.56577,47.353]]}},{"type":"Feature","properties":{"kind":"piste","difficulty":"intermediate","name":null,"aerialway":null,"osm":"way/1445794299"},"geometry":{"type":"LineString","coordinates":[[12.56815,47.41799],[12.5685,47.41771]]}},{"type":"Feature","properties":{"kind":"piste","difficulty":"intermediate","name":"Reckmoos Süd","aerialway":null,"osm":"way/1445794301"},"geometry":{"type":"LineString","coordinates":[[12.55093,47.42711],[12.55191,47.42662]]}},{"type":"Feature","properties":{"kind":"piste","difficulty":"intermediate","name":"Sonnenmulde","aerialway":null,"osm":"way/1445794303"},"geometry":{"type":"LineString","coordinates":[[12.55027,47.42682],[12.55145,47.4264]]}},{"type":"Feature","properties":{"kind":"piste","difficulty":"intermediate","name":null,"aerialway":null,"osm":"way/1445794305"},"geometry":{"type":"LineString","coordinates":[[12.65341,47.40996],[12.65478,47.40942],[12.655,47.40926],[12.65506,47.40898]]}},{"type":"Feature","properties":{"kind":"piste","difficulty":"intermediate","name":"40 Zwölferkogel - Nordabfahrt","aerialway":null,"osm":"way/1445794316"},"geometry":{"type":"LineString","coordinates":[[12.56362,47.3561],[12.56372,47.35626]]}},{"type":"Feature","properties":{"kind":"piste","difficulty":"easy","name":null,"aerialway":null,"osm":"way/1445794317"},"geometry":{"type":"LineString","coordinates":[[12.56582,47.3537],[12.56577,47.353]]}},{"type":"Feature","properties":{"kind":"piste","difficulty":"easy","name":null,"aerialway":null,"osm":"way/1445794323"},"geometry":{"type":"LineString","coordinates":[[12.59126,47.38937],[12.5913,47.38946]]}},{"type":"Feature","properties":{"kind":"piste","difficulty":"easy","name":null,"aerialway":null,"osm":"way/1445794324"},"geometry":{"type":"LineString","coordinates":[[12.59279,47.40132],[12.59137,47.40049]]}},{"type":"Feature","properties":{"kind":"piste","difficulty":"intermediate","name":"Reckmoos Süd","aerialway":null,"osm":"way/1445794327"},"geometry":{"type":"LineString","coordinates":[[12.56649,47.41741],[12.56718,47.41737],[12.56827,47.41755]]}},{"type":"Feature","properties":{"kind":"piste","difficulty":"intermediate","name":null,"aerialway":null,"osm":"way/1445794340"},"geometry":{"type":"LineString","coordinates":[[12.64052,47.39375],[12.63989,47.39279],[12.63987,47.39227],[12.64018,47.39208]]}},{"type":"Feature","properties":{"kind":"piste","difficulty":"intermediate","name":null,"aerialway":null,"osm":"way/1445794342"},"geometry":{"type":"LineString","coordinates":[[12.64975,47.40594],[12.64845,47.40393],[12.64837,47.40357],[12.64874,47.40233],[12.64863,47.40191],[12.6484,47.40155],[12.64794,47.40122],[12.64717,47.40096]]}},{"type":"Feature","properties":{"kind":"piste","difficulty":"easy","name":null,"aerialway":null,"osm":"way/1445794343"},"geometry":{"type":"LineString","coordinates":[[12.65078,47.40606],[12.64975,47.40594]]}},{"type":"Feature","properties":{"kind":"piste","difficulty":"intermediate","name":null,"aerialway":null,"osm":"way/1445794346"},"geometry":{"type":"LineString","coordinates":[[12.66425,47.40097],[12.66375,47.40044],[12.66316,47.40005],[12.66085,47.39905],[12.65988,47.3988]]}},{"type":"Feature","properties":{"kind":"piste","difficulty":"intermediate","name":null,"aerialway":null,"osm":"way/1445794347"},"geometry":{"type":"LineString","coordinates":[[12.66613,47.40205],[12.66425,47.40097]]}},{"type":"Feature","properties":{"kind":"piste","difficulty":"intermediate","name":null,"aerialway":null,"osm":"way/1445794348"},"geometry":{"type":"LineString","coordinates":[[12.68615,47.39194],[12.6855,47.39116],[12.68483,47.39073],[12.68379,47.39034]]}},{"type":"Feature","properties":{"kind":"piste","difficulty":"intermediate","name":null,"aerialway":null,"osm":"way/1445794349"},"geometry":{"type":"LineString","coordinates":[[12.68648,47.40096],[12.68751,47.39982],[12.68768,47.39947]]}},{"type":"Feature","properties":{"kind":"piste","difficulty":"intermediate","name":null,"aerialway":null,"osm":"way/1445794354"},"geometry":{"type":"LineString","coordinates":[[12.71819,47.41199],[12.71861,47.41197],[12.71873,47.41187],[12.71862,47.4117]]}},{"type":"Feature","properties":{"kind":"piste","difficulty":"easy","name":null,"aerialway":null,"osm":"way/1445823328"},"geometry":{"type":"LineString","coordinates":[[12.64006,47.39483],[12.64052,47.39403],[12.64052,47.39375]]}},{"type":"Feature","properties":{"kind":"piste","difficulty":"easy","name":"Flutlicht","aerialway":null,"osm":"way/1445836556"},"geometry":{"type":"LineString","coordinates":[[12.60009,47.37312],[12.60018,47.37348],[12.59995,47.37391],[12.59924,47.37458]]}},{"type":"Feature","properties":{"kind":"piste","difficulty":"easy","name":"Familienabfahrt","aerialway":null,"osm":"way/1445836564"},"geometry":{"type":"LineString","coordinates":[[12.58329,47.39514],[12.58323,47.39461],[12.58333,47.39417],[12.5839,47.39274],[12.58428,47.39228]]}},{"type":"Feature","properties":{"kind":"piste","difficulty":"easy","name":"Sonnhofabfahrt","aerialway":null,"osm":"way/1445836565"},"geometry":{"type":"LineString","coordinates":[[12.55668,47.39281],[12.55614,47.39203],[12.55522,47.39123],[12.55375,47.39023],[12.55472,47.38733],[12.55507,47.38563],[12.55431,47.38366]]}},{"type":"Feature","properties":{"kind":"piste","difficulty":"easy","name":"Sonnhofabfahrt","aerialway":null,"osm":"way/1445836566"},"geometry":{"type":"LineString","coordinates":[[12.55507,47.38563],[12.55577,47.38383]]}},{"type":"Feature","properties":{"kind":"piste","difficulty":"intermediate","name":"Zwölferkogel - Nordabfahrt","aerialway":null,"osm":"way/1445836569"},"geometry":{"type":"LineString","coordinates":[[12.56486,47.35709],[12.56342,47.35722],[12.56287,47.3574],[12.56192,47.35786],[12.5613,47.35834],[12.5613,47.35852],[12.56142,47.35858],[12.56319,47.35877],[12.56353,47.35892],[12.56406,47.35951]]}},{"type":"Feature","properties":{"kind":"piste","difficulty":"intermediate","name":"Zwölferkogel - Nordabfahrt","aerialway":null,"osm":"way/1445836571"},"geometry":{"type":"LineString","coordinates":[[12.56372,47.35626],[12.56494,47.35682]]}},{"type":"Feature","properties":{"kind":"piste","difficulty":"easy","name":null,"aerialway":null,"osm":"way/1445836572"},"geometry":{"type":"LineString","coordinates":[[12.56494,47.35682],[12.56467,47.35621],[12.56518,47.35409]]}},{"type":"Feature","properties":{"kind":"piste","difficulty":"intermediate","name":"Westabfahrt","aerialway":null,"osm":"way/1445836577"},"geometry":{"type":"LineString","coordinates":[[12.59492,47.37209],[12.59479,47.37233],[12.59415,47.37269],[12.59326,47.37286]]}},{"type":"Feature","properties":{"kind":"piste","difficulty":"easy","name":null,"aerialway":null,"osm":"way/1445836581"},"geometry":{"type":"LineString","coordinates":[[12.59924,47.37458],[12.59611,47.37319],[12.59567,47.3731]]}},{"type":"Feature","properties":{"kind":"piste","difficulty":"intermediate","name":"205","aerialway":null,"osm":"way/1445843246"},"geometry":{"type":"LineString","coordinates":[[12.71388,47.42763],[12.71346,47.42766],[12.71308,47.42811]]}},{"type":"Feature","properties":{"kind":"piste","difficulty":"easy","name":null,"aerialway":null,"osm":"way/1445843249"},"geometry":{"type":"LineString","coordinates":[[12.70592,47.4031],[12.70805,47.40198],[12.70855,47.40195]]}},{"type":"Feature","properties":{"kind":"piste","difficulty":"easy","name":"Piste 14","aerialway":null,"osm":"way/1451046011"},"geometry":{"type":"LineString","coordinates":[[12.60725,47.37842],[12.60556,47.37817],[12.60492,47.37775],[12.60477,47.37745],[12.60412,47.37729],[12.60343,47.37691],[12.60224,47.37679]]}},{"type":"Feature","properties":{"kind":"piste","difficulty":"unknown","name":null,"aerialway":null,"osm":"way/1451046013"},"geometry":{"type":"LineString","coordinates":[[12.60458,47.38047],[12.60441,47.38077]]}},{"type":"Feature","properties":{"kind":"piste","difficulty":"easy","name":null,"aerialway":null,"osm":"way/1451046014"},"geometry":{"type":"LineString","coordinates":[[12.60458,47.38047],[12.60472,47.38077],[12.6053,47.3811]]}},{"type":"Feature","properties":{"kind":"piste","difficulty":"easy","name":null,"aerialway":null,"osm":"way/1451046015"},"geometry":{"type":"LineString","coordinates":[[12.6052,47.38036],[12.60458,47.38047],[12.60325,47.3812],[12.60315,47.38155],[12.60339,47.38165]]}},{"type":"Feature","properties":{"kind":"piste","difficulty":"easy","name":null,"aerialway":null,"osm":"way/1475219186"},"geometry":{"type":"LineString","coordinates":[[12.73195,47.41999],[12.72965,47.41885],[12.72897,47.4187],[12.72799,47.41825],[12.72663,47.4183],[12.72538,47.41885],[12.72443,47.41866],[12.72345,47.41785],[12.72307,47.41728],[12.72321,47.41628],[12.72303,47.41598],[12.72272,47.41572],[12.72168,47.41529],[12.72083,47.41516],[12.72043,47.4149],[12.72022,47.41438],[12.71896,47.41256],[12.71904,47.41168],[12.71886,47.41159],[12.71876,47.41251],[12.71946,47.4135],[12.71957,47.41398],[12.72001,47.41452],[12.72014,47.41494],[12.72055,47.41532],[12.72154,47.41553],[12.72272,47.41604],[12.72286,47.41642],[12.72277,47.41717],[12.72295,47.41772],[12.72324,47.41806],[12.72422,47.41875],[12.7251,47.41904],[12.72565,47.41902],[12.72647,47.41854],[12.72718,47.41841],[12.72793,47.41858],[12.72989,47.41935],[12.73074,47.41984],[12.73086,47.42031],[12.7311,47.42045],[12.73163,47.42035],[12.73127,47.42072],[12.73068,47.42098],[12.73077,47.42111],[12.73267,47.4209],[12.73323,47.42106],[12.73411,47.42156],[12.73461,47.42204],[12.73578,47.42366],[12.73674,47.42456],[12.73694,47.42496],[12.73691,47.42548],[12.73663,47.42566],[12.7354,47.42592],[12.73448,47.42721],[12.73297,47.42822],[12.7328,47.42849],[12.733,47.43026],[12.73245,47.43173],[12.73277,47.43242],[12.73273,47.43371],[12.73352,47.43372],[12.73353,47.43282],[12.73306,47.43151],[12.73357,47.43024],[12.73329,47.4295],[12.73322,47.42868],[12.73331,47.42846],[12.73506,47.42728],[12.73525,47.42661],[12.73581,47.4261],[12.73712,47.42583],[12.73753,47.42557],[12.73777,47.42524],[12.73754,47.42471],[12.73518,47.42178],[12.73394,47.42086],[12.73321,47.42054],[12.73293,47.42084],[12.73235,47.42077],[12.73086,47.42102],[12.73152,47.42064],[12.73195,47.41999]]}},{"type":"Feature","properties":{"kind":"piste","difficulty":"easy","name":null,"aerialway":null,"osm":"way/1475368201"},"geometry":{"type":"LineString","coordinates":[[12.71481,47.42745],[12.71416,47.42673],[12.71402,47.42636],[12.71419,47.42582],[12.71414,47.42547],[12.71291,47.42353],[12.71291,47.42201],[12.7133,47.41987],[12.71363,47.41916],[12.71371,47.418],[12.71397,47.41738],[12.71394,47.41686],[12.71454,47.41509],[12.71523,47.41357],[12.71624,47.41348],[12.71568,47.41527],[12.71486,47.41687],[12.71451,47.41942],[12.71394,47.42197],[12.7139,47.42357],[12.71414,47.42433],[12.71503,47.42638],[12.71539,47.42664],[12.71557,47.42696],[12.71577,47.42771],[12.71481,47.42745]]}},{"type":"Feature","properties":{"kind":"piste","difficulty":"intermediate","name":null,"aerialway":null,"osm":"way/1551695826"},"geometry":{"type":"LineString","coordinates":[[12.71179,47.43206],[12.71467,47.43155],[12.71519,47.43115]]}},{"type":"Feature","properties":{"kind":"piste","difficulty":"easy","name":"Skiroute 207","aerialway":null,"osm":"way/1551695827"},"geometry":{"type":"LineString","coordinates":[[12.71426,47.43107],[12.71519,47.43115]]}},{"type":"Feature","properties":{"kind":"piste","difficulty":"intermediate","name":"Skiroute 203a","aerialway":null,"osm":"way/1551698790"},"geometry":{"type":"LineString","coordinates":[[12.70851,47.43905],[12.70916,47.44016],[12.70971,47.44042],[12.71014,47.44045],[12.71051,47.44031],[12.71089,47.44044],[12.71127,47.44067],[12.71128,47.44125]]}},{"type":"Feature","properties":{"kind":"piste","difficulty":"intermediate","name":null,"aerialway":null,"osm":"way/1551920595"},"geometry":{"type":"LineString","coordinates":[[12.55079,47.34741],[12.55247,47.34663],[12.55348,47.34634],[12.55602,47.34649]]}},{"type":"Feature","properties":{"kind":"piste","difficulty":"intermediate","name":null,"aerialway":null,"osm":"way/1551920596"},"geometry":{"type":"LineString","coordinates":[[12.5528,47.34657],[12.55279,47.34753]]}},{"type":"Feature","properties":{"kind":"piste","difficulty":"intermediate","name":null,"aerialway":null,"osm":"way/1551920597"},"geometry":{"type":"LineString","coordinates":[[12.58875,47.37515],[12.58879,47.3759],[12.58819,47.37667]]}},{"type":"Feature","properties":{"kind":"piste","difficulty":"intermediate","name":null,"aerialway":null,"osm":"way/1551920598"},"geometry":{"type":"LineString","coordinates":[[12.58451,47.36621],[12.58429,47.36806]]}},{"type":"Feature","properties":{"kind":"piste","difficulty":"easy","name":null,"aerialway":null,"osm":"way/1551920599"},"geometry":{"type":"LineString","coordinates":[[12.58508,47.36978],[12.58676,47.37025]]}},{"type":"Feature","properties":{"kind":"piste","difficulty":"easy","name":null,"aerialway":null,"osm":"way/1551920600"},"geometry":{"type":"LineString","coordinates":[[12.58861,47.37145],[12.58899,47.37095],[12.58925,47.37008],[12.58968,47.36976],[12.58984,47.36978]]}},{"type":"Feature","properties":{"kind":"piste","difficulty":"unknown","name":"The Challenge","aerialway":null,"osm":"relation/19766180"},"geometry":{"type":"MultiLineString","coordinates":[[[12.63528,47.39031],[12.63292,47.3804]],[[12.63292,47.3804],[12.63799,47.36788]],[[12.63807,47.36753],[12.63799,47.36788]],[[12.6376,47.36746],[12.63807,47.36753]],[[12.6376,47.36746],[12.63901,47.36689],[12.64138,47.36513],[12.64407,47.3636],[12.64446,47.36317],[12.64512,47.36308]],[[12.64512,47.36308],[12.64596,47.36355],[12.64674,47.36378],[12.64809,47.3637],[12.65049,47.36401]],[[12.65049,47.36401],[12.65218,47.36438],[12.65389,47.36416],[12.65506,47.3642],[12.65585,47.36451],[12.65914,47.36527],[12.66163,47.36717],[12.6627,47.36738],[12.66371,47.36794],[12.66413,47.36941],[12.66478,47.37011],[12.66489,47.37184],[12.66538,47.37233],[12.66609,47.37278],[12.66762,47.37331],[12.66833,47.37427],[12.66886,47.37468],[12.67031,47.37514],[12.67289,47.37549],[12.67484,47.3762],[12.67657,47.37659],[12.67799,47.37715],[12.67824,47.37736],[12.67802,47.37765],[12.67744,47.37773],[12.67608,47.3782],[12.67531,47.37885],[12.67539,47.37894]],[[12.67539,47.37894],[12.67601,47.37883]],[[12.67601,47.37883],[12.68304,47.39167]],[[12.68304,47.39167],[12.6858,47.40106]],[[12.6858,47.40106],[12.68582,47.40115]],[[12.68582,47.40115],[12.68648,47.40096]],[[12.68648,47.40096],[12.68727,47.40099],[12.68867,47.40142],[12.68911,47.40072],[12.6892,47.40007],[12.68947,47.39974],[12.6902,47.39933],[12.69073,47.39921],[12.69171,47.39929],[12.69282,47.39958],[12.69329,47.39949]],[[12.69329,47.39949],[12.6933,47.39823],[12.6927,47.39716]],[[12.6927,47.39716],[12.69361,47.39733]],[[12.69361,47.39733],[12.70165,47.40052]],[[12.70165,47.40052],[12.70196,47.40064]],[[12.70196,47.40064],[12.70241,47.40006],[12.70286,47.39979],[12.7031,47.39978],[12.70546,47.40022],[12.70599,47.40055],[12.70634,47.401]],[[12.70634,47.401],[12.7079,47.40133],[12.70855,47.40195]],[[12.70855,47.40195],[12.709,47.40228],[12.71057,47.40301],[12.71218,47.4034]],[[12.71218,47.4034],[12.71331,47.40344]],[[12.71331,47.40344],[12.71364,47.40337]],[[12.71364,47.40337],[12.71385,47.40356]],[[12.71385,47.40356],[12.70707,47.40533]],[[12.70707,47.40533],[12.70697,47.40536]],[[12.70697,47.40536],[12.70709,47.40547]],[[12.70709,47.40547],[12.7072,47.40558]],[[12.7072,47.40558],[12.70677,47.4058]],[[12.70677,47.4058],[12.70705,47.40605],[12.70766,47.4063],[12.70851,47.40645]],[[12.70851,47.40645],[12.71053,47.40842],[12.71175,47.4093],[12.71411,47.41047],[12.71444,47.41052]],[[12.71444,47.41052],[12.71476,47.41007],[12.71512,47.40999],[12.71567,47.41006],[12.71666,47.41046]],[[12.71666,47.41046],[12.71715,47.41026]],[[12.71715,47.41026],[12.7174,47.41005]],[[12.7174,47.41005],[12.71746,47.40976],[12.71643,47.40925],[12.71647,47.40908]],[[12.71647,47.40908],[12.71783,47.40943],[12.71882,47.40987],[12.7189,47.41004],[12.71857,47.41045],[12.71847,47.4109],[12.71879,47.41149]],[[12.71879,47.41149],[12.71896,47.41175],[12.71887,47.41241]],[[12.71887,47.41241],[12.71917,47.41312],[12.72018,47.41448],[12.7203,47.41508],[12.7224,47.4157],[12.72287,47.41601],[12.72304,47.41638],[12.72291,47.41717],[12.72311,47.41768],[12.72419,47.41862],[12.72474,47.41886],[12.72543,47.41894],[12.72637,47.41846],[12.72751,47.41833],[12.72995,47.41917],[12.73128,47.42007]],[[12.73128,47.42007],[12.73175,47.42031]],[[12.73175,47.42031],[12.73134,47.42075],[12.73078,47.42098],[12.73084,47.42109],[12.73265,47.42085]],[[12.73265,47.42085],[12.73345,47.42092]],[[12.73345,47.42092],[12.73475,47.42177],[12.73594,47.42338],[12.73688,47.42433],[12.73735,47.4252],[12.73731,47.4254],[12.73691,47.42572],[12.73559,47.42603],[12.73449,47.42746]],[[12.73449,47.42746],[12.73325,47.42824],[12.73296,47.42874],[12.73329,47.43027],[12.73271,47.43168],[12.73324,47.43279],[12.73271,47.43491],[12.73305,47.43788],[12.7326,47.43928],[12.73297,47.43963],[12.7331,47.43955]],[[12.7331,47.43955],[12.73084,47.42047]],[[12.73084,47.42047],[12.71504,47.4107]],[[12.71444,47.41052],[12.71504,47.4107]],[[12.71444,47.41052],[12.71476,47.41007],[12.71512,47.40999],[12.71567,47.41006],[12.71666,47.41046]],[[12.71666,47.41046],[12.71715,47.41026]],[[12.71715,47.41026],[12.7174,47.41005]],[[12.7174,47.41005],[12.71746,47.40976],[12.71643,47.40925],[12.71647,47.40908]],[[12.71647,47.40908],[12.71783,47.40943],[12.71882,47.40987],[12.7189,47.41004],[12.71857,47.41045],[12.71847,47.4109],[12.71879,47.41149]],[[12.71879,47.41149],[12.7188,47.41164],[12.71862,47.4117]],[[12.71862,47.4117],[12.70748,47.40577]],[[12.7072,47.40558],[12.70748,47.40577]],[[12.70709,47.40547],[12.7072,47.40558]],[[12.70709,47.40547],[12.70744,47.40543]],[[12.70744,47.40543],[12.712,47.4041],[12.71254,47.40371],[12.71331,47.40344]],[[12.71331,47.40344],[12.71364,47.40337]],[[12.71364,47.40337],[12.71366,47.40323],[12.7134,47.40302],[12.71311,47.40295]],[[12.71311,47.40295],[12.70254,47.40209]],[[12.70254,47.40209],[12.70245,47.40085],[12.70196,47.40064]],[[12.70196,47.40064],[12.69928,47.40226],[12.69786,47.40263],[12.69718,47.40263]],[[12.69718,47.40263],[12.69645,47.40258],[12.69599,47.4024]],[[12.69599,47.4024],[12.69552,47.4022],[12.695,47.40155],[12.69366,47.40063],[12.69338,47.40008],[12.69329,47.39949]],[[12.69329,47.39949],[12.6933,47.39823],[12.6927,47.39716]],[[12.6927,47.39716],[12.69252,47.39591],[12.69229,47.39529],[12.69185,47.39476],[12.69084,47.39398],[12.68615,47.39194]],[[12.68615,47.39194],[12.68438,47.39164],[12.68304,47.39167]],[[12.68304,47.39167],[12.68379,47.39034]],[[12.68379,47.39034],[12.68302,47.39034]],[[12.68302,47.39034],[12.68635,47.40079]],[[12.68635,47.40079],[12.68648,47.40096]],[[12.68582,47.40115],[12.68648,47.40096]],[[12.68582,47.40115],[12.68504,47.40108]],[[12.68504,47.40108],[12.68377,47.40135],[12.68258,47.4013],[12.67832,47.40241],[12.67459,47.40289]],[[12.67459,47.40289],[12.67371,47.40306],[12.67303,47.40304]],[[12.67303,47.40304],[12.66812,47.40148]],[[12.66812,47.40148],[12.66739,47.4005]],[[12.66739,47.4005],[12.66646,47.40027],[12.66425,47.40097]],[[12.66425,47.40097],[12.66334,47.40134],[12.66055,47.40313],[12.65785,47.40314],[12.65632,47.40298],[12.65521,47.40263],[12.65336,47.40151],[12.65142,47.40071],[12.64953,47.40062]],[[12.64953,47.40062],[12.64869,47.39883],[12.64875,47.39868],[12.64902,47.39859]],[[12.64902,47.39859],[12.65581,47.40937]],[[12.65581,47.40937],[12.65543,47.40932],[12.65506,47.40898]],[[12.65506,47.40898],[12.65518,47.40879],[12.65512,47.40854],[12.65415,47.40654],[12.65272,47.40432],[12.65161,47.40324],[12.64953,47.40062]],[[12.64953,47.40062],[12.64717,47.40096]],[[12.64717,47.40096],[12.64564,47.39997],[12.64414,47.39949],[12.64331,47.39881],[12.64265,47.39753],[12.64216,47.39616],[12.64227,47.39524],[12.64218,47.39479],[12.64052,47.39375]],[[12.64052,47.39375],[12.63858,47.39347]],[[12.63858,47.39347],[12.63801,47.39274]],[[12.63801,47.39274],[12.63757,47.39282],[12.63753,47.39299],[12.63675,47.39303]],[[12.63675,47.39303],[12.63596,47.39302]],[[12.63596,47.39302],[12.63596,47.39305]],[[12.63596,47.39305],[12.61592,47.40379]],[[12.61592,47.40379],[12.61564,47.40403]],[[12.61564,47.40403],[12.61556,47.40381],[12.61576,47.4035],[12.6168,47.40328],[12.61724,47.40303],[12.61688,47.4028]],[[12.61688,47.4028],[12.60094,47.40878]],[[12.60054,47.40882],[12.60094,47.40878]],[[12.60054,47.40882],[12.60042,47.40905],[12.60005,47.40922],[12.59829,47.40965],[12.59747,47.40966],[12.59606,47.40884]],[[12.59606,47.40884],[12.59584,47.40902]],[[12.59584,47.40902],[12.59255,47.40142]],[[12.59255,47.40142],[12.59279,47.40132]],[[12.59279,47.40132],[12.59288,47.40201]],[[12.59288,47.40201],[12.59283,47.40233],[12.59329,47.40398],[12.59316,47.40545]],[[12.59316,47.40545],[12.59033,47.40751],[12.58968,47.40884],[12.5893,47.40913],[12.58877,47.41028],[12.58815,47.4105],[12.5873,47.40982],[12.58662,47.40958],[12.58627,47.40954],[12.58601,47.40977],[12.58548,47.41064],[12.58523,47.41208],[12.58546,47.41315],[12.58518,47.41368],[12.58347,47.4154],[12.58079,47.41688],[12.57995,47.41721],[12.57833,47.41721],[12.57785,47.41755]],[[12.57785,47.41755],[12.57822,47.4176]],[[12.57822,47.4176],[12.5685,47.41771]],[[12.56827,47.41755],[12.5685,47.41771]],[[12.56827,47.41755],[12.55235,47.42781]],[[12.55193,47.42782],[12.55235,47.42781]],[[12.55193,47.42782],[12.55211,47.42821],[12.55215,47.42896],[12.55156,47.43065],[12.55163,47.43087],[12.55434,47.43294],[12.55443,47.43322],[12.55431,47.43341],[12.55339,47.43367],[12.55523,47.4342],[12.55567,47.43477],[12.55726,47.43619],[12.55747,47.43689],[12.55717,47.43799],[12.55741,47.4395]],[[12.55741,47.4395],[12.55886,47.44293]],[[12.55886,47.44293],[12.55905,47.44337],[12.55945,47.44366]],[[12.55945,47.44366],[12.5611,47.44396],[12.56177,47.44418],[12.56239,47.44458],[12.56371,47.44502],[12.56395,47.44517],[12.56422,47.44627],[12.5645,47.44681]],[[12.5645,47.44681],[12.56559,47.448],[12.56598,47.44894],[12.56656,47.44965],[12.56691,47.45072]],[[12.56691,47.45072],[12.56576,47.45207]],[[12.56576,47.45207],[12.56491,47.45605]],[[12.56491,47.45605],[12.56473,47.45634],[12.56429,47.45837],[12.56368,47.45936],[12.55763,47.46293],[12.554,47.46466],[12.55138,47.46703]],[[12.55138,47.46703],[12.55113,47.46724]],[[12.55113,47.46724],[12.54086,47.45687]],[[12.54086,47.45687],[12.54869,47.44346]],[[12.54869,47.44346],[12.54884,47.4435],[12.54858,47.44391],[12.54885,47.44457],[12.54901,47.4455],[12.5493,47.44557],[12.55022,47.44495],[12.5515,47.44368],[12.55297,47.44308],[12.55576,47.4427]],[[12.55576,47.4427],[12.55667,47.44321]],[[12.55667,47.44321],[12.55872,47.44315],[12.55886,47.44293]],[[12.55741,47.4395],[12.55886,47.44293]],[[12.55741,47.4395],[12.5516,47.42799]],[[12.5516,47.42799],[12.55193,47.42782]],[[12.55193,47.42782],[12.55104,47.42751],[12.55085,47.42725],[12.55093,47.42711]],[[12.55093,47.42711],[12.55145,47.4264]],[[12.55145,47.4264],[12.55274,47.42567],[12.55369,47.42551],[12.5548,47.42564],[12.55579,47.42555],[12.55799,47.42474],[12.55854,47.42479]],[[12.55854,47.42479],[12.54447,47.42746]],[[12.54447,47.42746],[12.54432,47.42745],[12.54429,47.42728],[12.5446,47.42713],[12.54488,47.4265]],[[12.54488,47.4265],[12.54551,47.4273],[12.54787,47.4269]],[[12.54787,47.4269],[12.54911,47.42698],[12.55191,47.42662]],[[12.55191,47.42662],[12.55278,47.42634],[12.55438,47.4262],[12.55664,47.4261],[12.55744,47.42625],[12.55865,47.42544],[12.55874,47.42496],[12.55854,47.42479]],[[12.55854,47.42479],[12.55914,47.42412],[12.55982,47.4238],[12.55996,47.4234],[12.56028,47.42312],[12.56148,47.42308],[12.56311,47.42137],[12.56487,47.41997],[12.56523,47.41928],[12.56539,47.41807],[12.56584,47.41767],[12.56649,47.41741]],[[12.56649,47.41741],[12.56752,47.41798],[12.56815,47.41799]],[[12.56815,47.41799],[12.56824,47.41804]],[[12.56824,47.41804],[12.56912,47.41831],[12.56889,47.41775],[12.56722,47.41606],[12.5663,47.41564]],[[12.5663,47.41564],[12.56585,47.41532],[12.56544,47.41522],[12.56517,47.41551],[12.56486,47.41553],[12.56456,47.41491]],[[12.56456,47.41491],[12.56466,47.41462],[12.56534,47.41432],[12.56709,47.41424],[12.56883,47.41439],[12.57202,47.41568],[12.57658,47.41716],[12.5771,47.41751],[12.57785,47.41755]],[[12.57785,47.41755],[12.57822,47.4176]],[[12.57822,47.4176],[12.59246,47.40199]],[[12.59246,47.40199],[12.59257,47.40191]],[[12.59257,47.40191],[12.59161,47.40104],[12.59137,47.40049]],[[12.59137,47.40049],[12.59093,47.40002],[12.59077,47.39949],[12.59179,47.39854],[12.5918,47.39792],[12.59154,47.39729]],[[12.59154,47.39729],[12.59035,47.39596],[12.59023,47.39551],[12.59035,47.39463],[12.59099,47.39335],[12.59152,47.39259]],[[12.59152,47.39259],[12.59163,47.39194],[12.59111,47.38949]],[[12.59111,47.38949],[12.59126,47.38937]],[[12.59101,47.38917],[12.59126,47.38937]],[[12.59093,47.38924],[12.59101,47.38917]],[[12.59093,47.38924],[12.58388,47.3952]],[[12.58388,47.3952],[12.58372,47.39534]],[[12.58372,47.39534],[12.5827,47.39488],[12.58047,47.39336],[12.57773,47.39259],[12.5773,47.39204],[12.57523,47.39165],[12.57308,47.39103],[12.57164,47.39037],[12.57067,47.39025],[12.5688,47.38962]],[[12.5688,47.38962],[12.56746,47.38937],[12.56653,47.38887],[12.56562,47.38804],[12.56518,47.38746],[12.56488,47.38643],[12.56418,47.38578],[12.56149,47.38537],[12.56027,47.385],[12.55878,47.38487],[12.55748,47.38568],[12.55709,47.38538],[12.55669,47.38445]],[[12.55669,47.38445],[12.55577,47.38383]],[[12.55577,47.38383],[12.55431,47.38366]],[[12.55431,47.38366],[12.55337,47.38317]],[[12.55337,47.38317],[12.53978,47.39417]],[[12.53978,47.39417],[12.53928,47.39413]],[[12.53928,47.39413],[12.54041,47.39199],[12.54044,47.39065],[12.54068,47.38998],[12.54244,47.38852],[12.54268,47.38803],[12.54296,47.38682],[12.54341,47.38633],[12.54424,47.38584]],[[12.54424,47.38584],[12.54608,47.38603],[12.54719,47.38588],[12.54818,47.3854],[12.54976,47.38521],[12.5521,47.38369]],[[12.5521,47.38369],[12.55337,47.38317]],[[12.55337,47.38317],[12.55417,47.38286],[12.55665,47.37998],[12.55756,47.37918],[12.56309,47.37618],[12.56321,47.37599],[12.56295,47.37595]],[[12.56295,47.37595],[12.56946,47.36072]],[[12.56946,47.36072],[12.56902,47.36001]],[[12.56902,47.36001],[12.56847,47.35899]],[[12.56847,47.35899],[12.56774,47.35563]],[[12.56774,47.35563],[12.56778,47.35503],[12.56798,47.35462],[12.56867,47.35404],[12.56949,47.35377]],[[12.56949,47.35377],[12.56972,47.35353]],[[12.56972,47.35353],[12.57006,47.3529],[12.57159,47.35175],[12.5727,47.35111],[12.57455,47.35035]],[[12.57455,47.35035],[12.57411,47.34924],[12.57412,47.34903],[12.57455,47.34871],[12.57844,47.34911],[12.57869,47.34916],[12.57851,47.34927]],[[12.57851,47.34927],[12.56362,47.3561]],[[12.56362,47.3561],[12.56348,47.35615],[12.56347,47.35572],[12.56464,47.35413]],[[12.56464,47.35413],[12.56518,47.35409]],[[12.56518,47.35409],[12.56552,47.3538],[12.56613,47.35358],[12.56751,47.35346],[12.56949,47.35377]],[[12.56949,47.35377],[12.57192,47.35373],[12.5758,47.35579],[12.57623,47.35613],[12.57836,47.35855],[12.58084,47.36038],[12.58137,47.36131],[12.58149,47.36295]],[[12.58149,47.36295],[12.58215,47.36326],[12.5833,47.36345]],[[12.5833,47.36345],[12.58427,47.36377],[12.58456,47.36408],[12.58468,47.36444]],[[12.58468,47.36444],[12.5854,47.36482],[12.58688,47.36521],[12.58746,47.36629]],[[12.58746,47.36629],[12.58713,47.36728],[12.58697,47.36832]],[[12.58697,47.36832],[12.58718,47.3687],[12.5872,47.3691],[12.58676,47.37025]],[[12.58676,47.37025],[12.58964,47.37212],[12.59155,47.37233]],[[12.59155,47.37233],[12.59197,47.37225],[12.59237,47.37174],[12.59263,47.37153],[12.5928,47.37154],[12.59295,47.37171],[12.59277,47.37235],[12.59284,47.37265],[12.59326,47.37286]],[[12.59326,47.37286],[12.60504,47.36562]],[[12.60504,47.36562],[12.62246,47.36481]],[[12.62246,47.36481],[12.62292,47.36466]],[[12.62292,47.36466],[12.62308,47.36447]],[[12.62308,47.36447],[12.62318,47.36429],[12.62394,47.364],[12.62518,47.36445],[12.62649,47.36417],[12.62696,47.36419],[12.6275,47.36424],[12.62899,47.36486],[12.63101,47.36497],[12.63233,47.36518]],[[12.63233,47.36518],[12.63431,47.36276],[12.63517,47.36184],[12.63568,47.3615],[12.63846,47.36189],[12.64018,47.36174],[12.64105,47.3614],[12.64271,47.36137],[12.64398,47.36161],[12.64435,47.36181],[12.64477,47.36258]],[[12.64477,47.36258],[12.64512,47.36308]],[[12.64512,47.36308],[12.64596,47.36355],[12.64674,47.36378],[12.64809,47.3637],[12.65049,47.36401]],[[12.65049,47.36401],[12.65108,47.36384],[12.65219,47.36286],[12.65321,47.36165],[12.65319,47.36088],[12.65307,47.36064]],[[12.65307,47.36064],[12.6375,47.36742]],[[12.6375,47.36742],[12.63749,47.36744]],[[12.63749,47.36744],[12.6376,47.36746]],[[12.6376,47.36746],[12.63807,47.36753]],[[12.63807,47.36753],[12.63979,47.36783],[12.64032,47.36805],[12.64059,47.36831],[12.63983,47.36873],[12.6392,47.3695],[12.63914,47.36988],[12.63954,47.37065],[12.63942,47.37079],[12.63914,47.37079],[12.63823,47.37027],[12.63779,47.3703],[12.63745,47.37052]],[[12.63745,47.37052],[12.63678,47.37225],[12.63496,47.37478],[12.63421,47.3755]],[[12.63421,47.3755],[12.63385,47.37712],[12.63358,47.37926],[12.63235,47.38054]],[[12.63235,47.38054],[12.63137,47.38105],[12.63098,47.38154],[12.63105,47.38181],[12.63279,47.38207],[12.63467,47.38303],[12.63559,47.38499],[12.63568,47.38544],[12.63562,47.38654],[12.63435,47.38956]],[[12.63435,47.38956],[12.635,47.39037]],[[12.635,47.39037],[12.63528,47.39031]]]}},{"type":"Feature","properties":{"kind":"piste","difficulty":"easy","name":"Saalbach-Runde","aerialway":null,"osm":"relation/19766690"},"geometry":{"type":"MultiLineString","coordinates":[[[12.63528,47.39031],[12.63292,47.3804]],[[12.63292,47.3804],[12.63799,47.36788]],[[12.63807,47.36753],[12.63799,47.36788]],[[12.6376,47.36746],[12.63807,47.36753]],[[12.63749,47.36744],[12.6376,47.36746]],[[12.63738,47.36742],[12.63749,47.36744]],[[12.63738,47.36742],[12.6371,47.36737]],[[12.6371,47.36737],[12.63585,47.367],[12.63375,47.36608],[12.63233,47.36518]],[[12.63233,47.36518],[12.63431,47.36276],[12.63517,47.36184],[12.63568,47.3615],[12.63846,47.36189],[12.64018,47.36174],[12.64105,47.3614],[12.64271,47.36137],[12.64398,47.36161],[12.64435,47.36181],[12.64477,47.36258]],[[12.64477,47.36258],[12.64512,47.36308]],[[12.64512,47.36308],[12.64596,47.36355],[12.64674,47.36378],[12.64809,47.3637],[12.65049,47.36401]],[[12.65049,47.36401],[12.65108,47.36384],[12.65219,47.36286],[12.65321,47.36165],[12.65319,47.36088],[12.65307,47.36064]],[[12.65307,47.36064],[12.6375,47.36742]],[[12.6375,47.36742],[12.63749,47.36744]],[[12.63738,47.36742],[12.63749,47.36744]],[[12.63738,47.36742],[12.6371,47.36737]],[[12.6371,47.36737],[12.63919,47.36563],[12.64017,47.36425],[12.64087,47.36258],[12.6415,47.36224],[12.64223,47.3622],[12.64477,47.36258]],[[12.64477,47.36258],[12.64512,47.36308]],[[12.64512,47.36308],[12.64596,47.36355],[12.64674,47.36378],[12.64809,47.3637],[12.65049,47.36401]],[[12.65049,47.36401],[12.65218,47.36438],[12.65389,47.36416],[12.65506,47.3642],[12.65585,47.36451],[12.65914,47.36527],[12.66163,47.36717],[12.6627,47.36738],[12.66371,47.36794],[12.66413,47.36941],[12.66478,47.37011],[12.66489,47.37184],[12.66538,47.37233],[12.66609,47.37278],[12.66762,47.37331],[12.66833,47.37427],[12.66886,47.37468],[12.67031,47.37514],[12.67289,47.37549],[12.67484,47.3762],[12.67657,47.37659],[12.67799,47.37715],[12.67824,47.37736],[12.67802,47.37765],[12.67744,47.37773],[12.67608,47.3782],[12.67531,47.37885],[12.67539,47.37894]],[[12.67539,47.37894],[12.67601,47.37883]],[[12.67601,47.37883],[12.68304,47.39167]],[[12.68304,47.39167],[12.6858,47.40106]],[[12.6858,47.40106],[12.68582,47.40115]],[[12.68582,47.40115],[12.68648,47.40096]],[[12.68648,47.40096],[12.68727,47.40099],[12.68867,47.40142],[12.68911,47.40072],[12.6892,47.40007],[12.68947,47.39974],[12.6902,47.39933],[12.69073,47.39921],[12.69171,47.39929],[12.69282,47.39958],[12.69329,47.39949]],[[12.69329,47.39949],[12.6933,47.39823],[12.6927,47.39716]],[[12.6927,47.39716],[12.69252,47.39591],[12.69229,47.39529],[12.69185,47.39476],[12.69084,47.39398],[12.68615,47.39194]],[[12.68615,47.39194],[12.68438,47.39164],[12.68304,47.39167]],[[12.68304,47.39167],[12.68379,47.39034]],[[12.68379,47.39034],[12.68302,47.39034]],[[12.68302,47.39034],[12.68635,47.40079]],[[12.68635,47.40079],[12.68648,47.40096]],[[12.68582,47.40115],[12.68648,47.40096]],[[12.68582,47.40115],[12.68504,47.40108]],[[12.68504,47.40108],[12.68377,47.40135],[12.68258,47.4013],[12.67832,47.40241],[12.67459,47.40289]],[[12.67459,47.40289],[12.67333,47.4012],[12.6726,47.39973],[12.67124,47.39798],[12.6709,47.39719],[12.67039,47.39658],[12.66863,47.39543],[12.66811,47.39532],[12.66684,47.3954],[12.6638,47.39625],[12.65949,47.39901]],[[12.65949,47.39901],[12.67442,47.40421]],[[12.67442,47.40421],[12.67465,47.40412]],[[12.67465,47.40412],[12.67303,47.40304]],[[12.67303,47.40304],[12.66812,47.40148]],[[12.66812,47.40148],[12.66739,47.4005]],[[12.66739,47.4005],[12.66646,47.40027],[12.66425,47.40097]],[[12.66425,47.40097],[12.66334,47.40134],[12.66055,47.40313],[12.65785,47.40314],[12.65632,47.40298],[12.65521,47.40263],[12.65336,47.40151],[12.65142,47.40071],[12.64953,47.40062]],[[12.64953,47.40062],[12.64869,47.39883],[12.64875,47.39868],[12.64902,47.39859]],[[12.64902,47.39859],[12.65581,47.40937]],[[12.65581,47.40937],[12.65543,47.40932],[12.65506,47.40898]],[[12.65506,47.40898],[12.65469,47.40874],[12.65398,47.40768],[12.65317,47.40716],[12.65078,47.40606]],[[12.65078,47.40606],[12.65056,47.40529],[12.6505,47.40419],[12.64959,47.40175],[12.64953,47.40062]],[[12.64953,47.40062],[12.64717,47.40096]],[[12.64717,47.40096],[12.64687,47.40109]],[[12.64687,47.40109],[12.64653,47.40128],[12.64602,47.40132]],[[12.64602,47.40132],[12.64503,47.40161],[12.6421,47.40179],[12.63866,47.40258]],[[12.63866,47.40258],[12.63811,47.40253],[12.63805,47.40232],[12.6394,47.40007],[12.63981,47.39961],[12.63983,47.39931],[12.63945,47.39922],[12.63782,47.39945],[12.63739,47.39931],[12.63718,47.39905],[12.6373,47.39866],[12.63768,47.39833],[12.63876,47.39788]],[[12.63876,47.39788],[12.63892,47.39778]],[[12.63892,47.39778],[12.63931,47.39649],[12.63997,47.39548],[12.64006,47.39483]],[[12.64006,47.39483],[12.63858,47.39347]],[[12.63858,47.39347],[12.63801,47.39274]],[[12.63801,47.39274],[12.63757,47.39282],[12.63753,47.39299],[12.63675,47.39303]],[[12.63636,47.39151],[12.63675,47.39303]],[[12.63595,47.39084],[12.63636,47.39151]],[[12.63535,47.39046],[12.63551,47.3908],[12.63595,47.39084]],[[12.63528,47.39031],[12.63535,47.39046]]]}},{"type":"Feature","properties":{"kind":"piste","difficulty":"unknown","name":"Hinterglemm-Runde","aerialway":null,"osm":"relation/19767013"},"geometry":{"type":"MultiLineString","coordinates":[[[12.60025,47.37913],[12.60226,47.37418]],[[12.60226,47.37418],[12.60181,47.37443],[12.60072,47.37471],[12.59977,47.37471],[12.59924,47.37458]],[[12.59924,47.37458],[12.59518,47.37667],[12.59463,47.37716],[12.59436,47.37709],[12.59443,47.37689]],[[12.59443,47.37689],[12.60185,47.36955]],[[12.60185,47.36955],[12.60166,47.36945],[12.60152,47.3691],[12.60104,47.36888],[12.60041,47.36884],[12.59943,47.36919]],[[12.59943,47.36919],[12.5978,47.37016]],[[12.5978,47.37016],[12.59684,47.37044],[12.59464,47.37081],[12.59451,47.3709],[12.59447,47.37128],[12.59492,47.37209]],[[12.59492,47.37209],[12.59567,47.3731]],[[12.59567,47.3731],[12.59486,47.37315]],[[12.59486,47.37315],[12.59349,47.37398],[12.59359,47.37463]],[[12.59359,47.37463],[12.59339,47.37491]],[[12.59339,47.37491],[12.59076,47.37384]],[[12.59076,47.37384],[12.58947,47.37458],[12.58927,47.37494]],[[12.58927,47.37494],[12.58927,47.37544]],[[12.58927,47.37544],[12.58131,47.36311]],[[12.58131,47.36311],[12.56947,47.36012]],[[12.56947,47.36012],[12.56902,47.36001]],[[12.56902,47.36001],[12.56847,47.35899]],[[12.56847,47.35899],[12.56774,47.35563]],[[12.56774,47.35563],[12.56778,47.35503],[12.56798,47.35462],[12.56867,47.35404],[12.56949,47.35377]],[[12.56949,47.35377],[12.56972,47.35353]],[[12.56972,47.35353],[12.57006,47.3529],[12.57159,47.35175],[12.5727,47.35111],[12.57455,47.35035]],[[12.57455,47.35035],[12.57411,47.34924],[12.57412,47.34903],[12.57455,47.34871],[12.57844,47.34911],[12.57869,47.34916],[12.57851,47.34927]],[[12.57851,47.34927],[12.56362,47.3561]],[[12.56362,47.3561],[12.56348,47.35615],[12.56347,47.35572],[12.56464,47.35413]],[[12.56464,47.35413],[12.56518,47.35409]],[[12.56518,47.35409],[12.56552,47.3538],[12.56613,47.35358],[12.56751,47.35346],[12.56949,47.35377]],[[12.56949,47.35377],[12.57192,47.35373],[12.5758,47.35579],[12.57623,47.35613],[12.57836,47.35855],[12.58084,47.36038],[12.58137,47.36131],[12.58149,47.36295]],[[12.58149,47.36295],[12.58215,47.36326],[12.5833,47.36345]],[[12.5833,47.36345],[12.58427,47.36377],[12.58456,47.36408],[12.58468,47.36444]],[[12.58468,47.36444],[12.58451,47.36621],[12.58494,47.36653],[12.5865,47.36708],[12.58697,47.36832]],[[12.58697,47.36832],[12.58718,47.3687],[12.5872,47.3691],[12.58676,47.37025]],[[12.58676,47.37025],[12.58705,47.37119],[12.58707,47.37205],[12.58809,47.37279],[12.58819,47.37298],[12.58776,47.37448]],[[12.58776,47.37448],[12.58927,47.37544]],[[12.58927,47.37544],[12.58131,47.36311]],[[12.58131,47.36311],[12.56947,47.36012]],[[12.56947,47.36012],[12.56902,47.36001]],[[12.56902,47.36001],[12.56847,47.35899]],[[12.56847,47.35899],[12.56802,47.3586],[12.56628,47.35787],[12.56541,47.35705],[12.56494,47.35682]],[[12.56494,47.35682],[12.56486,47.35709]],[[12.56486,47.35709],[12.56421,47.35876],[12.56406,47.35951]],[[12.56406,47.35951],[12.56416,47.36018],[12.56351,47.36106],[12.56237,47.36195],[12.56154,47.36221],[12.56007,47.36317],[12.55917,47.36348],[12.55892,47.36394],[12.55904,47.36551],[12.55955,47.36722],[12.56046,47.36906],[12.56051,47.36944],[12.56024,47.3697],[12.55929,47.36984],[12.55886,47.37006],[12.5587,47.37025],[12.55873,47.37081],[12.55908,47.371],[12.56084,47.37138],[12.56202,47.3718],[12.56201,47.37195],[12.56171,47.37201]],[[12.56171,47.37201],[12.56087,47.37198],[12.56029,47.3722],[12.55963,47.37223],[12.56004,47.37239],[12.56117,47.37248],[12.56182,47.37356],[12.5621,47.37361]],[[12.5621,47.37361],[12.56248,47.37501]],[[12.56248,47.37501],[12.56241,47.37584]],[[12.56241,47.37584],[12.5623,47.37585]],[[12.5623,47.37585],[12.56221,47.37573]],[[12.56221,47.37573],[12.56156,47.37543]],[[12.56156,47.37543],[12.55377,47.38373]],[[12.55431,47.38366],[12.55377,47.38373]],[[12.55431,47.38366],[12.55337,47.38317]],[[12.55337,47.38317],[12.53978,47.39417]],[[12.53978,47.39417],[12.53928,47.39413]],[[12.53928,47.39413],[12.53776,47.39339],[12.53682,47.3932],[12.53578,47.39277]],[[12.53578,47.39277],[12.53601,47.39212],[12.5368,47.39129],[12.53735,47.3908],[12.5382,47.39032],[12.53844,47.39002],[12.53862,47.38934],[12.53859,47.38883],[12.53815,47.38771],[12.53806,47.38708],[12.53841,47.38551],[12.54156,47.38617],[12.54275,47.38576],[12.54351,47.38571],[12.54424,47.38584]],[[12.54424,47.38584],[12.54608,47.38603],[12.54719,47.38588],[12.54818,47.3854],[12.54976,47.38521],[12.5521,47.38369]],[[12.5521,47.38369],[12.55381,47.38393],[12.55431,47.38366]],[[12.55577,47.38383],[12.55431,47.38366]],[[12.55577,47.38383],[12.55621,47.3833],[12.55636,47.3828],[12.55588,47.38274]],[[12.55588,47.38274],[12.55045,47.39705]],[[12.55045,47.39705],[12.55248,47.39747],[12.55415,47.39832],[12.55464,47.39843],[12.55562,47.39829],[12.55588,47.39785],[12.55598,47.39653],[12.55668,47.39478],[12.55679,47.39353],[12.55668,47.39281]],[[12.55668,47.39281],[12.55706,47.392],[12.55827,47.39134],[12.55907,47.39106],[12.5688,47.38962]],[[12.5688,47.38962],[12.57025,47.3893],[12.57091,47.38839]],[[12.57091,47.38839],[12.57842,47.39229]],[[12.57842,47.39229],[12.5786,47.39239]],[[12.5786,47.39239],[12.57925,47.39272],[12.57967,47.39278],[12.58074,47.39245],[12.58157,47.39257],[12.5836,47.39247],[12.58428,47.39228]],[[12.58428,47.39228],[12.58697,47.39144],[12.58975,47.38957],[12.59037,47.38893]],[[12.59037,47.38893],[12.59101,47.38917]],[[12.59093,47.38924],[12.59101,47.38917]],[[12.59093,47.38924],[12.58388,47.3952]],[[12.58388,47.3952],[12.58372,47.39534]],[[12.58372,47.39534],[12.58621,47.39612],[12.58803,47.39703],[12.58921,47.39738],[12.59046,47.39749],[12.59154,47.39729]],[[12.59154,47.39729],[12.59265,47.3971],[12.59502,47.39714],[12.59827,47.39673],[12.59941,47.39612],[12.60075,47.39584],[12.60132,47.39548],[12.6016,47.395],[12.60113,47.39288],[12.60123,47.39244],[12.60038,47.39151],[12.59996,47.39084],[12.60001,47.3903]],[[12.60001,47.3903],[12.60062,47.39038],[12.60072,47.39052]],[[12.60072,47.39052],[12.59296,47.40114]],[[12.59279,47.40132],[12.59296,47.40114]],[[12.59279,47.40132],[12.59288,47.40201]],[[12.59288,47.40201],[12.59283,47.40233],[12.59329,47.40398],[12.59316,47.40545]],[[12.59316,47.40545],[12.59345,47.40618],[12.59421,47.40677],[12.59606,47.40884]],[[12.59629,47.40846],[12.59606,47.40884]],[[12.59629,47.40846],[12.60015,47.40882]],[[12.60015,47.40882],[12.60054,47.40882]],[[12.60054,47.40882],[12.60054,47.4086],[12.60116,47.40809],[12.60298,47.40732],[12.60818,47.40584],[12.61034,47.40557],[12.61247,47.40507],[12.61564,47.40403],[12.61633,47.40406],[12.61858,47.40251],[12.61956,47.40149],[12.6211,47.40087],[12.62395,47.40001],[12.6263,47.39892],[12.62923,47.39712],[12.63003,47.39656],[12.63054,47.39577],[12.63168,47.39509],[12.63316,47.39447],[12.63386,47.39399],[12.63407,47.39278],[12.63437,47.39236]],[[12.63437,47.39236],[12.63452,47.39196],[12.63445,47.39185],[12.63363,47.39155],[12.6344,47.3913],[12.63476,47.391],[12.63478,47.39084]],[[12.63478,47.39084],[12.63469,47.39084],[12.63472,47.39072],[12.63535,47.39046]],[[12.63528,47.39031],[12.63535,47.39046]],[[12.63528,47.39031],[12.63292,47.3804]],[[12.63292,47.3804],[12.63799,47.36788]],[[12.63807,47.36753],[12.63799,47.36788]],[[12.6376,47.36746],[12.63807,47.36753]],[[12.63749,47.36744],[12.6376,47.36746]],[[12.63738,47.36742],[12.63749,47.36744]],[[12.63738,47.36742],[12.6371,47.36737]],[[12.6371,47.36737],[12.63585,47.367],[12.63375,47.36608],[12.63233,47.36518]],[[12.63233,47.36518],[12.63114,47.36583],[12.62989,47.36717],[12.62988,47.36746],[12.63058,47.36773]],[[12.63058,47.36773],[12.63032,47.36754]],[[12.63032,47.36754],[12.62328,47.36454]],[[12.62328,47.36454],[12.62308,47.36447]],[[12.62292,47.36466],[12.62308,47.36447]],[[12.62292,47.36466],[12.62045,47.36456],[12.61972,47.36378],[12.61878,47.36187],[12.61857,47.36169],[12.6179,47.36163],[12.61674,47.36244],[12.61413,47.36537],[12.61366,47.36623],[12.6133,47.36642],[12.6128,47.36643],[12.61225,47.36618],[12.61119,47.36603],[12.61078,47.36618],[12.6099,47.36719],[12.60938,47.36753],[12.60894,47.36777],[12.60832,47.36782],[12.60776,47.36781],[12.60707,47.3676],[12.60639,47.36728],[12.60528,47.36647]],[[12.60528,47.36647],[12.60422,47.36653],[12.59943,47.36919]],[[12.59943,47.36919],[12.5978,47.37016]],[[12.5978,47.37016],[12.59774,47.37081],[12.59794,47.37153],[12.59845,47.37225]],[[12.59845,47.37225],[12.59866,47.37249],[12.60009,47.37312]],[[12.60009,47.37312],[12.60088,47.37347],[12.60161,47.37363],[12.60243,47.37416]],[[12.60243,47.37416],[12.60226,47.37418]],[[12.60226,47.37418],[12.60224,47.37685],[12.60168,47.37773]],[[12.60168,47.37773],[12.60114,47.37806],[12.60036,47.37934],[12.60016,47.37926],[12.60025,47.37913]]]}},{"type":"Feature","properties":{"kind":"piste","difficulty":"easy","name":"Leogang-Runde","aerialway":null,"osm":"relation/19767103"},"geometry":{"type":"MultiLineString","coordinates":[[[12.71883,47.43925],[12.71393,47.42748]],[[12.71393,47.42748],[12.71445,47.41079]],[[12.71444,47.41052],[12.71445,47.41079]],[[12.71444,47.41052],[12.71476,47.41007],[12.71512,47.40999],[12.71567,47.41006],[12.71666,47.41046]],[[12.71666,47.41046],[12.71715,47.41026]],[[12.71715,47.41026],[12.7174,47.41005]],[[12.7174,47.41005],[12.71746,47.40976],[12.71643,47.40925],[12.71647,47.40908]],[[12.71647,47.40908],[12.71783,47.40943],[12.71882,47.40987],[12.7189,47.41004],[12.71857,47.41045],[12.71847,47.4109],[12.71879,47.41149]],[[12.71879,47.41149],[12.7188,47.41164],[12.71862,47.4117]],[[12.71862,47.4117],[12.70748,47.40577]],[[12.7072,47.40558],[12.70748,47.40577]],[[12.70709,47.40547],[12.7072,47.40558]],[[12.70697,47.40536],[12.70709,47.40547]],[[12.70697,47.40536],[12.70551,47.40374],[12.70541,47.40351],[12.70592,47.4031]],[[12.70592,47.4031],[12.70794,47.40356],[12.70974,47.40368],[12.71079,47.40366],[12.71218,47.4034]],[[12.71218,47.4034],[12.71331,47.40344]],[[12.71331,47.40344],[12.71364,47.40337]],[[12.71364,47.40337],[12.71366,47.40323],[12.7134,47.40302],[12.71311,47.40295]],[[12.71311,47.40295],[12.70254,47.40209]],[[12.70254,47.40209],[12.70245,47.40085],[12.70196,47.40064]],[[12.70196,47.40064],[12.69928,47.40226],[12.69786,47.40263],[12.69718,47.40263]],[[12.69718,47.40263],[12.69645,47.40258],[12.69599,47.4024]],[[12.69599,47.4024],[12.69552,47.4022],[12.695,47.40155],[12.69366,47.40063],[12.69338,47.40008],[12.69329,47.39949]],[[12.69329,47.39949],[12.6933,47.39823],[12.6927,47.39716]],[[12.6927,47.39716],[12.69252,47.39591],[12.69229,47.39529],[12.69185,47.39476],[12.69084,47.39398],[12.68615,47.39194]],[[12.68615,47.39194],[12.68438,47.39164],[12.68304,47.39167]],[[12.68304,47.39167],[12.68379,47.39034]],[[12.68379,47.39034],[12.68302,47.39034]],[[12.68302,47.39034],[12.68635,47.40079]],[[12.68635,47.40079],[12.68648,47.40096]],[[12.68582,47.40115],[12.68648,47.40096]],[[12.68582,47.40115],[12.68504,47.40108]],[[12.68504,47.40108],[12.68377,47.40135],[12.68258,47.4013],[12.67832,47.40241],[12.67459,47.40289]],[[12.67459,47.40289],[12.67371,47.40306],[12.67303,47.40304]],[[12.67303,47.40304],[12.66812,47.40148]],[[12.66812,47.40148],[12.66739,47.4005]],[[12.66739,47.4005],[12.66646,47.40027],[12.66425,47.40097]],[[12.66425,47.40097],[12.66334,47.40134],[12.66055,47.40313],[12.65785,47.40314],[12.65632,47.40298],[12.65521,47.40263],[12.65336,47.40151],[12.65142,47.40071],[12.64953,47.40062]],[[12.64953,47.40062],[12.64717,47.40096]],[[12.64717,47.40096],[12.64687,47.40109]],[[12.64687,47.40109],[12.64653,47.40128],[12.64602,47.40132]],[[12.64602,47.40132],[12.64503,47.40161],[12.6421,47.40179],[12.63866,47.40258]],[[12.63866,47.40258],[12.63811,47.40253],[12.63805,47.40232],[12.6394,47.40007],[12.63981,47.39961],[12.63983,47.39931],[12.63945,47.39922],[12.63782,47.39945],[12.63739,47.39931],[12.63718,47.39905],[12.6373,47.39866],[12.63768,47.39833],[12.63876,47.39788]],[[12.63876,47.39788],[12.63892,47.39778]],[[12.63892,47.39778],[12.63931,47.39649],[12.63997,47.39548],[12.64006,47.39483]],[[12.64006,47.39483],[12.63858,47.39347]],[[12.63858,47.39347],[12.63801,47.39274]],[[12.63801,47.39274],[12.63757,47.39282],[12.63753,47.39299],[12.63675,47.39303]],[[12.63636,47.39151],[12.63675,47.39303]],[[12.63629,47.39134],[12.63636,47.39151]],[[12.63595,47.39084],[12.63629,47.39134]],[[12.63535,47.39046],[12.63551,47.3908],[12.63595,47.39084]],[[12.63528,47.39031],[12.63535,47.39046]],[[12.63528,47.39031],[12.63292,47.3804]],[[12.63292,47.3804],[12.63799,47.36788]],[[12.63807,47.36753],[12.63799,47.36788]],[[12.6376,47.36746],[12.63807,47.36753]],[[12.63749,47.36744],[12.6376,47.36746]],[[12.63738,47.36742],[12.63749,47.36744]],[[12.63738,47.36742],[12.6371,47.36737]],[[12.6371,47.36737],[12.63919,47.36563],[12.64017,47.36425],[12.64087,47.36258],[12.6415,47.36224],[12.64223,47.3622],[12.64477,47.36258]],[[12.64477,47.36258],[12.64512,47.36308]],[[12.64512,47.36308],[12.64596,47.36355],[12.64674,47.36378],[12.64809,47.3637],[12.65049,47.36401]],[[12.65049,47.36401],[12.65218,47.36438],[12.65389,47.36416],[12.65506,47.3642],[12.65585,47.36451],[12.65914,47.36527],[12.66163,47.36717],[12.6627,47.36738],[12.66371,47.36794],[12.66413,47.36941],[12.66478,47.37011],[12.66489,47.37184],[12.66538,47.37233],[12.66609,47.37278],[12.66762,47.37331],[12.66833,47.37427],[12.66886,47.37468],[12.67031,47.37514],[12.67289,47.37549],[12.67484,47.3762],[12.67657,47.37659],[12.67799,47.37715],[12.67824,47.37736],[12.67802,47.37765],[12.67744,47.37773],[12.67608,47.3782],[12.67531,47.37885],[12.67539,47.37894]],[[12.67539,47.37894],[12.67601,47.37883]],[[12.67601,47.37883],[12.68304,47.39167]],[[12.68304,47.39167],[12.6858,47.40106]],[[12.6858,47.40106],[12.68582,47.40115]],[[12.68582,47.40115],[12.68648,47.40096]],[[12.68648,47.40096],[12.68727,47.40099],[12.68867,47.40142],[12.68911,47.40072],[12.6892,47.40007],[12.68947,47.39974],[12.6902,47.39933],[12.69073,47.39921],[12.69171,47.39929],[12.69282,47.39958],[12.69329,47.39949]],[[12.69329,47.39949],[12.6933,47.39823],[12.6927,47.39716]],[[12.6927,47.39716],[12.69361,47.39733]],[[12.69361,47.39733],[12.70165,47.40052]],[[12.70165,47.40052],[12.70196,47.40064]],[[12.70196,47.40064],[12.70241,47.40006],[12.70286,47.39979],[12.7031,47.39978],[12.70546,47.40022],[12.70599,47.40055],[12.70634,47.401]],[[12.70634,47.401],[12.7079,47.40133],[12.70855,47.40195]],[[12.70855,47.40195],[12.709,47.40228],[12.71057,47.40301],[12.71218,47.4034]],[[12.71218,47.4034],[12.71331,47.40344]],[[12.71331,47.40344],[12.71364,47.40337]],[[12.71364,47.40337],[12.71385,47.40356]],[[12.71385,47.40356],[12.70707,47.40533]],[[12.70707,47.40533],[12.70697,47.40536]],[[12.70697,47.40536],[12.70709,47.40547]],[[12.70709,47.40547],[12.7072,47.40558]],[[12.7072,47.40558],[12.70677,47.4058]],[[12.70677,47.4058],[12.70705,47.40605],[12.70766,47.4063],[12.70851,47.40645]],[[12.70851,47.40645],[12.71053,47.40842],[12.71175,47.4093],[12.71411,47.41047],[12.71444,47.41052]],[[12.71444,47.41052],[12.71422,47.41077],[12.71564,47.41376],[12.71448,47.41671],[12.71444,47.4175],[12.71344,47.42273],[12.71371,47.42401],[12.71432,47.42556],[12.7147,47.42693],[12.71433,47.42766]],[[12.71433,47.42766],[12.71403,47.42795]],[[12.71403,47.42795],[12.71308,47.42811]],[[12.71308,47.42811],[12.71244,47.42903],[12.71137,47.42966],[12.71052,47.43042],[12.71039,47.43129],[12.7091,47.43422],[12.70925,47.43511],[12.70862,47.43565]],[[12.70862,47.43565],[12.70682,47.43634],[12.70635,47.43689],[12.70616,47.43722],[12.70614,47.43781],[12.70624,47.43835],[12.70665,47.43875],[12.70774,47.43902],[12.71202,47.43915],[12.71553,47.43989],[12.71698,47.43966],[12.71754,47.43919],[12.71856,47.43907],[12.71883,47.43925]]]}},{"type":"Feature","properties":{"kind":"piste","difficulty":"unknown","name":"Tirol-Runde","aerialway":null,"osm":"relation/19767147"},"geometry":{"type":"MultiLineString","coordinates":[[[12.55113,47.46724],[12.54086,47.45687]],[[12.54086,47.45687],[12.54869,47.44346]],[[12.54869,47.44346],[12.54884,47.4435],[12.54858,47.44391],[12.54885,47.44457],[12.54901,47.4455],[12.5493,47.44557],[12.55022,47.44495],[12.5515,47.44368],[12.55297,47.44308],[12.55576,47.4427]],[[12.55576,47.4427],[12.55667,47.44321]],[[12.55667,47.44321],[12.55872,47.44315],[12.55886,47.44293]],[[12.55741,47.4395],[12.55886,47.44293]],[[12.55741,47.4395],[12.5516,47.42799]],[[12.5516,47.42799],[12.55193,47.42782]],[[12.55193,47.42782],[12.55104,47.42751],[12.55085,47.42725],[12.55093,47.42711]],[[12.55093,47.42711],[12.55145,47.4264]],[[12.55145,47.4264],[12.55274,47.42567],[12.55369,47.42551],[12.5548,47.42564],[12.55579,47.42555],[12.55799,47.42474],[12.55854,47.42479]],[[12.55854,47.42479],[12.54447,47.42746]],[[12.54447,47.42746],[12.54432,47.42745],[12.54429,47.42728],[12.5446,47.42713],[12.54488,47.4265]],[[12.54488,47.4265],[12.54551,47.4273],[12.54787,47.4269]],[[12.54787,47.4269],[12.54911,47.42698],[12.55191,47.42662]],[[12.55191,47.42662],[12.55278,47.42634],[12.55438,47.4262],[12.55664,47.4261],[12.55744,47.42625],[12.55865,47.42544],[12.55874,47.42496],[12.55854,47.42479]],[[12.55854,47.42479],[12.55914,47.42412],[12.55982,47.4238],[12.55996,47.4234],[12.56028,47.42312],[12.56148,47.42308],[12.56311,47.42137],[12.56487,47.41997],[12.56523,47.41928],[12.56539,47.41807],[12.56584,47.41767],[12.56649,47.41741]],[[12.56649,47.41741],[12.56752,47.41798],[12.56815,47.41799]],[[12.56815,47.41799],[12.56824,47.41804]],[[12.56824,47.41804],[12.56912,47.41831],[12.56889,47.41775],[12.56722,47.41606],[12.5663,47.41564]],[[12.5663,47.41564],[12.56585,47.41532],[12.56544,47.41522],[12.56517,47.41551],[12.56486,47.41553],[12.56456,47.41491]],[[12.56456,47.41491],[12.56466,47.41462],[12.56534,47.41432],[12.56709,47.41424],[12.56883,47.41439],[12.57202,47.41568],[12.57658,47.41716],[12.5771,47.41751],[12.57785,47.41755]],[[12.57785,47.41755],[12.57822,47.4176]],[[12.57822,47.4176],[12.59246,47.40199]],[[12.59246,47.40199],[12.59257,47.40191]],[[12.59257,47.40191],[12.59288,47.40201]],[[12.59288,47.40201],[12.59283,47.40233],[12.59329,47.40398],[12.59316,47.40545]],[[12.59316,47.40545],[12.59345,47.40618],[12.59421,47.40677],[12.59606,47.40884]],[[12.59629,47.40846],[12.59606,47.40884]],[[12.59629,47.40846],[12.60015,47.40882]],[[12.60015,47.40882],[12.60054,47.40882]],[[12.60054,47.40882],[12.60054,47.4086],[12.60116,47.40809],[12.60298,47.40732],[12.60818,47.40584],[12.61034,47.40557],[12.61247,47.40507],[12.61564,47.40403],[12.61633,47.40406],[12.61858,47.40251],[12.61956,47.40149],[12.6211,47.40087],[12.62395,47.40001],[12.6263,47.39892],[12.62923,47.39712],[12.63003,47.39656],[12.63054,47.39577],[12.63168,47.39509],[12.63316,47.39447],[12.63386,47.39399],[12.63407,47.39278],[12.63437,47.39236]],[[12.63437,47.39236],[12.63489,47.39229],[12.63547,47.39282]],[[12.63547,47.39282],[12.63581,47.39282],[12.63596,47.39302]],[[12.63596,47.39302],[12.63596,47.39305]],[[12.63596,47.39305],[12.61592,47.40379]],[[12.61592,47.40379],[12.61564,47.40403]],[[12.61564,47.40403],[12.61556,47.40381],[12.61576,47.4035],[12.6168,47.40328],[12.61724,47.40303],[12.61688,47.4028]],[[12.61688,47.4028],[12.60094,47.40878]],[[12.60054,47.40882],[12.60094,47.40878]],[[12.60054,47.40882],[12.60042,47.40905],[12.60005,47.40922],[12.59829,47.40965],[12.59747,47.40966],[12.59606,47.40884]],[[12.59606,47.40884],[12.59584,47.40902]],[[12.59584,47.40902],[12.59255,47.40142]],[[12.59255,47.40142],[12.59279,47.40132]],[[12.59279,47.40132],[12.59288,47.40201]],[[12.59288,47.40201],[12.59283,47.40233],[12.59329,47.40398],[12.59316,47.40545]],[[12.59316,47.40545],[12.59033,47.40751],[12.58968,47.40884],[12.5893,47.40913],[12.58877,47.41028],[12.58815,47.4105],[12.5873,47.40982],[12.58662,47.40958],[12.58627,47.40954],[12.58601,47.40977],[12.58548,47.41064],[12.58523,47.41208],[12.58546,47.41315],[12.58518,47.41368],[12.58347,47.4154],[12.58079,47.41688],[12.57995,47.41721],[12.57833,47.41721],[12.57785,47.41755]],[[12.57785,47.41755],[12.57822,47.4176]],[[12.57822,47.4176],[12.5685,47.41771]],[[12.56827,47.41755],[12.5685,47.41771]],[[12.56827,47.41755],[12.55235,47.42781]],[[12.55193,47.42782],[12.55235,47.42781]],[[12.55193,47.42782],[12.55211,47.42821],[12.55215,47.42896],[12.55156,47.43065],[12.55163,47.43087],[12.55434,47.43294],[12.55443,47.43322],[12.55431,47.43341],[12.55339,47.43367],[12.55523,47.4342],[12.55567,47.43477],[12.55726,47.43619],[12.55747,47.43689],[12.55717,47.43799],[12.55741,47.4395]],[[12.55741,47.4395],[12.55886,47.44293]],[[12.55886,47.44293],[12.55905,47.44337],[12.55945,47.44366]],[[12.55945,47.44366],[12.5611,47.44396],[12.56177,47.44418],[12.56239,47.44458],[12.56371,47.44502],[12.56395,47.44517],[12.56422,47.44627],[12.5645,47.44681]],[[12.5645,47.44681],[12.56559,47.448],[12.56598,47.44894],[12.56656,47.44965],[12.56691,47.45072]],[[12.56691,47.45072],[12.56576,47.45207]],[[12.56576,47.45207],[12.56491,47.45605]],[[12.56491,47.45605],[12.56473,47.45634],[12.56429,47.45837],[12.56368,47.45936],[12.55763,47.46293],[12.554,47.46466],[12.55138,47.46703]],[[12.55138,47.46703],[12.55113,47.46724]]]}},{"type":"Feature","properties":{"kind":"lift","difficulty":null,"name":"Schönleitenbahn I","aerialway":"gondola","osm":"way/26561944"},"geometry":{"type":"LineString","coordinates":[[12.67601,47.37883],[12.68304,47.39167]]}},{"type":"Feature","properties":{"kind":"lift","difficulty":null,"name":"Magic 6er (Bergeralm)","aerialway":"chair_lift","osm":"way/26561945"},"geometry":{"type":"LineString","coordinates":[[12.65949,47.39901],[12.67442,47.40421]]}},{"type":"Feature","properties":{"kind":"lift","difficulty":null,"name":"Schönleiten 6er","aerialway":"chair_lift","osm":"way/26561946"},"geometry":{"type":"LineString","coordinates":[[12.68302,47.39034],[12.68635,47.40079]]}},{"type":"Feature","properties":{"kind":"lift","difficulty":null,"name":"Polten 8er","aerialway":"chair_lift","osm":"way/26561947"},"geometry":{"type":"LineString","coordinates":[[12.69361,47.39733],[12.70165,47.40052]]}},{"type":"Feature","properties":{"kind":"lift","difficulty":null,"name":"Muldenbahn 8er","aerialway":"chair_lift","osm":"way/26561949"},"geometry":{"type":"LineString","coordinates":[[12.71385,47.40356],[12.70707,47.40533]]}},{"type":"Feature","properties":{"kind":"lift","difficulty":null,"name":"Asitzbahn I","aerialway":"gondola","osm":"way/26561950"},"geometry":{"type":"LineString","coordinates":[[12.71883,47.43925],[12.71393,47.42748]]}},{"type":"Feature","properties":{"kind":"lift","difficulty":null,"name":"Panorama 6er","aerialway":"chair_lift","osm":"way/29199055"},"geometry":{"type":"LineString","coordinates":[[12.64902,47.39859],[12.65581,47.40937]]}},{"type":"Feature","properties":{"kind":"lift","difficulty":null,"name":"Asitzgipfelbahn 8er","aerialway":"chair_lift","osm":"way/29877377"},"geometry":{"type":"LineString","coordinates":[[12.71862,47.4117],[12.70748,47.40577]]}},{"type":"Feature","properties":{"kind":"lift","difficulty":null,"name":"Hochalmbahn","aerialway":"gondola","osm":"way/29877378"},"geometry":{"type":"LineString","coordinates":[[12.56156,47.37543],[12.55377,47.38373]]}},{"type":"Feature","properties":{"kind":"lift","difficulty":null,"name":"Spieleck 6er","aerialway":"chair_lift","osm":"way/29877379"},"geometry":{"type":"LineString","coordinates":[[12.55337,47.38317],[12.53978,47.39417]]}},{"type":"Feature","properties":{"kind":"lift","difficulty":null,"name":"Bernkogelbahn","aerialway":"gondola","osm":"way/29877382"},"geometry":{"type":"LineString","coordinates":[[12.63596,47.39305],[12.61592,47.40379]]}},{"type":"Feature","properties":{"kind":"lift","difficulty":null,"name":"Bernkogel 6er","aerialway":"chair_lift","osm":"way/29877384"},"geometry":{"type":"LineString","coordinates":[[12.61688,47.4028],[12.60094,47.40878]]}},{"type":"Feature","properties":{"kind":"lift","difficulty":null,"name":"Reiter-Ost 6er","aerialway":"chair_lift","osm":"way/29877385"},"geometry":{"type":"LineString","coordinates":[[12.59584,47.40902],[12.59255,47.40142]]}},{"type":"Feature","properties":{"kind":"lift","difficulty":null,"name":"Sunliner 4er","aerialway":"chair_lift","osm":"way/29877386"},"geometry":{"type":"LineString","coordinates":[[12.60072,47.39052],[12.59296,47.40114]]}},{"type":"Feature","properties":{"kind":"lift","difficulty":null,"name":"Schattberg Sprinter","aerialway":"gondola","osm":"way/30004616"},"geometry":{"type":"LineString","coordinates":[[12.63032,47.36754],[12.62328,47.36454]]}},{"type":"Feature","properties":{"kind":"lift","difficulty":null,"name":"Westgipfelbahn I","aerialway":"gondola","osm":"way/30004633"},"geometry":{"type":"LineString","coordinates":[[12.59326,47.37286],[12.60504,47.36562]]}},{"type":"Feature","properties":{"kind":"lift","difficulty":null,"name":"Hasenauerbahn","aerialway":"chair_lift","osm":"way/30042265"},"geometry":{"type":"LineString","coordinates":[[12.59093,47.38924],[12.58388,47.3952]]}},{"type":"Feature","properties":{"kind":"lift","difficulty":null,"name":"Hochalm 6er","aerialway":"chair_lift","osm":"way/30042266"},"geometry":{"type":"LineString","coordinates":[[12.55588,47.38274],[12.55045,47.39705]]}},{"type":"Feature","properties":{"kind":"lift","difficulty":null,"name":"12er KOGELbahn 1","aerialway":"gondola","osm":"way/30042270"},"geometry":{"type":"LineString","coordinates":[[12.58927,47.37544],[12.58131,47.36311]]}},{"type":"Feature","properties":{"kind":"lift","difficulty":null,"name":"Zehner 6er","aerialway":"chair_lift","osm":"way/30042281"},"geometry":{"type":"LineString","coordinates":[[12.57851,47.34927],[12.56362,47.3561]]}},{"type":"Feature","properties":{"kind":"lift","difficulty":null,"name":"Turm 6er","aerialway":"chair_lift","osm":"way/30042713"},"geometry":{"type":"LineString","coordinates":[[12.63815,47.39197],[12.64049,47.39506]]}},{"type":"Feature","properties":{"kind":"lift","difficulty":null,"name":"Reiterkogelbahn I","aerialway":"gondola","osm":"way/30042764"},"geometry":{"type":"LineString","coordinates":[[12.59678,47.37952],[12.5891,47.38863]]}},{"type":"Feature","properties":{"kind":"lift","difficulty":null,"name":"Hochhörndl 4er","aerialway":"chair_lift","osm":"way/31990055"},"geometry":{"type":"LineString","coordinates":[[12.55854,47.42479],[12.54447,47.42746]]}},{"type":"Feature","properties":{"kind":"lift","difficulty":null,"name":"Reckmoos Süd","aerialway":"gondola","osm":"way/31990056"},"geometry":{"type":"LineString","coordinates":[[12.56827,47.41755],[12.55235,47.42781]]}},{"type":"Feature","properties":{"kind":"lift","difficulty":null,"name":"Rosswaldbahn","aerialway":"chair_lift","osm":"way/48507866"},"geometry":{"type":"LineString","coordinates":[[12.57091,47.38839],[12.57842,47.39229]]}},{"type":"Feature","properties":{"kind":"lift","difficulty":null,"name":"Filzenlift","aerialway":"platter","osm":"way/48507868"},"geometry":{"type":"LineString","coordinates":[[12.5913,47.38946],[12.5923,47.39221]]}},{"type":"Feature","properties":{"kind":"lift","difficulty":null,"name":"Seekarlift","aerialway":"t-bar","osm":"way/49435919"},"geometry":{"type":"LineString","coordinates":[[12.56442,47.34831],[12.54997,47.3475]]}},{"type":"Feature","properties":{"kind":"lift","difficulty":null,"name":"Kohlmaisbahn II","aerialway":"gondola","osm":"way/49435984"},"geometry":{"type":"LineString","coordinates":[[12.64633,47.4009],[12.65341,47.40996]]}},{"type":"Feature","properties":{"kind":"lift","difficulty":null,"name":"Westgipfelbahn II","aerialway":"gondola","osm":"way/52253331"},"geometry":{"type":"LineString","coordinates":[[12.60504,47.36562],[12.62246,47.36481]]}},{"type":"Feature","properties":{"kind":"lift","difficulty":null,"name":"12er KOGELbahn 2","aerialway":"gondola","osm":"way/52253332"},"geometry":{"type":"LineString","coordinates":[[12.58131,47.36311],[12.56947,47.36012]]}},{"type":"Feature","properties":{"kind":"lift","difficulty":null,"name":"Schönleitenbahn II","aerialway":"gondola","osm":"way/52253335"},"geometry":{"type":"LineString","coordinates":[[12.68304,47.39167],[12.6858,47.40106]]}},{"type":"Feature","properties":{"kind":"lift","difficulty":null,"name":"Schattberg X-Press I","aerialway":"gondola","osm":"way/91739594"},"geometry":{"type":"LineString","coordinates":[[12.63528,47.39031],[12.63292,47.3804]]}},{"type":"Feature","properties":{"kind":"lift","difficulty":null,"name":"Funparklift","aerialway":"platter","osm":"way/93220492"},"geometry":{"type":"LineString","coordinates":[[12.59398,47.37558],[12.5967,47.37389]]}},{"type":"Feature","properties":{"kind":"lift","difficulty":null,"name":"Oberschwarzachlift I","aerialway":"platter","osm":"way/93220496"},"geometry":{"type":"LineString","coordinates":[[12.59359,47.37463],[12.59567,47.3731]]}},{"type":"Feature","properties":{"kind":"lift","difficulty":null,"name":"Mitteregglift","aerialway":"t-bar","osm":"way/103906383"},"geometry":{"type":"LineString","coordinates":[[12.60694,47.38205],[12.60916,47.37866]]}},{"type":"Feature","properties":{"kind":"lift","difficulty":null,"name":"Schattberg X-Press II","aerialway":"gondola","osm":"way/143200349"},"geometry":{"type":"LineString","coordinates":[[12.63292,47.3804],[12.63799,47.36788]]}},{"type":"Feature","properties":{"kind":"lift","difficulty":null,"name":"Asitzkogelbahn","aerialway":"chair_lift","osm":"way/143200350"},"geometry":{"type":"LineString","coordinates":[[12.71311,47.40295],[12.70254,47.40209]]}},{"type":"Feature","properties":{"kind":"lift","difficulty":null,"name":"Almbahn","aerialway":"chair_lift","osm":"way/152256443"},"geometry":{"type":"LineString","coordinates":[[12.70821,47.43556],[12.71388,47.42763]]}},{"type":"Feature","properties":{"kind":"lift","difficulty":null,"name":"Bergfriedlift","aerialway":"t-bar","osm":"way/159103826"},"geometry":{"type":"LineString","coordinates":[[12.60025,47.37913],[12.60226,47.37418]]}},{"type":"Feature","properties":{"kind":"lift","difficulty":null,"name":"Unterschwarzachbahn","aerialway":"gondola","osm":"way/172452102"},"geometry":{"type":"LineString","coordinates":[[12.59443,47.37689],[12.60185,47.36955]]}},{"type":"Feature","properties":{"kind":"lift","difficulty":null,"name":"Übungslift Asitz","aerialway":"platter","osm":"way/204806058"},"geometry":{"type":"LineString","coordinates":[[12.71566,47.41308],[12.71467,47.41069]]}},{"type":"Feature","properties":{"kind":"lift","difficulty":null,"name":"Wetterkreuz 6er","aerialway":"chair_lift","osm":"way/208040594"},"geometry":{"type":"LineString","coordinates":[[12.59629,47.40846],[12.60015,47.40882]]}},{"type":"Feature","properties":{"kind":"lift","difficulty":null,"name":"Steinbergbahn II","aerialway":"gondola","osm":"way/306551380"},"geometry":{"type":"LineString","coordinates":[[12.73084,47.42047],[12.71504,47.4107]]}},{"type":"Feature","properties":{"kind":"lift","difficulty":null,"name":"TirolS I","aerialway":"gondola","osm":"way/347977345"},"geometry":{"type":"LineString","coordinates":[[12.57822,47.4176],[12.5685,47.41771]]}},{"type":"Feature","properties":{"kind":"lift","difficulty":null,"name":"12er Express","aerialway":"gondola","osm":"way/439694148"},"geometry":{"type":"LineString","coordinates":[[12.59339,47.37491],[12.59076,47.37384]]}},{"type":"Feature","properties":{"kind":"lift","difficulty":null,"name":"Übungslift Kreuzkapelle","aerialway":"rope_tow","osm":"way/440927019"},"geometry":{"type":"LineString","coordinates":[[12.63999,47.39019],[12.64042,47.39116]]}},{"type":"Feature","properties":{"kind":"lift","difficulty":null,"name":"Babylift Vorderglemm","aerialway":"rope_tow","osm":"way/440930214"},"geometry":{"type":"LineString","coordinates":[[12.67462,47.37989],[12.67495,47.3805]]}},{"type":"Feature","properties":{"kind":"lift","difficulty":null,"name":"Steinbergbahn I","aerialway":"gondola","osm":"way/463335913"},"geometry":{"type":"LineString","coordinates":[[12.7331,47.43955],[12.73084,47.42047]]}},{"type":"Feature","properties":{"kind":"lift","difficulty":null,"name":"Asitzbahn II","aerialway":"gondola","osm":"way/463340430"},"geometry":{"type":"LineString","coordinates":[[12.71393,47.42748],[12.71445,47.41079]]}},{"type":"Feature","properties":{"kind":"lift","difficulty":null,"name":"TirolS II","aerialway":"gondola","osm":"way/463343997"},"geometry":{"type":"LineString","coordinates":[[12.57822,47.4176],[12.59246,47.40199]]}},{"type":"Feature","properties":{"kind":"lift","difficulty":null,"name":"Oberschwarzachlift II","aerialway":"platter","osm":"way/642161979"},"geometry":{"type":"LineString","coordinates":[[12.59363,47.37466],[12.5957,47.37313]]}},{"type":"Feature","properties":{"kind":"lift","difficulty":null,"name":null,"aerialway":"magic_carpet","osm":"way/766070585"},"geometry":{"type":"LineString","coordinates":[[12.67496,47.37942],[12.67526,47.37938]]}},{"type":"Feature","properties":{"kind":"lift","difficulty":null,"name":null,"aerialway":"drag_lift","osm":"way/796312895"},"geometry":{"type":"LineString","coordinates":[[12.57613,47.35676],[12.57592,47.35773]]}},{"type":"Feature","properties":{"kind":"lift","difficulty":null,"name":"Limberg 8er","aerialway":"chair_lift","osm":"way/842492075"},"geometry":{"type":"LineString","coordinates":[[12.65307,47.36064],[12.6375,47.36742]]}},{"type":"Feature","properties":{"kind":"lift","difficulty":null,"name":"Kohlmaisbahn I","aerialway":"gondola","osm":"way/989835855"},"geometry":{"type":"LineString","coordinates":[[12.64018,47.39208],[12.64295,47.3959],[12.64633,47.4009]]}},{"type":"Feature","properties":{"kind":"lift","difficulty":null,"name":"12er NORD","aerialway":"gondola","osm":"way/1339474428"},"geometry":{"type":"LineString","coordinates":[[12.56295,47.37595],[12.56946,47.36072]]}},{"type":"Feature","properties":{"kind":"lift","difficulty":null,"name":"Wieshoflift","aerialway":"platter","osm":"way/1451046012"},"geometry":{"type":"LineString","coordinates":[[12.60343,47.38164],[12.60458,47.38047]]}},{"type":"Feature","properties":{"kind":"lift","difficulty":null,"name":"Förderband 2","aerialway":"magic_carpet","osm":"way/1547459469"},"geometry":{"type":"LineString","coordinates":[[12.71802,47.43843],[12.71759,47.43804]]}}]}