{"type":"FeatureCollection","features":[{"type":"Feature","properties":{"kind":"piste","difficulty":"easy","name":"Valfagehr","aerialway":null,"osm":"way/25649939"},"geometry":{"type":"LineString","coordinates":[[10.20651,47.14578],[10.20766,47.14623],[10.20784,47.14642],[10.20767,47.14693],[10.20703,47.14723],[10.20071,47.14684],[10.19806,47.14631],[10.19504,47.14608],[10.19254,47.14559],[10.19114,47.14514],[10.18944,47.14376],[10.18225,47.14206],[10.18178,47.14177],[10.1794,47.13966],[10.17931,47.13937],[10.17953,47.13894],[10.17968,47.13902]]}},{"type":"Feature","properties":{"kind":"piste","difficulty":"easy","name":"Valfagehr","aerialway":null,"osm":"way/25649942"},"geometry":{"type":"LineString","coordinates":[[10.21193,47.14862],[10.21189,47.14878],[10.21141,47.1488],[10.2106,47.14867],[10.20963,47.14787],[10.20871,47.14746],[10.20703,47.14723]]}},{"type":"Feature","properties":{"kind":"piste","difficulty":"easy","name":"Ulmer Hütte","aerialway":null,"osm":"way/25661754"},"geometry":{"type":"LineString","coordinates":[[10.20766,47.14623],[10.20828,47.14644],[10.20916,47.14638],[10.21175,47.14544],[10.21228,47.14512],[10.21323,47.1439],[10.21415,47.14328],[10.21822,47.14188],[10.21937,47.14129]]}},{"type":"Feature","properties":{"kind":"piste","difficulty":"easy","name":"Rauztobel","aerialway":null,"osm":"way/29711336"},"geometry":{"type":"LineString","coordinates":[[10.17927,47.13949],[10.17869,47.13897],[10.17728,47.13816],[10.17667,47.13803],[10.17561,47.13813]]}},{"type":"Feature","properties":{"kind":"piste","difficulty":"intermediate","name":"Sonnleiten","aerialway":null,"osm":"way/29711851"},"geometry":{"type":"LineString","coordinates":[[10.16893,47.11924],[10.16711,47.11948]]}},{"type":"Feature","properties":{"kind":"piste","difficulty":"intermediate","name":"Seelehang","aerialway":null,"osm":"way/29712112"},"geometry":{"type":"LineString","coordinates":[[10.17504,47.11992],[10.17491,47.11978],[10.17449,47.11993],[10.17367,47.11961],[10.17386,47.12031],[10.17383,47.12103]]}},{"type":"Feature","properties":{"kind":"piste","difficulty":"intermediate","name":"Seelehang","aerialway":null,"osm":"way/29712220"},"geometry":{"type":"LineString","coordinates":[[10.17383,47.12103],[10.17376,47.12161],[10.17207,47.12193],[10.16843,47.12407],[10.16817,47.12475],[10.16803,47.12605],[10.1676,47.12727],[10.16708,47.12781],[10.16614,47.12847],[10.16704,47.12939],[10.16865,47.12962],[10.16875,47.12975],[10.16857,47.12995]]}},{"type":"Feature","properties":{"kind":"piste","difficulty":"easy","name":"Mittelstation - Rauz - Stuben","aerialway":null,"osm":"way/29712319"},"geometry":{"type":"LineString","coordinates":[[10.16926,47.13072],[10.1713,47.13134],[10.17147,47.13151],[10.17154,47.13191],[10.17299,47.13264],[10.17593,47.13342],[10.17765,47.13343],[10.17864,47.13366],[10.17879,47.13437],[10.17872,47.13453],[10.17789,47.13487],[10.17711,47.13501],[10.17694,47.1352],[10.17887,47.13618],[10.17965,47.13669],[10.18001,47.13717]]}},{"type":"Feature","properties":{"kind":"piste","difficulty":"easy","name":"Rauztobel","aerialway":null,"osm":"way/29712499"},"geometry":{"type":"LineString","coordinates":[[10.17561,47.13813],[10.17492,47.13789],[10.174,47.13809],[10.17301,47.13812],[10.17012,47.1377],[10.16871,47.1373],[10.16737,47.13732],[10.16639,47.13704],[10.16505,47.13702],[10.16283,47.13739],[10.16152,47.13729],[10.16078,47.13736],[10.15993,47.13755],[10.15986,47.13765],[10.15999,47.13774]]}},{"type":"Feature","properties":{"kind":"piste","difficulty":"easy","name":"Mittelstation - Rauz - Stuben","aerialway":null,"osm":"way/29712517"},"geometry":{"type":"LineString","coordinates":[[10.18001,47.13717],[10.1801,47.13813]]}},{"type":"Feature","properties":{"kind":"piste","difficulty":"easy","name":"Arlenmähder","aerialway":null,"osm":"way/31776221"},"geometry":{"type":"LineString","coordinates":[[10.21159,47.13805],[10.21024,47.13824],[10.21001,47.13814],[10.20985,47.13779],[10.21008,47.13609],[10.21092,47.13591]]}},{"type":"Feature","properties":{"kind":"piste","difficulty":"intermediate","name":"Skiroute - Schindlerkar","aerialway":null,"osm":"way/31776783"},"geometry":{"type":"LineString","coordinates":[[10.22194,47.15244],[10.22269,47.15263],[10.22592,47.15161],[10.22722,47.14981],[10.22775,47.14845],[10.22787,47.14761],[10.22758,47.14698],[10.22705,47.14644],[10.22566,47.1454],[10.22499,47.1452],[10.22448,47.14481],[10.22312,47.14453],[10.22213,47.14467],[10.22068,47.14426],[10.21931,47.14362],[10.21839,47.14258],[10.21822,47.14188]]}},{"type":"Feature","properties":{"kind":"piste","difficulty":"easy","name":"Valfagehr","aerialway":null,"osm":"way/31777039"},"geometry":{"type":"LineString","coordinates":[[10.17953,47.13894],[10.17976,47.1384],[10.18017,47.13839]]}},{"type":"Feature","properties":{"kind":"piste","difficulty":"advanced","name":"Skiroute - Mattunjoch","aerialway":null,"osm":"way/48199771"},"geometry":{"type":"LineString","coordinates":[[10.22438,47.15356],[10.22479,47.15311],[10.22695,47.15226],[10.2286,47.15216],[10.23209,47.15166],[10.2329,47.15143],[10.23404,47.15088],[10.2344,47.15048],[10.23568,47.15021],[10.23621,47.14992],[10.23703,47.14913],[10.23732,47.14855],[10.23764,47.14593],[10.23801,47.14496],[10.24202,47.14234],[10.24222,47.14174],[10.24218,47.14066]]}},{"type":"Feature","properties":{"kind":"piste","difficulty":"easy","name":"Ulmer Hütte","aerialway":null,"osm":"way/48199772"},"geometry":{"type":"LineString","coordinates":[[10.20871,47.14746],[10.20853,47.14723],[10.2085,47.14671]]}},{"type":"Feature","properties":{"kind":"piste","difficulty":"intermediate","name":"Valfagehrjoch","aerialway":null,"osm":"way/48199775"},"geometry":{"type":"LineString","coordinates":[[10.22448,47.1537],[10.22438,47.15356],[10.22451,47.15328],[10.22418,47.15294],[10.22269,47.15263],[10.22182,47.15282]]}},{"type":"Feature","properties":{"kind":"piste","difficulty":"intermediate","name":"Valfagehrjoch","aerialway":null,"osm":"way/54255149"},"geometry":{"type":"LineString","coordinates":[[10.22188,47.14993],[10.2218,47.15024],[10.22194,47.15244],[10.22182,47.15282],[10.22161,47.15286],[10.22018,47.15247],[10.21815,47.1524],[10.21725,47.15221],[10.21577,47.15145],[10.21495,47.15087],[10.21458,47.15019],[10.21417,47.14989],[10.21307,47.14945],[10.21212,47.14881],[10.21189,47.14878]]}},{"type":"Feature","properties":{"kind":"piste","difficulty":"intermediate","name":"Mittelstation - Rauz - Stuben","aerialway":null,"osm":"way/92113113"},"geometry":{"type":"LineString","coordinates":[[10.17194,47.13012],[10.17206,47.1304],[10.17397,47.13164],[10.17589,47.13227],[10.1768,47.13276],[10.17848,47.1334],[10.17864,47.13366]]}},{"type":"Feature","properties":{"kind":"piste","difficulty":"intermediate","name":"Pfannenbach","aerialway":null,"osm":"way/92503889"},"geometry":{"type":"LineString","coordinates":[[10.20875,47.14644],[10.20927,47.1457],[10.21057,47.14454],[10.2106,47.14346],[10.2108,47.14307],[10.21127,47.14273],[10.21167,47.14221],[10.21331,47.1414],[10.21315,47.14068],[10.21284,47.14024],[10.21247,47.14009],[10.21138,47.14002],[10.21027,47.13917],[10.20995,47.13807]]}},{"type":"Feature","properties":{"kind":"piste","difficulty":"advanced","name":"Skiroute 101 - Pfannenköpfe","aerialway":null,"osm":"way/92734979"},"geometry":{"type":"LineString","coordinates":[[10.20676,47.14586],[10.20678,47.14568],[10.20642,47.14544],[10.2058,47.14564],[10.20469,47.14531],[10.20395,47.14523],[10.20329,47.14473]]}},{"type":"Feature","properties":{"kind":"piste","difficulty":"easy","name":"Rauztobel","aerialway":null,"osm":"way/92734984"},"geometry":{"type":"LineString","coordinates":[[10.17723,47.13499],[10.17587,47.13513],[10.17505,47.13546],[10.17499,47.1358],[10.17548,47.13637],[10.17629,47.1371],[10.17695,47.13731],[10.17492,47.13789]]}},{"type":"Feature","properties":{"kind":"piste","difficulty":"intermediate","name":null,"aerialway":null,"osm":"way/92734986"},"geometry":{"type":"LineString","coordinates":[[10.16511,47.13114],[10.16418,47.13194],[10.16425,47.13227],[10.16501,47.13251],[10.16504,47.13264],[10.16353,47.13281],[10.16321,47.13295],[10.16294,47.13324],[10.1632,47.13397],[10.16318,47.13423],[10.16277,47.13407],[10.16219,47.13419],[10.16212,47.13434],[10.16236,47.13466],[10.16118,47.13453],[10.16134,47.13503],[10.16215,47.13565],[10.16301,47.13556],[10.1638,47.13568],[10.16489,47.13609],[10.16321,47.13628],[10.16322,47.13639],[10.16403,47.13672],[10.16257,47.13675],[10.16293,47.13696],[10.16401,47.13722]]}},{"type":"Feature","properties":{"kind":"piste","difficulty":"intermediate","name":null,"aerialway":null,"osm":"way/92734994"},"geometry":{"type":"LineString","coordinates":[[10.17259,47.13247],[10.17043,47.1326],[10.1683,47.13237],[10.16615,47.13264],[10.16499,47.13265]]}},{"type":"Feature","properties":{"kind":"piste","difficulty":"easy","name":"Mittelstation - Rauz - Stuben","aerialway":null,"osm":"way/92734995"},"geometry":{"type":"LineString","coordinates":[[10.17358,47.13141],[10.17306,47.13155],[10.17194,47.1314],[10.1716,47.13149],[10.17149,47.13169]]}},{"type":"Feature","properties":{"kind":"piste","difficulty":"intermediate","name":"Albona-Direkte","aerialway":null,"osm":"way/92735005"},"geometry":{"type":"LineString","coordinates":[[10.17383,47.12103],[10.17551,47.12188],[10.17566,47.12206],[10.17511,47.1239],[10.1748,47.12402],[10.17326,47.12407],[10.17165,47.12437],[10.17008,47.12422],[10.16949,47.12484],[10.16953,47.12533],[10.16987,47.12582],[10.1704,47.12633],[10.17126,47.12671],[10.17147,47.12772],[10.17201,47.12805],[10.17261,47.12871],[10.1724,47.12904],[10.1714,47.12964],[10.17139,47.12988]]}},{"type":"Feature","properties":{"kind":"piste","difficulty":"easy","name":"Innere Schweinströge","aerialway":null,"osm":"way/100855757"},"geometry":{"type":"LineString","coordinates":[[10.21565,47.14158],[10.21405,47.14163],[10.21331,47.1414]]}},{"type":"Feature","properties":{"kind":"piste","difficulty":"intermediate","name":"Skiroute - Schindlerhänge","aerialway":null,"osm":"way/100855771"},"geometry":{"type":"LineString","coordinates":[[10.21189,47.14878],[10.21244,47.14876],[10.21316,47.1485],[10.21378,47.14783],[10.21435,47.14753],[10.2142,47.14691],[10.21298,47.14524],[10.21271,47.14451]]}},{"type":"Feature","properties":{"kind":"piste","difficulty":"intermediate","name":"Vallugagrat","aerialway":null,"osm":"way/156122803"},"geometry":{"type":"LineString","coordinates":[[10.21313,47.15472],[10.21334,47.15479]]}},{"type":"Feature","properties":{"kind":"piste","difficulty":"advanced","name":null,"aerialway":null,"osm":"way/182013016"},"geometry":{"type":"LineString","coordinates":[[10.20329,47.14473],[10.20042,47.14394],[10.19859,47.14365],[10.19764,47.14377],[10.19744,47.14337],[10.19713,47.14321],[10.19692,47.14324],[10.19465,47.14256],[10.1935,47.14256],[10.1925,47.14279],[10.19109,47.14243],[10.19036,47.14239],[10.18956,47.14207],[10.18783,47.14252],[10.18706,47.14244],[10.18139,47.14046],[10.18051,47.13981],[10.18036,47.13961],[10.18027,47.13906]]}},{"type":"Feature","properties":{"kind":"piste","difficulty":"intermediate","name":"Skiroute - Schindlerkar","aerialway":null,"osm":"way/197101481"},"geometry":{"type":"LineString","coordinates":[[10.22186,47.15079],[10.22201,47.15093],[10.22288,47.15049],[10.22396,47.1511],[10.22454,47.15162],[10.2255,47.15178]]}},{"type":"Feature","properties":{"kind":"piste","difficulty":"intermediate","name":"Vallugagrat","aerialway":null,"osm":"way/216147027"},"geometry":{"type":"LineString","coordinates":[[10.21324,47.15478],[10.21344,47.15462]]}},{"type":"Feature","properties":{"kind":"piste","difficulty":"freeride","name":"Albona Nord","aerialway":null,"osm":"way/255960744"},"geometry":{"type":"LineString","coordinates":[[10.16544,47.12015],[10.16401,47.12244],[10.16364,47.12337],[10.16358,47.12422],[10.16385,47.12604],[10.1639,47.12738],[10.16373,47.12769],[10.16266,47.12863],[10.16082,47.12985],[10.15999,47.13059],[10.15911,47.13103],[10.15803,47.13279],[10.15635,47.13492],[10.15616,47.13547],[10.15614,47.1362],[10.15668,47.13695],[10.15743,47.13741],[10.15812,47.1382]]}},{"type":"Feature","properties":{"kind":"piste","difficulty":"freeride","name":"Albona Nord","aerialway":null,"osm":"way/255960780"},"geometry":{"type":"LineString","coordinates":[[10.16544,47.12015],[10.1617,47.12032],[10.16216,47.12085],[10.16304,47.12237],[10.16361,47.12382]]}},{"type":"Feature","properties":{"kind":"piste","difficulty":"intermediate","name":"Vallugagrat","aerialway":null,"osm":"way/433463381"},"geometry":{"type":"LineString","coordinates":[[10.21334,47.15479],[10.21302,47.15514],[10.21321,47.15526],[10.2151,47.15521],[10.21664,47.1554],[10.2192,47.15541],[10.22071,47.15564],[10.22108,47.15603],[10.22196,47.15654],[10.22279,47.15723]]}},{"type":"Feature","properties":{"kind":"piste","difficulty":"intermediate","name":"Sonnleiten","aerialway":null,"osm":"way/481615667"},"geometry":{"type":"LineString","coordinates":[[10.16958,47.11923],[10.16822,47.11921],[10.16793,47.11906],[10.16795,47.11879]]}},{"type":"Feature","properties":{"kind":"piste","difficulty":"easy","name":"Valfagehr","aerialway":null,"osm":"way/481818313"},"geometry":{"type":"LineString","coordinates":[[10.17937,47.13883],[10.17953,47.13894]]}},{"type":"Feature","properties":{"kind":"piste","difficulty":"easy","name":null,"aerialway":null,"osm":"way/481818314"},"geometry":{"type":"LineString","coordinates":[[10.18017,47.13839],[10.18056,47.13831]]}},{"type":"Feature","properties":{"kind":"piste","difficulty":"easy","name":"Valfagehr","aerialway":null,"osm":"way/552249083"},"geometry":{"type":"LineString","coordinates":[[10.17974,47.13843],[10.1797,47.13822]]}},{"type":"Feature","properties":{"kind":"piste","difficulty":"easy","name":"Valfagehr","aerialway":null,"osm":"way/552249085"},"geometry":{"type":"LineString","coordinates":[[10.1801,47.13813],[10.1801,47.13832],[10.1797,47.13822]]}},{"type":"Feature","properties":{"kind":"piste","difficulty":"easy","name":"Valfagehr","aerialway":null,"osm":"way/570559612"},"geometry":{"type":"LineString","coordinates":[[10.17968,47.13902],[10.18072,47.13913]]}},{"type":"Feature","properties":{"kind":"piste","difficulty":"freeride","name":"Star Wars","aerialway":null,"osm":"way/581000067"},"geometry":{"type":"LineString","coordinates":[[10.17491,47.11978],[10.17629,47.11976],[10.17671,47.12007],[10.17703,47.12056],[10.17727,47.12209],[10.17683,47.12288],[10.17685,47.12317],[10.1776,47.12352],[10.17824,47.12366],[10.17957,47.1248],[10.1797,47.12567],[10.18007,47.12654],[10.17999,47.12732],[10.1794,47.12927],[10.18023,47.13222],[10.18018,47.13342],[10.17947,47.1343],[10.17858,47.1346]]}},{"type":"Feature","properties":{"kind":"piste","difficulty":"freeride","name":"Schindlerrinnen","aerialway":null,"osm":"way/582173902"},"geometry":{"type":"LineString","coordinates":[[10.22187,47.15113],[10.21864,47.15077],[10.21668,47.1501],[10.21417,47.14989]]}},{"type":"Feature","properties":{"kind":"piste","difficulty":"freeride","name":"Schindlerrinnen","aerialway":null,"osm":"way/582173905"},"geometry":{"type":"LineString","coordinates":[[10.21668,47.1501],[10.21558,47.1496],[10.21514,47.14907],[10.21525,47.14836],[10.21492,47.14785],[10.21435,47.14753]]}},{"type":"Feature","properties":{"kind":"piste","difficulty":"freeride","name":"Pfanne","aerialway":null,"osm":"way/582173908"},"geometry":{"type":"LineString","coordinates":[[10.20642,47.14544],[10.20603,47.14514],[10.20602,47.14479],[10.20622,47.14463],[10.20614,47.14437],[10.2066,47.14376],[10.20703,47.14268],[10.20686,47.14157],[10.20625,47.14089],[10.20628,47.14058],[10.20593,47.13987],[10.20535,47.13918],[10.20528,47.13875],[10.20437,47.13785],[10.20314,47.13691],[10.20243,47.13662],[10.20011,47.13645],[10.19766,47.13685],[10.189,47.13741],[10.18778,47.13762],[10.1847,47.13847],[10.18333,47.13846],[10.18183,47.13821]]}},{"type":"Feature","properties":{"kind":"piste","difficulty":"freeride","name":"Rauzmähder","aerialway":null,"osm":"way/582173913"},"geometry":{"type":"LineString","coordinates":[[10.19141,47.14528],[10.1877,47.14453],[10.18519,47.14365],[10.18048,47.14293],[10.17892,47.14244],[10.17823,47.14212],[10.17754,47.14148],[10.17659,47.13988],[10.17578,47.13813]]}},{"type":"Feature","properties":{"kind":"piste","difficulty":"freeride","name":"Knödel","aerialway":null,"osm":"way/582232441"},"geometry":{"type":"LineString","coordinates":[[10.18082,47.11787],[10.18239,47.1192],[10.1833,47.12084],[10.18334,47.12158],[10.1844,47.12191],[10.18444,47.12257],[10.1848,47.12353],[10.18512,47.1239],[10.18584,47.12413],[10.18584,47.12448],[10.18529,47.12595],[10.18439,47.1276],[10.18381,47.12905],[10.18327,47.1316],[10.18171,47.13294],[10.18018,47.13342]]}},{"type":"Feature","properties":{"kind":"piste","difficulty":"freeride","name":"Knödel - Alpe Rauz","aerialway":null,"osm":"way/582232445"},"geometry":{"type":"LineString","coordinates":[[10.18018,47.13342],[10.18066,47.13572],[10.18001,47.13717]]}},{"type":"Feature","properties":{"kind":"piste","difficulty":"freeride","name":"Geißleger","aerialway":null,"osm":"way/582349423"},"geometry":{"type":"LineString","coordinates":[[10.1617,47.12032],[10.15611,47.12031],[10.15448,47.1205],[10.15358,47.1207],[10.15309,47.12098],[10.15247,47.12206],[10.15236,47.12336],[10.15186,47.12497],[10.15219,47.12606],[10.15562,47.12892],[10.15871,47.13069],[10.15911,47.13103]]}},{"type":"Feature","properties":{"kind":"piste","difficulty":"unknown","name":"Valluga West Variante","aerialway":null,"osm":"way/582583983"},"geometry":{"type":"LineString","coordinates":[[10.21301,47.15757],[10.21349,47.15756],[10.21265,47.15734],[10.21258,47.15705],[10.21147,47.15594],[10.21043,47.15536],[10.20946,47.15523],[10.20814,47.15557],[10.20788,47.15585],[10.20789,47.15612],[10.20773,47.15633],[10.20464,47.15705],[10.20411,47.1574],[10.20387,47.15777]]}},{"type":"Feature","properties":{"kind":"piste","difficulty":"intermediate","name":"Skiroute - Knoppenkar","aerialway":null,"osm":"way/583657859"},"geometry":{"type":"LineString","coordinates":[[10.22448,47.1537],[10.22475,47.15364],[10.22452,47.15445],[10.22248,47.15474],[10.22059,47.15561]]}},{"type":"Feature","properties":{"kind":"piste","difficulty":"intermediate","name":null,"aerialway":null,"osm":"way/759012014"},"geometry":{"type":"LineString","coordinates":[[10.22399,47.15366],[10.22438,47.15356]]}},{"type":"Feature","properties":{"kind":"piste","difficulty":"easy","name":"Innere Schweinströge","aerialway":null,"osm":"way/760021921"},"geometry":{"type":"LineString","coordinates":[[10.21331,47.1414],[10.21415,47.14062],[10.21509,47.14028],[10.21601,47.13976]]}},{"type":"Feature","properties":{"kind":"piste","difficulty":"intermediate","name":"Direktzufahrt Albona","aerialway":null,"osm":"way/1124199663"},"geometry":{"type":"LineString","coordinates":[[10.18326,47.14234],[10.18225,47.1404],[10.18195,47.13905],[10.18138,47.13864],[10.18055,47.13853],[10.18028,47.13833]]}},{"type":"Feature","properties":{"kind":"piste","difficulty":"easy","name":null,"aerialway":null,"osm":"way/1235825805"},"geometry":{"type":"LineString","coordinates":[[10.17027,47.13149],[10.17066,47.13116]]}},{"type":"Feature","properties":{"kind":"piste","difficulty":"easy","name":"Rauztobel","aerialway":null,"osm":"way/1235825806"},"geometry":{"type":"LineString","coordinates":[[10.17953,47.13894],[10.1786,47.13891]]}},{"type":"Feature","properties":{"kind":"piste","difficulty":"intermediate","name":null,"aerialway":null,"osm":"way/1381841123"},"geometry":{"type":"LineString","coordinates":[[10.21347,47.1547],[10.21314,47.15503],[10.21315,47.15518],[10.21515,47.15512],[10.21681,47.15536],[10.2179,47.15528],[10.2206,47.15553],[10.22087,47.15562],[10.22125,47.15608],[10.22208,47.15651],[10.22279,47.15723],[10.22242,47.15708],[10.22191,47.1566],[10.22046,47.15563],[10.21947,47.15548],[10.21644,47.15548],[10.21494,47.1553],[10.21321,47.15536],[10.213,47.15526],[10.21298,47.15509],[10.21315,47.15482],[10.21347,47.1547]]}},{"type":"Feature","properties":{"kind":"piste","difficulty":"intermediate","name":null,"aerialway":null,"osm":"way/1381847401"},"geometry":{"type":"LineString","coordinates":[[10.22448,47.1537],[10.22414,47.15371],[10.22408,47.1536],[10.22437,47.15328],[10.22437,47.15312],[10.22411,47.15296],[10.22256,47.15275],[10.22155,47.15302],[10.22074,47.15273],[10.21728,47.15248],[10.21482,47.15099],[10.2142,47.15003],[10.21345,47.14962],[10.21267,47.14947],[10.21266,47.14927],[10.21188,47.14883],[10.21189,47.14869],[10.21485,47.1502],[10.21509,47.1507],[10.21587,47.15137],[10.21821,47.15223],[10.22,47.15217],[10.2214,47.15269],[10.22167,47.15268],[10.22179,47.15188],[10.22171,47.15031],[10.2218,47.15024],[10.22191,47.15035],[10.22207,47.15191],[10.22288,47.15253],[10.22574,47.15155],[10.22702,47.14973],[10.2275,47.14851],[10.22763,47.14746],[10.22755,47.14708],[10.22554,47.14538],[10.22494,47.14522],[10.22441,47.14481],[10.22312,47.14456],[10.22219,47.14472],[10.21945,47.14381],[10.21823,47.14264],[10.21802,47.1422],[10.21899,47.14174],[10.21852,47.1425],[10.2194,47.14361],[10.21966,47.14378],[10.22064,47.14422],[10.22214,47.14465],[10.22298,47.14448],[10.22452,47.14477],[10.22486,47.14511],[10.22591,47.1455],[10.22717,47.14641],[10.22796,47.14742],[10.22805,47.14769],[10.22798,47.14832],[10.22745,47.1498],[10.22621,47.15166],[10.22576,47.15187],[10.2241,47.15217],[10.22298,47.15258],[10.22443,47.15301],[10.22466,47.15333],[10.22448,47.1537]]}},{"type":"Feature","properties":{"kind":"piste","difficulty":"easy","name":"Valfagehr","aerialway":null,"osm":"way/1385037716"},"geometry":{"type":"LineString","coordinates":[[10.17969,47.13902],[10.17992,47.13878]]}},{"type":"Feature","properties":{"kind":"piste","difficulty":"easy","name":"Valfagehr","aerialway":null,"osm":"way/1385037718"},"geometry":{"type":"LineString","coordinates":[[10.18026,47.13894],[10.18021,47.13905]]}},{"type":"Feature","properties":{"kind":"piste","difficulty":"easy","name":"Mittelstation - Rauz - Stuben","aerialway":null,"osm":"way/1385099880"},"geometry":{"type":"LineString","coordinates":[[10.17227,47.13142],[10.17104,47.1313],[10.17027,47.13149]]}},{"type":"Feature","properties":{"kind":"piste","difficulty":"intermediate","name":"Mittelstation - Rauz - Stuben","aerialway":null,"osm":"way/1385389978"},"geometry":{"type":"LineString","coordinates":[[10.17139,47.12988],[10.17194,47.13012]]}},{"type":"Feature","properties":{"kind":"piste","difficulty":"intermediate","name":"Albona-Direkte","aerialway":null,"osm":"way/1385392055"},"geometry":{"type":"LineString","coordinates":[[10.17028,47.12304],[10.17012,47.12352],[10.17029,47.12395],[10.17002,47.12424]]}},{"type":"Feature","properties":{"kind":"piste","difficulty":"intermediate","name":"Sonnleiten","aerialway":null,"osm":"way/1385470253"},"geometry":{"type":"LineString","coordinates":[[10.16711,47.11948],[10.1679,47.11887]]}},{"type":"Feature","properties":{"kind":"piste","difficulty":"intermediate","name":"Sonnleiten","aerialway":null,"osm":"way/1385470254"},"geometry":{"type":"LineString","coordinates":[[10.16711,47.11948],[10.16601,47.12014]]}},{"type":"Feature","properties":{"kind":"piste","difficulty":"intermediate","name":null,"aerialway":null,"osm":"way/1394494054"},"geometry":{"type":"LineString","coordinates":[[10.16857,47.12995],[10.16849,47.13012],[10.16916,47.13056],[10.16921,47.13077],[10.16804,47.13046],[10.16624,47.13048],[10.16544,47.13067],[10.16511,47.13114]]}},{"type":"Feature","properties":{"kind":"piste","difficulty":"intermediate","name":null,"aerialway":null,"osm":"way/1394494055"},"geometry":{"type":"LineString","coordinates":[[10.17139,47.12988],[10.17088,47.12955],[10.16965,47.12937],[10.16874,47.12972]]}},{"type":"Feature","properties":{"kind":"piste","difficulty":"easy","name":"Ulmer Hütte","aerialway":null,"osm":"way/1447083918"},"geometry":{"type":"LineString","coordinates":[[10.2085,47.14671],[10.20875,47.14644]]}},{"type":"Feature","properties":{"kind":"piste","difficulty":"freeride","name":"Schweinströge","aerialway":null,"osm":"way/1453135100"},"geometry":{"type":"LineString","coordinates":[[10.22183,47.15019],[10.22177,47.14946],[10.22118,47.14909],[10.22009,47.14791],[10.21902,47.14712],[10.21879,47.14644],[10.21921,47.14575],[10.22031,47.14501],[10.22072,47.14427]]}},{"type":"Feature","properties":{"kind":"piste","difficulty":"easy","name":"Valfagehr","aerialway":null,"osm":"way/1461952921"},"geometry":{"type":"LineString","coordinates":[[10.21307,47.14945],[10.21123,47.14913],[10.2106,47.14867]]}},{"type":"Feature","properties":{"kind":"piste","difficulty":"easy","name":null,"aerialway":null,"osm":"relation/9921601"},"geometry":{"type":"MultiLineString","coordinates":[[[10.15875,47.14027],[10.1592,47.14086],[10.15905,47.14232],[10.15879,47.14329],[10.15831,47.14372],[10.15807,47.14294],[10.15797,47.14181],[10.15723,47.14153],[10.15705,47.14115],[10.15717,47.14133],[10.15795,47.14165],[10.15793,47.14051],[10.15835,47.14045],[10.1586,47.14009],[10.15875,47.14027]],[[10.17616,47.13814],[10.17711,47.13818],[10.17877,47.13915],[10.17972,47.1402],[10.18152,47.14174],[10.1825,47.14232],[10.18943,47.14394],[10.19107,47.14529],[10.19213,47.14574],[10.19456,47.14618],[10.19769,47.14642],[10.20089,47.1471],[10.20707,47.14743],[10.20841,47.14763],[10.20949,47.148],[10.21061,47.14887],[10.21134,47.14926],[10.21267,47.14947],[10.21271,47.14936],[10.21166,47.14921],[10.2109,47.14891],[10.21188,47.14883],[10.21189,47.14869],[10.21089,47.14864],[10.20969,47.14772],[10.20876,47.14721],[10.20862,47.14672],[10.21223,47.14537],[10.21289,47.14453],[10.21444,47.14326],[10.21713,47.1427],[10.2197,47.1413],[10.22176,47.14095],[10.22476,47.14083],[10.22648,47.13969],[10.22879,47.13914],[10.22981,47.13922],[10.23258,47.13898],[10.23608,47.13898],[10.237,47.13878],[10.23812,47.13876],[10.24063,47.13837],[10.24181,47.13781],[10.24318,47.13759],[10.24422,47.13765],[10.2445,47.13752],[10.24467,47.13713],[10.2457,47.13699],[10.24777,47.13635],[10.24992,47.13633],[10.25107,47.13666],[10.25135,47.13745],[10.25021,47.13746],[10.24925,47.13726],[10.24864,47.13751],[10.24879,47.13954],[10.24913,47.13982],[10.25065,47.13969],[10.25128,47.13974],[10.2513,47.13986],[10.24881,47.14099],[10.24878,47.14184],[10.24911,47.14341],[10.24926,47.14372],[10.25022,47.14427],[10.25254,47.14447],[10.25352,47.14476],[10.25363,47.14508],[10.25345,47.14567],[10.253,47.14604],[10.25043,47.14632],[10.24969,47.14665],[10.24907,47.14723],[10.24864,47.14836],[10.24914,47.1482],[10.24966,47.14723],[10.25027,47.14685],[10.25177,47.14643],[10.2533,47.1464],[10.25364,47.14626],[10.25399,47.14513],[10.25385,47.14474],[10.25336,47.14456],[10.25047,47.14414],[10.25047,47.14264],[10.25018,47.14253],[10.25008,47.142],[10.25014,47.14114],[10.25191,47.14042],[10.25226,47.1401],[10.25229,47.13978],[10.25194,47.13965],[10.24994,47.13968],[10.25029,47.13913],[10.25242,47.13759],[10.25324,47.13744],[10.25402,47.13674],[10.2539,47.13646],[10.25427,47.13581],[10.25667,47.13559],[10.2566,47.13671],[10.25703,47.13702],[10.25707,47.13742],[10.25717,47.13743],[10.25705,47.13692],[10.25667,47.13663],[10.25673,47.13598],[10.25706,47.13531],[10.25701,47.13515],[10.25657,47.1349],[10.25506,47.13507],[10.25391,47.13542],[10.25212,47.13649],[10.25025,47.13614],[10.24876,47.13611],[10.24831,47.13586],[10.24824,47.13565],[10.24983,47.13493],[10.25054,47.13442],[10.25141,47.13428],[10.25191,47.134],[10.25019,47.13349],[10.24763,47.13389],[10.24609,47.13449],[10.24605,47.13473],[10.24575,47.13485],[10.24558,47.13508],[10.24513,47.13515],[10.24426,47.13612],[10.24362,47.13656],[10.24347,47.13654],[10.24339,47.13628],[10.24377,47.13575],[10.24393,47.13491],[10.24415,47.13464],[10.24374,47.13452],[10.24369,47.1344],[10.24387,47.13375],[10.24438,47.13347],[10.24585,47.13151],[10.24648,47.13127],[10.24872,47.12974],[10.24886,47.12959],[10.24876,47.12919],[10.24894,47.12889],[10.24928,47.12879],[10.25042,47.12889],[10.25188,47.12927],[10.25326,47.12913],[10.25575,47.12915],[10.25596,47.12926],[10.25659,47.12887],[10.25741,47.12865],[10.26057,47.12868],[10.26236,47.12999],[10.26252,47.13061],[10.26191,47.13144],[10.26185,47.13171],[10.2632,47.13335],[10.2629,47.1338],[10.2627,47.1339],[10.26261,47.13354],[10.26194,47.13336],[10.25939,47.13225],[10.25917,47.13231],[10.26134,47.13311],[10.26189,47.13344],[10.26253,47.13359],[10.26274,47.13413],[10.26332,47.13407],[10.26379,47.13363],[10.26339,47.13304],[10.26267,47.13252],[10.26205,47.13174],[10.26207,47.13154],[10.26251,47.13093],[10.26517,47.13208],[10.26574,47.13367],[10.26718,47.13472],[10.26684,47.1347],[10.26511,47.13389],[10.26499,47.13394],[10.26704,47.1351],[10.27199,47.13526],[10.2729,47.13483],[10.27284,47.13453],[10.27305,47.13443],[10.27275,47.13444],[10.2727,47.13473],[10.27175,47.13497],[10.27183,47.13481],[10.27172,47.13468],[10.27045,47.13459],[10.2698,47.13407],[10.26921,47.13415],[10.26802,47.13457],[10.26755,47.13348],[10.26665,47.13274],[10.26688,47.13213],[10.26642,47.13204],[10.26562,47.13158],[10.26498,47.13148],[10.2648,47.13068],[10.26437,47.12992],[10.26448,47.12974],[10.26393,47.12927],[10.26326,47.12834],[10.26243,47.12825],[10.26241,47.12809],[10.26288,47.12804],[10.26265,47.12792],[10.26219,47.12803],[10.26119,47.1279],[10.2603,47.128],[10.25861,47.12778],[10.25712,47.12799],[10.25599,47.12778],[10.25512,47.12782],[10.25405,47.12798],[10.25276,47.12902],[10.25198,47.1291],[10.25136,47.12881],[10.2487,47.1282],[10.24782,47.12833],[10.24785,47.12929],[10.24771,47.12949],[10.24678,47.12984],[10.24671,47.13078],[10.24631,47.13113],[10.24574,47.13134],[10.24421,47.13323],[10.24344,47.13371],[10.24338,47.13391],[10.24354,47.13466],[10.24374,47.13506],[10.24355,47.13572],[10.24296,47.13619],[10.24272,47.13672],[10.24069,47.13822],[10.23974,47.13844],[10.23657,47.13867],[10.23599,47.13883],[10.23414,47.13879],[10.23342,47.13866],[10.23148,47.13875],[10.22979,47.13861],[10.22838,47.13865],[10.22695,47.13886],[10.22545,47.13927],[10.22475,47.13967],[10.22459,47.14009],[10.22427,47.14041],[10.223,47.1406],[10.22126,47.14066],[10.22108,47.14057],[10.22004,47.14102],[10.21961,47.14103],[10.21948,47.14086],[10.21961,47.14039],[10.22034,47.13955],[10.22061,47.13863],[10.22097,47.13826],[10.22115,47.13819],[10.22178,47.13832],[10.22151,47.13881],[10.22199,47.13935],[10.22196,47.13951],[10.22142,47.13978],[10.22115,47.14015],[10.22141,47.14005],[10.22209,47.13942],[10.22204,47.1392],[10.22162,47.13879],[10.22186,47.13854],[10.22187,47.1383],[10.22128,47.13813],[10.22284,47.13824],[10.22333,47.13799],[10.2246,47.13786],[10.22697,47.1371],[10.2298,47.13661],[10.23103,47.13627],[10.23209,47.1364],[10.23212,47.1365],[10.23456,47.1354],[10.23472,47.13411],[10.2346,47.13334],[10.2339,47.13296],[10.2339,47.13284],[10.23444,47.13266],[10.23616,47.13245],[10.23856,47.13248],[10.24081,47.13138],[10.24108,47.1314],[10.24108,47.13114],[10.24098,47.13094],[10.23983,47.1304],[10.23935,47.13048],[10.23805,47.13112],[10.23703,47.13135],[10.23152,47.13183],[10.23066,47.13174],[10.23049,47.13152],[10.23084,47.13112],[10.23081,47.13093],[10.23025,47.13103],[10.23012,47.13094],[10.23036,47.1306],[10.23053,47.13055],[10.23046,47.13025],[10.23074,47.13016],[10.23083,47.1304],[10.23106,47.13033],[10.23104,47.12987],[10.23052,47.12946],[10.22933,47.12911],[10.22894,47.12883],[10.2279,47.12897],[10.22822,47.1263],[10.22691,47.12576],[10.2254,47.12571],[10.22318,47.12591],[10.22018,47.12728],[10.21791,47.12738],[10.21663,47.12713],[10.21671,47.12706],[10.21991,47.12556],[10.22148,47.12531],[10.22147,47.12499],[10.22045,47.12465],[10.21891,47.125],[10.21841,47.12537],[10.21524,47.12624],[10.2151,47.12631],[10.21526,47.12677],[10.21592,47.12715],[10.21514,47.12735],[10.21471,47.12769],[10.21433,47.12772],[10.21483,47.12812],[10.21557,47.12815],[10.21644,47.12785],[10.21802,47.12758],[10.22008,47.12749],[10.22093,47.12724],[10.22184,47.12679],[10.22404,47.12639],[10.22515,47.12588],[10.22646,47.12586],[10.22717,47.12606],[10.22763,47.12643],[10.22762,47.12731],[10.22751,47.12802],[10.22623,47.12863],[10.22623,47.12877],[10.22741,47.12906],[10.22868,47.129],[10.23044,47.12955],[10.23052,47.12982],[10.23007,47.13005],[10.23015,47.13029],[10.23003,47.13072],[10.22958,47.13165],[10.22895,47.13226],[10.22712,47.13313],[10.22538,47.13336],[10.22533,47.13313],[10.22423,47.13382],[10.22339,47.13413],[10.22347,47.13428],[10.22307,47.1345],[10.22329,47.13463],[10.22414,47.13471],[10.22601,47.13403],[10.22705,47.13405],[10.2274,47.13427],[10.2271,47.13458],[10.22683,47.13522],[10.2249,47.13615],[10.22359,47.13713],[10.22134,47.13773],[10.22007,47.13757],[10.21755,47.13833],[10.21652,47.13818],[10.21534,47.13783],[10.21185,47.13794],[10.21108,47.13617],[10.21111,47.13599],[10.21172,47.13552],[10.21178,47.13521],[10.21131,47.1349],[10.20999,47.13449],[10.21037,47.13483],[10.21157,47.13524],[10.21118,47.13567],[10.21026,47.13585],[10.21003,47.13604],[10.20976,47.13756],[10.20982,47.13818],[10.21037,47.13831],[10.21261,47.13792],[10.21443,47.13796],[10.2156,47.1381],[10.21609,47.13828],[10.21528,47.1381],[10.21546,47.13843],[10.2159,47.13851],[10.21599,47.13876],[10.21589,47.13967],[10.21491,47.14032],[10.21411,47.1406],[10.21349,47.14115],[10.21429,47.14059],[10.21576,47.14002],[10.21564,47.14063],[10.21511,47.14149],[10.21424,47.14162],[10.21358,47.14146],[10.21352,47.14155],[10.21428,47.14166],[10.21555,47.14162],[10.21604,47.14176],[10.21624,47.14197],[10.21622,47.14212],[10.21545,47.14267],[10.21409,47.14314],[10.2134,47.14352],[10.21277,47.14406],[10.21213,47.14512],[10.21156,47.1454],[10.20895,47.14636],[10.20656,47.14579],[10.20678,47.14601],[10.20755,47.14628],[10.20759,47.14678],[10.20731,47.14707],[10.20078,47.14667],[10.19807,47.14619],[10.19628,47.14605],[10.19151,47.14515],[10.19027,47.14444],[10.19008,47.14427],[10.18997,47.14385],[10.18947,47.14358],[10.1839,47.14232],[10.18216,47.14181],[10.17943,47.13949],[10.17967,47.13912],[10.18055,47.13916],[10.18062,47.13903],[10.18016,47.13892],[10.1798,47.13899],[10.17996,47.13878],[10.17964,47.13897],[10.17993,47.13842],[10.18046,47.13837],[10.18015,47.1383],[10.18014,47.13813],[10.1797,47.13822],[10.17936,47.13895],[10.17873,47.13886],[10.1779,47.13832],[10.177,47.13797],[10.17639,47.13795],[10.17575,47.1381]],[[10.17616,47.13814],[10.17559,47.13818],[10.17492,47.13801],[10.17312,47.13821],[10.17121,47.138],[10.16873,47.13736],[10.16748,47.1374],[10.16649,47.13711],[10.16527,47.13709],[10.16276,47.13746],[10.1607,47.13744],[10.16028,47.13753],[10.15976,47.13784],[10.15973,47.13759],[10.15991,47.13744],[10.15884,47.13749],[10.15748,47.13774],[10.1565,47.13758],[10.15562,47.13837],[10.1565,47.13753],[10.15734,47.13764],[10.16163,47.13719],[10.16281,47.13735],[10.16523,47.13694],[10.16648,47.13697],[10.16762,47.13728],[10.16881,47.13724],[10.17018,47.13764],[10.17318,47.13806],[10.1744,47.13795],[10.17676,47.13738],[10.17677,47.13725],[10.1762,47.13714],[10.17546,47.13646],[10.1749,47.13575],[10.17494,47.13549],[10.1753,47.13519],[10.17644,47.13493],[10.1774,47.13488],[10.17853,47.13452],[10.17841,47.13373],[10.17767,47.13347],[10.17607,47.13347],[10.17491,47.13326],[10.17296,47.1327],[10.17149,47.13192],[10.17128,47.13155],[10.17103,47.13141],[10.17044,47.1315],[10.1701,47.13115],[10.16971,47.13128],[10.16949,47.13102],[10.16909,47.13089],[10.16903,47.13078],[10.16933,47.13078],[10.16928,47.13063],[10.17092,47.1311],[10.1729,47.13146],[10.17306,47.13145],[10.17314,47.13126],[10.17398,47.13174],[10.17202,47.13155],[10.17159,47.13174],[10.17157,47.13188],[10.17264,47.13245],[10.17451,47.13306],[10.17615,47.13342],[10.17756,47.13339],[10.17887,47.13355],[10.17902,47.13428],[10.17892,47.13454],[10.17795,47.13498],[10.17731,47.13509],[10.17729,47.13525],[10.17892,47.13608],[10.17976,47.13668],[10.18006,47.13717],[10.17869,47.13617],[10.17697,47.13541],[10.17677,47.1351],[10.17603,47.13517],[10.17512,47.13551],[10.17506,47.13579],[10.17638,47.13708],[10.17705,47.1372],[10.17713,47.13731],[10.17524,47.13787],[10.17523,47.13798],[10.17575,47.1381]],[[10.25673,47.13208],[10.25672,47.13187],[10.25697,47.13171],[10.25752,47.13162],[10.25803,47.13174],[10.25825,47.13152],[10.25765,47.13129],[10.25646,47.13122],[10.25643,47.13202],[10.25656,47.13256],[10.25673,47.13208]],[[10.15867,47.14041],[10.15835,47.14367],[10.15862,47.14177],[10.15867,47.14041]],[[10.17891,47.13901],[10.17919,47.13931],[10.17935,47.13905],[10.17891,47.13901]],[[10.24622,47.13454],[10.24767,47.13394],[10.25003,47.13356],[10.25112,47.1338],[10.25142,47.1341],[10.25041,47.13434],[10.24969,47.13484],[10.24804,47.13561],[10.24798,47.13579],[10.24836,47.13612],[10.24485,47.13675],[10.2442,47.13709],[10.24362,47.1371],[10.24186,47.13767],[10.24209,47.13723],[10.24292,47.1367],[10.24365,47.13665],[10.2444,47.13611],[10.24514,47.13525],[10.24575,47.13509],[10.24622,47.13454]],[[10.26288,47.13101],[10.26436,47.12982],[10.26317,47.12974],[10.26229,47.12913],[10.26267,47.13061],[10.26288,47.13101]],[[10.23141,47.13204],[10.23046,47.13185],[10.23009,47.1314],[10.22965,47.13203],[10.22975,47.13229],[10.23012,47.13235],[10.23141,47.13204]],[[10.26435,47.13009],[10.2641,47.13059],[10.26337,47.13107],[10.26463,47.13146],[10.26474,47.13138],[10.26466,47.13067],[10.26435,47.13009]],[[10.26316,47.12931],[10.26362,47.12906],[10.26409,47.12949],[10.26363,47.12973],[10.26316,47.12931]],[[10.23346,47.13324],[10.23271,47.13273],[10.22933,47.13325],[10.2291,47.13331],[10.22914,47.1335],[10.22876,47.13375],[10.22801,47.134],[10.22762,47.1345],[10.22923,47.1347],[10.23094,47.13463],[10.23148,47.13449],[10.23412,47.13506],[10.23424,47.1346],[10.23415,47.13357],[10.23346,47.13324]],[[10.21042,47.13605],[10.2101,47.13621],[10.21016,47.1367],[10.21003,47.13759],[10.21017,47.13793],[10.21057,47.13816],[10.21141,47.13803],[10.21042,47.13605]],[[10.21466,47.12776],[10.21485,47.12806],[10.21551,47.1281],[10.21647,47.12777],[10.21771,47.12756],[10.21524,47.12742],[10.21466,47.12776]],[[10.21581,47.12619],[10.21539,47.12638],[10.2153,47.12657],[10.21605,47.12678],[10.21738,47.12652],[10.21821,47.12602],[10.21842,47.12547],[10.21581,47.12619]],[[10.21826,47.12614],[10.2186,47.12582],[10.21903,47.12509],[10.22056,47.12471],[10.22145,47.12514],[10.2213,47.12527],[10.21986,47.1255],[10.21826,47.12614]],[[10.20777,47.14699],[10.2075,47.1472],[10.20849,47.14737],[10.20826,47.14655],[10.20777,47.14699]],[[10.22144,47.13778],[10.22138,47.13803],[10.22287,47.13814],[10.22325,47.13792],[10.22458,47.13776],[10.2269,47.13701],[10.23101,47.13618],[10.23246,47.1361],[10.23389,47.13551],[10.23252,47.13521],[10.22996,47.13528],[10.22713,47.13501],[10.22662,47.13549],[10.22551,47.13588],[10.22486,47.13626],[10.22386,47.13708],[10.22144,47.13778]],[[10.22751,47.12853],[10.22649,47.12879],[10.22749,47.12895],[10.22751,47.12853]],[[10.26778,47.13483],[10.27167,47.13478],[10.26778,47.13483]],[[10.25594,47.12813],[10.25683,47.12804],[10.25754,47.12843],[10.2566,47.12856],[10.25594,47.12813]],[[10.25343,47.12894],[10.25427,47.12806],[10.2554,47.12817],[10.25589,47.12859],[10.25574,47.12884],[10.25524,47.12904],[10.25343,47.12894]],[[10.22824,47.13332],[10.22783,47.13325],[10.22802,47.13307],[10.22949,47.13273],[10.22897,47.13316],[10.22824,47.13332]],[[10.26785,47.13457],[10.26743,47.13464],[10.2662,47.13387],[10.2666,47.13284],[10.26744,47.13353],[10.26785,47.13457]],[[10.2518,47.13751],[10.25324,47.13725],[10.2531,47.13702],[10.2522,47.1369],[10.2518,47.13751]],[[10.22374,47.13416],[10.22462,47.13415],[10.22507,47.13388],[10.22508,47.13374],[10.22464,47.13372],[10.22374,47.13416]],[[10.21634,47.14081],[10.21604,47.14059],[10.21586,47.1406],[10.21568,47.1414],[10.2158,47.14154],[10.21674,47.14176],[10.21809,47.14167],[10.21634,47.14081]],[[10.22029,47.13797],[10.21945,47.13824],[10.21647,47.13876],[10.21603,47.14034],[10.21636,47.14078],[10.21753,47.14135],[10.21824,47.14157],[10.2187,47.14137],[10.22016,47.13945],[10.22033,47.13862],[10.22094,47.13813],[10.22029,47.13797]]]}},{"type":"Feature","properties":{"kind":"piste","difficulty":"intermediate","name":null,"aerialway":null,"osm":"relation/19107538"},"geometry":{"type":"MultiLineString","coordinates":[[[10.16504,47.13112],[10.16477,47.13122],[10.16407,47.13192],[10.1642,47.13229],[10.16493,47.1325],[10.16496,47.13263],[10.16345,47.13277],[10.16288,47.13321],[10.163,47.13377],[10.16318,47.13401],[10.16313,47.13425],[10.16288,47.13407],[10.16245,47.13406],[10.16207,47.13422],[10.16228,47.13463],[10.16142,47.13445],[10.16112,47.13444],[10.16105,47.13454],[10.16131,47.13503],[10.16214,47.13567],[10.1629,47.13557],[10.16382,47.1357],[10.16485,47.13608],[10.16324,47.13622],[10.16318,47.1364],[10.16399,47.13671],[10.16255,47.13674],[10.163,47.13699],[10.16389,47.13718],[10.16409,47.13713],[10.16308,47.13699],[10.16258,47.13677],[10.16409,47.13673],[10.16323,47.13629],[10.16491,47.13609],[10.16399,47.13571],[10.16297,47.13553],[10.16217,47.13563],[10.16137,47.13502],[10.16123,47.13467],[10.16141,47.13453],[10.1624,47.1347],[10.16215,47.13429],[10.16253,47.1341],[10.16282,47.1341],[10.16319,47.13429],[10.16324,47.13401],[10.16299,47.13325],[10.16335,47.13295],[10.1648,47.13269],[10.16614,47.1327],[10.16844,47.13243],[10.17027,47.13265],[10.17256,47.13252],[10.17208,47.1324],[10.17032,47.13253],[10.16832,47.1323],[10.16579,47.13259],[10.16517,47.13255],[10.1643,47.13225],[10.16433,47.13185],[10.1657,47.13063],[10.16763,47.13045],[10.1693,47.13081],[10.16923,47.13058],[10.16854,47.13007],[10.16883,47.12972],[10.16946,47.12944],[10.17094,47.12966],[10.17191,47.13017],[10.17231,47.13066],[10.17398,47.13174],[10.17587,47.13231],[10.17793,47.13323],[10.17826,47.13352],[10.17888,47.13357],[10.17871,47.13333],[10.177,47.13279],[10.17598,47.13225],[10.17391,47.1315],[10.1721,47.13037],[10.17209,47.1301],[10.17148,47.12989],[10.17146,47.12964],[10.17238,47.12916],[10.17268,47.12888],[10.1727,47.12867],[10.17211,47.12804],[10.17155,47.12769],[10.17139,47.12667],[10.1704,47.12624],[10.16961,47.12526],[10.16969,47.12475],[10.17009,47.12433],[10.17163,47.12443],[10.17487,47.12408],[10.1753,47.12386],[10.17553,47.12272],[10.17585,47.12204],[10.17509,47.12148],[10.17404,47.12107],[10.17402,47.11984],[10.1748,47.1201],[10.17482,47.11988],[10.17509,47.11984],[10.17489,47.11973],[10.17452,47.1199],[10.17391,47.11965],[10.17361,47.11879],[10.17293,47.11797],[10.17405,47.11699],[10.17566,47.11683],[10.1756,47.11588],[10.17669,47.11534],[10.17704,47.11471],[10.17747,47.11452],[10.17855,47.11363],[10.17722,47.11446],[10.17678,47.11502],[10.17617,47.11546],[10.17555,47.11574],[10.17465,47.11575],[10.17436,47.11586],[10.17361,47.11654],[10.17351,47.11681],[10.1728,47.11713],[10.17263,47.11716],[10.17176,47.11678],[10.16953,47.11758],[10.16815,47.11841],[10.16772,47.11899],[10.16715,47.1194],[10.16591,47.12007],[10.166,47.12024],[10.16619,47.12022],[10.16649,47.11987],[10.16733,47.11945],[10.16957,47.11924],[10.16829,47.11916],[10.16798,47.11897],[10.16808,47.11878],[10.16981,47.11848],[10.17025,47.11854],[10.17331,47.11954],[10.17367,47.1202],[10.17356,47.12083],[10.17361,47.12157],[10.17183,47.12188],[10.16817,47.12402],[10.16784,47.12596],[10.16749,47.12714],[10.16605,47.12849],[10.16702,47.12944],[10.16865,47.12966],[10.16868,47.1298],[10.16846,47.12996],[10.16845,47.13014],[10.16904,47.1305],[10.16919,47.13072],[10.16868,47.13051],[10.16792,47.13041],[10.16598,47.13046],[10.16539,47.13062],[10.16504,47.13112]],[[10.17518,47.11592],[10.1754,47.11599],[10.17539,47.11682],[10.17378,47.11683],[10.17415,47.1163],[10.17518,47.11592]],[[10.18335,47.14215],[10.18294,47.14205],[10.18238,47.14108],[10.18207,47.14044],[10.18173,47.13901],[10.18124,47.13863],[10.18062,47.13858],[10.18026,47.13837],[10.18138,47.13857],[10.18211,47.13899],[10.18239,47.14031],[10.18335,47.14215]],[[10.20869,47.14628],[10.20904,47.14632],[10.2097,47.14542],[10.21062,47.14467],[10.21077,47.14444],[10.21069,47.14345],[10.21153,47.1425],[10.21251,47.14185],[10.21358,47.14146],[10.2134,47.14087],[10.21285,47.14009],[10.21157,47.13985],[10.21104,47.13963],[10.2103,47.13902],[10.21022,47.13831],[10.20982,47.13818],[10.2101,47.13914],[10.21115,47.14016],[10.21153,47.14026],[10.21244,47.14014],[10.21273,47.1403],[10.21298,47.14067],[10.21301,47.14144],[10.21203,47.14181],[10.2116,47.1421],[10.2112,47.14269],[10.21059,47.14313],[10.21045,47.14373],[10.21048,47.14443],[10.20935,47.1454],[10.20869,47.14628]],[[10.17237,47.11734],[10.17193,47.11704],[10.17125,47.11709],[10.16961,47.1177],[10.16814,47.11866],[10.17002,47.11845],[10.17193,47.11895],[10.17339,47.11948],[10.17347,47.11935],[10.17337,47.11896],[10.17235,47.11781],[10.17237,47.11734]],[[10.17261,47.11735],[10.17252,47.11756],[10.17263,47.11775],[10.173,47.11768],[10.17367,47.1169],[10.17261,47.11735]],[[10.16796,47.1192],[10.16824,47.11928],[10.1673,47.1194],[10.16768,47.11912],[10.16796,47.1192]],[[10.17404,47.1212],[10.17549,47.12208],[10.17508,47.12317],[10.17497,47.12393],[10.17331,47.12391],[10.17166,47.12431],[10.1704,47.12423],[10.17042,47.12393],[10.17025,47.12356],[10.17032,47.12318],[10.17209,47.12207],[10.17281,47.12182],[10.17396,47.12164],[10.17404,47.1212]],[[10.16875,47.12965],[10.16707,47.12937],[10.16623,47.12848],[10.16725,47.12786],[10.16778,47.12728],[10.16827,47.12592],[10.16832,47.12488],[10.16855,47.12422],[10.16999,47.12335],[10.17017,47.12388],[10.16949,47.12461],[10.16929,47.12509],[10.1702,47.12632],[10.17109,47.12671],[10.17126,47.12693],[10.17136,47.1277],[10.17187,47.12803],[10.17252,47.12878],[10.1714,47.12959],[10.17132,47.12979],[10.17085,47.12947],[10.16971,47.12933],[10.16875,47.12965]]]}},{"type":"Feature","properties":{"kind":"lift","difficulty":null,"name":"Albonabahn I","aerialway":"gondola","osm":"way/23102910"},"geometry":{"type":"LineString","coordinates":[[10.15999,47.13774],[10.17027,47.13149]]}},{"type":"Feature","properties":{"kind":"lift","difficulty":null,"name":"Valfagehrbahn","aerialway":"chair_lift","osm":"way/23102912"},"geometry":{"type":"LineString","coordinates":[[10.18072,47.13913],[10.20651,47.14578]]}},{"type":"Feature","properties":{"kind":"lift","difficulty":null,"name":"Arlenmähderbahn","aerialway":"chair_lift","osm":"way/23102914"},"geometry":{"type":"LineString","coordinates":[[10.20993,47.13464],[10.21193,47.14862]]}},{"type":"Feature","properties":{"kind":"lift","difficulty":null,"name":"Schindlergratbahn","aerialway":"gondola","osm":"way/23103020"},"geometry":{"type":"LineString","coordinates":[[10.21528,47.13832],[10.22399,47.15366]]}},{"type":"Feature","properties":{"kind":"lift","difficulty":null,"name":"Vallugabahn I","aerialway":"cable_car","osm":"way/29710812"},"geometry":{"type":"LineString","coordinates":[[10.2303,47.13087],[10.21313,47.15472]]}},{"type":"Feature","properties":{"kind":"lift","difficulty":null,"name":"Vallugabahn II","aerialway":"cable_car","osm":"way/29710874"},"geometry":{"type":"LineString","coordinates":[[10.21344,47.15462],[10.21301,47.15757]]}},{"type":"Feature","properties":{"kind":"lift","difficulty":null,"name":"Vallugalift","aerialway":"t-bar","osm":"way/152546250"},"geometry":{"type":"LineString","coordinates":[[10.22279,47.15723],[10.22466,47.15333]]}},{"type":"Feature","properties":{"kind":"lift","difficulty":null,"name":"Rauzlift","aerialway":"t-bar","osm":"way/152546265"},"geometry":{"type":"LineString","coordinates":[[10.1797,47.13822],[10.17922,47.13912]]}},{"type":"Feature","properties":{"kind":"lift","difficulty":null,"name":"Albonabahn II","aerialway":"gondola","osm":"way/458106194"},"geometry":{"type":"LineString","coordinates":[[10.18056,47.13831],[10.17504,47.11992]]}},{"type":"Feature","properties":{"kind":"piste","difficulty":"easy","name":null,"aerialway":null,"osm":"way/25661757"},"geometry":{"type":"LineString","coordinates":[[10.24818,47.13923],[10.24854,47.13925],[10.24878,47.13905]]}},{"type":"Feature","properties":{"kind":"piste","difficulty":"easy","name":"Fasch","aerialway":null,"osm":"way/25661758"},"geometry":{"type":"LineString","coordinates":[[10.24862,47.14827],[10.24892,47.14838],[10.24912,47.14823],[10.2494,47.14715],[10.25018,47.14658],[10.25199,47.1462],[10.25364,47.14626],[10.25355,47.14581],[10.25385,47.145],[10.25354,47.14472],[10.25254,47.14444],[10.25051,47.14426],[10.2498,47.14333],[10.24958,47.14201],[10.24966,47.14121],[10.2507,47.14056],[10.25226,47.1401],[10.25196,47.13977],[10.25067,47.13966],[10.24956,47.13977],[10.24924,47.13963],[10.2489,47.13926],[10.24878,47.13883],[10.24958,47.13813]]}},{"type":"Feature","properties":{"kind":"piste","difficulty":"intermediate","name":"Gstans","aerialway":null,"osm":"way/29709588"},"geometry":{"type":"LineString","coordinates":[[10.24893,47.14851],[10.24892,47.14838],[10.24964,47.14787],[10.25104,47.14769],[10.25287,47.14706],[10.2535,47.14666],[10.25364,47.14626],[10.25516,47.14602],[10.25586,47.14558],[10.25617,47.1457],[10.25763,47.14578],[10.25755,47.14592]]}},{"type":"Feature","properties":{"kind":"piste","difficulty":"intermediate","name":"Gstans","aerialway":null,"osm":"way/29709702"},"geometry":{"type":"LineString","coordinates":[[10.25256,47.14717],[10.25356,47.1473],[10.25572,47.14696],[10.25724,47.14636],[10.25749,47.1458]]}},{"type":"Feature","properties":{"kind":"piste","difficulty":"intermediate","name":"Gstans","aerialway":null,"osm":"way/29709719"},"geometry":{"type":"LineString","coordinates":[[10.25586,47.14558],[10.25558,47.14497],[10.25446,47.14385],[10.25321,47.14313],[10.25156,47.14275],[10.25115,47.14255]]}},{"type":"Feature","properties":{"kind":"piste","difficulty":"easy","name":"Stallmähder-Fang","aerialway":null,"osm":"way/29709865"},"geometry":{"type":"LineString","coordinates":[[10.25324,47.13581],[10.25565,47.13528],[10.25692,47.13528],[10.25666,47.13596],[10.25675,47.13632],[10.25664,47.13662],[10.25701,47.13695],[10.25714,47.13752],[10.26005,47.13821],[10.26047,47.13803],[10.26043,47.13773],[10.2593,47.13704],[10.25926,47.13682],[10.25977,47.13609]]}},{"type":"Feature","properties":{"kind":"piste","difficulty":"advanced","name":"Fang","aerialway":null,"osm":"way/29709866"},"geometry":{"type":"LineString","coordinates":[[10.25346,47.13725],[10.25418,47.13716],[10.25573,47.13789],[10.25672,47.13797],[10.25771,47.13768],[10.25829,47.13713],[10.26036,47.1361]]}},{"type":"Feature","properties":{"kind":"piste","difficulty":"advanced","name":"Arlensattel","aerialway":null,"osm":"way/29710599"},"geometry":{"type":"LineString","coordinates":[[10.22375,47.13442],[10.22307,47.1345],[10.22283,47.1354],[10.2216,47.13676],[10.22044,47.13768]]}},{"type":"Feature","properties":{"kind":"piste","difficulty":"easy","name":"Skiweg Tanzböden","aerialway":null,"osm":"way/29710732"},"geometry":{"type":"LineString","coordinates":[[10.21937,47.14129],[10.21936,47.14073],[10.22026,47.13949],[10.22047,47.13862],[10.22112,47.13809],[10.22279,47.1382],[10.22339,47.13795],[10.22459,47.1378],[10.22702,47.13704],[10.23103,47.13624],[10.232,47.13625],[10.2321,47.13646]]}},{"type":"Feature","properties":{"kind":"piste","difficulty":"intermediate","name":"Seelehang","aerialway":null,"osm":"way/29711725"},"geometry":{"type":"LineString","coordinates":[[10.16795,47.11879],[10.16992,47.11846],[10.17195,47.11899],[10.17367,47.11961]]}},{"type":"Feature","properties":{"kind":"piste","difficulty":"intermediate","name":"Sonnleiten","aerialway":null,"osm":"way/29711822"},"geometry":{"type":"LineString","coordinates":[[10.16795,47.11879],[10.16819,47.11849],[10.16953,47.11766],[10.17135,47.11702],[10.17195,47.11694],[10.17248,47.11723],[10.17272,47.11721]]}},{"type":"Feature","properties":{"kind":"piste","difficulty":"easy","name":null,"aerialway":null,"osm":"way/29712758"},"geometry":{"type":"LineString","coordinates":[[10.22894,47.1325],[10.22997,47.13247]]}},{"type":"Feature","properties":{"kind":"piste","difficulty":"easy","name":"Stock","aerialway":null,"osm":"way/29712863"},"geometry":{"type":"LineString","coordinates":[[10.25142,47.1367],[10.2512,47.13647],[10.25054,47.13625],[10.24867,47.13618],[10.24779,47.13627],[10.24569,47.13691],[10.2449,47.13698],[10.24434,47.13727],[10.24202,47.13774],[10.24169,47.13771],[10.2419,47.13736]]}},{"type":"Feature","properties":{"kind":"piste","difficulty":"easy","name":null,"aerialway":null,"osm":"way/29712883"},"geometry":{"type":"LineString","coordinates":[[10.24385,47.13498],[10.24412,47.13443]]}},{"type":"Feature","properties":{"kind":"piste","difficulty":"easy","name":"Zammermoos - St. Anton","aerialway":null,"osm":"way/29712886"},"geometry":{"type":"LineString","coordinates":[[10.24385,47.13498],[10.24357,47.13409],[10.24367,47.13366],[10.24432,47.13327],[10.24572,47.13148],[10.24657,47.13101],[10.24717,47.13028],[10.24816,47.12958],[10.2485,47.12854],[10.24869,47.12838],[10.24908,47.12838],[10.25202,47.12916],[10.25317,47.12899],[10.25398,47.12809],[10.25422,47.12803]]}},{"type":"Feature","properties":{"kind":"piste","difficulty":"easy","name":"Mattunbahn zufahrt","aerialway":null,"osm":"way/29713055"},"geometry":{"type":"LineString","coordinates":[[10.25167,47.13416],[10.25127,47.1338],[10.24991,47.13355],[10.24765,47.13392],[10.24611,47.13449]]}},{"type":"Feature","properties":{"kind":"piste","difficulty":"easy","name":"Hoppelweg","aerialway":null,"osm":"way/29713150"},"geometry":{"type":"LineString","coordinates":[[10.24867,47.13618],[10.24806,47.13576],[10.24811,47.13559],[10.24985,47.13485],[10.25051,47.13435],[10.25227,47.13399],[10.25296,47.13315],[10.25336,47.13293],[10.25417,47.13297],[10.25507,47.13348],[10.25666,47.13331],[10.25871,47.13375],[10.25963,47.13452],[10.25961,47.13506],[10.25977,47.13451],[10.25949,47.13394]]}},{"type":"Feature","properties":{"kind":"piste","difficulty":"easy","name":null,"aerialway":null,"osm":"way/29713241"},"geometry":{"type":"LineString","coordinates":[[10.22388,47.13443],[10.2237,47.13454],[10.22414,47.13455],[10.22485,47.13425]]}},{"type":"Feature","properties":{"kind":"piste","difficulty":"advanced","name":"Kandahar-Galzig","aerialway":null,"osm":"way/29713287"},"geometry":{"type":"LineString","coordinates":[[10.24266,47.13522],[10.24287,47.13548],[10.24291,47.13606],[10.24309,47.1364]]}},{"type":"Feature","properties":{"kind":"piste","difficulty":"easy","name":"Seichböden","aerialway":null,"osm":"way/29713307"},"geometry":{"type":"LineString","coordinates":[[10.23075,47.13084],[10.23036,47.13146],[10.23047,47.13172],[10.23189,47.13213],[10.23425,47.13338],[10.23454,47.13411],[10.23427,47.13539],[10.23206,47.13652]]}},{"type":"Feature","properties":{"kind":"piste","difficulty":"advanced","name":"Kandahar-Galzig","aerialway":null,"osm":"way/29713332"},"geometry":{"type":"LineString","coordinates":[[10.23448,47.13463],[10.23579,47.13494],[10.23611,47.1352],[10.23621,47.13561]]}},{"type":"Feature","properties":{"kind":"piste","difficulty":"easy","name":"Hoppelweg","aerialway":null,"osm":"way/29713367"},"geometry":{"type":"LineString","coordinates":[[10.26366,47.13501],[10.26334,47.13435],[10.26327,47.13384],[10.26343,47.1334],[10.26223,47.13216],[10.26194,47.13171],[10.26259,47.13064],[10.26237,47.12971],[10.26194,47.12911],[10.26198,47.12898],[10.2626,47.12912],[10.26289,47.12945],[10.26342,47.1297],[10.26419,47.1297],[10.26436,47.12982]]}},{"type":"Feature","properties":{"kind":"piste","difficulty":"advanced","name":"Kandahar-Kapall","aerialway":null,"osm":"way/29713524"},"geometry":{"type":"LineString","coordinates":[[10.2514,47.14626],[10.25149,47.14586],[10.25072,47.14485],[10.25051,47.14426],[10.25052,47.14383],[10.25141,47.14212],[10.25262,47.14129],[10.2526,47.14082],[10.2522,47.14037],[10.25226,47.1401]]}},{"type":"Feature","properties":{"kind":"piste","difficulty":"intermediate","name":"Hinterer Stock","aerialway":null,"osm":"way/30071808"},"geometry":{"type":"LineString","coordinates":[[10.24878,47.13905],[10.24799,47.13819],[10.2472,47.13797],[10.24498,47.13786],[10.24403,47.13732]]}},{"type":"Feature","properties":{"kind":"piste","difficulty":"easy","name":"Schwarze Wand","aerialway":null,"osm":"way/31776647"},"geometry":{"type":"LineString","coordinates":[[10.22485,47.13425],[10.2265,47.13374],[10.22758,47.13382],[10.2277,47.13422],[10.22713,47.13473],[10.22694,47.13519],[10.22467,47.13634],[10.22362,47.13715],[10.2214,47.13776],[10.22044,47.13768]]}},{"type":"Feature","properties":{"kind":"piste","difficulty":"easy","name":"Arlenmähder","aerialway":null,"osm":"way/31776648"},"geometry":{"type":"LineString","coordinates":[[10.21635,47.1383],[10.2151,47.13791],[10.21268,47.13788],[10.21159,47.13805],[10.21082,47.13619],[10.21092,47.13591],[10.21153,47.13552],[10.21165,47.13524],[10.21025,47.13459],[10.21,47.13452],[10.20993,47.13464]]}},{"type":"Feature","properties":{"kind":"piste","difficulty":"advanced","name":"Skiroute - Schindlerkar Steilhang","aerialway":null,"osm":"way/31776784"},"geometry":{"type":"LineString","coordinates":[[10.22649,47.14605],[10.22533,47.14292],[10.22509,47.1415],[10.22506,47.14031]]}},{"type":"Feature","properties":{"kind":"piste","difficulty":"advanced","name":"Kandahar-Galzig","aerialway":null,"osm":"way/46732285"},"geometry":{"type":"LineString","coordinates":[[10.23427,47.13539],[10.23664,47.13573],[10.23855,47.13583],[10.23999,47.1357],[10.24266,47.13522],[10.24371,47.13453]]}},{"type":"Feature","properties":{"kind":"piste","difficulty":"easy","name":"Innere Schweinströge","aerialway":null,"osm":"way/46732287"},"geometry":{"type":"LineString","coordinates":[[10.21636,47.14245],[10.21643,47.14224],[10.21631,47.14185],[10.21546,47.14141],[10.2155,47.14103],[10.21588,47.14037],[10.21609,47.13961],[10.21629,47.13848],[10.21616,47.1382]]}},{"type":"Feature","properties":{"kind":"piste","difficulty":"easy","name":"Osthang Einfahrt","aerialway":null,"osm":"way/46732288"},"geometry":{"type":"LineString","coordinates":[[10.22541,47.13323],[10.22541,47.13337],[10.22555,47.13341],[10.2283,47.13337],[10.22895,47.13323],[10.22963,47.13288],[10.22997,47.13247],[10.23189,47.13213],[10.23786,47.13165],[10.23963,47.13109],[10.24074,47.13099],[10.24106,47.13143]]}},{"type":"Feature","properties":{"kind":"piste","difficulty":"intermediate","name":"Steißbachtal Arlenrain","aerialway":null,"osm":"way/46732289"},"geometry":{"type":"LineString","coordinates":[[10.22044,47.13768],[10.22109,47.13813],[10.22266,47.13821],[10.2234,47.13863],[10.22372,47.1389],[10.22382,47.13931],[10.22372,47.13983],[10.22475,47.13967],[10.22581,47.13968]]}},{"type":"Feature","properties":{"kind":"piste","difficulty":"easy","name":null,"aerialway":null,"osm":"way/46732290"},"geometry":{"type":"LineString","coordinates":[[10.22335,47.13469],[10.22343,47.13455],[10.2237,47.13454]]}},{"type":"Feature","properties":{"kind":"piste","difficulty":"advanced","name":null,"aerialway":null,"osm":"way/46732291"},"geometry":{"type":"LineString","coordinates":[[10.22541,47.13323],[10.22323,47.13432],[10.22307,47.1345]]}},{"type":"Feature","properties":{"kind":"piste","difficulty":"easy","name":null,"aerialway":null,"osm":"way/46732292"},"geometry":{"type":"LineString","coordinates":[[10.22555,47.13341],[10.2265,47.13374]]}},{"type":"Feature","properties":{"kind":"piste","difficulty":"easy","name":"Zammermoos - St. Anton","aerialway":null,"osm":"way/46732293"},"geometry":{"type":"LineString","coordinates":[[10.25528,47.12802],[10.25685,47.12802],[10.25802,47.12833]]}},{"type":"Feature","properties":{"kind":"piste","difficulty":"advanced","name":"Skiroute - Eisfall (nur während Rennen präpariert)","aerialway":null,"osm":"way/46732303"},"geometry":{"type":"LineString","coordinates":[[10.25692,47.13528],[10.25724,47.1355],[10.25748,47.1361],[10.25797,47.13636],[10.25853,47.13645],[10.2599,47.13637]]}},{"type":"Feature","properties":{"kind":"piste","difficulty":"advanced","name":"Kandahar-Kapall","aerialway":null,"osm":"way/46732304"},"geometry":{"type":"LineString","coordinates":[[10.25226,47.1401],[10.25275,47.13983],[10.25298,47.1395],[10.25308,47.13845],[10.25335,47.13757]]}},{"type":"Feature","properties":{"kind":"piste","difficulty":"easy","name":null,"aerialway":null,"osm":"way/54255154"},"geometry":{"type":"LineString","coordinates":[[10.24958,47.13813],[10.24942,47.13775],[10.24919,47.13762],[10.24871,47.13754],[10.24843,47.13763]]}},{"type":"Feature","properties":{"kind":"piste","difficulty":"easy","name":"Zammermoos - St. Anton","aerialway":null,"osm":"way/89666676"},"geometry":{"type":"LineString","coordinates":[[10.25422,47.12803],[10.25528,47.12802],[10.25648,47.12873],[10.25802,47.12833]]}},{"type":"Feature","properties":{"kind":"piste","difficulty":"intermediate","name":null,"aerialway":null,"osm":"way/89863286"},"geometry":{"type":"LineString","coordinates":[[10.25264,47.12825],[10.25311,47.12831],[10.25398,47.12809]]}},{"type":"Feature","properties":{"kind":"piste","difficulty":"intermediate","name":"Grün","aerialway":null,"osm":"way/89863296"},"geometry":{"type":"LineString","coordinates":[[10.24942,47.13775],[10.24954,47.13735],[10.25024,47.13692],[10.25079,47.13631],[10.25084,47.13535],[10.25111,47.13475],[10.25167,47.13416],[10.25248,47.13383],[10.2526,47.1335],[10.25233,47.13299],[10.25254,47.13265],[10.25311,47.1324],[10.25411,47.13237],[10.2547,47.1324],[10.25566,47.13277],[10.25633,47.13274],[10.2563,47.1322],[10.25559,47.12996],[10.25562,47.12934],[10.25586,47.12911]]}},{"type":"Feature","properties":{"kind":"piste","difficulty":"easy","name":null,"aerialway":null,"osm":"way/89863304"},"geometry":{"type":"LineString","coordinates":[[10.24549,47.13186],[10.24572,47.13148],[10.24637,47.13116],[10.24693,47.13059]]}},{"type":"Feature","properties":{"kind":"piste","difficulty":"intermediate","name":null,"aerialway":null,"osm":"way/89863307"},"geometry":{"type":"LineString","coordinates":[[10.25238,47.12803],[10.25264,47.12825]]}},{"type":"Feature","properties":{"kind":"piste","difficulty":"intermediate","name":"Skiroute 51 - Osthang","aerialway":null,"osm":"way/89863319"},"geometry":{"type":"LineString","coordinates":[[10.24869,47.12838],[10.24861,47.12813],[10.24886,47.12771],[10.24838,47.12709],[10.24861,47.12694],[10.25225,47.128]]}},{"type":"Feature","properties":{"kind":"piste","difficulty":"intermediate","name":null,"aerialway":null,"osm":"way/89863324"},"geometry":{"type":"LineString","coordinates":[[10.25225,47.128],[10.25238,47.12803]]}},{"type":"Feature","properties":{"kind":"piste","difficulty":"advanced","name":"Platti Standard","aerialway":null,"osm":"way/92503875"},"geometry":{"type":"LineString","coordinates":[[10.25324,47.13581],[10.25349,47.13515],[10.25444,47.13402],[10.25578,47.13321],[10.25633,47.13274],[10.2587,47.13194],[10.25953,47.13137],[10.26181,47.13027],[10.26237,47.12971]]}},{"type":"Feature","properties":{"kind":"piste","difficulty":"easy","name":null,"aerialway":null,"osm":"way/92503878"},"geometry":{"type":"LineString","coordinates":[[10.2494,47.13722],[10.25081,47.13774]]}},{"type":"Feature","properties":{"kind":"piste","difficulty":"intermediate","name":"Hinterer Stock","aerialway":null,"osm":"way/92503881"},"geometry":{"type":"LineString","coordinates":[[10.24883,47.13754],[10.24844,47.13745],[10.24754,47.13805]]}},{"type":"Feature","properties":{"kind":"piste","difficulty":"easy","name":null,"aerialway":null,"osm":"way/92503884"},"geometry":{"type":"LineString","coordinates":[[10.25949,47.13394],[10.25925,47.13371],[10.2571,47.13266],[10.25672,47.13236],[10.25657,47.13199],[10.25661,47.13166],[10.25682,47.13149],[10.25726,47.13141],[10.25784,47.13147],[10.25856,47.13198],[10.26141,47.13308],[10.26192,47.1334],[10.26258,47.13357],[10.26264,47.13386],[10.26286,47.13408],[10.26307,47.13404],[10.2633,47.13378]]}},{"type":"Feature","properties":{"kind":"piste","difficulty":"easy","name":null,"aerialway":null,"osm":"way/92503886"},"geometry":{"type":"LineString","coordinates":[[10.2494,47.13722],[10.24883,47.13754]]}},{"type":"Feature","properties":{"kind":"piste","difficulty":"advanced","name":"Platti Standard","aerialway":null,"osm":"way/92503895"},"geometry":{"type":"LineString","coordinates":[[10.2587,47.13194],[10.26197,47.13181]]}},{"type":"Feature","properties":{"kind":"piste","difficulty":"intermediate","name":"Skiroute - Osthang","aerialway":null,"osm":"way/92503900"},"geometry":{"type":"LineString","coordinates":[[10.23786,47.13165],[10.239,47.13095],[10.23977,47.13031],[10.24122,47.12989],[10.24206,47.12979],[10.24326,47.12993],[10.24526,47.12969],[10.24645,47.13016],[10.24753,47.12999]]}},{"type":"Feature","properties":{"kind":"piste","difficulty":"intermediate","name":"Sonnleiten","aerialway":null,"osm":"way/92734988"},"geometry":{"type":"LineString","coordinates":[[10.17265,47.11792],[10.17243,47.11766],[10.17246,47.11738],[10.17345,47.11692],[10.17551,47.11684],[10.17547,47.11582]]}},{"type":"Feature","properties":{"kind":"piste","difficulty":"intermediate","name":"Nasserein","aerialway":null,"osm":"way/92734997"},"geometry":{"type":"LineString","coordinates":[[10.26366,47.13501],[10.2651,47.1349],[10.26687,47.13498]]}},{"type":"Feature","properties":{"kind":"piste","difficulty":"easy","name":"Stallmähder-Fang","aerialway":null,"osm":"way/92734999"},"geometry":{"type":"LineString","coordinates":[[10.25934,47.13586],[10.25932,47.13598],[10.25977,47.13609],[10.25935,47.13568],[10.25961,47.13506]]}},{"type":"Feature","properties":{"kind":"piste","difficulty":"intermediate","name":"Sonnleiten","aerialway":null,"osm":"way/92735007"},"geometry":{"type":"LineString","coordinates":[[10.17367,47.11961],[10.17353,47.11895],[10.17265,47.11792],[10.17307,47.11776],[10.17366,47.1172],[10.17375,47.11701],[10.17367,47.11668],[10.17415,47.11616],[10.17476,47.11589],[10.17568,47.11578],[10.17636,47.11543],[10.17683,47.11504],[10.17703,47.11466],[10.17847,47.11375],[10.17849,47.11366],[10.17833,47.11371]]}},{"type":"Feature","properties":{"kind":"piste","difficulty":"advanced","name":"Skiroute - Kapall","aerialway":null,"osm":"way/100856570"},"geometry":{"type":"LineString","coordinates":[[10.25018,47.14658],[10.24944,47.14603],[10.24942,47.14512],[10.24979,47.14462],[10.24865,47.14343],[10.24811,47.14305],[10.24699,47.14284],[10.24608,47.14293],[10.24572,47.14315],[10.24552,47.14268],[10.24509,47.1426],[10.24492,47.14198],[10.24477,47.14186],[10.2448,47.14078],[10.24399,47.13976],[10.24399,47.13948],[10.2433,47.1381],[10.24335,47.1376],[10.24316,47.13745]]}},{"type":"Feature","properties":{"kind":"piste","difficulty":"advanced","name":"Fang","aerialway":null,"osm":"way/100864552"},"geometry":{"type":"LineString","coordinates":[[10.25335,47.13757],[10.25346,47.13725]]}},{"type":"Feature","properties":{"kind":"piste","difficulty":"easy","name":null,"aerialway":null,"osm":"way/100867085"},"geometry":{"type":"LineString","coordinates":[[10.22375,47.13442],[10.2238,47.13432],[10.22485,47.13425]]}},{"type":"Feature","properties":{"kind":"piste","difficulty":"intermediate","name":"Tanzböden Direkte","aerialway":null,"osm":"way/100867089"},"geometry":{"type":"LineString","coordinates":[[10.22722,47.13375],[10.22906,47.13365],[10.23018,47.13405],[10.23147,47.13471],[10.23218,47.13489]]}},{"type":"Feature","properties":{"kind":"piste","difficulty":"easy","name":"St. Christoph","aerialway":null,"osm":"way/100867096"},"geometry":{"type":"LineString","coordinates":[[10.22485,47.13425],[10.2265,47.13374],[10.22921,47.1323],[10.22987,47.1314],[10.23028,47.13009],[10.23068,47.12986],[10.23075,47.12969],[10.22885,47.12893],[10.22768,47.12904],[10.22636,47.12877],[10.22739,47.12833],[10.2278,47.12795],[10.22792,47.12687],[10.22783,47.12645],[10.22729,47.12605],[10.22649,47.12582],[10.22478,47.12584],[10.22372,47.12603],[10.22211,47.12659],[10.22016,47.12745],[10.21792,47.12753],[10.2163,47.1271],[10.21524,47.12736],[10.21471,47.12769],[10.21425,47.12779]]}},{"type":"Feature","properties":{"kind":"piste","difficulty":"intermediate","name":"Skiroute 51 - Osthang","aerialway":null,"osm":"way/100867107"},"geometry":{"type":"LineString","coordinates":[[10.25067,47.12878],[10.25089,47.12867],[10.25072,47.12849],[10.251,47.12841],[10.25121,47.12816],[10.25192,47.12793]]}},{"type":"Feature","properties":{"kind":"piste","difficulty":"easy","name":"Steißbachtal","aerialway":null,"osm":"way/101033564"},"geometry":{"type":"LineString","coordinates":[[10.21937,47.14129],[10.22098,47.14088],[10.22435,47.14064],[10.22506,47.14031],[10.22581,47.13968],[10.2265,47.13938],[10.22893,47.13893],[10.23465,47.13881],[10.23603,47.13891],[10.23684,47.13873],[10.2397,47.1385],[10.24107,47.13811],[10.24281,47.13669],[10.24368,47.13569],[10.24384,47.13537],[10.24385,47.13498]]}},{"type":"Feature","properties":{"kind":"piste","difficulty":"easy","name":null,"aerialway":null,"osm":"way/110063196"},"geometry":{"type":"LineString","coordinates":[[10.21517,47.12634],[10.21504,47.12628],[10.21505,47.12616],[10.21512,47.12622]]}},{"type":"Feature","properties":{"kind":"piste","difficulty":"easy","name":"St. Christoph","aerialway":null,"osm":"way/110063201"},"geometry":{"type":"LineString","coordinates":[[10.22768,47.12904],[10.22774,47.12811]]}},{"type":"Feature","properties":{"kind":"piste","difficulty":"easy","name":"Innere Schweinströge","aerialway":null,"osm":"way/110063203"},"geometry":{"type":"LineString","coordinates":[[10.21822,47.14188],[10.21817,47.14162],[10.21634,47.14079],[10.21588,47.14037]]}},{"type":"Feature","properties":{"kind":"piste","difficulty":"easy","name":null,"aerialway":null,"osm":"way/110063204"},"geometry":{"type":"LineString","coordinates":[[10.23043,47.12995],[10.23083,47.13004],[10.23092,47.13028],[10.23101,47.13024],[10.23097,47.12985],[10.23075,47.12969]]}},{"type":"Feature","properties":{"kind":"piste","difficulty":"easy","name":"Maiensee","aerialway":null,"osm":"way/110063207"},"geometry":{"type":"LineString","coordinates":[[10.22059,47.12472],[10.2214,47.125],[10.22149,47.12512],[10.2214,47.12528],[10.21988,47.12552],[10.2163,47.1271],[10.21535,47.1267],[10.21515,47.12627]]}},{"type":"Feature","properties":{"kind":"piste","difficulty":"easy","name":null,"aerialway":null,"osm":"way/110063209"},"geometry":{"type":"LineString","coordinates":[[10.22387,47.13412],[10.22404,47.13429]]}},{"type":"Feature","properties":{"kind":"piste","difficulty":"advanced","name":null,"aerialway":null,"osm":"way/110063215"},"geometry":{"type":"LineString","coordinates":[[10.22391,47.13424],[10.22317,47.13439]]}},{"type":"Feature","properties":{"kind":"piste","difficulty":"easy","name":null,"aerialway":null,"osm":"way/138319908"},"geometry":{"type":"LineString","coordinates":[[10.25949,47.13394],[10.25968,47.134],[10.2601,47.13481],[10.26008,47.13535],[10.26075,47.13569],[10.26096,47.13596]]}},{"type":"Feature","properties":{"kind":"piste","difficulty":"easy","name":null,"aerialway":null,"osm":"way/138319919"},"geometry":{"type":"LineString","coordinates":[[10.25649,47.1333],[10.25871,47.13375],[10.25963,47.13452],[10.25961,47.13506]]}},{"type":"Feature","properties":{"kind":"piste","difficulty":"easy","name":null,"aerialway":null,"osm":"way/149593017"},"geometry":{"type":"LineString","coordinates":[[10.24878,47.13905],[10.24869,47.13807],[10.24883,47.13754]]}},{"type":"Feature","properties":{"kind":"piste","difficulty":"advanced","name":"Skiroute - Mattun","aerialway":null,"osm":"way/156122722"},"geometry":{"type":"LineString","coordinates":[[10.24864,47.14836],[10.24758,47.14905],[10.24729,47.14968],[10.24519,47.1502],[10.24438,47.14996],[10.24204,47.14985],[10.24164,47.14958],[10.2413,47.14881],[10.24128,47.14828],[10.24137,47.14785],[10.24165,47.14763],[10.2419,47.14707],[10.24165,47.14653],[10.24127,47.14624],[10.24151,47.14535],[10.24126,47.14494],[10.24124,47.14464],[10.24094,47.1444],[10.24098,47.14427],[10.2426,47.14348],[10.24289,47.14307],[10.24281,47.14206],[10.24218,47.14066],[10.24173,47.14029],[10.24157,47.13947],[10.24169,47.13848],[10.24159,47.13769]]}},{"type":"Feature","properties":{"kind":"piste","difficulty":"intermediate","name":"Skiroute - Osthang","aerialway":null,"osm":"way/197101480"},"geometry":{"type":"LineString","coordinates":[[10.24074,47.13099],[10.24021,47.13053],[10.2404,47.13018],[10.24073,47.12998]]}},{"type":"Feature","properties":{"kind":"piste","difficulty":"intermediate","name":"Skiroute - Arlbergpassroute","aerialway":null,"osm":"way/252508734"},"geometry":{"type":"LineString","coordinates":[[10.22489,47.13354],[10.22419,47.13325],[10.22327,47.13321],[10.21999,47.13354],[10.21859,47.1329],[10.21767,47.13274],[10.21726,47.13229],[10.21719,47.13174],[10.21674,47.13145],[10.21655,47.13095],[10.21656,47.13058],[10.21693,47.1299],[10.21694,47.1296],[10.21604,47.12881],[10.21595,47.1282],[10.21569,47.128]]}},{"type":"Feature","properties":{"kind":"piste","difficulty":"intermediate","name":"Skiroute - Arlbergfilmrinne","aerialway":null,"osm":"way/252508736"},"geometry":{"type":"LineString","coordinates":[[10.22207,47.13627],[10.2212,47.13639],[10.21855,47.13605],[10.21647,47.13605],[10.21514,47.13628],[10.21409,47.13627],[10.21318,47.13532],[10.21163,47.1352]]}},{"type":"Feature","properties":{"kind":"piste","difficulty":"easy","name":"Steißbachtal Zufahrt","aerialway":null,"osm":"way/261058476"},"geometry":{"type":"LineString","coordinates":[[10.22044,47.13768],[10.22109,47.13813],[10.22183,47.13832],[10.22183,47.13848],[10.22157,47.13874],[10.22203,47.13927],[10.22204,47.13945],[10.22141,47.13989],[10.22132,47.14011],[10.22146,47.1402]]}},{"type":"Feature","properties":{"kind":"piste","difficulty":"intermediate","name":"Steißbachtal Arlenrain","aerialway":null,"osm":"way/261058477"},"geometry":{"type":"LineString","coordinates":[[10.21967,47.14114],[10.22146,47.1402],[10.22372,47.13983]]}},{"type":"Feature","properties":{"kind":"piste","difficulty":"intermediate","name":"Gstans","aerialway":null,"osm":"way/320232930"},"geometry":{"type":"LineString","coordinates":[[10.25386,47.14349],[10.2536,47.14248],[10.25333,47.14223],[10.25232,47.14218],[10.25161,47.1423],[10.25141,47.14212]]}},{"type":"Feature","properties":{"kind":"piste","difficulty":"intermediate","name":"Oberloch","aerialway":null,"osm":"way/320455409"},"geometry":{"type":"LineString","coordinates":[[10.23378,47.13315],[10.23451,47.13298],[10.23523,47.13299],[10.23655,47.13325],[10.23725,47.13321],[10.23825,47.13346],[10.23855,47.13375],[10.23846,47.13425],[10.23806,47.13491],[10.2382,47.13581]]}},{"type":"Feature","properties":{"kind":"piste","difficulty":"advanced","name":"Nasserein","aerialway":null,"osm":"way/441154331"},"geometry":{"type":"LineString","coordinates":[[10.25934,47.13586],[10.25939,47.13603],[10.25982,47.13612],[10.26095,47.13601],[10.26207,47.13545],[10.26366,47.13501]]}},{"type":"Feature","properties":{"kind":"piste","difficulty":"easy","name":"Piste Übungslift Gampen I + II","aerialway":null,"osm":"way/441160631"},"geometry":{"type":"LineString","coordinates":[[10.24993,47.13959],[10.25003,47.13912],[10.25067,47.13849],[10.25202,47.13759],[10.25247,47.13764]]}},{"type":"Feature","properties":{"kind":"piste","difficulty":"easy","name":"Mattunbahn zufahrt","aerialway":null,"osm":"way/462439191"},"geometry":{"type":"LineString","coordinates":[[10.24309,47.1364],[10.24366,47.13659],[10.24455,47.13591],[10.24508,47.13526],[10.24567,47.13508],[10.24608,47.13474],[10.24611,47.13449]]}},{"type":"Feature","properties":{"kind":"piste","difficulty":"easy","name":null,"aerialway":null,"osm":"way/462628688"},"geometry":{"type":"LineString","coordinates":[[10.25961,47.13506],[10.25977,47.13451],[10.25949,47.13394]]}},{"type":"Feature","properties":{"kind":"piste","difficulty":"easy","name":"Tanzböden","aerialway":null,"osm":"way/466995890"},"geometry":{"type":"LineString","coordinates":[[10.22713,47.13473],[10.22948,47.13498],[10.23218,47.13489]]}},{"type":"Feature","properties":{"kind":"piste","difficulty":"easy","name":"Tanzböden","aerialway":null,"osm":"way/466995896"},"geometry":{"type":"LineString","coordinates":[[10.23218,47.13489],[10.23427,47.13539]]}},{"type":"Feature","properties":{"kind":"piste","difficulty":"intermediate","name":"Skiroute - Untere Schweinströge","aerialway":null,"osm":"way/580582712"},"geometry":{"type":"LineString","coordinates":[[10.22105,47.14436],[10.22213,47.14303],[10.22335,47.14123],[10.22435,47.14064]]}},{"type":"Feature","properties":{"kind":"piste","difficulty":"easy","name":"St. Christoph","aerialway":null,"osm":"way/580582714"},"geometry":{"type":"LineString","coordinates":[[10.21792,47.12753],[10.21496,47.12811],[10.21466,47.12801],[10.21456,47.12773]]}},{"type":"Feature","properties":{"kind":"piste","difficulty":"easy","name":"Maiensee","aerialway":null,"osm":"way/581000066"},"geometry":{"type":"LineString","coordinates":[[10.2186,47.12538],[10.21517,47.12634]]}},{"type":"Feature","properties":{"kind":"piste","difficulty":"freeride","name":"Nasserein Schöngraben","aerialway":null,"osm":"way/582024390"},"geometry":{"type":"LineString","coordinates":[[10.25777,47.14712],[10.2585,47.14622],[10.2595,47.14587],[10.2593,47.14517],[10.26072,47.14481],[10.26229,47.14518],[10.26311,47.14605],[10.26564,47.14653],[10.26751,47.14753],[10.26858,47.14789],[10.27073,47.14789],[10.27269,47.14743],[10.27307,47.14718],[10.27324,47.14689],[10.27365,47.14533],[10.27415,47.14444],[10.27599,47.14361],[10.27643,47.14322],[10.27838,47.14259],[10.27837,47.14235],[10.27793,47.14196],[10.27768,47.14192],[10.27793,47.14084],[10.279,47.13943],[10.27927,47.13877],[10.27909,47.13818],[10.27838,47.1375],[10.27403,47.13671]]}},{"type":"Feature","properties":{"kind":"piste","difficulty":"freeride","name":"Waldschneise","aerialway":null,"osm":"way/582024391"},"geometry":{"type":"LineString","coordinates":[[10.22712,47.1249],[10.22649,47.12409],[10.22605,47.12379],[10.22543,47.12365],[10.22453,47.12367],[10.22395,47.12347],[10.22389,47.12263],[10.22423,47.12131],[10.22413,47.12081],[10.22418,47.12047],[10.22455,47.12039],[10.22464,47.11988],[10.2252,47.11962],[10.22636,47.1198],[10.22782,47.11981],[10.22918,47.12019],[10.22973,47.12058],[10.23065,47.12087],[10.23417,47.1226],[10.23438,47.12302],[10.2353,47.12299],[10.23956,47.12414],[10.24042,47.12456],[10.24073,47.12492],[10.24243,47.12602],[10.24337,47.12623],[10.24492,47.12688],[10.24592,47.12698],[10.24667,47.1272],[10.24741,47.12791],[10.2481,47.12836],[10.24869,47.12838]]}},{"type":"Feature","properties":{"kind":"piste","difficulty":"freeride","name":"Maienplatt","aerialway":null,"osm":"way/582024392"},"geometry":{"type":"LineString","coordinates":[[10.22556,47.1258],[10.22712,47.1249],[10.22768,47.12426],[10.22863,47.1237],[10.22903,47.12319],[10.2297,47.1228],[10.23097,47.12227],[10.23208,47.12218],[10.23367,47.12235]]}},{"type":"Feature","properties":{"kind":"piste","difficulty":"freeride","name":"Maienwasen","aerialway":null,"osm":"way/582024393"},"geometry":{"type":"LineString","coordinates":[[10.23075,47.12969],[10.2311,47.12841],[10.23199,47.12726],[10.23267,47.12663],[10.235,47.12551],[10.23689,47.12414],[10.23773,47.12387],[10.23891,47.1239]]}},{"type":"Feature","properties":{"kind":"piste","difficulty":"freeride","name":"Jungbrunntobel","aerialway":null,"osm":"way/582024394"},"geometry":{"type":"LineString","coordinates":[[10.23075,47.12969],[10.23261,47.12902],[10.23311,47.12848],[10.23461,47.12802],[10.23753,47.12794],[10.23879,47.12813],[10.23992,47.12787],[10.2414,47.12726],[10.24214,47.12678],[10.24235,47.12635],[10.24268,47.12612]]}},{"type":"Feature","properties":{"kind":"piste","difficulty":"freeride","name":"Der Lange Tobel","aerialway":null,"osm":"way/582024395"},"geometry":{"type":"LineString","coordinates":[[10.23825,47.13346],[10.24023,47.134],[10.24371,47.13453]]}},{"type":"Feature","properties":{"kind":"piste","difficulty":"freeride","name":"Bachseite","aerialway":null,"osm":"way/582024396"},"geometry":{"type":"LineString","coordinates":[[10.22283,47.1354],[10.22436,47.13538],[10.22524,47.13569],[10.22563,47.13603],[10.22615,47.13703],[10.22893,47.13893]]}},{"type":"Feature","properties":{"kind":"piste","difficulty":"freeride","name":"Leitenalm","aerialway":null,"osm":"way/582201572"},"geometry":{"type":"LineString","coordinates":[[10.16827,47.11845],[10.16843,47.11668],[10.1688,47.11612],[10.16926,47.11573],[10.17053,47.11511],[10.1724,47.11467],[10.17474,47.11439],[10.17618,47.11441],[10.177,47.1147]]}},{"type":"Feature","properties":{"kind":"piste","difficulty":"freeride","name":"Vorderes Maroital","aerialway":null,"osm":"way/582232447"},"geometry":{"type":"LineString","coordinates":[[10.17491,47.11978],[10.17504,47.11921],[10.17535,47.11895],[10.17612,47.11854],[10.17771,47.11811],[10.17928,47.11789],[10.18204,47.11784],[10.18358,47.11758],[10.18566,47.11764],[10.18744,47.11742],[10.19072,47.11647],[10.1928,47.11573],[10.19415,47.11497],[10.19505,47.11402],[10.19544,47.11329],[10.19544,47.11277],[10.19503,47.11224],[10.19332,47.11142],[10.19282,47.11078],[10.1915,47.11009],[10.18996,47.11002],[10.18919,47.11018],[10.18993,47.10976],[10.19111,47.10947],[10.19042,47.10937],[10.19077,47.10924],[10.19049,47.10907],[10.19098,47.10895],[10.19306,47.10879],[10.19525,47.10832],[10.19684,47.10821],[10.19745,47.10778],[10.19846,47.10784],[10.20144,47.1068],[10.2023,47.10708],[10.20348,47.10687],[10.20568,47.10631],[10.20723,47.10573],[10.20994,47.10503],[10.2104,47.10502],[10.21117,47.10467],[10.21248,47.1047],[10.21333,47.10446],[10.21498,47.10434],[10.21581,47.10477],[10.21637,47.10488],[10.2167,47.10527],[10.21714,47.10644],[10.21715,47.10704],[10.21806,47.10832],[10.21833,47.10892],[10.21864,47.10916],[10.21844,47.10869],[10.21837,47.10703],[10.21933,47.10612],[10.21859,47.10512],[10.21885,47.10469],[10.21882,47.10446],[10.21794,47.10386],[10.21754,47.10334],[10.21724,47.10315],[10.21768,47.10279]]}},{"type":"Feature","properties":{"kind":"piste","difficulty":"freeride","name":"Milchböden","aerialway":null,"osm":"way/582232456"},"geometry":{"type":"LineString","coordinates":[[10.18082,47.11787],[10.18093,47.11751],[10.18181,47.11647],[10.18394,47.11504],[10.18521,47.11375],[10.18567,47.11262],[10.18533,47.11062],[10.18626,47.11059],[10.18725,47.11033],[10.18809,47.11029],[10.18868,47.11046],[10.18919,47.11018]]}},{"type":"Feature","properties":{"kind":"piste","difficulty":"freeride","name":"Waldschneise","aerialway":null,"osm":"way/583815975"},"geometry":{"type":"LineString","coordinates":[[10.22048,47.12469],[10.2211,47.12376],[10.22181,47.1232],[10.2228,47.12259],[10.22406,47.12202]]}},{"type":"Feature","properties":{"kind":"piste","difficulty":"advanced","name":null,"aerialway":null,"osm":"way/664074963"},"geometry":{"type":"LineString","coordinates":[[10.22367,47.13531],[10.22249,47.13641],[10.22144,47.13769],[10.22007,47.13757],[10.22171,47.13613],[10.22242,47.13566],[10.22264,47.13524],[10.22286,47.1343],[10.22339,47.13413],[10.22348,47.1342],[10.22307,47.1345],[10.22329,47.13463],[10.22309,47.1351],[10.22322,47.13525],[10.22351,47.1352],[10.22381,47.1347],[10.22414,47.13471],[10.22367,47.13531]]}},{"type":"Feature","properties":{"kind":"piste","difficulty":"advanced","name":"Kandahar-Galzig","aerialway":null,"osm":"way/713809264"},"geometry":{"type":"LineString","coordinates":[[10.2321,47.13628],[10.23621,47.13561]]}},{"type":"Feature","properties":{"kind":"piste","difficulty":"advanced","name":"Arlensattel","aerialway":null,"osm":"way/713925915"},"geometry":{"type":"LineString","coordinates":[[10.2234,47.13458],[10.22329,47.13448]]}},{"type":"Feature","properties":{"kind":"piste","difficulty":"easy","name":"Stallmähder-Fang","aerialway":null,"osm":"way/1051578267"},"geometry":{"type":"LineString","coordinates":[[10.25961,47.13506],[10.25979,47.13451],[10.25961,47.13404],[10.25926,47.1337],[10.25714,47.13265],[10.25676,47.13235],[10.25661,47.13175],[10.25696,47.13147],[10.25783,47.13149],[10.25852,47.13199],[10.26137,47.1331],[10.26189,47.13342],[10.26255,47.13358],[10.2626,47.13387],[10.26283,47.13409],[10.26303,47.13409],[10.26345,47.13372],[10.26413,47.13362],[10.2647,47.13368],[10.26508,47.1339]]}},{"type":"Feature","properties":{"kind":"piste","difficulty":"easy","name":"Piste Übungslift Gampen I + II","aerialway":null,"osm":"way/1077442090"},"geometry":{"type":"LineString","coordinates":[[10.25108,47.13864],[10.24958,47.13813]]}},{"type":"Feature","properties":{"kind":"piste","difficulty":"easy","name":"Arlenmähder","aerialway":null,"osm":"way/1207008127"},"geometry":{"type":"LineString","coordinates":[[10.22044,47.13768],[10.21978,47.13799],[10.21755,47.1385],[10.21599,47.13832]]}},{"type":"Feature","properties":{"kind":"piste","difficulty":"easy","name":"Innere Schweinströge","aerialway":null,"osm":"way/1207008128"},"geometry":{"type":"LineString","coordinates":[[10.21629,47.13848],[10.21568,47.13826],[10.21528,47.13832]]}},{"type":"Feature","properties":{"kind":"piste","difficulty":"advanced","name":"Skiroute - Kandahar-Kapall (nur während Rennen präpariert)","aerialway":null,"osm":"way/1324045963"},"geometry":{"type":"LineString","coordinates":[[10.24964,47.14787],[10.24999,47.14739],[10.2511,47.14666],[10.2514,47.14626]]}},{"type":"Feature","properties":{"kind":"piste","difficulty":"easy","name":"Maiensee","aerialway":null,"osm":"way/1381606586"},"geometry":{"type":"LineString","coordinates":[[10.22062,47.12476],[10.22004,47.12475],[10.21872,47.12518],[10.21846,47.12585],[10.2181,47.12624]]}},{"type":"Feature","properties":{"kind":"piste","difficulty":"easy","name":"Mattunbahn zufahrt","aerialway":null,"osm":"way/1381652061"},"geometry":{"type":"LineString","coordinates":[[10.2461,47.13449],[10.24591,47.13455]]}},{"type":"Feature","properties":{"kind":"piste","difficulty":"intermediate","name":"Gstans","aerialway":null,"osm":"way/1381668268"},"geometry":{"type":"LineString","coordinates":[[10.24892,47.14838],[10.25104,47.14769]]}},{"type":"Feature","properties":{"kind":"piste","difficulty":"intermediate","name":null,"aerialway":null,"osm":"way/1381668277"},"geometry":{"type":"LineString","coordinates":[[10.24878,47.13905],[10.24786,47.13837],[10.24723,47.13815],[10.2465,47.13803],[10.24501,47.13807],[10.24454,47.13792],[10.24422,47.13765],[10.2445,47.13752],[10.24556,47.13771],[10.24771,47.1378],[10.24839,47.13746],[10.24925,47.13726],[10.24833,47.13758],[10.24791,47.13786],[10.24859,47.13788],[10.24878,47.13905]]}},{"type":"Feature","properties":{"kind":"piste","difficulty":"advanced","name":null,"aerialway":null,"osm":"way/1381668286"},"geometry":{"type":"LineString","coordinates":[[10.25352,47.13559],[10.25212,47.13649],[10.25123,47.13628],[10.25301,47.13514],[10.25412,47.13396],[10.25476,47.13346],[10.25633,47.13274],[10.25656,47.13256],[10.25673,47.13208],[10.25767,47.13192],[10.25825,47.13152],[10.25919,47.13124],[10.26045,47.13066],[10.2621,47.12972],[10.26236,47.12999],[10.26238,47.13026],[10.26182,47.13067],[10.25994,47.13147],[10.25995,47.1316],[10.26113,47.13169],[10.26184,47.13156],[10.26205,47.13202],[10.25939,47.13225],[10.25738,47.13276],[10.25527,47.13369],[10.25467,47.1342],[10.25352,47.13559]]}},{"type":"Feature","properties":{"kind":"piste","difficulty":"easy","name":null,"aerialway":null,"osm":"way/1381702483"},"geometry":{"type":"LineString","coordinates":[[10.25801,47.13791],[10.25833,47.13762],[10.25974,47.13811],[10.26009,47.13811],[10.26035,47.13795],[10.26032,47.13777],[10.2593,47.13717],[10.25954,47.13706],[10.26056,47.13767],[10.26065,47.13809],[10.26045,47.13831],[10.25859,47.13789],[10.25801,47.13791]]}},{"type":"Feature","properties":{"kind":"piste","difficulty":"intermediate","name":null,"aerialway":null,"osm":"way/1381702484"},"geometry":{"type":"LineString","coordinates":[[10.26599,47.13482],[10.26659,47.13484],[10.26704,47.1351],[10.26495,47.13502],[10.26387,47.13515],[10.26368,47.13498],[10.26451,47.13439],[10.26557,47.13479],[10.26599,47.13482]]}},{"type":"Feature","properties":{"kind":"piste","difficulty":"intermediate","name":null,"aerialway":null,"osm":"way/1381929885"},"geometry":{"type":"LineString","coordinates":[[10.23148,47.13449],[10.22914,47.1335],[10.22876,47.13375],[10.23094,47.13463],[10.23148,47.13449]]}},{"type":"Feature","properties":{"kind":"piste","difficulty":"easy","name":"Zammermoos - St. Anton","aerialway":null,"osm":"way/1381929888"},"geometry":{"type":"LineString","coordinates":[[10.25317,47.12899],[10.25586,47.12911],[10.25648,47.12873]]}},{"type":"Feature","properties":{"kind":"piste","difficulty":"easy","name":null,"aerialway":null,"osm":"way/1382636414"},"geometry":{"type":"LineString","coordinates":[[10.23066,47.13097],[10.23031,47.131],[10.2303,47.13087]]}},{"type":"Feature","properties":{"kind":"piste","difficulty":"advanced","name":null,"aerialway":null,"osm":"way/1382636415"},"geometry":{"type":"LineString","coordinates":[[10.23055,47.1311],[10.23196,47.13152],[10.23296,47.13208]]}},{"type":"Feature","properties":{"kind":"piste","difficulty":"easy","name":"Mattunbahn zufahrt","aerialway":null,"osm":"way/1382671036"},"geometry":{"type":"LineString","coordinates":[[10.24611,47.13449],[10.2461,47.13449]]}},{"type":"Feature","properties":{"kind":"piste","difficulty":"easy","name":null,"aerialway":null,"osm":"way/1383013834"},"geometry":{"type":"LineString","coordinates":[[10.25671,47.13155],[10.2562,47.13186]]}},{"type":"Feature","properties":{"kind":"piste","difficulty":"easy","name":"Stallmähder-Fang","aerialway":null,"osm":"way/1383013835"},"geometry":{"type":"LineString","coordinates":[[10.2562,47.13186],[10.25673,47.13157]]}},{"type":"Feature","properties":{"kind":"piste","difficulty":"easy","name":"Stallmähder-Fang","aerialway":null,"osm":"way/1385720180"},"geometry":{"type":"LineString","coordinates":[[10.25158,47.13764],[10.25346,47.13725],[10.25355,47.13656],[10.25324,47.13581]]}},{"type":"Feature","properties":{"kind":"piste","difficulty":"easy","name":"Stallmähder-Fang","aerialway":null,"osm":"way/1385720181"},"geometry":{"type":"LineString","coordinates":[[10.24916,47.13794],[10.24921,47.13811],[10.24958,47.13813],[10.25081,47.13774],[10.25158,47.13764],[10.25169,47.13753],[10.25167,47.13721],[10.25142,47.1367],[10.25238,47.13659],[10.25286,47.13641],[10.25314,47.13621],[10.25324,47.13581]]}},{"type":"Feature","properties":{"kind":"piste","difficulty":"advanced","name":"Fang","aerialway":null,"osm":"way/1460164424"},"geometry":{"type":"LineString","coordinates":[[10.26036,47.1361],[10.26096,47.13596],[10.26352,47.1348],[10.26435,47.13386],[10.26571,47.13271]]}},{"type":"Feature","properties":{"kind":"piste","difficulty":"advanced","name":"Fang","aerialway":null,"osm":"way/1460164425"},"geometry":{"type":"LineString","coordinates":[[10.25977,47.13609],[10.26036,47.1361]]}},{"type":"Feature","properties":{"kind":"piste","difficulty":"freeride","name":"Hinteres Maroital","aerialway":null,"osm":"way/1471895853"},"geometry":{"type":"LineString","coordinates":[[10.19792,47.10717],[10.19787,47.10743],[10.19798,47.10765],[10.19846,47.10784]]}},{"type":"Feature","properties":{"kind":"piste","difficulty":"freeride","name":null,"aerialway":null,"osm":"relation/8228109"},"geometry":{"type":"LineString","coordinates":[[10.24806,47.14876],[10.24815,47.14898],[10.24807,47.14919],[10.24768,47.14947],[10.24687,47.15047],[10.24651,47.15094],[10.24644,47.1513],[10.24717,47.15162],[10.24791,47.15143],[10.24852,47.15098],[10.25027,47.15007],[10.25141,47.14974],[10.25268,47.14974],[10.25456,47.14931],[10.25549,47.14902],[10.2571,47.14822],[10.25738,47.14801],[10.25777,47.14712],[10.25779,47.14633],[10.25743,47.14585]]}},{"type":"Feature","properties":{"kind":"piste","difficulty":"advanced","name":null,"aerialway":null,"osm":"relation/19046925"},"geometry":{"type":"MultiLineString","coordinates":[[[10.25102,47.14623],[10.25096,47.14592],[10.25053,47.14554],[10.24926,47.14372],[10.25022,47.14427],[10.25096,47.14435],[10.25135,47.14463],[10.25172,47.14515],[10.25214,47.14607],[10.25102,47.14623]],[[10.25211,47.14027],[10.25191,47.14042],[10.2525,47.14094],[10.25251,47.1412],[10.25103,47.14201],[10.25047,47.14264],[10.25047,47.14414],[10.25099,47.1442],[10.25101,47.14344],[10.25169,47.1422],[10.2529,47.14114],[10.2529,47.14085],[10.25237,47.14042],[10.25337,47.13976],[10.25353,47.13922],[10.25341,47.13852],[10.25369,47.1374],[10.25392,47.13726],[10.25446,47.13733],[10.25619,47.13819],[10.25695,47.13824],[10.25801,47.13791],[10.25833,47.13762],[10.26016,47.13675],[10.26173,47.13629],[10.26387,47.13515],[10.2637,47.1349],[10.26384,47.1349],[10.26562,47.1335],[10.2653,47.13233],[10.26493,47.13287],[10.264,47.13346],[10.26332,47.13407],[10.26274,47.13413],[10.26138,47.13497],[10.26003,47.13543],[10.25943,47.13584],[10.25941,47.13597],[10.25878,47.13619],[10.25789,47.13708],[10.25625,47.13791],[10.25576,47.1378],[10.25523,47.13736],[10.25446,47.13716],[10.25402,47.13674],[10.25279,47.13773],[10.25264,47.13848],[10.25269,47.13935],[10.25229,47.13978],[10.25226,47.1401],[10.25211,47.14027]]]}},{"type":"Feature","properties":{"kind":"piste","difficulty":"intermediate","name":null,"aerialway":null,"osm":"relation/19046931"},"geometry":{"type":"MultiLineString","coordinates":[[[10.25025,47.13614],[10.25015,47.13583],[10.25031,47.13491],[10.25062,47.1345],[10.25177,47.13414],[10.25221,47.13373],[10.25231,47.1335],[10.25198,47.13288],[10.2523,47.13235],[10.25321,47.13209],[10.25413,47.13213],[10.2555,47.13249],[10.25594,47.1324],[10.25526,47.13002],[10.25539,47.12916],[10.25596,47.12926],[10.25587,47.12989],[10.25646,47.13122],[10.25643,47.13202],[10.25656,47.13256],[10.25565,47.13301],[10.2556,47.13288],[10.25494,47.13262],[10.25275,47.13271],[10.25261,47.1329],[10.25275,47.1332],[10.25302,47.13339],[10.25298,47.13392],[10.25152,47.1352],[10.25123,47.13628],[10.25025,47.13614]],[[10.24934,47.13732],[10.25005,47.13687],[10.2504,47.1364],[10.25086,47.13655],[10.25022,47.13717],[10.25021,47.13746],[10.24934,47.13732]]]}},{"type":"Feature","properties":{"kind":"piste","difficulty":"easy","name":null,"aerialway":null,"osm":"relation/19047188"},"geometry":{"type":"MultiLineString","coordinates":[[[10.25597,47.13342],[10.25696,47.13339],[10.25862,47.13377],[10.25912,47.13405],[10.25961,47.13458],[10.25954,47.13517],[10.25931,47.13568],[10.25946,47.13582],[10.2594,47.13568],[10.25977,47.13496],[10.25981,47.1345],[10.2597,47.13411],[10.25928,47.13368],[10.2573,47.1328],[10.25922,47.13372],[10.25964,47.13418],[10.25974,47.13467],[10.25963,47.13497],[10.25971,47.13456],[10.25937,47.13414],[10.25869,47.1337],[10.25663,47.13328],[10.25597,47.13342]],[[10.2545,47.13326],[10.25476,47.13346],[10.25489,47.13338],[10.25446,47.13289],[10.25374,47.13264],[10.25299,47.13265],[10.25274,47.13301],[10.25275,47.1332],[10.25302,47.13339],[10.25385,47.13315],[10.2545,47.13326]]]}},{"type":"Feature","properties":{"kind":"piste","difficulty":"intermediate","name":null,"aerialway":null,"osm":"relation/19060141"},"geometry":{"type":"MultiLineString","coordinates":[[[10.22271,47.13825],[10.22235,47.13821],[10.22363,47.13893],[10.22375,47.13931],[10.22352,47.1397]],[[10.22389,47.13962],[10.22382,47.13886],[10.22369,47.13868],[10.22294,47.1382],[10.22271,47.13825]],[[10.22375,47.14003],[10.22288,47.14026],[10.22174,47.14031],[10.22004,47.14102],[10.21961,47.14103],[10.21957,47.14089],[10.22025,47.14049],[10.22095,47.14032],[10.22141,47.14005],[10.22352,47.1397]],[[10.22389,47.13962],[10.22545,47.13927],[10.22461,47.13986],[10.22375,47.14003]]]}},{"type":"Feature","properties":{"kind":"piste","difficulty":"intermediate","name":null,"aerialway":null,"osm":"relation/19062107"},"geometry":{"type":"MultiLineString","coordinates":[[[10.24914,47.1482],[10.24849,47.14836],[10.24843,47.14853],[10.24872,47.14858],[10.25038,47.14808]],[[10.25038,47.14808],[10.25279,47.14735],[10.25389,47.14741],[10.25571,47.14723],[10.25684,47.14689],[10.25759,47.14638],[10.25748,47.1457],[10.25587,47.14516],[10.2558,47.14491],[10.2554,47.14472],[10.25453,47.14382],[10.25412,47.14357],[10.25363,47.1423],[10.25317,47.14215],[10.25169,47.1422],[10.25159,47.14241],[10.25228,47.14222],[10.25332,47.14228],[10.25356,47.14271],[10.25361,47.1432],[10.25152,47.14264],[10.25139,47.14278],[10.25314,47.14321],[10.25416,47.14373],[10.25552,47.14502],[10.25489,47.14547],[10.25376,47.14567],[10.25364,47.14626],[10.25083,47.14758],[10.2495,47.14782],[10.24914,47.1482]],[[10.25384,47.14712],[10.25342,47.14716],[10.25526,47.14649],[10.25615,47.14594],[10.25734,47.14592],[10.25731,47.14607],[10.25685,47.14634],[10.25384,47.14712]],[[10.24965,47.14797],[10.24988,47.14797],[10.24991,47.14809],[10.24965,47.14808],[10.24965,47.14797]]]}},{"type":"Feature","properties":{"kind":"piste","difficulty":"advanced","name":null,"aerialway":null,"osm":"relation/19064341"},"geometry":{"type":"MultiLineString","coordinates":[[[10.2327,47.13171],[10.23213,47.13177],[10.23074,47.1312],[10.23084,47.13112],[10.2327,47.13171]],[[10.23705,47.13612],[10.23447,47.13599],[10.23233,47.13636],[10.23469,47.13581],[10.2347,47.13568],[10.23426,47.13559],[10.23456,47.1354],[10.23465,47.13495],[10.23499,47.13533],[10.23551,47.13523],[10.23563,47.13511],[10.23554,47.13501],[10.23467,47.13482],[10.23469,47.13463],[10.2371,47.13482],[10.23873,47.13536],[10.24022,47.13528],[10.24237,47.1347],[10.24354,47.13452],[10.24374,47.13506],[10.24337,47.13529],[10.24289,47.13539],[10.24307,47.1361],[10.24283,47.13636],[10.24284,47.13561],[10.24274,47.13543],[10.24044,47.13579],[10.23958,47.13603],[10.23868,47.13648],[10.23811,47.13646],[10.23705,47.13612]]]}},{"type":"Feature","properties":{"kind":"lift","difficulty":null,"name":"Mattunbahn","aerialway":"chair_lift","osm":"way/23103021"},"geometry":{"type":"LineString","coordinates":[[10.24591,47.13455],[10.24818,47.13923]]}},{"type":"Feature","properties":{"kind":"lift","difficulty":null,"name":"Kapallbahn","aerialway":"chair_lift","osm":"way/23103022"},"geometry":{"type":"LineString","coordinates":[[10.24843,47.13763],[10.24862,47.14827]]}},{"type":"Feature","properties":{"kind":"lift","difficulty":null,"name":"Nassereinbahn","aerialway":"gondola","osm":"way/29709804"},"geometry":{"type":"LineString","coordinates":[[10.273,47.13474],[10.24916,47.13794]]}},{"type":"Feature","properties":{"kind":"lift","difficulty":null,"name":"Galzigbahn","aerialway":"gondola","osm":"way/29710303"},"geometry":{"type":"LineString","coordinates":[[10.26297,47.12814],[10.23075,47.13084]]}},{"type":"Feature","properties":{"kind":"lift","difficulty":null,"name":"Osthangbahn","aerialway":"chair_lift","osm":"way/29710364"},"geometry":{"type":"LineString","coordinates":[[10.24106,47.13143],[10.22541,47.13323]]}},{"type":"Feature","properties":{"kind":"lift","difficulty":null,"name":"Zammermoosbahn","aerialway":"chair_lift","osm":"way/29710452"},"geometry":{"type":"LineString","coordinates":[[10.24412,47.13443],[10.22388,47.13443]]}},{"type":"Feature","properties":{"kind":"lift","difficulty":null,"name":"Tanzbödenbahn","aerialway":"chair_lift","osm":"way/29710484"},"geometry":{"type":"LineString","coordinates":[[10.23206,47.13652],[10.22335,47.13469]]}},{"type":"Feature","properties":{"kind":"lift","difficulty":null,"name":"Albonagratbahn","aerialway":"chair_lift","osm":"way/29711434"},"geometry":{"type":"LineString","coordinates":[[10.17833,47.11371],[10.16958,47.11923]]}},{"type":"Feature","properties":{"kind":"lift","difficulty":null,"name":"St. Christophbahn","aerialway":"chair_lift","osm":"way/29712600"},"geometry":{"type":"LineString","coordinates":[[10.21425,47.12779],[10.22387,47.13412]]}},{"type":"Feature","properties":{"kind":"lift","difficulty":null,"name":"Gampenbahn","aerialway":"chair_lift","osm":"way/30765708"},"geometry":{"type":"LineString","coordinates":[[10.26315,47.12875],[10.2494,47.13722]]}},{"type":"Feature","properties":{"kind":"lift","difficulty":null,"name":"Übungslift Gampen I","aerialway":"platter","osm":"way/51530389"},"geometry":{"type":"LineString","coordinates":[[10.25247,47.13764],[10.24993,47.13959]]}},{"type":"Feature","properties":{"kind":"lift","difficulty":null,"name":"Maienseelift I","aerialway":"platter","osm":"way/67902052"},"geometry":{"type":"LineString","coordinates":[[10.21515,47.12627],[10.22125,47.12459]]}},{"type":"Feature","properties":{"kind":"lift","difficulty":null,"name":"Maienseelift II","aerialway":"platter","osm":"way/67902054"},"geometry":{"type":"LineString","coordinates":[[10.21512,47.12622],[10.22123,47.12455]]}},{"type":"Feature","properties":{"kind":"lift","difficulty":null,"name":"Übungslift Gampen II","aerialway":"platter","osm":"way/89863295"},"geometry":{"type":"LineString","coordinates":[[10.25242,47.13759],[10.25076,47.13889]]}},{"type":"Feature","properties":{"kind":"lift","difficulty":null,"name":"Fangbahn","aerialway":"chair_lift","osm":"way/92734978"},"geometry":{"type":"LineString","coordinates":[[10.26509,47.13102],[10.25934,47.13586]]}},{"type":"Feature","properties":{"kind":"lift","difficulty":null,"name":"Übungslift St. Christoph","aerialway":"platter","osm":"way/110063198"},"geometry":{"type":"LineString","coordinates":[[10.21448,47.12705],[10.21586,47.12715]]}},{"type":"Feature","properties":{"kind":"lift","difficulty":null,"name":null,"aerialway":"magic_carpet","osm":"way/110063211"},"geometry":{"type":"LineString","coordinates":[[10.21489,47.12682],[10.21517,47.12686]]}},{"type":"Feature","properties":{"kind":"lift","difficulty":null,"name":"Schöngrabenlift","aerialway":"t-bar","osm":"way/152546243"},"geometry":{"type":"LineString","coordinates":[[10.25779,47.14585],[10.24827,47.14871]]}},{"type":"Feature","properties":{"kind":"piste","difficulty":"easy","name":"Piste Muldenlift","aerialway":null,"osm":"way/29713425"},"geometry":{"type":"LineString","coordinates":[[10.26288,47.13101],[10.26432,47.1315],[10.26688,47.13213]]}},{"type":"Feature","properties":{"kind":"piste","difficulty":"easy","name":"Piste Nasserein - Kinderpark","aerialway":null,"osm":"way/29713436"},"geometry":{"type":"LineString","coordinates":[[10.26797,47.13467],[10.26971,47.13457],[10.27164,47.13479]]}},{"type":"Feature","properties":{"kind":"piste","difficulty":"intermediate","name":"Gampberg","aerialway":null,"osm":"way/29714091"},"geometry":{"type":"LineString","coordinates":[[10.27721,47.11095],[10.27732,47.11084],[10.27701,47.11036],[10.27613,47.10984],[10.27583,47.10935],[10.27544,47.10793],[10.27453,47.10714],[10.27401,47.10645],[10.27337,47.10641],[10.27237,47.10698],[10.27054,47.10721]]}},{"type":"Feature","properties":{"kind":"piste","difficulty":"advanced","name":"Gampberg Direkte","aerialway":null,"osm":"way/29714116"},"geometry":{"type":"LineString","coordinates":[[10.27732,47.11084],[10.27704,47.11068],[10.2768,47.11082],[10.27643,47.11074],[10.27474,47.11005],[10.2718,47.10819],[10.27054,47.10721]]}},{"type":"Feature","properties":{"kind":"piste","difficulty":"intermediate","name":"Rendl Race","aerialway":null,"osm":"way/29714189"},"geometry":{"type":"LineString","coordinates":[[10.27544,47.10793],[10.27576,47.10761],[10.27583,47.10679],[10.27625,47.10628],[10.27633,47.10577],[10.27495,47.1051],[10.27434,47.10455],[10.2738,47.10358],[10.27268,47.10306],[10.27167,47.10234]]}},{"type":"Feature","properties":{"kind":"piste","difficulty":"advanced","name":"Skiroute - Riffelscharte","aerialway":null,"osm":"way/29714207"},"geometry":{"type":"LineString","coordinates":[[10.28504,47.10106],[10.28521,47.10114],[10.28426,47.10148],[10.28351,47.10061],[10.28338,47.09969],[10.28297,47.09919],[10.28199,47.09841],[10.28101,47.09827],[10.28073,47.09809]]}},{"type":"Feature","properties":{"kind":"piste","difficulty":"easy","name":"Riffel","aerialway":null,"osm":"way/29714310"},"geometry":{"type":"LineString","coordinates":[[10.28055,47.09833],[10.28077,47.09823],[10.28052,47.09789],[10.27982,47.09785],[10.2795,47.09804],[10.27889,47.09875],[10.27829,47.09895],[10.27634,47.09832],[10.27611,47.09804],[10.27624,47.09792]]}},{"type":"Feature","properties":{"kind":"piste","difficulty":"easy","name":"Riffel","aerialway":null,"osm":"way/29714438"},"geometry":{"type":"LineString","coordinates":[[10.27634,47.09832],[10.27551,47.09839],[10.27511,47.09792],[10.27461,47.09768],[10.273,47.09732],[10.27257,47.09742],[10.2722,47.09973],[10.2724,47.10054],[10.27228,47.10104],[10.27238,47.10184],[10.27228,47.10206],[10.27167,47.10234]]}},{"type":"Feature","properties":{"kind":"piste","difficulty":"intermediate","name":"Skiroute - Restauranthang","aerialway":null,"osm":"way/29714753"},"geometry":{"type":"LineString","coordinates":[[10.27495,47.1051],[10.27247,47.10459],[10.26983,47.10448]]}},{"type":"Feature","properties":{"kind":"piste","difficulty":"intermediate","name":"Rendl Talabfahrt","aerialway":null,"osm":"way/46732244"},"geometry":{"type":"LineString","coordinates":[[10.26775,47.10501],[10.26781,47.10469],[10.26757,47.10475]]}},{"type":"Feature","properties":{"kind":"piste","difficulty":"intermediate","name":"Rendl Talabfahrt","aerialway":null,"osm":"way/46732245"},"geometry":{"type":"LineString","coordinates":[[10.26801,47.10459],[10.26726,47.10487],[10.26614,47.10502],[10.26614,47.10513]]}},{"type":"Feature","properties":{"kind":"piste","difficulty":"easy","name":"Zammermoos - St. Anton","aerialway":null,"osm":"way/46732296"},"geometry":{"type":"LineString","coordinates":[[10.26123,47.12832],[10.26198,47.12808],[10.26288,47.128]]}},{"type":"Feature","properties":{"kind":"piste","difficulty":"easy","name":"Salzböden","aerialway":null,"osm":"way/48199767"},"geometry":{"type":"LineString","coordinates":[[10.26895,47.10436],[10.26926,47.10379],[10.26927,47.10353],[10.26871,47.10293],[10.26795,47.10179],[10.26735,47.10135],[10.26645,47.09956],[10.26628,47.09855],[10.26642,47.09823],[10.26623,47.09798]]}},{"type":"Feature","properties":{"kind":"piste","difficulty":"easy","name":null,"aerialway":null,"osm":"way/48199768"},"geometry":{"type":"LineString","coordinates":[[10.26991,47.10417],[10.26976,47.10459],[10.26929,47.10479],[10.26881,47.10477],[10.26878,47.10461],[10.26895,47.10436]]}},{"type":"Feature","properties":{"kind":"piste","difficulty":"easy","name":"Stallmähder-Fang","aerialway":null,"osm":"way/51530392"},"geometry":{"type":"LineString","coordinates":[[10.26583,47.13337],[10.26569,47.1324],[10.26539,47.13199],[10.26485,47.13158],[10.26474,47.13066],[10.26436,47.12982]]}},{"type":"Feature","properties":{"kind":"piste","difficulty":"advanced","name":"Skiroute - Wannele","aerialway":null,"osm":"way/54255147"},"geometry":{"type":"LineString","coordinates":[[10.2768,47.11082],[10.27671,47.11101],[10.27606,47.11092],[10.27374,47.11143],[10.27175,47.11227],[10.27047,47.11263],[10.2679,47.11289],[10.26732,47.11263],[10.26651,47.11022],[10.26567,47.11012],[10.26372,47.11022]]}},{"type":"Feature","properties":{"kind":"piste","difficulty":"intermediate","name":"Rendl Talabfahrt","aerialway":null,"osm":"way/54255148"},"geometry":{"type":"LineString","coordinates":[[10.2678,47.10556],[10.2662,47.10575]]}},{"type":"Feature","properties":{"kind":"piste","difficulty":"intermediate","name":"Rendl Talabfahrt","aerialway":null,"osm":"way/54255150"},"geometry":{"type":"LineString","coordinates":[[10.26148,47.12561],[10.26178,47.12581],[10.26316,47.12601]]}},{"type":"Feature","properties":{"kind":"piste","difficulty":"intermediate","name":"Rendl Talabfahrt","aerialway":null,"osm":"way/54255152"},"geometry":{"type":"LineString","coordinates":[[10.26316,47.12601],[10.26316,47.12606]]}},{"type":"Feature","properties":{"kind":"piste","difficulty":"intermediate","name":"Rendl Talabfahrt","aerialway":null,"osm":"way/67924827"},"geometry":{"type":"LineString","coordinates":[[10.26286,47.10862],[10.26293,47.10892],[10.26342,47.10956],[10.26348,47.10989],[10.26372,47.11022],[10.26368,47.1104],[10.26239,47.11079],[10.26174,47.11164],[10.26107,47.11196],[10.25956,47.11218],[10.25914,47.11168],[10.25874,47.11169],[10.25767,47.11267],[10.25754,47.11396],[10.25679,47.11475],[10.25689,47.11613],[10.25641,47.11691],[10.25635,47.11731],[10.25656,47.11825],[10.2574,47.11875],[10.25867,47.1202],[10.25848,47.12077],[10.25778,47.12175],[10.25784,47.122],[10.2583,47.12246],[10.25824,47.1227],[10.25733,47.12297],[10.25724,47.12316],[10.25771,47.12346],[10.25914,47.12393],[10.25925,47.12411]]}},{"type":"Feature","properties":{"kind":"piste","difficulty":"intermediate","name":"Rendl Talabfahrt","aerialway":null,"osm":"way/90169701"},"geometry":{"type":"LineString","coordinates":[[10.26166,47.12534],[10.26148,47.12561]]}},{"type":"Feature","properties":{"kind":"piste","difficulty":"intermediate","name":"Tobel","aerialway":null,"osm":"way/92519630"},"geometry":{"type":"LineString","coordinates":[[10.2662,47.10575],[10.26574,47.10633],[10.26431,47.10755],[10.26452,47.10819],[10.26372,47.10819],[10.26286,47.10862]]}},{"type":"Feature","properties":{"kind":"piste","difficulty":"easy","name":null,"aerialway":null,"osm":"way/92519634"},"geometry":{"type":"LineString","coordinates":[[10.26623,47.09798],[10.26589,47.09792],[10.26603,47.09785]]}},{"type":"Feature","properties":{"kind":"piste","difficulty":"easy","name":"Salzböden","aerialway":null,"osm":"way/92519645"},"geometry":{"type":"LineString","coordinates":[[10.26628,47.09855],[10.26546,47.0975],[10.26512,47.09735],[10.26496,47.09783],[10.26476,47.09802],[10.26389,47.09817],[10.26157,47.09932],[10.26009,47.09941],[10.25863,47.09989]]}},{"type":"Feature","properties":{"kind":"piste","difficulty":"easy","name":null,"aerialway":null,"osm":"way/92519651"},"geometry":{"type":"LineString","coordinates":[[10.26895,47.10436],[10.26801,47.10459],[10.26775,47.10501]]}},{"type":"Feature","properties":{"kind":"piste","difficulty":"easy","name":"Übungswiese","aerialway":null,"osm":"way/92519652"},"geometry":{"type":"LineString","coordinates":[[10.26927,47.10353],[10.2682,47.10302],[10.26722,47.10282],[10.26554,47.10287],[10.26485,47.1032]]}},{"type":"Feature","properties":{"kind":"piste","difficulty":"easy","name":"Riffelkar","aerialway":null,"osm":"way/92519656"},"geometry":{"type":"LineString","coordinates":[[10.27809,47.09682],[10.27615,47.09773],[10.27617,47.0979]]}},{"type":"Feature","properties":{"kind":"piste","difficulty":"easy","name":null,"aerialway":null,"osm":"way/92519657"},"geometry":{"type":"LineString","coordinates":[[10.26888,47.10482],[10.2678,47.10556]]}},{"type":"Feature","properties":{"kind":"piste","difficulty":"advanced","name":"Skiroute - Maass","aerialway":null,"osm":"way/92519661"},"geometry":{"type":"LineString","coordinates":[[10.26579,47.10284],[10.26539,47.10274],[10.26522,47.10239],[10.26494,47.10223],[10.26355,47.10216],[10.26222,47.10186],[10.2618,47.10139],[10.26099,47.10085],[10.25997,47.1005],[10.25913,47.09995],[10.25875,47.09986]]}},{"type":"Feature","properties":{"kind":"piste","difficulty":"easy","name":"Wasserloch","aerialway":null,"osm":"way/92519664"},"geometry":{"type":"LineString","coordinates":[[10.27167,47.10234],[10.2706,47.10299],[10.27031,47.10368],[10.26895,47.10436]]}},{"type":"Feature","properties":{"kind":"piste","difficulty":"easy","name":"Hoppelweg","aerialway":null,"osm":"way/197101482"},"geometry":{"type":"LineString","coordinates":[[10.26288,47.13101],[10.26356,47.1308],[10.26405,47.13039],[10.26436,47.12982]]}},{"type":"Feature","properties":{"kind":"piste","difficulty":"intermediate","name":"Stanton Speed","aerialway":null,"osm":"way/259197277"},"geometry":{"type":"LineString","coordinates":[[10.26735,47.10135],[10.26649,47.10105],[10.26624,47.1008],[10.26594,47.1001],[10.26599,47.09979],[10.26638,47.09934]]}},{"type":"Feature","properties":{"kind":"piste","difficulty":"easy","name":"Piste Kindlisfeldlift","aerialway":null,"osm":"way/441155106"},"geometry":{"type":"LineString","coordinates":[[10.26617,47.13395],[10.26588,47.13357],[10.26587,47.13318],[10.26625,47.13254],[10.26688,47.13213]]}},{"type":"Feature","properties":{"kind":"piste","difficulty":"easy","name":"Hoppelweg","aerialway":null,"osm":"way/569147707"},"geometry":{"type":"LineString","coordinates":[[10.26288,47.13101],[10.26259,47.13064]]}},{"type":"Feature","properties":{"kind":"piste","difficulty":"easy","name":"Stallmähder-Fang","aerialway":null,"osm":"way/569147708"},"geometry":{"type":"LineString","coordinates":[[10.26436,47.12982],[10.26418,47.12946],[10.26316,47.12847]]}},{"type":"Feature","properties":{"kind":"piste","difficulty":"intermediate","name":"Skiroute - Tobelroute","aerialway":null,"osm":"way/569406003"},"geometry":{"type":"LineString","coordinates":[[10.27054,47.10721],[10.26832,47.1078],[10.26452,47.10819]]}},{"type":"Feature","properties":{"kind":"piste","difficulty":"easy","name":"Stallmähder - Fang","aerialway":null,"osm":"way/580672789"},"geometry":{"type":"LineString","coordinates":[[10.26508,47.1339],[10.26687,47.13498],[10.26797,47.13467],[10.2675,47.13352],[10.2668,47.133],[10.26637,47.13244]]}},{"type":"Feature","properties":{"kind":"piste","difficulty":"freeride","name":"Hinterrendl","aerialway":null,"osm":"way/582201485"},"geometry":{"type":"LineString","coordinates":[[10.28504,47.10106],[10.28545,47.10104],[10.28674,47.10063],[10.28787,47.10068],[10.28844,47.10113],[10.28912,47.10274],[10.28976,47.10335],[10.29177,47.1039],[10.29589,47.10376],[10.29783,47.10401],[10.30057,47.1049],[10.30092,47.10528],[10.30107,47.10591],[10.30034,47.1067],[10.29913,47.10718],[10.29753,47.10705],[10.29381,47.10822],[10.29169,47.10839],[10.28939,47.10905],[10.28832,47.1099],[10.28795,47.11151],[10.28796,47.1126],[10.28769,47.11362],[10.28657,47.11473],[10.28195,47.11584],[10.2805,47.11681],[10.28024,47.11718]]}},{"type":"Feature","properties":{"kind":"piste","difficulty":"freeride","name":"Gampberg","aerialway":null,"osm":"way/582201540"},"geometry":{"type":"LineString","coordinates":[[10.27732,47.11084],[10.27744,47.1099],[10.27776,47.10969],[10.27904,47.10995],[10.28272,47.10986],[10.28347,47.10978],[10.28386,47.10953],[10.28451,47.10955],[10.28592,47.11028],[10.28646,47.11083],[10.28685,47.11156],[10.2871,47.11331],[10.28532,47.11486],[10.28436,47.11524]]}},{"type":"Feature","properties":{"kind":"piste","difficulty":"freeride","name":"Vorderrendl","aerialway":null,"osm":"way/582201547"},"geometry":{"type":"LineString","coordinates":[[10.27671,47.11101],[10.27674,47.11182],[10.27767,47.11185],[10.27788,47.11197],[10.27637,47.1129],[10.27617,47.11317],[10.27623,47.11328],[10.27706,47.11348],[10.27778,47.11431],[10.28008,47.1159],[10.28029,47.1165],[10.28024,47.11718],[10.27992,47.11882],[10.27905,47.1196],[10.2787,47.12026],[10.27843,47.12167],[10.27837,47.12278],[10.27804,47.12407],[10.27755,47.1246],[10.2766,47.12493],[10.275,47.12609],[10.27398,47.12644],[10.27152,47.12582],[10.26778,47.12392],[10.26748,47.12335],[10.2673,47.12328],[10.26682,47.1234],[10.26582,47.123],[10.26509,47.12257],[10.2651,47.12232],[10.26384,47.12228],[10.26258,47.12178],[10.26204,47.12172],[10.26155,47.1212],[10.26124,47.12124],[10.26078,47.12153],[10.26019,47.121],[10.25958,47.12096],[10.25943,47.12047],[10.25867,47.1202]]}},{"type":"Feature","properties":{"kind":"piste","difficulty":"freeride","name":"Schimmelegg","aerialway":null,"osm":"way/582201554"},"geometry":{"type":"LineString","coordinates":[[10.27778,47.11431],[10.27796,47.11547],[10.27788,47.11598],[10.27753,47.11637],[10.27623,47.11703],[10.27528,47.11789],[10.27536,47.11894],[10.27579,47.11943],[10.27702,47.12009],[10.27852,47.12121]]}},{"type":"Feature","properties":{"kind":"piste","difficulty":"freeride","name":"The North Face","aerialway":null,"osm":"way/582201561"},"geometry":{"type":"LineString","coordinates":[[10.27175,47.11227],[10.27,47.1133],[10.26912,47.11427],[10.26863,47.115],[10.26871,47.11569],[10.26884,47.11622],[10.26914,47.11649],[10.27084,47.11705],[10.27223,47.11729],[10.27263,47.11763],[10.27262,47.11824],[10.27118,47.11952],[10.27019,47.11973],[10.26979,47.12038],[10.26979,47.12083],[10.2695,47.12123],[10.26871,47.12134],[10.26832,47.12198],[10.26732,47.12236],[10.2671,47.12282],[10.26704,47.1234]]}},{"type":"Feature","properties":{"kind":"piste","difficulty":"freeride","name":"Hinteres Rendl","aerialway":null,"osm":"way/582349379"},"geometry":{"type":"LineString","coordinates":[[10.28976,47.10335],[10.29059,47.10429],[10.29105,47.10542],[10.29129,47.10651],[10.29113,47.10832],[10.29072,47.10859]]}},{"type":"Feature","properties":{"kind":"piste","difficulty":"freeride","name":"Rossfall","aerialway":null,"osm":"way/582461528"},"geometry":{"type":"LineString","coordinates":[[10.26485,47.08429],[10.26445,47.08466],[10.26432,47.0851],[10.26474,47.08555],[10.26506,47.0857],[10.26532,47.08653],[10.26441,47.08764],[10.26421,47.08812],[10.26422,47.08897],[10.26443,47.08984],[10.26368,47.09026],[10.26275,47.09164],[10.26257,47.09353],[10.26206,47.09412],[10.26088,47.09469],[10.25994,47.09548],[10.25896,47.09665],[10.25845,47.0978],[10.25848,47.09824],[10.25752,47.09946],[10.25743,47.09987],[10.25757,47.10058],[10.25782,47.10105],[10.25771,47.10212],[10.25835,47.10329],[10.2585,47.10382],[10.25851,47.10457],[10.25868,47.10471],[10.25818,47.1057],[10.25863,47.10617],[10.25874,47.1064],[10.2587,47.10698],[10.25906,47.10718],[10.25919,47.10769],[10.25879,47.10859],[10.25832,47.10888],[10.2583,47.10926],[10.2578,47.10995],[10.25755,47.11121],[10.25771,47.11194],[10.25767,47.11267]]}},{"type":"Feature","properties":{"kind":"piste","difficulty":"easy","name":"Piste Nassereinlift","aerialway":null,"osm":"way/583814345"},"geometry":{"type":"LineString","coordinates":[[10.26687,47.13498],[10.27185,47.1351],[10.27265,47.13484],[10.27278,47.13449],[10.27304,47.13445]]}},{"type":"Feature","properties":{"kind":"piste","difficulty":"easy","name":"Piste Nassereinlift","aerialway":null,"osm":"way/583814347"},"geometry":{"type":"LineString","coordinates":[[10.2714,47.13509],[10.27162,47.13497],[10.27164,47.13479]]}},{"type":"Feature","properties":{"kind":"piste","difficulty":"easy","name":null,"aerialway":null,"osm":"way/583814348"},"geometry":{"type":"LineString","coordinates":[[10.26808,47.13483],[10.26823,47.13499]]}},{"type":"Feature","properties":{"kind":"piste","difficulty":"easy","name":null,"aerialway":null,"osm":"way/583814349"},"geometry":{"type":"LineString","coordinates":[[10.27276,47.13472],[10.273,47.13474]]}},{"type":"Feature","properties":{"kind":"piste","difficulty":"easy","name":"Stallmähder-Fang","aerialway":null,"osm":"way/583814351"},"geometry":{"type":"LineString","coordinates":[[10.26617,47.13395],[10.26707,47.13443],[10.26756,47.13498]]}},{"type":"Feature","properties":{"kind":"piste","difficulty":"unknown","name":"Hochkar","aerialway":null,"osm":"way/695506824"},"geometry":{"type":"LineString","coordinates":[[10.30757,47.11076],[10.30788,47.11163],[10.30791,47.11217],[10.30506,47.11324],[10.30416,47.1137],[10.30401,47.11405],[10.30464,47.11435],[10.3071,47.11478],[10.30859,47.11541],[10.30943,47.11592],[10.30974,47.11644],[10.30979,47.11678],[10.30916,47.11747],[10.30687,47.1183],[10.30484,47.12031],[10.30273,47.12337],[10.30265,47.12449],[10.30289,47.12695],[10.30326,47.12812],[10.3036,47.13013],[10.30461,47.13144],[10.30462,47.13276],[10.30394,47.1344],[10.30342,47.13485],[10.30006,47.13536],[10.30079,47.13553],[10.30173,47.13548],[10.30242,47.13565],[10.30403,47.13558],[10.30317,47.1358],[10.30283,47.13604],[10.30211,47.13608],[10.30044,47.13654],[10.29875,47.13659],[10.29741,47.13643],[10.29947,47.13731],[10.30022,47.13743],[10.30137,47.13777],[10.30131,47.13785],[10.29921,47.13821],[10.29863,47.13802],[10.29798,47.13804],[10.29674,47.13781],[10.29612,47.13756],[10.29528,47.13748],[10.29294,47.13794]]}},{"type":"Feature","properties":{"kind":"piste","difficulty":"intermediate","name":null,"aerialway":null,"osm":"way/710702976"},"geometry":{"type":"LineString","coordinates":[[10.26148,47.12561],[10.2632,47.12598],[10.26185,47.12587],[10.26148,47.12573],[10.26148,47.12561]]}},{"type":"Feature","properties":{"kind":"piste","difficulty":"advanced","name":null,"aerialway":null,"osm":"way/710735698"},"geometry":{"type":"LineString","coordinates":[[10.27021,47.10716],[10.27004,47.10744],[10.27514,47.11052],[10.27575,47.1108],[10.27704,47.11086],[10.27607,47.11036],[10.27561,47.10996],[10.27471,47.10965],[10.27387,47.10913],[10.27255,47.10818],[10.27228,47.10791],[10.27215,47.10749],[10.27021,47.10716]]}},{"type":"Feature","properties":{"kind":"piste","difficulty":"easy","name":null,"aerialway":null,"osm":"way/710735699"},"geometry":{"type":"LineString","coordinates":[[10.25863,47.09989],[10.25861,47.09998]]}},{"type":"Feature","properties":{"kind":"piste","difficulty":"intermediate","name":null,"aerialway":null,"osm":"way/710735700"},"geometry":{"type":"LineString","coordinates":[[10.26686,47.1013],[10.2662,47.10099],[10.26558,47.10033],[10.26589,47.09923],[10.26611,47.10001],[10.26658,47.10098],[10.26686,47.1013]]}},{"type":"Feature","properties":{"kind":"piste","difficulty":"easy","name":"Riffelkar","aerialway":null,"osm":"way/711798518"},"geometry":{"type":"LineString","coordinates":[[10.28066,47.09799],[10.28091,47.09781],[10.28095,47.09745],[10.28005,47.09668],[10.27906,47.09659],[10.27801,47.09681],[10.27769,47.09634],[10.27688,47.09592],[10.27523,47.09617],[10.27489,47.09639],[10.27435,47.09714],[10.27388,47.09751]]}},{"type":"Feature","properties":{"kind":"piste","difficulty":"intermediate","name":"Rendl Talabfahrt","aerialway":null,"osm":"way/835485252"},"geometry":{"type":"LineString","coordinates":[[10.26316,47.12606],[10.26303,47.12661]]}},{"type":"Feature","properties":{"kind":"piste","difficulty":"easy","name":"Zammermoos - St. Anton","aerialway":null,"osm":"way/1381912470"},"geometry":{"type":"LineString","coordinates":[[10.25802,47.12833],[10.26267,47.12843],[10.26297,47.12836],[10.26297,47.12814]]}},{"type":"Feature","properties":{"kind":"piste","difficulty":"easy","name":"Zammermoos - St. Anton","aerialway":null,"osm":"way/1382699944"},"geometry":{"type":"LineString","coordinates":[[10.26054,47.12839],[10.26103,47.12848],[10.26198,47.12898],[10.26324,47.12906],[10.26343,47.12886],[10.26315,47.12875]]}},{"type":"Feature","properties":{"kind":"piste","difficulty":"easy","name":"Stallmähder-Fang","aerialway":null,"osm":"way/1382727918"},"geometry":{"type":"LineString","coordinates":[[10.26474,47.13086],[10.26509,47.13102]]}},{"type":"Feature","properties":{"kind":"piste","difficulty":"easy","name":"Stallmähder-Fang","aerialway":null,"osm":"way/1382747453"},"geometry":{"type":"LineString","coordinates":[[10.26808,47.13483],[10.26797,47.13467]]}},{"type":"Feature","properties":{"kind":"piste","difficulty":"intermediate","name":"Tobel","aerialway":null,"osm":"way/1383054670"},"geometry":{"type":"LineString","coordinates":[[10.27054,47.10721],[10.26888,47.10696],[10.2662,47.10575]]}},{"type":"Feature","properties":{"kind":"piste","difficulty":"intermediate","name":"Gampberg","aerialway":null,"osm":"way/1383054673"},"geometry":{"type":"LineString","coordinates":[[10.2742,47.10657],[10.27402,47.10543],[10.27367,47.10528],[10.27278,47.10545],[10.27066,47.10666],[10.27003,47.1068]]}},{"type":"Feature","properties":{"kind":"piste","difficulty":"intermediate","name":"Gampberg","aerialway":null,"osm":"way/1383054674"},"geometry":{"type":"LineString","coordinates":[[10.27495,47.1051],[10.27352,47.10529]]}},{"type":"Feature","properties":{"kind":"piste","difficulty":"intermediate","name":"Rendl Talabfahrt","aerialway":null,"osm":"way/1460165155"},"geometry":{"type":"LineString","coordinates":[[10.26757,47.10475],[10.26574,47.10599],[10.26349,47.10635],[10.26316,47.10653],[10.26292,47.10698],[10.26298,47.10781],[10.26286,47.10862]]}},{"type":"Feature","properties":{"kind":"piste","difficulty":"intermediate","name":"Rendl Talabfahrt","aerialway":null,"osm":"way/1460165156"},"geometry":{"type":"LineString","coordinates":[[10.2583,47.12246],[10.25939,47.12297],[10.26106,47.1233],[10.26131,47.12341],[10.26154,47.12379],[10.26239,47.1242],[10.26239,47.1245],[10.26166,47.12534]]}},{"type":"Feature","properties":{"kind":"piste","difficulty":"easy","name":"Riffel","aerialway":null,"osm":"way/1460165157"},"geometry":{"type":"LineString","coordinates":[[10.27167,47.10234],[10.271,47.10193],[10.27015,47.10171],[10.26735,47.10135]]}},{"type":"Feature","properties":{"kind":"piste","difficulty":"intermediate","name":"Gampberg","aerialway":null,"osm":"way/1460165158"},"geometry":{"type":"LineString","coordinates":[[10.27054,47.10721],[10.2694,47.10633],[10.26849,47.10582],[10.26614,47.10502]]}},{"type":"Feature","properties":{"kind":"piste","difficulty":"freeride","name":"Rossfall","aerialway":null,"osm":"way/1466689789"},"geometry":{"type":"LineString","coordinates":[[10.28095,47.09745],[10.28139,47.09559],[10.28144,47.09433],[10.28134,47.09389],[10.28093,47.0932],[10.28055,47.09289],[10.27908,47.0922],[10.27563,47.09164],[10.27389,47.09071],[10.27279,47.08993],[10.27241,47.0889],[10.27232,47.08656],[10.27176,47.08578],[10.27088,47.08539],[10.26988,47.08467],[10.26857,47.08413],[10.26606,47.08378],[10.26539,47.08397],[10.26485,47.08429]]}},{"type":"Feature","properties":{"kind":"piste","difficulty":"intermediate","name":null,"aerialway":null,"osm":"relation/9883487"},"geometry":{"type":"MultiLineString","coordinates":[[[10.27453,47.10629],[10.27428,47.10528],[10.27508,47.10531],[10.27604,47.10582],[10.27623,47.10621],[10.27529,47.10756],[10.27474,47.10712],[10.27453,47.10629]],[[10.27369,47.10667],[10.27335,47.10675],[10.27215,47.10749],[10.27021,47.10716],[10.27004,47.10744],[10.26892,47.10712],[10.26622,47.10595],[10.26556,47.10667],[10.26439,47.10753],[10.26466,47.10812],[10.2646,47.10825],[10.26365,47.10832],[10.26308,47.10868],[10.26302,47.10894],[10.2634,47.10938],[10.26356,47.10993],[10.26388,47.11039],[10.26384,47.11058],[10.2633,47.11091],[10.26278,47.11079],[10.26249,47.11088],[10.26185,47.11186],[10.26126,47.11218],[10.25928,47.11243],[10.25905,47.1118],[10.25863,47.1119],[10.25782,47.11285],[10.25758,47.11415],[10.257,47.11454],[10.25687,47.1148],[10.25687,47.11534],[10.25705,47.11594],[10.25657,47.11683],[10.25647,47.11729],[10.25665,47.11813],[10.25759,47.1187],[10.25884,47.12014],[10.2588,47.1206],[10.25839,47.12142],[10.25804,47.12158],[10.25821,47.12212],[10.259,47.12265],[10.2612,47.12318],[10.26188,47.12382],[10.26261,47.12416],[10.26264,47.1243],[10.26211,47.12511],[10.26166,47.12534],[10.26169,47.12505],[10.26227,47.12431],[10.26126,47.12384],[10.26113,47.12341],[10.2602,47.12314],[10.25932,47.12312],[10.25875,47.12293],[10.25737,47.12315],[10.25914,47.12393],[10.25732,47.12351],[10.25709,47.12314],[10.25721,47.12288],[10.258,47.12263],[10.25742,47.12225],[10.25731,47.12185],[10.25745,47.12179],[10.25748,47.12149],[10.25829,47.12072],[10.25845,47.12021],[10.25782,47.11961],[10.25731,47.1189],[10.2564,47.11828],[10.25622,47.11683],[10.25675,47.11627],[10.25684,47.116],[10.25661,47.11474],[10.25746,47.11401],[10.25759,47.11251],[10.25811,47.11224],[10.25874,47.11144],[10.25926,47.11163],[10.25962,47.11197],[10.26076,47.11185],[10.26156,47.11151],[10.2624,47.11053],[10.26365,47.11027],[10.2634,47.10991],[10.26327,47.10936],[10.26299,47.10904],[10.2626,47.10888],[10.2626,47.10861],[10.26289,47.10802],[10.26277,47.10669],[10.26292,47.10614],[10.26556,47.10586],[10.26639,47.1052],[10.26604,47.10502],[10.26612,47.10492],[10.26734,47.10482],[10.26775,47.10461],[10.26806,47.10467],[10.26801,47.10476],[10.26777,47.10471],[10.26762,47.10506],[10.26792,47.10512],[10.26799,47.10497],[10.26851,47.10494],[10.26947,47.10605],[10.2703,47.10628],[10.27114,47.10611],[10.27179,47.1057],[10.27283,47.10532],[10.2744,47.10494],[10.27399,47.10458],[10.27363,47.10372],[10.27216,47.10306],[10.2716,47.10258],[10.27216,47.10247],[10.27283,47.10299],[10.27407,47.10348],[10.27435,47.10381],[10.27441,47.10432],[10.27637,47.10574],[10.2763,47.10626],[10.27593,47.10676],[10.27585,47.10791],[10.27607,47.1095],[10.2764,47.10997],[10.27702,47.11022],[10.27737,47.11085],[10.27728,47.11094],[10.27608,47.11035],[10.27547,47.10893],[10.27545,47.10846],[10.27413,47.10691],[10.27369,47.10667]],[[10.27121,47.10665],[10.27287,47.10552],[10.27344,47.10538],[10.27372,47.10541],[10.27387,47.10557],[10.27365,47.10596],[10.27302,47.1061],[10.27278,47.10655],[10.27252,47.10673],[10.27192,47.10682],[10.27121,47.10665]],[[10.26658,47.10575],[10.26889,47.10667],[10.26838,47.10618],[10.26747,47.10573],[10.26658,47.10575]],[[10.26559,47.10632],[10.26419,47.10749],[10.26439,47.10809],[10.26347,47.10809],[10.26305,47.10824],[10.26303,47.10714],[10.26319,47.10674],[10.26455,47.10639],[10.26559,47.10632]]]}},{"type":"Feature","properties":{"kind":"piste","difficulty":"easy","name":null,"aerialway":null,"osm":"relation/9894730"},"geometry":{"type":"MultiLineString","coordinates":[[[10.2711,47.10237],[10.26978,47.10188],[10.26833,47.10163],[10.26953,47.1035],[10.26953,47.10367],[10.26918,47.10413],[10.27018,47.10366],[10.27031,47.10311],[10.2711,47.10237]],[[10.27473,47.09699],[10.27509,47.09717],[10.27521,47.09769],[10.27557,47.09809],[10.27597,47.09815],[10.27602,47.09806]],[[10.27629,47.09806],[10.27812,47.09869],[10.2786,47.09869],[10.27966,47.0978],[10.2802,47.09767],[10.28073,47.09789],[10.28085,47.09757],[10.28056,47.09721],[10.28,47.09697],[10.27928,47.09683],[10.27845,47.09687],[10.27726,47.09722],[10.27636,47.09774],[10.27618,47.09792],[10.27629,47.09806]],[[10.28078,47.09801],[10.28086,47.09825],[10.28069,47.09838],[10.28059,47.09835],[10.28068,47.09816],[10.28029,47.09794],[10.2799,47.09797],[10.27942,47.09839],[10.27919,47.09884],[10.27872,47.09912],[10.27827,47.0992],[10.27628,47.09847],[10.27552,47.09881],[10.27522,47.09874],[10.27503,47.09859],[10.27492,47.09804],[10.27482,47.09801],[10.27405,47.09803],[10.27379,47.09838],[10.27274,47.09758],[10.27277,47.09814],[10.27237,47.09973],[10.27258,47.10071],[10.27241,47.1011],[10.27262,47.10152],[10.27246,47.10227],[10.27114,47.10283],[10.27076,47.10312],[10.27032,47.10372],[10.26914,47.10431],[10.26889,47.10474],[10.26933,47.10471],[10.26972,47.10452],[10.27,47.10417],[10.26972,47.10466],[10.26934,47.10592],[10.26851,47.10494],[10.26856,47.10465],[10.26781,47.10461],[10.26882,47.10423],[10.26911,47.10378],[10.26899,47.10356],[10.26719,47.10306],[10.26574,47.10303],[10.26554,47.10336],[10.26485,47.1032],[10.26529,47.10267],[10.26709,47.10257],[10.26822,47.10277],[10.26794,47.10227],[10.26658,47.10098],[10.26611,47.10001],[10.26589,47.09923],[10.26615,47.09839],[10.26527,47.09748],[10.26493,47.09813],[10.26366,47.09852],[10.26159,47.09959],[10.26,47.09958],[10.25863,47.09989],[10.25904,47.09963],[10.26041,47.09914],[10.26149,47.09912],[10.26185,47.09883],[10.26251,47.09862],[10.26373,47.09791],[10.26463,47.09792],[10.26487,47.09771],[10.26492,47.09729],[10.26512,47.0972],[10.2656,47.0975],[10.2663,47.09841],[10.26637,47.09822],[10.26622,47.09796],[10.26646,47.09813],[10.26651,47.09873],[10.26797,47.10116],[10.26949,47.10121],[10.27188,47.10192],[10.27222,47.10177],[10.27213,47.101],[10.27225,47.10056],[10.27205,47.09958],[10.27228,47.09843],[10.27233,47.09734],[10.27258,47.09706],[10.27376,47.09703],[10.27438,47.09682],[10.27464,47.09631],[10.27508,47.09604],[10.27745,47.09575],[10.27795,47.09609],[10.2781,47.09671],[10.27908,47.09625],[10.27939,47.09623],[10.28054,47.0966],[10.28076,47.09714],[10.28126,47.09729],[10.28103,47.09784],[10.28078,47.09801]],[[10.27602,47.09806],[10.27617,47.09765],[10.27712,47.09701],[10.2778,47.09682],[10.27762,47.09656],[10.27681,47.09608],[10.27656,47.09606],[10.27533,47.09627],[10.27493,47.0966],[10.27473,47.09699]]]}},{"type":"Feature","properties":{"kind":"lift","difficulty":null,"name":"Muldenlift","aerialway":"platter","osm":"way/29710065"},"geometry":{"type":"LineString","coordinates":[[10.26436,47.12982],[10.26267,47.13118]]}},{"type":"Feature","properties":{"kind":"lift","difficulty":null,"name":"Kindlisfeldlift","aerialway":"platter","osm":"way/29710083"},"geometry":{"type":"LineString","coordinates":[[10.26688,47.13213],[10.26605,47.13427]]}},{"type":"Feature","properties":{"kind":"lift","difficulty":null,"name":"Rendlbahn","aerialway":"gondola","osm":"way/29713679"},"geometry":{"type":"LineString","coordinates":[[10.26318,47.12666],[10.26775,47.10501]]}},{"type":"Feature","properties":{"kind":"lift","difficulty":null,"name":"Gampbergbahn","aerialway":"chair_lift","osm":"way/29713957"},"geometry":{"type":"LineString","coordinates":[[10.26614,47.10513],[10.27721,47.11095]]}},{"type":"Feature","properties":{"kind":"lift","difficulty":null,"name":"Riffelbahn I","aerialway":"chair_lift","osm":"way/29713960"},"geometry":{"type":"LineString","coordinates":[[10.26603,47.09785],[10.28055,47.09833]]}},{"type":"Feature","properties":{"kind":"lift","difficulty":null,"name":"Riffelbahn II","aerialway":"chair_lift","osm":"way/29713972"},"geometry":{"type":"LineString","coordinates":[[10.27624,47.09792],[10.28504,47.10106]]}},{"type":"Feature","properties":{"kind":"lift","difficulty":null,"name":"Maassbahn","aerialway":"chair_lift","osm":"way/48199766"},"geometry":{"type":"LineString","coordinates":[[10.25861,47.09998],[10.26991,47.10417]]}},{"type":"Feature","properties":{"kind":"lift","difficulty":null,"name":"Salzbödenlift","aerialway":"platter","osm":"way/67933586"},"geometry":{"type":"LineString","coordinates":[[10.26485,47.1032],[10.26971,47.10432]]}},{"type":"Feature","properties":{"kind":"lift","difficulty":null,"name":"Nassereinlift","aerialway":"platter","osm":"way/89863314"},"geometry":{"type":"LineString","coordinates":[[10.27164,47.13479],[10.26778,47.13483]]}},{"type":"Feature","properties":{"kind":"lift","difficulty":null,"name":"Übungslift-Nasserein-Kinderpark","aerialway":"platter","osm":"way/110135640"},"geometry":{"type":"LineString","coordinates":[[10.27057,47.13379],[10.2698,47.13407]]}}]}