{"type":"FeatureCollection","features":[{"type":"Feature","properties":{"kind":"piste","difficulty":"intermediate","name":"Schatzberg","aerialway":null,"osm":"way/26704841"},"geometry":{"type":"LineString","coordinates":[[11.98983,47.40164],[11.98925,47.40251],[11.98934,47.40283],[11.98996,47.40363],[11.98995,47.40383],[11.98846,47.40427],[11.98661,47.4044],[11.9862,47.40462],[11.98591,47.40526],[11.98606,47.40588],[11.98705,47.4073],[11.98841,47.40808],[11.98902,47.4089],[11.98892,47.40928],[11.98868,47.40952],[11.98792,47.40978],[11.98686,47.4105],[11.98626,47.41066],[11.98712,47.41078],[11.9884,47.41051],[11.99011,47.41039],[11.99027,47.41067],[11.99083,47.41106],[11.99166,47.41073],[11.99214,47.41018],[11.9926,47.41038],[11.99269,47.41067],[11.99257,47.41099],[11.9927,47.41158],[11.9925,47.41212],[11.99138,47.41272],[11.99033,47.41305],[11.99187,47.41353],[11.99123,47.41391],[11.99036,47.41393],[11.99099,47.41435],[11.99062,47.41477],[11.99001,47.41481],[11.99031,47.41505],[11.99058,47.41556],[11.991,47.41561],[11.99118,47.41647],[11.99163,47.41683],[11.991,47.41692],[11.99049,47.41661],[11.99041,47.41682],[11.99051,47.41704],[11.99084,47.41737],[11.99135,47.41763],[11.99194,47.41832],[11.99227,47.41847]]}},{"type":"Feature","properties":{"kind":"piste","difficulty":"easy","name":null,"aerialway":null,"osm":"way/27494496"},"geometry":{"type":"LineString","coordinates":[[11.92926,47.36708],[11.92999,47.3678],[11.9304,47.36859],[11.93063,47.3694],[11.93014,47.37037]]}},{"type":"Feature","properties":{"kind":"piste","difficulty":"intermediate","name":"Schatzberg","aerialway":null,"osm":"way/27694538"},"geometry":{"type":"LineString","coordinates":[[11.99133,47.39907],[11.99112,47.3992],[11.99038,47.39906],[11.98766,47.39894],[11.98753,47.39902],[11.98823,47.3992],[11.98855,47.3995]]}},{"type":"Feature","properties":{"kind":"piste","difficulty":"easy","name":"6a","aerialway":null,"osm":"way/38166173"},"geometry":{"type":"LineString","coordinates":[[11.98977,47.39606],[11.99057,47.39555],[11.99083,47.39522],[11.99144,47.39502],[11.9919,47.39447],[11.99138,47.39295],[11.99126,47.39216]]}},{"type":"Feature","properties":{"kind":"piste","difficulty":"easy","name":null,"aerialway":null,"osm":"way/53375734"},"geometry":{"type":"LineString","coordinates":[[11.94387,47.37829],[11.94438,47.37759],[11.94442,47.37736],[11.94547,47.37855],[11.94556,47.37906],[11.94539,47.37931],[11.94556,47.37928],[11.94591,47.37905],[11.9461,47.37869],[11.94616,47.37817],[11.94602,47.37746],[11.94615,47.37694],[11.94735,47.37825],[11.94801,47.37945],[11.9481,47.37929],[11.94796,47.37878],[11.94807,47.37775],[11.9485,47.37825],[11.94906,47.37847],[11.94967,47.37895],[11.95062,47.37904],[11.9509,47.37864],[11.95108,47.37861],[11.95159,47.3791]]}},{"type":"Feature","properties":{"kind":"piste","difficulty":"intermediate","name":null,"aerialway":null,"osm":"way/59467655"},"geometry":{"type":"LineString","coordinates":[[11.92397,47.35802],[11.92433,47.35711],[11.92547,47.35572],[11.92572,47.35509],[11.92584,47.35507],[11.92587,47.35644],[11.92607,47.35691],[11.92645,47.35722],[11.92788,47.35786],[11.92859,47.35851],[11.92891,47.35858],[11.92987,47.35931],[11.93098,47.35974],[11.93139,47.36009]]}},{"type":"Feature","properties":{"kind":"piste","difficulty":"intermediate","name":"2","aerialway":null,"osm":"way/98422318"},"geometry":{"type":"LineString","coordinates":[[11.98831,47.39766],[11.98815,47.39751],[11.98811,47.39762],[11.98827,47.3978],[11.99012,47.39835],[11.99202,47.3996],[11.9944,47.40012],[11.9991,47.40185],[12.00109,47.40282],[12.00247,47.40311],[12.00331,47.40376],[12.00543,47.40463],[12.008,47.406],[12.00911,47.40586],[12.01009,47.40536],[12.01217,47.40565],[12.01292,47.40523]]}},{"type":"Feature","properties":{"kind":"piste","difficulty":"intermediate","name":"1a","aerialway":null,"osm":"way/98422321"},"geometry":{"type":"LineString","coordinates":[[12.02058,47.40611],[12.02118,47.40631],[12.02289,47.40653],[12.02462,47.40701],[12.02559,47.40698],[12.02745,47.40722],[12.02877,47.4083],[12.03069,47.40877],[12.03195,47.40865],[12.03281,47.4079]]}},{"type":"Feature","properties":{"kind":"piste","difficulty":"intermediate","name":"6","aerialway":null,"osm":"way/98422326"},"geometry":{"type":"LineString","coordinates":[[11.9919,47.39653],[11.99249,47.39738],[11.99267,47.398],[11.99348,47.39874],[11.9944,47.40012]]}},{"type":"Feature","properties":{"kind":"piste","difficulty":"intermediate","name":"8","aerialway":null,"osm":"way/98422330"},"geometry":{"type":"LineString","coordinates":[[11.98656,47.39173],[11.98922,47.39353],[11.99165,47.39434]]}},{"type":"Feature","properties":{"kind":"piste","difficulty":"intermediate","name":"6","aerialway":null,"osm":"way/98422331"},"geometry":{"type":"LineString","coordinates":[[11.98815,47.39751],[11.98858,47.39703],[11.98985,47.39704],[11.9919,47.39653],[11.99415,47.3956],[11.99532,47.39536],[11.99718,47.39621],[11.99831,47.39652]]}},{"type":"Feature","properties":{"kind":"piste","difficulty":"intermediate","name":"8","aerialway":null,"osm":"way/98422333"},"geometry":{"type":"LineString","coordinates":[[11.99165,47.39434],[11.99532,47.39536]]}},{"type":"Feature","properties":{"kind":"piste","difficulty":"intermediate","name":"3","aerialway":null,"osm":"way/98422335"},"geometry":{"type":"LineString","coordinates":[[11.98749,47.40041],[11.98718,47.40069],[11.98798,47.40117],[11.98935,47.40141],[11.99053,47.40216],[11.99137,47.40244],[11.99327,47.40259],[11.99431,47.40305],[11.99461,47.40286]]}},{"type":"Feature","properties":{"kind":"piste","difficulty":"intermediate","name":"2a","aerialway":null,"osm":"way/98422337"},"geometry":{"type":"LineString","coordinates":[[11.99137,47.40244],[11.99266,47.40202],[11.99445,47.40263],[11.99554,47.40256],[11.99591,47.40251],[11.99761,47.40179],[11.9991,47.40185]]}},{"type":"Feature","properties":{"kind":"piste","difficulty":"intermediate","name":"5","aerialway":null,"osm":"way/98422339"},"geometry":{"type":"LineString","coordinates":[[11.98556,47.39093],[11.98609,47.39125],[11.98656,47.39173],[11.98704,47.39251],[11.98858,47.39428],[11.98873,47.3951],[11.98868,47.39555]]}},{"type":"Feature","properties":{"kind":"piste","difficulty":"intermediate","name":null,"aerialway":null,"osm":"way/98422341"},"geometry":{"type":"LineString","coordinates":[[12.02255,47.40582],[12.02289,47.40653]]}},{"type":"Feature","properties":{"kind":"piste","difficulty":"intermediate","name":"1","aerialway":null,"osm":"way/98422342"},"geometry":{"type":"LineString","coordinates":[[12.01292,47.40523],[12.01473,47.40445],[12.01526,47.40435],[12.01635,47.4044],[12.01831,47.40557],[12.0188,47.40611],[12.0193,47.40627],[12.02058,47.40611],[12.02084,47.40578],[12.02194,47.40547],[12.02255,47.40582],[12.02373,47.40586],[12.02553,47.40507],[12.02803,47.40487],[12.02928,47.40504],[12.03049,47.40542],[12.03107,47.40583],[12.03161,47.40655],[12.03161,47.40703],[12.03281,47.4079],[12.03326,47.40758],[12.03342,47.40717],[12.03369,47.40721],[12.03549,47.40833],[12.03583,47.40847],[12.03675,47.40851]]}},{"type":"Feature","properties":{"kind":"piste","difficulty":"easy","name":null,"aerialway":null,"osm":"way/98422347"},"geometry":{"type":"LineString","coordinates":[[12.008,47.406],[12.0079,47.40712],[12.00944,47.40843],[12.01074,47.40989],[12.01079,47.41005],[12.01065,47.41013]]}},{"type":"Feature","properties":{"kind":"piste","difficulty":"intermediate","name":"10","aerialway":null,"osm":"way/99613776"},"geometry":{"type":"LineString","coordinates":[[11.98488,47.38779],[11.98518,47.38805],[11.98519,47.38827],[11.9847,47.38913],[11.9846,47.38942],[11.98472,47.38951],[11.98604,47.38924],[11.98854,47.38957],[11.99008,47.38996]]}},{"type":"Feature","properties":{"kind":"piste","difficulty":"intermediate","name":"Gipfelabfahrt","aerialway":null,"osm":"way/99613777"},"geometry":{"type":"LineString","coordinates":[[11.98514,47.39033],[11.98789,47.39032],[11.99139,47.39112],[11.99203,47.39121],[11.99291,47.39113]]}},{"type":"Feature","properties":{"kind":"piste","difficulty":"intermediate","name":"Gernalmabfahrt","aerialway":null,"osm":"way/99613778"},"geometry":{"type":"LineString","coordinates":[[11.98486,47.38773],[11.98522,47.38724],[11.98508,47.38676],[11.98549,47.38637],[11.98617,47.38603],[11.98659,47.38524],[11.98867,47.38405],[11.9896,47.38405],[11.99054,47.38469],[11.99107,47.38581],[11.99255,47.38739],[11.99266,47.38767],[11.99261,47.38815],[11.99279,47.38842],[11.99291,47.38903],[11.99369,47.38968],[11.99365,47.38996],[11.99345,47.39013],[11.99341,47.39051],[11.9947,47.39111],[11.99481,47.39127],[11.99461,47.39145],[11.99448,47.39141]]}},{"type":"Feature","properties":{"kind":"piste","difficulty":"intermediate","name":null,"aerialway":null,"osm":"way/99613779"},"geometry":{"type":"LineString","coordinates":[[11.99547,47.3951],[11.99536,47.39441],[11.9955,47.39438],[11.99589,47.39464],[11.99593,47.39485],[11.99618,47.39504],[11.99733,47.39531],[11.99831,47.39652],[11.99851,47.39652],[11.99877,47.39622]]}},{"type":"Feature","properties":{"kind":"piste","difficulty":"intermediate","name":null,"aerialway":null,"osm":"way/99613780"},"geometry":{"type":"LineString","coordinates":[[11.98508,47.38676],[11.98612,47.38782]]}},{"type":"Feature","properties":{"kind":"piste","difficulty":"intermediate","name":"11","aerialway":null,"osm":"way/99613781"},"geometry":{"type":"LineString","coordinates":[[11.98484,47.38797],[11.98486,47.38773],[11.98612,47.38782],[11.9898,47.38916],[11.99008,47.38996],[11.99032,47.39023],[11.99041,47.3909]]}},{"type":"Feature","properties":{"kind":"piste","difficulty":"intermediate","name":null,"aerialway":null,"osm":"way/172431478"},"geometry":{"type":"LineString","coordinates":[[11.93312,47.35541],[11.9332,47.35591],[11.93281,47.35665],[11.93277,47.3573],[11.93292,47.35814],[11.93375,47.35821],[11.93402,47.35859]]}},{"type":"Feature","properties":{"kind":"piste","difficulty":"intermediate","name":null,"aerialway":null,"osm":"way/172476296"},"geometry":{"type":"LineString","coordinates":[[11.93649,47.35951],[11.93706,47.35973],[11.9371,47.35997]]}},{"type":"Feature","properties":{"kind":"piste","difficulty":"easy","name":null,"aerialway":null,"osm":"way/281978133"},"geometry":{"type":"LineString","coordinates":[[11.92375,47.37055],[11.92474,47.37042],[11.92572,47.37065]]}},{"type":"Feature","properties":{"kind":"piste","difficulty":"easy","name":null,"aerialway":null,"osm":"way/281978819"},"geometry":{"type":"LineString","coordinates":[[11.92817,47.3728],[11.92764,47.37329],[11.92823,47.3735]]}},{"type":"Feature","properties":{"kind":"piste","difficulty":"easy","name":null,"aerialway":null,"osm":"way/281978821"},"geometry":{"type":"LineString","coordinates":[[11.92576,47.37069],[11.9255,47.37131]]}},{"type":"Feature","properties":{"kind":"piste","difficulty":"easy","name":null,"aerialway":null,"osm":"way/298884598"},"geometry":{"type":"LineString","coordinates":[[11.9485,47.40035],[11.94834,47.40002],[11.94733,47.39909],[11.9466,47.39855],[11.94618,47.39852]]}},{"type":"Feature","properties":{"kind":"piste","difficulty":"easy","name":"52","aerialway":null,"osm":"way/322961662"},"geometry":{"type":"LineString","coordinates":[[11.93014,47.37037],[11.93199,47.36962],[11.93231,47.36928],[11.93214,47.36837],[11.93182,47.36773],[11.93206,47.36686],[11.93204,47.36594],[11.93165,47.36557],[11.93127,47.36465],[11.93137,47.36359],[11.93221,47.36249],[11.9324,47.36284],[11.93224,47.36375],[11.93359,47.36503],[11.93379,47.36545],[11.93481,47.36602],[11.93562,47.36608],[11.93523,47.36652],[11.93523,47.36673],[11.93574,47.36744],[11.93564,47.36782],[11.93572,47.36817],[11.93613,47.36867],[11.93627,47.36924],[11.93665,47.36971],[11.93707,47.36991],[11.93769,47.3705],[11.93803,47.37131],[11.93791,47.37179],[11.93746,47.37215],[11.93606,47.37259],[11.93585,47.37276],[11.93484,47.37399]]}},{"type":"Feature","properties":{"kind":"piste","difficulty":"advanced","name":null,"aerialway":null,"osm":"way/335209600"},"geometry":{"type":"LineString","coordinates":[[11.92403,47.3581],[11.92434,47.35926],[11.92452,47.35943],[11.92503,47.35961],[11.92795,47.35934],[11.9298,47.36023],[11.92961,47.36064],[11.9303,47.36103],[11.93179,47.36119],[11.93253,47.3611],[11.93362,47.36059]]}},{"type":"Feature","properties":{"kind":"piste","difficulty":"intermediate","name":null,"aerialway":null,"osm":"way/335209602"},"geometry":{"type":"LineString","coordinates":[[11.93402,47.35859],[11.93627,47.35952],[11.93649,47.35951]]}},{"type":"Feature","properties":{"kind":"piste","difficulty":"intermediate","name":null,"aerialway":null,"osm":"way/335209603"},"geometry":{"type":"LineString","coordinates":[[11.92531,47.35587],[11.92579,47.35389],[11.92693,47.35403],[11.93212,47.35294],[11.93282,47.35453],[11.93279,47.355],[11.93312,47.35541]]}},{"type":"Feature","properties":{"kind":"piste","difficulty":"intermediate","name":null,"aerialway":null,"osm":"way/335216709"},"geometry":{"type":"LineString","coordinates":[[11.93139,47.36009],[11.93245,47.3605],[11.934,47.36062],[11.93659,47.36031],[11.93702,47.36015],[11.9371,47.35997]]}},{"type":"Feature","properties":{"kind":"piste","difficulty":"intermediate","name":null,"aerialway":null,"osm":"way/335216710"},"geometry":{"type":"LineString","coordinates":[[11.92965,47.36766],[11.92987,47.3678],[11.9299,47.36803],[11.9289,47.36945],[11.92758,47.37054],[11.92699,47.37076],[11.92607,47.37086],[11.92557,47.3712]]}},{"type":"Feature","properties":{"kind":"piste","difficulty":"intermediate","name":null,"aerialway":null,"osm":"way/335216713"},"geometry":{"type":"LineString","coordinates":[[11.92533,47.36881],[11.92454,47.36893],[11.92405,47.36948],[11.92348,47.36976],[11.92329,47.36999],[11.92329,47.37021],[11.92375,47.37055]]}},{"type":"Feature","properties":{"kind":"piste","difficulty":"easy","name":"61","aerialway":null,"osm":"way/335216714"},"geometry":{"type":"LineString","coordinates":[[11.92919,47.37315],[11.92805,47.37356],[11.92722,47.37345],[11.92689,47.3733],[11.92683,47.37284],[11.92661,47.37259],[11.9261,47.37309],[11.92617,47.37342],[11.92597,47.37359],[11.92571,47.37356],[11.92547,47.37335],[11.92533,47.37298],[11.9255,47.37131]]}},{"type":"Feature","properties":{"kind":"piste","difficulty":"easy","name":null,"aerialway":null,"osm":"way/335216715"},"geometry":{"type":"LineString","coordinates":[[11.92197,47.3693],[11.92197,47.36977],[11.92218,47.37007],[11.92286,47.37046],[11.92375,47.37055]]}},{"type":"Feature","properties":{"kind":"piste","difficulty":"easy","name":null,"aerialway":null,"osm":"way/335216717"},"geometry":{"type":"LineString","coordinates":[[11.92452,47.3687],[11.92375,47.369],[11.92319,47.36897],[11.92272,47.36814],[11.9217,47.36752],[11.92157,47.36829],[11.92197,47.3693]]}},{"type":"Feature","properties":{"kind":"piste","difficulty":"easy","name":null,"aerialway":null,"osm":"way/335216718"},"geometry":{"type":"LineString","coordinates":[[11.92965,47.36766],[11.92533,47.36881]]}},{"type":"Feature","properties":{"kind":"piste","difficulty":"intermediate","name":null,"aerialway":null,"osm":"way/335216719"},"geometry":{"type":"LineString","coordinates":[[11.92486,47.35639],[11.92598,47.35658],[11.92878,47.35509],[11.93104,47.35528],[11.9319,47.35566],[11.93318,47.35569]]}},{"type":"Feature","properties":{"kind":"piste","difficulty":"intermediate","name":null,"aerialway":null,"osm":"way/419242661"},"geometry":{"type":"LineString","coordinates":[[11.94877,47.37426],[11.94931,47.37442],[11.95443,47.37435],[11.95608,47.37417],[11.95852,47.37411],[11.95904,47.37392]]}},{"type":"Feature","properties":{"kind":"piste","difficulty":"intermediate","name":null,"aerialway":null,"osm":"way/419242662"},"geometry":{"type":"LineString","coordinates":[[11.95443,47.37435],[11.95537,47.37504],[11.95707,47.3756],[11.95746,47.37701],[11.95774,47.37724],[11.95777,47.37735],[11.95766,47.37736]]}},{"type":"Feature","properties":{"kind":"piste","difficulty":"advanced","name":"49","aerialway":null,"osm":"way/419250653"},"geometry":{"type":"LineString","coordinates":[[11.92926,47.36692],[11.92978,47.36661],[11.93058,47.36645],[11.93264,47.36621],[11.93402,47.36635],[11.93537,47.36606],[11.93539,47.36587]]}},{"type":"Feature","properties":{"kind":"piste","difficulty":"intermediate","name":"50","aerialway":null,"osm":"way/419250654"},"geometry":{"type":"LineString","coordinates":[[11.93042,47.36866],[11.93122,47.36828],[11.93305,47.36671],[11.93396,47.36644],[11.93473,47.36639],[11.93537,47.36606]]}},{"type":"Feature","properties":{"kind":"piste","difficulty":"intermediate","name":null,"aerialway":null,"osm":"way/419339249"},"geometry":{"type":"LineString","coordinates":[[11.93227,47.36242],[11.93242,47.36196],[11.93403,47.36169],[11.93702,47.36015]]}},{"type":"Feature","properties":{"kind":"piste","difficulty":"advanced","name":null,"aerialway":null,"osm":"way/419339250"},"geometry":{"type":"LineString","coordinates":[[11.93179,47.36119],[11.93203,47.36139],[11.93216,47.36239]]}},{"type":"Feature","properties":{"kind":"piste","difficulty":"advanced","name":null,"aerialway":null,"osm":"way/419339251"},"geometry":{"type":"LineString","coordinates":[[11.92434,47.35926],[11.92583,47.35882],[11.92926,47.3589]]}},{"type":"Feature","properties":{"kind":"piste","difficulty":"easy","name":null,"aerialway":null,"osm":"way/419339252"},"geometry":{"type":"LineString","coordinates":[[11.93008,47.37102],[11.92983,47.37167],[11.92983,47.37209],[11.92925,47.37284],[11.92981,47.37285]]}},{"type":"Feature","properties":{"kind":"piste","difficulty":"easy","name":null,"aerialway":null,"osm":"way/419339253"},"geometry":{"type":"LineString","coordinates":[[11.92925,47.37284],[11.92948,47.37307],[11.92995,47.373],[11.93179,47.37213],[11.93356,47.3711],[11.93434,47.37082],[11.93498,47.37107],[11.93579,47.37212],[11.93572,47.37247],[11.93484,47.37399]]}},{"type":"Feature","properties":{"kind":"piste","difficulty":"intermediate","name":null,"aerialway":null,"osm":"way/419339254"},"geometry":{"type":"LineString","coordinates":[[11.93014,47.37037],[11.93205,47.37096],[11.93415,47.37191],[11.93463,47.37267],[11.93487,47.37351],[11.93484,47.37399],[11.93448,47.37501]]}},{"type":"Feature","properties":{"kind":"piste","difficulty":"intermediate","name":null,"aerialway":null,"osm":"way/419339255"},"geometry":{"type":"LineString","coordinates":[[11.93632,47.37781],[11.93818,47.37847],[11.93863,47.37833],[11.93909,47.37733],[11.94126,47.37722],[11.9433,47.37822],[11.94387,47.37829],[11.94401,47.37878],[11.94563,47.38005],[11.94705,47.37964],[11.94954,47.38052],[11.94999,47.38039],[11.95071,47.37961],[11.95223,47.37941],[11.95208,47.37903],[11.95215,47.37894],[11.95613,47.37798],[11.95683,47.37733],[11.95746,47.37701]]}},{"type":"Feature","properties":{"kind":"piste","difficulty":"easy","name":null,"aerialway":null,"osm":"way/419339256"},"geometry":{"type":"LineString","coordinates":[[11.94705,47.37964],[11.94723,47.37873],[11.94721,47.37814]]}},{"type":"Feature","properties":{"kind":"piste","difficulty":"easy","name":null,"aerialway":null,"osm":"way/419339257"},"geometry":{"type":"LineString","coordinates":[[11.93436,47.37527],[11.93398,47.37582],[11.93483,47.37691],[11.93632,47.37781],[11.93584,47.37875],[11.93429,47.38019],[11.93413,47.38067],[11.93355,47.3812],[11.93237,47.38168],[11.92943,47.38247],[11.92767,47.38266]]}},{"type":"Feature","properties":{"kind":"piste","difficulty":"easy","name":null,"aerialway":null,"osm":"way/419339258"},"geometry":{"type":"LineString","coordinates":[[11.93481,47.37689],[11.93444,47.37738],[11.9322,47.3787],[11.93325,47.3788],[11.93557,47.37831],[11.93473,47.37914],[11.9328,47.38039],[11.93419,47.3805]]}},{"type":"Feature","properties":{"kind":"piste","difficulty":"advanced","name":"41","aerialway":null,"osm":"way/419339259"},"geometry":{"type":"LineString","coordinates":[[11.92919,47.37315],[11.92819,47.37423],[11.92749,47.37593],[11.92735,47.37683],[11.92745,47.37703],[11.92783,47.37724],[11.9251,47.37908],[11.92478,47.37977],[11.92481,47.38057],[11.92501,47.38102],[11.92617,47.38267]]}},{"type":"Feature","properties":{"kind":"piste","difficulty":"intermediate","name":"43","aerialway":null,"osm":"way/419339260"},"geometry":{"type":"LineString","coordinates":[[11.92919,47.37315],[11.9296,47.37362],[11.92994,47.37496],[11.92971,47.37572],[11.92857,47.37687],[11.92783,47.37724],[11.92844,47.37769],[11.92965,47.37816],[11.93098,47.37824],[11.93155,47.37921],[11.93205,47.38084]]}},{"type":"Feature","properties":{"kind":"piste","difficulty":"intermediate","name":null,"aerialway":null,"osm":"way/419339262"},"geometry":{"type":"LineString","coordinates":[[11.9296,47.37362],[11.93045,47.3745],[11.93246,47.37505],[11.93303,47.37537],[11.9331,47.3758],[11.93098,47.37824]]}},{"type":"Feature","properties":{"kind":"piste","difficulty":"intermediate","name":null,"aerialway":null,"osm":"way/419339263"},"geometry":{"type":"LineString","coordinates":[[11.93303,47.37537],[11.93398,47.37582],[11.93283,47.3761]]}},{"type":"Feature","properties":{"kind":"piste","difficulty":"intermediate","name":"42","aerialway":null,"osm":"way/419618912"},"geometry":{"type":"LineString","coordinates":[[11.92606,47.38315],[11.92601,47.38337],[11.92586,47.38338],[11.92542,47.3834],[11.92512,47.38323],[11.92392,47.38325],[11.92328,47.38461],[11.92277,47.38508],[11.92222,47.38532],[11.92177,47.386],[11.92155,47.38674],[11.92165,47.38734],[11.92249,47.38779],[11.92261,47.3881],[11.92238,47.39011],[11.92262,47.391],[11.92229,47.39183],[11.92062,47.39353],[11.92068,47.39366],[11.92317,47.39462],[11.92336,47.39552],[11.92416,47.39601],[11.92419,47.39624],[11.92432,47.39621]]}},{"type":"Feature","properties":{"kind":"piste","difficulty":"intermediate","name":"Nord Abfahrt","aerialway":null,"osm":"way/419618913"},"geometry":{"type":"LineString","coordinates":[[11.87506,47.39792],[11.8757,47.40036],[11.87729,47.40481],[11.87752,47.40595],[11.87738,47.40602]]}},{"type":"Feature","properties":{"kind":"piste","difficulty":"intermediate","name":"Familienabfahrt Reitherkoel","aerialway":null,"osm":"way/419618914"},"geometry":{"type":"LineString","coordinates":[[11.87494,47.39766],[11.8755,47.39843],[11.87769,47.39992],[11.87877,47.40133],[11.87907,47.40331],[11.87869,47.40571],[11.87891,47.40637],[11.87979,47.40725],[11.88099,47.40814],[11.88178,47.41012],[11.8817,47.41099]]}},{"type":"Feature","properties":{"kind":"piste","difficulty":"easy","name":"Brandach Abfahrt","aerialway":null,"osm":"way/419618915"},"geometry":{"type":"LineString","coordinates":[[11.8817,47.41099],[11.88054,47.41378],[11.88091,47.41398]]}},{"type":"Feature","properties":{"kind":"piste","difficulty":"easy","name":"Nissel Abfahrt","aerialway":null,"osm":"way/419618916"},"geometry":{"type":"LineString","coordinates":[[11.87168,47.39614],[11.87238,47.39609],[11.87386,47.39647],[11.87535,47.39652],[11.87594,47.39705],[11.87591,47.39782]]}},{"type":"Feature","properties":{"kind":"piste","difficulty":"easy","name":null,"aerialway":null,"osm":"way/419619061"},"geometry":{"type":"LineString","coordinates":[[11.87498,47.39747],[11.87591,47.3971]]}},{"type":"Feature","properties":{"kind":"piste","difficulty":"intermediate","name":"13","aerialway":null,"osm":"way/419784239"},"geometry":{"type":"LineString","coordinates":[[11.98533,47.39058],[11.98498,47.39085],[11.98413,47.39073],[11.98321,47.39079],[11.98245,47.39095],[11.98198,47.39122],[11.97874,47.39167],[11.9774,47.39166],[11.97538,47.39139],[11.97027,47.39287],[11.96855,47.39378],[11.96804,47.39381],[11.96713,47.39332]]}},{"type":"Feature","properties":{"kind":"piste","difficulty":"advanced","name":"7","aerialway":null,"osm":"way/419784241"},"geometry":{"type":"LineString","coordinates":[[11.98867,47.39465],[11.99288,47.3961]]}},{"type":"Feature","properties":{"kind":"piste","difficulty":"easy","name":null,"aerialway":null,"osm":"way/419790702"},"geometry":{"type":"LineString","coordinates":[[12.04302,47.42775],[12.04304,47.428],[12.04196,47.42827],[12.04031,47.42837],[12.04026,47.42812]]}},{"type":"Feature","properties":{"kind":"piste","difficulty":"easy","name":null,"aerialway":null,"osm":"way/419790703"},"geometry":{"type":"LineString","coordinates":[[12.04302,47.42775],[12.04286,47.4276],[12.04156,47.42769],[12.04065,47.42784],[12.04026,47.42812]]}},{"type":"Feature","properties":{"kind":"piste","difficulty":"intermediate","name":null,"aerialway":null,"osm":"way/419790704"},"geometry":{"type":"LineString","coordinates":[[12.04361,47.42588],[12.04313,47.42639],[12.04134,47.42712],[12.04019,47.42734],[12.0394,47.42712]]}},{"type":"Feature","properties":{"kind":"piste","difficulty":"intermediate","name":"Baumgarten","aerialway":null,"osm":"way/672526672"},"geometry":{"type":"LineString","coordinates":[[11.94079,47.35539],[11.94383,47.35644],[11.94495,47.3566],[11.94535,47.35639],[11.94542,47.35658],[11.94513,47.3571],[11.94568,47.35696],[11.94567,47.35674],[11.946,47.35643],[11.94602,47.35596],[11.94636,47.35559],[11.94728,47.3556],[11.94803,47.35611],[11.94878,47.35731],[11.94875,47.35882],[11.94979,47.36],[11.95036,47.3615],[11.95153,47.36319],[11.95296,47.3649],[11.95486,47.36827],[11.95531,47.37073],[11.95588,47.37163],[11.95669,47.37214],[11.95888,47.37401]]}},{"type":"Feature","properties":{"kind":"piste","difficulty":"intermediate","name":null,"aerialway":null,"osm":"way/779426517"},"geometry":{"type":"LineString","coordinates":[[11.99291,47.39113],[11.99424,47.39097]]}},{"type":"Feature","properties":{"kind":"piste","difficulty":"easy","name":null,"aerialway":null,"osm":"way/779426518"},"geometry":{"type":"LineString","coordinates":[[11.92926,47.36692],[11.92926,47.36708]]}},{"type":"Feature","properties":{"kind":"piste","difficulty":"easy","name":null,"aerialway":null,"osm":"way/779426520"},"geometry":{"type":"LineString","coordinates":[[11.92971,47.36787],[11.92965,47.36766]]}},{"type":"Feature","properties":{"kind":"piste","difficulty":"easy","name":null,"aerialway":null,"osm":"way/779426521"},"geometry":{"type":"LineString","coordinates":[[11.93077,47.36902],[11.9305,47.369],[11.9301,47.36857],[11.92963,47.36839]]}},{"type":"Feature","properties":{"kind":"piste","difficulty":"easy","name":null,"aerialway":null,"osm":"way/779426522"},"geometry":{"type":"LineString","coordinates":[[11.93448,47.37501],[11.9353,47.37544],[11.93507,47.37592],[11.93447,47.37638]]}},{"type":"Feature","properties":{"kind":"piste","difficulty":"intermediate","name":null,"aerialway":null,"osm":"way/779706826"},"geometry":{"type":"LineString","coordinates":[[11.94887,47.37461],[11.9488,47.37445],[11.94891,47.37436]]}},{"type":"Feature","properties":{"kind":"piste","difficulty":"easy","name":null,"aerialway":null,"osm":"way/779706827"},"geometry":{"type":"LineString","coordinates":[[11.9255,47.37131],[11.92553,47.37146],[11.92567,47.37133]]}},{"type":"Feature","properties":{"kind":"piste","difficulty":"easy","name":null,"aerialway":null,"osm":"way/779706828"},"geometry":{"type":"LineString","coordinates":[[11.93041,47.37097],[11.93008,47.37102]]}},{"type":"Feature","properties":{"kind":"piste","difficulty":"easy","name":null,"aerialway":null,"osm":"way/779706829"},"geometry":{"type":"LineString","coordinates":[[11.92972,47.3709],[11.92945,47.37139]]}},{"type":"Feature","properties":{"kind":"piste","difficulty":"easy","name":null,"aerialway":null,"osm":"way/779706830"},"geometry":{"type":"LineString","coordinates":[[11.93213,47.38108],[11.93339,47.38114]]}},{"type":"Feature","properties":{"kind":"piste","difficulty":"easy","name":null,"aerialway":null,"osm":"way/779706831"},"geometry":{"type":"LineString","coordinates":[[11.9328,47.38039],[11.93231,47.38059],[11.93205,47.38084],[11.93213,47.38108],[11.93151,47.38185]]}},{"type":"Feature","properties":{"kind":"piste","difficulty":"easy","name":null,"aerialway":null,"osm":"way/779706833"},"geometry":{"type":"LineString","coordinates":[[11.92886,47.37152],[11.92894,47.37127],[11.92913,47.37128],[11.92983,47.37167]]}},{"type":"Feature","properties":{"kind":"piste","difficulty":"easy","name":null,"aerialway":null,"osm":"way/779706837"},"geometry":{"type":"LineString","coordinates":[[11.92564,47.36873],[11.92531,47.36854]]}},{"type":"Feature","properties":{"kind":"piste","difficulty":"easy","name":null,"aerialway":null,"osm":"way/779706840"},"geometry":{"type":"LineString","coordinates":[[11.9371,47.35997],[11.93795,47.35991],[11.93813,47.35959]]}},{"type":"Feature","properties":{"kind":"piste","difficulty":"easy","name":null,"aerialway":null,"osm":"way/779706841"},"geometry":{"type":"LineString","coordinates":[[11.93014,47.37037],[11.92972,47.3709]]}},{"type":"Feature","properties":{"kind":"piste","difficulty":"easy","name":null,"aerialway":null,"osm":"way/779706842"},"geometry":{"type":"LineString","coordinates":[[11.93082,47.36941],[11.93059,47.36929]]}},{"type":"Feature","properties":{"kind":"piste","difficulty":"intermediate","name":null,"aerialway":null,"osm":"way/779706844"},"geometry":{"type":"LineString","coordinates":[[11.92825,47.37416],[11.92851,47.37452],[11.92974,47.37531],[11.92971,47.37572]]}},{"type":"Feature","properties":{"kind":"piste","difficulty":"easy","name":null,"aerialway":null,"osm":"way/779706845"},"geometry":{"type":"LineString","coordinates":[[11.92767,47.38266],[11.92737,47.38247],[11.92675,47.38239],[11.92634,47.38251],[11.92607,47.38301],[11.92627,47.38337]]}},{"type":"Feature","properties":{"kind":"piste","difficulty":"easy","name":null,"aerialway":null,"osm":"way/779706846"},"geometry":{"type":"LineString","coordinates":[[11.9549,47.37866],[11.95496,47.37852],[11.95616,47.37828],[11.95659,47.37825],[11.95691,47.37838]]}},{"type":"Feature","properties":{"kind":"piste","difficulty":"intermediate","name":null,"aerialway":null,"osm":"way/779706847"},"geometry":{"type":"LineString","coordinates":[[11.98522,47.39094],[11.98556,47.39093]]}},{"type":"Feature","properties":{"kind":"piste","difficulty":"easy","name":null,"aerialway":null,"osm":"way/779706850"},"geometry":{"type":"LineString","coordinates":[[12.00754,47.40701],[12.00815,47.40699],[12.00857,47.40662],[12.01059,47.40603],[12.011,47.40576],[12.01121,47.40545],[12.01182,47.40537]]}},{"type":"Feature","properties":{"kind":"piste","difficulty":"intermediate","name":"Baumgarten","aerialway":null,"osm":"way/980712695"},"geometry":{"type":"LineString","coordinates":[[11.93713,47.35442],[11.93722,47.35334],[11.93766,47.35184],[11.939,47.35205],[11.93933,47.35277],[11.93931,47.35333],[11.93913,47.35358],[11.93922,47.35403]]}},{"type":"Feature","properties":{"kind":"piste","difficulty":"intermediate","name":"Baumgarten","aerialway":null,"osm":"way/980712696"},"geometry":{"type":"LineString","coordinates":[[11.93714,47.35434],[11.93967,47.35533],[11.94079,47.35539]]}},{"type":"Feature","properties":{"kind":"piste","difficulty":"intermediate","name":"Baumgarten","aerialway":null,"osm":"way/980712698"},"geometry":{"type":"LineString","coordinates":[[11.94567,47.35674],[11.94668,47.35677],[11.9472,47.35653],[11.94819,47.35636]]}},{"type":"Feature","properties":{"kind":"piste","difficulty":"intermediate","name":null,"aerialway":null,"osm":"way/984609574"},"geometry":{"type":"LineString","coordinates":[[11.95387,47.37677],[11.95497,47.37684],[11.95581,47.37666],[11.95663,47.37671],[11.95746,47.37701]]}},{"type":"Feature","properties":{"kind":"piste","difficulty":"intermediate","name":null,"aerialway":null,"osm":"way/984609575"},"geometry":{"type":"LineString","coordinates":[[11.94931,47.37442],[11.9494,47.37468],[11.94924,47.37512],[11.94932,47.3753],[11.94987,47.37544],[11.95063,47.37541],[11.95224,47.37587],[11.95301,47.37585],[11.95347,47.37599],[11.95375,47.3764],[11.95397,47.37708],[11.95463,47.37775],[11.95559,47.37814]]}},{"type":"Feature","properties":{"kind":"piste","difficulty":"easy","name":null,"aerialway":null,"osm":"way/984609576"},"geometry":{"type":"LineString","coordinates":[[11.9549,47.37866],[11.95528,47.37896],[11.95667,47.37871],[11.95691,47.37838]]}},{"type":"Feature","properties":{"kind":"piste","difficulty":"intermediate","name":null,"aerialway":null,"osm":"way/984609578"},"geometry":{"type":"LineString","coordinates":[[11.9433,47.37822],[11.94401,47.37878]]}},{"type":"Feature","properties":{"kind":"piste","difficulty":"easy","name":null,"aerialway":null,"osm":"way/984871801"},"geometry":{"type":"LineString","coordinates":[[11.95322,47.3787],[11.95395,47.37889],[11.95528,47.37896]]}},{"type":"Feature","properties":{"kind":"piste","difficulty":"easy","name":null,"aerialway":null,"osm":"way/984871802"},"geometry":{"type":"LineString","coordinates":[[11.95159,47.3791],[11.952,47.37947]]}},{"type":"Feature","properties":{"kind":"piste","difficulty":"advanced","name":null,"aerialway":null,"osm":"way/984871803"},"geometry":{"type":"LineString","coordinates":[[11.92965,47.37816],[11.92833,47.38047],[11.92737,47.38247]]}},{"type":"Feature","properties":{"kind":"piste","difficulty":"easy","name":"Schibrücke/Pistenüberführung","aerialway":null,"osm":"way/1015813815"},"geometry":{"type":"LineString","coordinates":[[11.93219,47.36257],[11.93223,47.36239],[11.93219,47.36257]]}},{"type":"Feature","properties":{"kind":"piste","difficulty":"easy","name":null,"aerialway":null,"osm":"way/1073580423"},"geometry":{"type":"LineString","coordinates":[[11.92572,47.37065],[11.92576,47.37069]]}},{"type":"Feature","properties":{"kind":"piste","difficulty":"intermediate","name":null,"aerialway":null,"osm":"way/1166077663"},"geometry":{"type":"LineString","coordinates":[[11.92339,47.35886],[11.92397,47.35802]]}},{"type":"Feature","properties":{"kind":"piste","difficulty":"intermediate","name":"Schatzberg","aerialway":null,"osm":"way/1185357080"},"geometry":{"type":"LineString","coordinates":[[11.99227,47.41847],[11.99272,47.4189],[11.99303,47.41975],[11.9926,47.41989],[11.99193,47.41967],[11.9918,47.41979],[11.99195,47.42014],[11.99265,47.42069],[11.99284,47.42114],[11.99261,47.42119],[11.99206,47.421],[11.99089,47.42117],[11.99019,47.42094],[11.98998,47.42107],[11.9895,47.4218]]}},{"type":"Feature","properties":{"kind":"piste","difficulty":"easy","name":"6a","aerialway":null,"osm":"way/1244509144"},"geometry":{"type":"LineString","coordinates":[[11.99126,47.39216],[11.99118,47.39173],[11.99138,47.39154],[11.99191,47.39226],[11.99317,47.39324],[11.99423,47.39379],[11.99545,47.39511]]}},{"type":"Feature","properties":{"kind":"piste","difficulty":"intermediate","name":null,"aerialway":null,"osm":"way/1252009342"},"geometry":{"type":"LineString","coordinates":[[11.92403,47.3581],[11.92397,47.35802]]}},{"type":"Feature","properties":{"kind":"piste","difficulty":"easy","name":null,"aerialway":null,"osm":"way/1296659750"},"geometry":{"type":"LineString","coordinates":[[11.92533,47.36881],[11.92452,47.3687]]}},{"type":"Feature","properties":{"kind":"piste","difficulty":"easy","name":null,"aerialway":null,"osm":"way/1424458743"},"geometry":{"type":"LineString","coordinates":[[12.01362,47.40637],[12.01346,47.40614],[12.01093,47.40675],[12.00981,47.40684],[12.00959,47.40736],[12.00944,47.40843]]}},{"type":"Feature","properties":{"kind":"piste","difficulty":"easy","name":null,"aerialway":null,"osm":"way/1424458744"},"geometry":{"type":"LineString","coordinates":[[12.01121,47.40545],[12.0117,47.40604],[12.01162,47.40638],[12.01093,47.40675],[12.01092,47.40704],[12.01102,47.40721],[12.0112,47.40722]]}},{"type":"Feature","properties":{"kind":"piste","difficulty":"easy","name":null,"aerialway":null,"osm":"way/1424458748"},"geometry":{"type":"LineString","coordinates":[[12.0122,47.40642],[12.01162,47.40638]]}},{"type":"Feature","properties":{"kind":"piste","difficulty":"intermediate","name":"1b","aerialway":null,"osm":"way/1424461604"},"geometry":{"type":"LineString","coordinates":[[12.02877,47.4083],[12.02935,47.40942],[12.02938,47.41002],[12.03009,47.41121],[12.03013,47.41184],[12.03046,47.41126],[12.03081,47.41111],[12.03162,47.41106],[12.03268,47.41005],[12.0335,47.41],[12.03336,47.40915],[12.03363,47.40909],[12.03369,47.4087],[12.03398,47.40854],[12.03423,47.40797],[12.03457,47.40773]]}},{"type":"Feature","properties":{"kind":"piste","difficulty":"freeride","name":"Skiroute 28 Mühltal","aerialway":null,"osm":"way/1424461605"},"geometry":{"type":"LineString","coordinates":[[12.03013,47.41184],[12.03018,47.41325],[12.02989,47.41455],[12.02966,47.41713],[12.03001,47.41738],[12.02994,47.41802],[12.0302,47.41816],[12.03013,47.41862],[12.02935,47.41996],[12.02946,47.42082],[12.02888,47.42152],[12.02849,47.42227],[12.02985,47.42269],[12.0308,47.42257],[12.03109,47.42266]]}},{"type":"Feature","properties":{"kind":"piste","difficulty":"intermediate","name":"Schatzberg","aerialway":null,"osm":"way/1424461606"},"geometry":{"type":"LineString","coordinates":[[11.98855,47.3995],[11.98968,47.40058],[11.98993,47.40123],[11.98983,47.40164]]}},{"type":"Feature","properties":{"kind":"piste","difficulty":"intermediate","name":"Schatzberg","aerialway":null,"osm":"way/1424465523"},"geometry":{"type":"LineString","coordinates":[[11.98976,47.39634],[11.98972,47.39684],[11.99024,47.3975],[11.99045,47.39801],[11.99133,47.39907]]}},{"type":"Feature","properties":{"kind":"piste","difficulty":"easy","name":null,"aerialway":null,"osm":"way/1462561612"},"geometry":{"type":"LineString","coordinates":[[12.04134,47.42712],[12.04065,47.42784]]}},{"type":"Feature","properties":{"kind":"piste","difficulty":"easy","name":null,"aerialway":null,"osm":"way/1462561613"},"geometry":{"type":"LineString","coordinates":[[12.04286,47.4276],[12.04134,47.42712]]}},{"type":"Feature","properties":{"kind":"piste","difficulty":"easy","name":null,"aerialway":null,"osm":"way/1462561614"},"geometry":{"type":"LineString","coordinates":[[12.04299,47.42783],[12.04314,47.42775],[12.04323,47.42799],[12.04312,47.42818],[12.04256,47.42841],[12.04058,47.42858],[12.04023,47.42841],[12.04015,47.42818],[12.04211,47.42803],[12.04299,47.42783]]}},{"type":"Feature","properties":{"kind":"piste","difficulty":"easy","name":null,"aerialway":null,"osm":"way/1462561615"},"geometry":{"type":"LineString","coordinates":[[12.04228,47.42819],[12.0422,47.42765]]}},{"type":"Feature","properties":{"kind":"piste","difficulty":"easy","name":null,"aerialway":null,"osm":"way/1462561616"},"geometry":{"type":"LineString","coordinates":[[12.04298,47.42777],[12.04314,47.42775],[12.04287,47.42744],[12.04231,47.42749],[12.04045,47.4278],[12.04012,47.42808],[12.04015,47.42818],[12.04298,47.42777]]}},{"type":"Feature","properties":{"kind":"piste","difficulty":"easy","name":null,"aerialway":null,"osm":"way/1462561617"},"geometry":{"type":"LineString","coordinates":[[12.0422,47.42801],[12.04216,47.42787],[12.04233,47.42785],[12.04235,47.42796],[12.0422,47.42801]]}},{"type":"Feature","properties":{"kind":"piste","difficulty":"intermediate","name":null,"aerialway":null,"osm":"way/1462578504"},"geometry":{"type":"LineString","coordinates":[[11.96912,47.39347],[11.96863,47.39352],[11.96831,47.39339],[11.96807,47.39275],[11.96763,47.39264],[11.96745,47.39269],[11.96758,47.39319],[11.96713,47.39332]]}},{"type":"Feature","properties":{"kind":"piste","difficulty":"intermediate","name":null,"aerialway":null,"osm":"way/1462578505"},"geometry":{"type":"LineString","coordinates":[[11.96712,47.39351],[11.96741,47.39342],[11.96831,47.39367],[11.9688,47.39342],[11.96917,47.39367],[11.96862,47.39398],[11.96797,47.394],[11.96712,47.39351]]}},{"type":"Feature","properties":{"kind":"piste","difficulty":"intermediate","name":null,"aerialway":null,"osm":"way/1462578506"},"geometry":{"type":"LineString","coordinates":[[11.96871,47.39349],[11.96846,47.39353],[11.968,47.39281],[11.96762,47.39269],[11.96748,47.39277],[11.96764,47.39323],[11.96748,47.39324],[11.9674,47.39265],[11.96763,47.39259],[11.96822,47.39274],[11.96837,47.39333],[11.96871,47.39349]]}},{"type":"Feature","properties":{"kind":"piste","difficulty":"intermediate","name":null,"aerialway":null,"osm":"way/1462578507"},"geometry":{"type":"LineString","coordinates":[[11.96917,47.39367],[11.9688,47.39342],[11.96948,47.39295],[11.97115,47.39252],[11.97209,47.39203],[11.97308,47.39199],[11.97378,47.39163],[11.97406,47.39199],[11.97179,47.39253],[11.97022,47.39307],[11.96917,47.39367]]}},{"type":"Feature","properties":{"kind":"piste","difficulty":"intermediate","name":null,"aerialway":null,"osm":"way/1462578508"},"geometry":{"type":"LineString","coordinates":[[11.97406,47.39199],[11.97378,47.39163],[11.97445,47.39134],[11.97519,47.39122],[11.97823,47.39149],[11.98185,47.39109],[11.98305,47.39071],[11.98321,47.39092],[11.98191,47.39137],[11.97928,47.39155],[11.97798,47.39183],[11.97534,47.39148],[11.97406,47.39199]]}},{"type":"Feature","properties":{"kind":"piste","difficulty":"intermediate","name":null,"aerialway":null,"osm":"way/1462578509"},"geometry":{"type":"LineString","coordinates":[[11.98321,47.39092],[11.98305,47.39071],[11.9837,47.39061],[11.98495,47.39082],[11.98517,47.39069],[11.98523,47.39085],[11.98493,47.39093],[11.98369,47.39081],[11.98321,47.39092]]}},{"type":"Feature","properties":{"kind":"piste","difficulty":"easy","name":null,"aerialway":null,"osm":"way/1462578510"},"geometry":{"type":"LineString","coordinates":[[11.98541,47.39084],[11.98523,47.39085],[11.98516,47.39044],[11.98485,47.3904],[11.98501,47.3902],[11.98512,47.39019],[11.98551,47.39066],[11.98561,47.39082],[11.98541,47.39084]]}},{"type":"Feature","properties":{"kind":"piste","difficulty":"intermediate","name":"5","aerialway":null,"osm":"way/1462578511"},"geometry":{"type":"LineString","coordinates":[[11.9846,47.38942],[11.98514,47.39033]]}},{"type":"Feature","properties":{"kind":"piste","difficulty":"intermediate","name":null,"aerialway":null,"osm":"way/1462578512"},"geometry":{"type":"LineString","coordinates":[[11.98533,47.39058],[11.98556,47.39093]]}},{"type":"Feature","properties":{"kind":"piste","difficulty":"intermediate","name":"Gipfelabfahrt","aerialway":null,"osm":"way/1462578513"},"geometry":{"type":"LineString","coordinates":[[11.98499,47.39053],[11.985,47.39037],[11.98514,47.39033]]}},{"type":"Feature","properties":{"kind":"piste","difficulty":"intermediate","name":null,"aerialway":null,"osm":"way/1462578514"},"geometry":{"type":"LineString","coordinates":[[11.98514,47.39033],[11.98533,47.39058]]}},{"type":"Feature","properties":{"kind":"piste","difficulty":"easy","name":null,"aerialway":null,"osm":"way/1462578515"},"geometry":{"type":"LineString","coordinates":[[11.9854,47.39084],[11.98539,47.39101],[11.98565,47.39114],[11.98597,47.39103],[11.98561,47.39082],[11.9854,47.39084]]}},{"type":"Feature","properties":{"kind":"piste","difficulty":"intermediate","name":null,"aerialway":null,"osm":"way/1462578516"},"geometry":{"type":"LineString","coordinates":[[11.98512,47.39019],[11.98551,47.39066],[11.98625,47.39061],[11.98632,47.3901],[11.98512,47.39019]]}},{"type":"Feature","properties":{"kind":"piste","difficulty":"intermediate","name":null,"aerialway":null,"osm":"way/1462578517"},"geometry":{"type":"LineString","coordinates":[[11.98512,47.39019],[11.98501,47.3902],[11.98458,47.38952],[11.98471,47.38952],[11.98512,47.39019]]}},{"type":"Feature","properties":{"kind":"piste","difficulty":"intermediate","name":null,"aerialway":null,"osm":"way/1462578518"},"geometry":{"type":"LineString","coordinates":[[11.98471,47.38952],[11.98479,47.3897],[11.98518,47.38949],[11.98511,47.38934],[11.98471,47.38952]]}},{"type":"Feature","properties":{"kind":"piste","difficulty":"intermediate","name":null,"aerialway":null,"osm":"way/1462578519"},"geometry":{"type":"LineString","coordinates":[[11.98471,47.38952],[11.98458,47.38952],[11.98458,47.38929],[11.98518,47.38811],[11.98467,47.38787],[11.98468,47.3877],[11.98492,47.38775],[11.98525,47.38807],[11.98474,47.38921],[11.98471,47.38952]]}},{"type":"Feature","properties":{"kind":"piste","difficulty":"intermediate","name":null,"aerialway":null,"osm":"way/1462578520"},"geometry":{"type":"LineString","coordinates":[[11.98625,47.39061],[11.98632,47.3901],[11.98846,47.39006],[11.99001,47.39031],[11.99033,47.39042],[11.99033,47.39127],[11.98625,47.39061]]}},{"type":"Feature","properties":{"kind":"piste","difficulty":"intermediate","name":null,"aerialway":null,"osm":"way/1462578521"},"geometry":{"type":"LineString","coordinates":[[11.98518,47.38949],[11.98511,47.38934],[11.98548,47.38916],[11.9861,47.38911],[11.98762,47.38928],[11.99022,47.38989],[11.99032,47.39023],[11.98945,47.38983],[11.98591,47.38937],[11.98518,47.38949]]}},{"type":"Feature","properties":{"kind":"piste","difficulty":"intermediate","name":null,"aerialway":null,"osm":"way/1462578522"},"geometry":{"type":"LineString","coordinates":[[11.99033,47.39042],[11.99032,47.39003],[11.99044,47.39006],[11.99065,47.39136],[11.99056,47.39139],[11.99033,47.39127],[11.99033,47.39042]]}},{"type":"Feature","properties":{"kind":"piste","difficulty":"intermediate","name":null,"aerialway":null,"osm":"way/1462578523"},"geometry":{"type":"LineString","coordinates":[[11.99065,47.39136],[11.99053,47.3907],[11.99125,47.39074],[11.99177,47.39091],[11.99251,47.39089],[11.99265,47.39163],[11.99065,47.39136]]}},{"type":"Feature","properties":{"kind":"piste","difficulty":"unknown","name":null,"aerialway":null,"osm":"way/1462578524"},"geometry":{"type":"LineString","coordinates":[[11.99138,47.39154],[11.99139,47.39112]]}},{"type":"Feature","properties":{"kind":"piste","difficulty":"intermediate","name":null,"aerialway":null,"osm":"way/1462578525"},"geometry":{"type":"LineString","coordinates":[[11.99265,47.39163],[11.99379,47.39154],[11.99404,47.3912],[11.99352,47.39117],[11.99361,47.39106],[11.99382,47.39111],[11.99389,47.39083],[11.99251,47.39089],[11.99265,47.39163]]}},{"type":"Feature","properties":{"kind":"piste","difficulty":"intermediate","name":null,"aerialway":null,"osm":"way/1462578526"},"geometry":{"type":"LineString","coordinates":[[11.99389,47.39083],[11.99382,47.39111],[11.99467,47.39143],[11.99485,47.39126],[11.99456,47.391],[11.99389,47.39083]]}},{"type":"Feature","properties":{"kind":"piste","difficulty":"intermediate","name":null,"aerialway":null,"osm":"way/1462578527"},"geometry":{"type":"LineString","coordinates":[[11.98565,47.39114],[11.98597,47.39103],[11.98625,47.39124],[11.98694,47.39194],[11.98738,47.39278],[11.98803,47.39329],[11.98759,47.39338],[11.98647,47.39183],[11.98565,47.39114]]}},{"type":"Feature","properties":{"kind":"piste","difficulty":"intermediate","name":null,"aerialway":null,"osm":"way/1462578528"},"geometry":{"type":"LineString","coordinates":[[11.98803,47.39329],[11.98759,47.39338],[11.98841,47.39446],[11.98906,47.39442],[11.98899,47.3942],[11.98803,47.39329]]}},{"type":"Feature","properties":{"kind":"piste","difficulty":"easy","name":null,"aerialway":null,"osm":"way/1462578529"},"geometry":{"type":"LineString","coordinates":[[11.98869,47.39392],[11.98956,47.39455],[11.98957,47.3951],[11.98907,47.39537],[11.98909,47.39556],[11.98949,47.39541],[11.98968,47.39509],[11.98968,47.39454],[11.98955,47.39435],[11.98869,47.39392]]}},{"type":"Feature","properties":{"kind":"piste","difficulty":"intermediate","name":"5","aerialway":null,"osm":"way/1462578530"},"geometry":{"type":"LineString","coordinates":[[11.98868,47.39555],[11.98868,47.39645],[11.98896,47.39698],[11.98948,47.3972],[11.98976,47.39747],[11.99012,47.39835]]}},{"type":"Feature","properties":{"kind":"piste","difficulty":"easy","name":"Schatzberg","aerialway":null,"osm":"way/1462578531"},"geometry":{"type":"LineString","coordinates":[[11.98892,47.39412],[11.98959,47.39448],[11.98959,47.39512],[11.98868,47.39555]]}},{"type":"Feature","properties":{"kind":"piste","difficulty":"intermediate","name":null,"aerialway":null,"osm":"way/1462578532"},"geometry":{"type":"LineString","coordinates":[[11.98906,47.39442],[11.98841,47.39446],[11.98858,47.39466],[11.98843,47.39575],[11.98905,47.39578],[11.98917,47.39472],[11.98906,47.39442]]}},{"type":"Feature","properties":{"kind":"piste","difficulty":"intermediate","name":null,"aerialway":null,"osm":"way/1462578533"},"geometry":{"type":"LineString","coordinates":[[11.98905,47.39578],[11.98843,47.39575],[11.98843,47.39696],[11.98904,47.39662],[11.98905,47.39578]]}},{"type":"Feature","properties":{"kind":"piste","difficulty":"easy","name":null,"aerialway":null,"osm":"way/1462587950"},"geometry":{"type":"LineString","coordinates":[[11.98843,47.39696],[11.98808,47.39761],[11.98831,47.39741],[11.98869,47.39753],[11.98874,47.3974],[11.98846,47.39725],[11.98912,47.39682],[11.989,47.39677],[11.98904,47.39662],[11.98843,47.39696]]}},{"type":"Feature","properties":{"kind":"piste","difficulty":"easy","name":null,"aerialway":null,"osm":"way/1462587951"},"geometry":{"type":"LineString","coordinates":[[11.98864,47.39713],[11.98931,47.39729],[11.98962,47.3968],[11.98912,47.39682],[11.98864,47.39713]]}},{"type":"Feature","properties":{"kind":"piste","difficulty":"easy","name":null,"aerialway":null,"osm":"way/1462587953"},"geometry":{"type":"LineString","coordinates":[[11.98886,47.39679],[11.98977,47.39606]]}},{"type":"Feature","properties":{"kind":"piste","difficulty":"easy","name":null,"aerialway":null,"osm":"way/1462587954"},"geometry":{"type":"LineString","coordinates":[[11.99049,47.39092],[11.99081,47.39182],[11.99126,47.39216]]}},{"type":"Feature","properties":{"kind":"piste","difficulty":"easy","name":null,"aerialway":null,"osm":"way/1462587955"},"geometry":{"type":"LineString","coordinates":[[11.98874,47.3974],[11.98874,47.39721],[11.98886,47.39717],[11.98896,47.39732],[11.98908,47.39718],[11.98933,47.39732],[11.98869,47.39753],[11.98874,47.3974]]}},{"type":"Feature","properties":{"kind":"piste","difficulty":"easy","name":null,"aerialway":null,"osm":"way/1462587956"},"geometry":{"type":"LineString","coordinates":[[11.98869,47.39753],[11.98874,47.39746],[11.98886,47.39767],[11.98859,47.3977],[11.98869,47.39753]]}},{"type":"Feature","properties":{"kind":"piste","difficulty":"intermediate","name":null,"aerialway":null,"osm":"way/1462587957"},"geometry":{"type":"LineString","coordinates":[[11.98808,47.39761],[11.98841,47.39793],[11.98808,47.39761]]}},{"type":"Feature","properties":{"kind":"piste","difficulty":"intermediate","name":null,"aerialway":null,"osm":"way/1462587958"},"geometry":{"type":"LineString","coordinates":[[11.98827,47.3978],[11.98936,47.39813]]}},{"type":"Feature","properties":{"kind":"piste","difficulty":"intermediate","name":null,"aerialway":null,"osm":"way/1462587959"},"geometry":{"type":"LineString","coordinates":[[11.98823,47.39773],[11.98904,47.39803],[11.98841,47.39793],[11.98899,47.39808],[11.98936,47.39767],[11.98823,47.39773]]}},{"type":"Feature","properties":{"kind":"piste","difficulty":"intermediate","name":null,"aerialway":null,"osm":"way/1462587960"},"geometry":{"type":"LineString","coordinates":[[11.98933,47.39732],[11.98945,47.39759],[11.98899,47.39808],[11.98952,47.39828],[11.98965,47.39803],[11.98952,47.39773],[11.98962,47.3968],[11.98933,47.39732]]}},{"type":"Feature","properties":{"kind":"piste","difficulty":"intermediate","name":null,"aerialway":null,"osm":"way/1462587961"},"geometry":{"type":"LineString","coordinates":[[11.98952,47.39828],[11.98965,47.39803],[11.99092,47.39855],[11.99071,47.3988],[11.98952,47.39828]]}},{"type":"Feature","properties":{"kind":"piste","difficulty":"intermediate","name":null,"aerialway":null,"osm":"way/1462587962"},"geometry":{"type":"LineString","coordinates":[[11.98956,47.39719],[11.98983,47.39807],[11.9901,47.39824],[11.98978,47.39743],[11.98956,47.39719]]}},{"type":"Feature","properties":{"kind":"piste","difficulty":"intermediate","name":null,"aerialway":null,"osm":"way/1462587963"},"geometry":{"type":"LineString","coordinates":[[11.98962,47.3968],[11.98956,47.39719],[11.98969,47.39731],[11.99035,47.39717],[11.99032,47.39675],[11.98962,47.3968]]}},{"type":"Feature","properties":{"kind":"piste","difficulty":"intermediate","name":null,"aerialway":null,"osm":"way/1462587964"},"geometry":{"type":"LineString","coordinates":[[11.98912,47.39698],[11.98976,47.39634]]}},{"type":"Feature","properties":{"kind":"piste","difficulty":"intermediate","name":null,"aerialway":null,"osm":"way/1462587965"},"geometry":{"type":"LineString","coordinates":[[11.98918,47.39682],[11.98969,47.3964],[11.98974,47.39674],[11.98981,47.39629],[11.98965,47.39631],[11.98918,47.39682]]}},{"type":"Feature","properties":{"kind":"piste","difficulty":"easy","name":null,"aerialway":null,"osm":"way/1462587966"},"geometry":{"type":"LineString","coordinates":[[11.98904,47.39673],[11.98904,47.39662],[11.98951,47.39632],[11.98904,47.39673]]}},{"type":"Feature","properties":{"kind":"piste","difficulty":"intermediate","name":null,"aerialway":null,"osm":"way/1462587967"},"geometry":{"type":"LineString","coordinates":[[11.98993,47.39728],[11.99009,47.39723],[11.99024,47.3974],[11.99058,47.39813],[11.991,47.39852],[11.99056,47.3982],[11.99019,47.39747],[11.98993,47.39728]]}},{"type":"Feature","properties":{"kind":"piste","difficulty":"intermediate","name":null,"aerialway":null,"osm":"way/1462587968"},"geometry":{"type":"LineString","coordinates":[[11.99071,47.3988],[11.991,47.39852],[11.99126,47.39882],[11.99195,47.39922],[11.99168,47.3995],[11.99071,47.3988]]}},{"type":"Feature","properties":{"kind":"piste","difficulty":"intermediate","name":null,"aerialway":null,"osm":"way/1462594116"},"geometry":{"type":"LineString","coordinates":[[11.99035,47.39717],[11.99032,47.39675],[11.99234,47.39622],[11.99371,47.39565],[11.99542,47.39515],[11.99529,47.39566],[11.99482,47.39557],[11.99394,47.39578],[11.99241,47.39653],[11.99035,47.39717]]}},{"type":"Feature","properties":{"kind":"piste","difficulty":"intermediate","name":null,"aerialway":null,"osm":"way/1462594117"},"geometry":{"type":"LineString","coordinates":[[11.99529,47.39566],[11.99551,47.39508],[11.99721,47.39573],[11.99669,47.39624],[11.99529,47.39566]]}},{"type":"Feature","properties":{"kind":"piste","difficulty":"intermediate","name":null,"aerialway":null,"osm":"way/1462594118"},"geometry":{"type":"LineString","coordinates":[[11.99721,47.39573],[11.99669,47.39624],[11.99714,47.39641],[11.99807,47.39667],[11.99843,47.39662],[11.99881,47.39632],[11.99721,47.39573]]}},{"type":"Feature","properties":{"kind":"piste","difficulty":"easy","name":null,"aerialway":null,"osm":"way/1462594119"},"geometry":{"type":"LineString","coordinates":[[11.99131,47.39149],[11.99121,47.39164],[11.99161,47.39166],[11.99131,47.39149]]}},{"type":"Feature","properties":{"kind":"piste","difficulty":"easy","name":null,"aerialway":null,"osm":"way/1462594120"},"geometry":{"type":"LineString","coordinates":[[11.99121,47.39164],[11.99136,47.3917],[11.99123,47.39181],[11.99144,47.39302],[11.99197,47.39445],[11.9917,47.3949],[11.99087,47.39527],[11.99042,47.39573],[11.98951,47.39632],[11.99081,47.39521],[11.99142,47.39499],[11.99188,47.39444],[11.99138,47.39306],[11.99115,47.392],[11.99121,47.39164]]}},{"type":"Feature","properties":{"kind":"piste","difficulty":"easy","name":null,"aerialway":null,"osm":"way/1462594121"},"geometry":{"type":"LineString","coordinates":[[11.99161,47.39166],[11.99197,47.39227],[11.99334,47.39331],[11.99432,47.39381],[11.99551,47.39508],[11.99542,47.39515],[11.9942,47.39379],[11.9935,47.3935],[11.99185,47.39226],[11.99151,47.39168],[11.99161,47.39166]]}},{"type":"Feature","properties":{"kind":"piste","difficulty":"intermediate","name":null,"aerialway":null,"osm":"way/1462594122"},"geometry":{"type":"LineString","coordinates":[[11.99195,47.39922],[11.99168,47.3995],[11.99266,47.40016],[11.99407,47.40033],[11.99451,47.40049],[11.99477,47.39991],[11.99195,47.39922]]}},{"type":"Feature","properties":{"kind":"piste","difficulty":"intermediate","name":null,"aerialway":null,"osm":"way/1462594123"},"geometry":{"type":"LineString","coordinates":[[11.99477,47.39991],[11.99451,47.40049],[11.99642,47.40127],[11.99894,47.4021],[11.99923,47.40139],[11.99477,47.39991]]}},{"type":"Feature","properties":{"kind":"piste","difficulty":"intermediate","name":null,"aerialway":null,"osm":"way/1462594124"},"geometry":{"type":"LineString","coordinates":[[11.99923,47.40139],[11.99894,47.4021],[12.0008,47.40302],[12.00235,47.40325],[12.00319,47.40378],[12.00351,47.40353],[12.00255,47.40292],[12.00127,47.40242],[11.99923,47.40139]]}},{"type":"Feature","properties":{"kind":"piste","difficulty":"intermediate","name":null,"aerialway":null,"osm":"way/1462594125"},"geometry":{"type":"LineString","coordinates":[[12.00319,47.40378],[12.00351,47.40353],[12.00505,47.40433],[12.00619,47.40467],[12.00706,47.40509],[12.00654,47.40544],[12.00319,47.40378]]}},{"type":"Feature","properties":{"kind":"piste","difficulty":"intermediate","name":null,"aerialway":null,"osm":"way/1462594126"},"geometry":{"type":"LineString","coordinates":[[12.00706,47.40509],[12.00654,47.40544],[12.00761,47.40606],[12.00796,47.40613],[12.00925,47.40601],[12.00917,47.40569],[12.00832,47.40582],[12.00762,47.40558],[12.00706,47.40509]]}},{"type":"Feature","properties":{"kind":"piste","difficulty":"intermediate","name":null,"aerialway":null,"osm":"way/1462594128"},"geometry":{"type":"LineString","coordinates":[[12.00925,47.40601],[12.00917,47.40569],[12.01004,47.40526],[12.01032,47.40564],[12.00974,47.40564],[12.00925,47.40601]]}},{"type":"Feature","properties":{"kind":"piste","difficulty":"easy","name":null,"aerialway":null,"osm":"way/1462594129"},"geometry":{"type":"LineString","coordinates":[[12.00915,47.40649],[12.00981,47.40684]]}},{"type":"Feature","properties":{"kind":"piste","difficulty":"intermediate","name":null,"aerialway":null,"osm":"way/1462594130"},"geometry":{"type":"LineString","coordinates":[[12.01009,47.40536],[12.01122,47.40506],[12.01292,47.40523]]}},{"type":"Feature","properties":{"kind":"piste","difficulty":"novice","name":null,"aerialway":null,"osm":"way/1462594131"},"geometry":{"type":"LineString","coordinates":[[12.01329,47.40585],[12.01315,47.40594],[12.01258,47.40587],[12.01252,47.40574]]}},{"type":"Feature","properties":{"kind":"piste","difficulty":"easy","name":null,"aerialway":null,"osm":"way/1462594132"},"geometry":{"type":"LineString","coordinates":[[12.0128,47.40624],[12.01217,47.40565]]}},{"type":"Feature","properties":{"kind":"piste","difficulty":"intermediate","name":null,"aerialway":null,"osm":"way/1462594133"},"geometry":{"type":"LineString","coordinates":[[12.01004,47.40526],[12.01114,47.40499],[12.0117,47.40501],[12.01159,47.40522],[12.0112,47.40515],[12.01032,47.40564],[12.01004,47.40526]]}},{"type":"Feature","properties":{"kind":"piste","difficulty":"easy","name":null,"aerialway":null,"osm":"way/1462594134"},"geometry":{"type":"LineString","coordinates":[[12.01032,47.40564],[12.01104,47.40531],[12.01197,47.40555],[12.01148,47.40591],[12.01113,47.40587],[12.01088,47.40599],[12.01098,47.40571],[12.01032,47.40564]]}},{"type":"Feature","properties":{"kind":"piste","difficulty":"easy","name":null,"aerialway":null,"osm":"way/1462594135"},"geometry":{"type":"LineString","coordinates":[[12.0109,47.4058],[12.01088,47.40599],[12.00966,47.40633],[12.00932,47.40668],[12.00896,47.40662],[12.00891,47.40651],[12.0109,47.4058]]}},{"type":"Feature","properties":{"kind":"piste","difficulty":"easy","name":null,"aerialway":null,"osm":"way/1462594136"},"geometry":{"type":"LineString","coordinates":[[12.00891,47.40651],[12.00896,47.40662],[12.00866,47.40662],[12.00815,47.40708],[12.00801,47.40698],[12.00858,47.40659],[12.00891,47.40651]]}},{"type":"Feature","properties":{"kind":"piste","difficulty":"easy","name":null,"aerialway":null,"osm":"way/1462594137"},"geometry":{"type":"LineString","coordinates":[[12.00932,47.40668],[12.00943,47.4066],[12.00986,47.40677],[12.00976,47.40685],[12.00932,47.40668]]}},{"type":"Feature","properties":{"kind":"piste","difficulty":"easy","name":null,"aerialway":null,"osm":"way/1462594138"},"geometry":{"type":"LineString","coordinates":[[12.00801,47.40698],[12.00753,47.40695],[12.00783,47.40726],[12.00815,47.40708],[12.00801,47.40698]]}},{"type":"Feature","properties":{"kind":"piste","difficulty":"easy","name":null,"aerialway":null,"osm":"way/1462594139"},"geometry":{"type":"LineString","coordinates":[[12.00783,47.40726],[12.00815,47.40708],[12.00875,47.40738],[12.00942,47.40792],[12.00901,47.40827],[12.00783,47.40726]]}},{"type":"Feature","properties":{"kind":"piste","difficulty":"easy","name":null,"aerialway":null,"osm":"way/1462594140"},"geometry":{"type":"LineString","coordinates":[[12.00901,47.40827],[12.00942,47.40792],[12.00971,47.40803],[12.00971,47.40853],[12.01069,47.40961],[12.01095,47.41007],[12.01068,47.41014],[12.00901,47.40827]]}},{"type":"Feature","properties":{"kind":"piste","difficulty":"easy","name":null,"aerialway":null,"osm":"way/1462594141"},"geometry":{"type":"LineString","coordinates":[[12.00946,47.40793],[12.00971,47.40803],[12.0098,47.40712],[12.01001,47.40691],[12.00986,47.40677],[12.00951,47.4072],[12.00946,47.40793]]}},{"type":"Feature","properties":{"kind":"piste","difficulty":"easy","name":null,"aerialway":null,"osm":"way/1462601375"},"geometry":{"type":"LineString","coordinates":[[12.01001,47.40691],[12.00986,47.40677],[12.01073,47.40663],[12.0107,47.40693],[12.01039,47.4068],[12.01001,47.40691]]}},{"type":"Feature","properties":{"kind":"piste","difficulty":"easy","name":null,"aerialway":null,"osm":"way/1462601376"},"geometry":{"type":"LineString","coordinates":[[12.01148,47.40591],[12.01154,47.40602],[12.0114,47.4063],[12.01073,47.40663],[12.0107,47.40693],[12.01099,47.40724],[12.01121,47.40724],[12.01105,47.40716],[12.01218,47.40673],[12.01294,47.40628],[12.01372,47.4063],[12.01367,47.40584],[12.01333,47.40595],[12.01255,47.40593],[12.0123,47.40572],[12.01235,47.40565],[12.01197,47.40555],[12.01148,47.40591]]}},{"type":"Feature","properties":{"kind":"piste","difficulty":"novice","name":null,"aerialway":null,"osm":"way/1462601377"},"geometry":{"type":"LineString","coordinates":[[12.0123,47.40572],[12.01255,47.40593],[12.01333,47.40595],[12.01349,47.40582],[12.0123,47.40572]]}},{"type":"Feature","properties":{"kind":"piste","difficulty":"intermediate","name":null,"aerialway":null,"osm":"way/1462601378"},"geometry":{"type":"LineString","coordinates":[[12.01235,47.40565],[12.01181,47.40552],[12.01216,47.40551],[12.01227,47.40539],[12.01159,47.40522],[12.0117,47.40501],[12.01235,47.40515],[12.01322,47.40505],[12.01333,47.40515],[12.01235,47.40565]]}},{"type":"Feature","properties":{"kind":"piste","difficulty":"intermediate","name":null,"aerialway":null,"osm":"way/1462601379"},"geometry":{"type":"LineString","coordinates":[[12.01333,47.40515],[12.01322,47.40505],[12.01429,47.40458],[12.01441,47.40467],[12.01333,47.40515]]}},{"type":"Feature","properties":{"kind":"piste","difficulty":"intermediate","name":null,"aerialway":null,"osm":"way/1462601380"},"geometry":{"type":"LineString","coordinates":[[12.01429,47.40458],[12.01441,47.40467],[12.01582,47.40442],[12.01659,47.40462],[12.01721,47.405],[12.01732,47.40488],[12.01649,47.40442],[12.01573,47.4043],[12.01494,47.40433],[12.01429,47.40458]]}},{"type":"Feature","properties":{"kind":"piste","difficulty":"intermediate","name":null,"aerialway":null,"osm":"way/1462601381"},"geometry":{"type":"LineString","coordinates":[[12.01732,47.40488],[12.01721,47.405],[12.01839,47.40575],[12.01859,47.40629],[12.01993,47.40647],[12.01994,47.40609],[12.01897,47.40598],[12.0184,47.4055],[12.01732,47.40488]]}},{"type":"Feature","properties":{"kind":"piste","difficulty":"intermediate","name":null,"aerialway":null,"osm":"way/1462601382"},"geometry":{"type":"LineString","coordinates":[[12.01993,47.40647],[12.01994,47.40609],[12.02103,47.40552],[12.02116,47.40583],[12.01993,47.40647]]}},{"type":"Feature","properties":{"kind":"piste","difficulty":"intermediate","name":null,"aerialway":null,"osm":"way/1462601383"},"geometry":{"type":"LineString","coordinates":[[12.02116,47.40583],[12.02103,47.40552],[12.02184,47.40539],[12.02366,47.40567],[12.02451,47.40546],[12.02482,47.40554],[12.02407,47.40602],[12.02264,47.40595],[12.02195,47.4056],[12.02116,47.40583]]}},{"type":"Feature","properties":{"kind":"piste","difficulty":"intermediate","name":null,"aerialway":null,"osm":"way/1462601384"},"geometry":{"type":"LineString","coordinates":[[12.02451,47.40546],[12.02482,47.40554],[12.02536,47.40528],[12.02665,47.40508],[12.02642,47.40486],[12.02528,47.40499],[12.02451,47.40546]]}},{"type":"Feature","properties":{"kind":"piste","difficulty":"intermediate","name":null,"aerialway":null,"osm":"way/1462601385"},"geometry":{"type":"LineString","coordinates":[[12.02665,47.40508],[12.02654,47.40489],[12.02676,47.40507],[12.02665,47.40508]]}},{"type":"Feature","properties":{"kind":"piste","difficulty":"intermediate","name":null,"aerialway":null,"osm":"way/1462601386"},"geometry":{"type":"LineString","coordinates":[[12.02676,47.40507],[12.02664,47.40489],[12.02692,47.40483],[12.02874,47.40482],[12.03003,47.40506],[12.03088,47.40537],[12.03165,47.40642],[12.03174,47.40696],[12.03146,47.4069],[12.03147,47.40642],[12.0311,47.4059],[12.0305,47.4055],[12.02904,47.40513],[12.02676,47.40507]]}},{"type":"Feature","properties":{"kind":"piste","difficulty":"intermediate","name":null,"aerialway":null,"osm":"way/1462601387"},"geometry":{"type":"LineString","coordinates":[[12.03146,47.4069],[12.03134,47.40742],[12.03164,47.40746],[12.03208,47.40718],[12.03146,47.4069]]}},{"type":"Feature","properties":{"kind":"piste","difficulty":"intermediate","name":null,"aerialway":null,"osm":"way/1462601388"},"geometry":{"type":"LineString","coordinates":[[12.03164,47.40746],[12.03205,47.40782],[12.03262,47.40791],[12.03265,47.40754],[12.03208,47.40718],[12.03164,47.40746]]}},{"type":"Feature","properties":{"kind":"piste","difficulty":"intermediate","name":null,"aerialway":null,"osm":"way/1462601389"},"geometry":{"type":"LineString","coordinates":[[12.03262,47.40791],[12.03265,47.40754],[12.0332,47.40754],[12.03334,47.4072],[12.03371,47.40718],[12.03556,47.40833],[12.03368,47.40724],[12.03348,47.40724],[12.03348,47.40748],[12.03325,47.40786],[12.03262,47.40791]]}},{"type":"Feature","properties":{"kind":"piste","difficulty":"intermediate","name":null,"aerialway":null,"osm":"way/1462601390"},"geometry":{"type":"LineString","coordinates":[[12.03548,47.40837],[12.03577,47.40841],[12.03604,47.40828],[12.03669,47.40849],[12.03662,47.40865],[12.03585,47.40863],[12.03548,47.40837]]}},{"type":"Feature","properties":{"kind":"piste","difficulty":"easy","name":null,"aerialway":null,"osm":"way/1462650034"},"geometry":{"type":"LineString","coordinates":[[11.88015,47.41442],[11.88033,47.41428],[11.8808,47.41431],[11.88103,47.41374],[11.88029,47.41349],[11.88015,47.41442]]}},{"type":"Feature","properties":{"kind":"piste","difficulty":"easy","name":null,"aerialway":null,"osm":"way/1462650035"},"geometry":{"type":"LineString","coordinates":[[11.88103,47.41374],[11.88094,47.41373],[11.881,47.4136],[11.88029,47.41349],[11.88036,47.41313],[11.88122,47.4132],[11.88103,47.41374]]}},{"type":"Feature","properties":{"kind":"piste","difficulty":"novice","name":null,"aerialway":null,"osm":"way/1462650036"},"geometry":{"type":"LineString","coordinates":[[11.88036,47.41313],[11.88026,47.4131],[11.88002,47.41401],[11.88011,47.41417],[11.88036,47.41313]]}},{"type":"Feature","properties":{"kind":"piste","difficulty":"easy","name":null,"aerialway":null,"osm":"way/1462650037"},"geometry":{"type":"LineString","coordinates":[[11.88122,47.4132],[11.88036,47.41313],[11.88044,47.4129],[11.88123,47.41158],[11.88182,47.41164],[11.88122,47.4132]]}},{"type":"Feature","properties":{"kind":"piste","difficulty":"easy","name":null,"aerialway":null,"osm":"way/1462650038"},"geometry":{"type":"LineString","coordinates":[[11.88123,47.41158],[11.88182,47.41164],[11.88235,47.4103],[11.88221,47.41026],[11.88241,47.41013],[11.88202,47.41007],[11.88141,47.4103],[11.88123,47.41158]]}},{"type":"Feature","properties":{"kind":"piste","difficulty":"intermediate","name":null,"aerialway":null,"osm":"way/1462650039"},"geometry":{"type":"LineString","coordinates":[[11.88141,47.4103],[11.88202,47.41007],[11.88153,47.40866],[11.88109,47.40868],[11.88131,47.40938],[11.88141,47.4103]]}},{"type":"Feature","properties":{"kind":"piste","difficulty":"intermediate","name":null,"aerialway":null,"osm":"way/1462650040"},"geometry":{"type":"LineString","coordinates":[[11.88153,47.40866],[11.88109,47.40868],[11.88067,47.40797],[11.87883,47.4067],[11.87881,47.40626],[11.8785,47.40599],[11.87891,47.40583],[11.87896,47.4062],[11.88136,47.40834],[11.88153,47.40866]]}},{"type":"Feature","properties":{"kind":"piste","difficulty":"intermediate","name":null,"aerialway":null,"osm":"way/1462650041"},"geometry":{"type":"LineString","coordinates":[[11.8785,47.40599],[11.87891,47.40583],[11.87909,47.40484],[11.87924,47.40331],[11.87908,47.40263],[11.87911,47.40201],[11.87894,47.40144],[11.87842,47.40051],[11.87746,47.39955],[11.87721,47.39971],[11.87874,47.40178],[11.87875,47.40386],[11.87868,47.40502],[11.87842,47.40576],[11.8785,47.40599]]}},{"type":"Feature","properties":{"kind":"piste","difficulty":"intermediate","name":null,"aerialway":null,"osm":"way/1462650042"},"geometry":{"type":"LineString","coordinates":[[11.87746,47.39955],[11.87721,47.39971],[11.87535,47.39867],[11.87498,47.3981],[11.87491,47.39762],[11.875,47.39759],[11.87516,47.39795],[11.87563,47.39837],[11.87641,47.39876],[11.87746,47.39955]]}},{"type":"Feature","properties":{"kind":"piste","difficulty":"intermediate","name":null,"aerialway":null,"osm":"way/1462650043"},"geometry":{"type":"LineString","coordinates":[[11.875,47.39759],[11.87479,47.39751],[11.87482,47.39742],[11.875,47.39759]]}},{"type":"Feature","properties":{"kind":"piste","difficulty":"intermediate","name":null,"aerialway":null,"osm":"way/1463401236"},"geometry":{"type":"LineString","coordinates":[[11.92737,47.38247],[11.9267,47.38347],[11.92637,47.38345]]}},{"type":"Feature","properties":{"kind":"piste","difficulty":"intermediate","name":null,"aerialway":null,"osm":"way/1463401237"},"geometry":{"type":"LineString","coordinates":[[11.92637,47.38345],[11.92616,47.38343]]}},{"type":"Feature","properties":{"kind":"piste","difficulty":"intermediate","name":null,"aerialway":null,"osm":"way/1463401238"},"geometry":{"type":"LineString","coordinates":[[11.92616,47.38343],[11.92601,47.38337]]}},{"type":"Feature","properties":{"kind":"piste","difficulty":"easy","name":"Familienabfahrt Reitherkoel","aerialway":null,"osm":"way/1463401239"},"geometry":{"type":"LineString","coordinates":[[11.8817,47.41099],[11.88018,47.4144]]}},{"type":"Feature","properties":{"kind":"piste","difficulty":"easy","name":"Brandach Abfahrt","aerialway":null,"osm":"way/1463401240"},"geometry":{"type":"LineString","coordinates":[[11.88237,47.41015],[11.8821,47.4102],[11.8817,47.41099]]}},{"type":"Feature","properties":{"kind":"piste","difficulty":"intermediate","name":null,"aerialway":null,"osm":"way/1463401241"},"geometry":{"type":"LineString","coordinates":[[11.87745,47.40562],[11.87882,47.40609]]}},{"type":"Feature","properties":{"kind":"piste","difficulty":"intermediate","name":null,"aerialway":null,"osm":"way/1463401242"},"geometry":{"type":"LineString","coordinates":[[11.87869,47.40571],[11.87752,47.40595]]}},{"type":"Feature","properties":{"kind":"piste","difficulty":"intermediate","name":"Baumgarten","aerialway":null,"osm":"way/1467058052"},"geometry":{"type":"LineString","coordinates":[[11.93649,47.35951],[11.937,47.35948],[11.93671,47.35905],[11.93615,47.35869],[11.93614,47.35785],[11.93567,47.35768],[11.93572,47.35751],[11.93639,47.35734],[11.93735,47.35683],[11.93761,47.35554],[11.93708,47.35465],[11.93714,47.35434],[11.93774,47.354],[11.93854,47.3539],[11.93922,47.35403],[11.9392,47.35442],[11.93989,47.35494],[11.94079,47.35539]]}},{"type":"Feature","properties":{"kind":"piste","difficulty":"easy","name":null,"aerialway":null,"osm":"way/1469621292"},"geometry":{"type":"LineString","coordinates":[[11.95576,47.37834],[11.95613,47.37798]]}},{"type":"Feature","properties":{"kind":"piste","difficulty":"easy","name":null,"aerialway":null,"osm":"way/1469621293"},"geometry":{"type":"LineString","coordinates":[[11.95613,47.37798],[11.95657,47.37808],[11.95683,47.37829]]}},{"type":"Feature","properties":{"kind":"piste","difficulty":"easy","name":null,"aerialway":null,"osm":"way/1469621294"},"geometry":{"type":"LineString","coordinates":[[11.95488,47.37865],[11.95504,47.37836],[11.9566,47.37788],[11.95691,47.37836],[11.95488,47.37865]]}},{"type":"Feature","properties":{"kind":"piste","difficulty":"intermediate","name":null,"aerialway":null,"osm":"way/1469621295"},"geometry":{"type":"LineString","coordinates":[[11.95605,47.37802],[11.9559,47.37788],[11.95647,47.37757],[11.95659,47.37766],[11.9566,47.37788],[11.95605,47.37802]]}},{"type":"Feature","properties":{"kind":"piste","difficulty":"intermediate","name":null,"aerialway":null,"osm":"way/1469621296"},"geometry":{"type":"LineString","coordinates":[[11.95647,47.37757],[11.95659,47.37766],[11.95716,47.37714],[11.9576,47.37725],[11.95781,47.37696],[11.95742,47.37689],[11.95647,47.37757]]}},{"type":"Feature","properties":{"kind":"piste","difficulty":"intermediate","name":null,"aerialway":null,"osm":"way/1469621297"},"geometry":{"type":"LineString","coordinates":[[11.9559,47.37788],[11.95605,47.37802],[11.95579,47.37817],[11.95261,47.37894],[11.9528,47.37873],[11.95492,47.37825],[11.9559,47.37788]]}},{"type":"Feature","properties":{"kind":"piste","difficulty":"intermediate","name":null,"aerialway":null,"osm":"way/1469621298"},"geometry":{"type":"LineString","coordinates":[[11.94877,47.37445],[11.94901,47.37431],[11.94958,47.37428],[11.95118,47.37436],[11.95453,47.37418],[11.95444,47.37443],[11.95138,47.37463],[11.94877,47.37445]]}},{"type":"Feature","properties":{"kind":"piste","difficulty":"intermediate","name":null,"aerialway":null,"osm":"way/1469621299"},"geometry":{"type":"LineString","coordinates":[[11.95444,47.37443],[11.95458,47.37475],[11.95481,47.37417],[11.95453,47.37418],[11.95444,47.37443]]}},{"type":"Feature","properties":{"kind":"piste","difficulty":"intermediate","name":null,"aerialway":null,"osm":"way/1469621300"},"geometry":{"type":"LineString","coordinates":[[11.95476,47.37444],[11.95481,47.37417],[11.95564,47.37404],[11.95895,47.37393],[11.95901,47.37403],[11.9587,47.37423],[11.95807,47.3743],[11.95669,47.37434],[11.9561,47.37423],[11.95476,47.37444]]}},{"type":"Feature","properties":{"kind":"piste","difficulty":"intermediate","name":null,"aerialway":null,"osm":"way/1469621301"},"geometry":{"type":"LineString","coordinates":[[11.95458,47.37475],[11.95476,47.37444],[11.95519,47.37478],[11.95698,47.37544],[11.9572,47.37561],[11.95749,47.37646],[11.95781,47.37696],[11.95742,47.37689],[11.95681,47.37563],[11.95523,47.37512],[11.95458,47.37475]]}},{"type":"Feature","properties":{"kind":"piste","difficulty":"intermediate","name":null,"aerialway":null,"osm":"way/1469621302"},"geometry":{"type":"LineString","coordinates":[[11.94717,47.37941],[11.94684,47.37987],[11.94962,47.38088],[11.95005,47.38058],[11.95076,47.37964],[11.95214,47.37954],[11.95226,47.37936],[11.95218,47.37907],[11.95261,47.37894],[11.95263,47.3788],[11.95211,47.37895],[11.95216,47.3794],[11.95071,47.37948],[11.94986,47.38033],[11.94717,47.37941]]}},{"type":"Feature","properties":{"kind":"piste","difficulty":"easy","name":null,"aerialway":null,"osm":"way/1469621303"},"geometry":{"type":"LineString","coordinates":[[11.95188,47.37946],[11.95209,47.37938],[11.95148,47.3791],[11.95188,47.37946]]}},{"type":"Feature","properties":{"kind":"piste","difficulty":"intermediate","name":null,"aerialway":null,"osm":"way/1469621304"},"geometry":{"type":"LineString","coordinates":[[11.94717,47.37941],[11.94707,47.37935],[11.94592,47.37997],[11.94599,47.38007],[11.94684,47.37987],[11.94717,47.37941]]}},{"type":"Feature","properties":{"kind":"piste","difficulty":"intermediate","name":null,"aerialway":null,"osm":"way/1469621305"},"geometry":{"type":"LineString","coordinates":[[11.94592,47.37997],[11.94599,47.38007],[11.94559,47.38031],[11.94255,47.37809],[11.94097,47.37736],[11.94125,47.37704],[11.94251,47.37735],[11.94324,47.37802],[11.94592,47.37997]]}},{"type":"Feature","properties":{"kind":"piste","difficulty":"intermediate","name":null,"aerialway":null,"osm":"way/1469621306"},"geometry":{"type":"LineString","coordinates":[[11.94125,47.37704],[11.94097,47.37736],[11.94072,47.37726],[11.94039,47.37738],[11.93919,47.37742],[11.93882,47.37814],[11.9386,47.37808],[11.9389,47.37746],[11.93918,47.37724],[11.94048,47.37726],[11.94098,47.377],[11.94125,47.37704]]}},{"type":"Feature","properties":{"kind":"piste","difficulty":"intermediate","name":null,"aerialway":null,"osm":"way/1469621307"},"geometry":{"type":"LineString","coordinates":[[11.9386,47.37808],[11.93829,47.37814],[11.93663,47.37761],[11.93634,47.37806],[11.93759,47.37856],[11.93818,47.37867],[11.9387,47.37848],[11.93882,47.37814],[11.9386,47.37808]]}},{"type":"Feature","properties":{"kind":"piste","difficulty":"intermediate","name":null,"aerialway":null,"osm":"way/1472488047"},"geometry":{"type":"LineString","coordinates":[[11.92406,47.39596],[11.92411,47.3961],[11.92421,47.39611],[11.92416,47.39595],[11.92341,47.39551],[11.92342,47.39464],[11.92223,47.39417],[11.92291,47.39453],[11.92339,47.3956],[11.92406,47.39596]]}},{"type":"Feature","properties":{"kind":"piste","difficulty":"intermediate","name":null,"aerialway":null,"osm":"way/1472488048"},"geometry":{"type":"LineString","coordinates":[[11.92223,47.39417],[11.92072,47.39372],[11.92054,47.39357],[11.92212,47.39185],[11.92234,47.39189],[11.92094,47.39325],[11.92076,47.39356],[11.92223,47.39417]]}},{"type":"Feature","properties":{"kind":"piste","difficulty":"intermediate","name":null,"aerialway":null,"osm":"way/1472488049"},"geometry":{"type":"LineString","coordinates":[[11.92212,47.39185],[11.92234,47.39189],[11.92259,47.39172],[11.92286,47.39098],[11.9225,47.39005],[11.92227,47.39016],[11.92246,47.39064],[11.92239,47.39123],[11.92212,47.39185]]}},{"type":"Feature","properties":{"kind":"piste","difficulty":"intermediate","name":null,"aerialway":null,"osm":"way/1472488050"},"geometry":{"type":"LineString","coordinates":[[11.92229,47.39007],[11.9225,47.39005],[11.92264,47.38955],[11.92267,47.38783],[11.92171,47.38731],[11.92172,47.38715],[11.92152,47.38718],[11.9224,47.38781],[11.92248,47.38819],[11.92229,47.39007]]}},{"type":"Feature","properties":{"kind":"piste","difficulty":"intermediate","name":null,"aerialway":null,"osm":"way/1472488051"},"geometry":{"type":"LineString","coordinates":[[11.92172,47.38715],[11.92152,47.38718],[11.92141,47.38679],[11.92158,47.3859],[11.92237,47.38506],[11.92266,47.38494],[11.92294,47.38518],[11.92217,47.38571],[11.92171,47.38681],[11.92172,47.38715]]}},{"type":"Feature","properties":{"kind":"piste","difficulty":"intermediate","name":null,"aerialway":null,"osm":"way/1472488052"},"geometry":{"type":"LineString","coordinates":[[11.92266,47.38494],[11.92294,47.38518],[11.92336,47.38474],[11.92411,47.38329],[11.92501,47.38328],[11.92531,47.38341],[11.92534,47.38332],[11.925,47.3832],[11.92395,47.38317],[11.9233,47.38435],[11.92266,47.38494]]}},{"type":"Feature","properties":{"kind":"piste","difficulty":"intermediate","name":null,"aerialway":null,"osm":"way/1472488053"},"geometry":{"type":"LineString","coordinates":[[11.92534,47.38332],[11.92542,47.38343],[11.92615,47.3834],[11.92534,47.38332]]}},{"type":"Feature","properties":{"kind":"piste","difficulty":"easy","name":null,"aerialway":null,"osm":"way/1472488054"},"geometry":{"type":"LineString","coordinates":[[11.92596,47.38336],[11.92619,47.38322],[11.92626,47.38268],[11.92604,47.38267],[11.92596,47.38336]]}},{"type":"Feature","properties":{"kind":"piste","difficulty":"easy","name":null,"aerialway":null,"osm":"way/1472488055"},"geometry":{"type":"LineString","coordinates":[[11.92604,47.38267],[11.92702,47.38238],[11.9267,47.38237],[11.92604,47.38267]]}},{"type":"Feature","properties":{"kind":"piste","difficulty":"easy","name":null,"aerialway":null,"osm":"way/1472488056"},"geometry":{"type":"LineString","coordinates":[[11.92615,47.3834],[11.92665,47.38347],[11.92615,47.3834]]}},{"type":"Feature","properties":{"kind":"piste","difficulty":"easy","name":null,"aerialway":null,"osm":"way/1472488057"},"geometry":{"type":"LineString","coordinates":[[11.92662,47.38352],[11.92689,47.38347],[11.92769,47.3825],[11.92702,47.38238],[11.92662,47.38352]]}},{"type":"Feature","properties":{"kind":"piste","difficulty":"easy","name":null,"aerialway":null,"osm":"way/1472488058"},"geometry":{"type":"LineString","coordinates":[[11.92761,47.38269],[11.92769,47.3825],[11.92843,47.38256],[11.93146,47.38181],[11.93153,47.38195],[11.92968,47.38249],[11.92819,47.38272],[11.92761,47.38269]]}},{"type":"Feature","properties":{"kind":"piste","difficulty":"easy","name":null,"aerialway":null,"osm":"way/1472492757"},"geometry":{"type":"LineString","coordinates":[[11.93153,47.38195],[11.93156,47.38183],[11.93253,47.38159],[11.93374,47.38106],[11.93264,47.38161],[11.93153,47.38195]]}},{"type":"Feature","properties":{"kind":"piste","difficulty":"easy","name":null,"aerialway":null,"osm":"way/1472492758"},"geometry":{"type":"LineString","coordinates":[[11.93156,47.38183],[11.93146,47.38181],[11.93173,47.38151],[11.93158,47.38075],[11.93234,47.38052],[11.93254,47.38102],[11.93325,47.3811],[11.93209,47.38139],[11.93156,47.38183]]}},{"type":"Feature","properties":{"kind":"piste","difficulty":"intermediate","name":null,"aerialway":null,"osm":"way/1472492759"},"geometry":{"type":"LineString","coordinates":[[11.93158,47.38075],[11.93136,47.38011],[11.93212,47.37996],[11.93234,47.38052],[11.93158,47.38075]]}},{"type":"Feature","properties":{"kind":"piste","difficulty":"easy","name":null,"aerialway":null,"osm":"way/1472492760"},"geometry":{"type":"LineString","coordinates":[[11.93238,47.38063],[11.93234,47.38052],[11.9338,47.37971],[11.93387,47.37981],[11.93238,47.38063]]}},{"type":"Feature","properties":{"kind":"piste","difficulty":"easy","name":null,"aerialway":null,"osm":"way/1472492761"},"geometry":{"type":"LineString","coordinates":[[11.93386,47.37972],[11.93491,47.37972]]}},{"type":"Feature","properties":{"kind":"piste","difficulty":"easy","name":null,"aerialway":null,"osm":"way/1472492762"},"geometry":{"type":"LineString","coordinates":[[11.93307,47.38106],[11.93291,47.38109],[11.93294,47.38089],[11.9332,47.38068],[11.93382,47.38059],[11.93386,47.38046],[11.93402,47.38053],[11.93378,47.3807],[11.93324,47.38075],[11.93307,47.38106]]}},{"type":"Feature","properties":{"kind":"piste","difficulty":"easy","name":null,"aerialway":null,"osm":"way/1472492763"},"geometry":{"type":"LineString","coordinates":[[11.93429,47.38019],[11.93378,47.38066],[11.93323,47.38072],[11.93304,47.38086],[11.93297,47.38113]]}},{"type":"Feature","properties":{"kind":"piste","difficulty":"easy","name":null,"aerialway":null,"osm":"way/1472492764"},"geometry":{"type":"LineString","coordinates":[[11.93386,47.38046],[11.93421,47.38057],[11.93444,47.38011],[11.93399,47.38019],[11.93386,47.38046]]}},{"type":"Feature","properties":{"kind":"piste","difficulty":"easy","name":null,"aerialway":null,"osm":"way/1472492765"},"geometry":{"type":"LineString","coordinates":[[11.93421,47.38057],[11.9337,47.38103],[11.93421,47.38057]]}},{"type":"Feature","properties":{"kind":"piste","difficulty":"easy","name":null,"aerialway":null,"osm":"way/1472492766"},"geometry":{"type":"LineString","coordinates":[[11.93383,47.37976],[11.93484,47.37969],[11.93445,47.37963],[11.93383,47.37976]]}},{"type":"Feature","properties":{"kind":"piste","difficulty":"easy","name":null,"aerialway":null,"osm":"way/1472492767"},"geometry":{"type":"LineString","coordinates":[[11.93468,47.37976],[11.93422,47.38007],[11.93444,47.38011],[11.935,47.37971],[11.93468,47.37976]]}},{"type":"Feature","properties":{"kind":"piste","difficulty":"easy","name":null,"aerialway":null,"osm":"way/1472492768"},"geometry":{"type":"LineString","coordinates":[[11.9338,47.37971],[11.93398,47.37973],[11.93515,47.37889],[11.93507,47.37883],[11.9338,47.37971]]}},{"type":"Feature","properties":{"kind":"piste","difficulty":"easy","name":null,"aerialway":null,"osm":"way/1472492769"},"geometry":{"type":"LineString","coordinates":[[11.93484,47.37969],[11.93516,47.37957],[11.93586,47.3788],[11.93628,47.37812],[11.93609,47.37819],[11.9358,47.37875],[11.93484,47.37969]]}},{"type":"Feature","properties":{"kind":"piste","difficulty":"easy","name":null,"aerialway":null,"osm":"way/1472492770"},"geometry":{"type":"LineString","coordinates":[[11.93663,47.37761],[11.93634,47.37806],[11.93609,47.37819],[11.93548,47.37783],[11.9361,47.37743],[11.93663,47.37761]]}},{"type":"Feature","properties":{"kind":"piste","difficulty":"intermediate","name":null,"aerialway":null,"osm":"way/1472902340"},"geometry":{"type":"LineString","coordinates":[[11.93212,47.37996],[11.93136,47.38011],[11.93129,47.37955],[11.93068,47.37844],[11.93144,47.37823],[11.93191,47.37904],[11.93212,47.37996]]}},{"type":"Feature","properties":{"kind":"piste","difficulty":"easy","name":null,"aerialway":null,"osm":"way/1472902341"},"geometry":{"type":"LineString","coordinates":[[11.93548,47.37783],[11.93486,47.37746],[11.93465,47.37717],[11.93524,47.3768],[11.9361,47.37743],[11.93548,47.37783]]}},{"type":"Feature","properties":{"kind":"piste","difficulty":"easy","name":null,"aerialway":null,"osm":"way/1472902342"},"geometry":{"type":"LineString","coordinates":[[11.93465,47.37717],[11.93303,47.37826],[11.93312,47.3783],[11.93448,47.37741],[11.93465,47.37717]]}},{"type":"Feature","properties":{"kind":"piste","difficulty":"easy","name":null,"aerialway":null,"osm":"way/1472902343"},"geometry":{"type":"LineString","coordinates":[[11.93524,47.3768],[11.93452,47.37719],[11.93413,47.37666],[11.93478,47.3763],[11.93524,47.3768]]}},{"type":"Feature","properties":{"kind":"piste","difficulty":"easy","name":null,"aerialway":null,"osm":"way/1472902344"},"geometry":{"type":"LineString","coordinates":[[11.93478,47.3763],[11.93515,47.37596],[11.93526,47.37575],[11.93516,47.37573],[11.93488,47.37607],[11.93402,47.37657],[11.93413,47.37666],[11.93478,47.3763]]}},{"type":"Feature","properties":{"kind":"piste","difficulty":"easy","name":null,"aerialway":null,"osm":"way/1472902345"},"geometry":{"type":"LineString","coordinates":[[11.93464,47.37617],[11.93402,47.37657],[11.93378,47.37625],[11.93334,47.376],[11.93402,47.37569],[11.93464,47.37617]]}},{"type":"Feature","properties":{"kind":"piste","difficulty":"intermediate","name":null,"aerialway":null,"osm":"way/1472902346"},"geometry":{"type":"LineString","coordinates":[[11.93402,47.37569],[11.93369,47.37553],[11.93424,47.37505],[11.93424,47.37492],[11.93462,47.37498],[11.93452,47.37527],[11.93402,47.37569]]}},{"type":"Feature","properties":{"kind":"piste","difficulty":"intermediate","name":null,"aerialway":null,"osm":"way/1472902347"},"geometry":{"type":"LineString","coordinates":[[11.93369,47.37553],[11.93402,47.37569],[11.93334,47.376],[11.93292,47.37582],[11.93291,47.37564],[11.93325,47.37532],[11.93356,47.3747],[11.93424,47.37492],[11.93424,47.37505],[11.93369,47.37553]]}},{"type":"Feature","properties":{"kind":"piste","difficulty":"intermediate","name":null,"aerialway":null,"osm":"way/1472902348"},"geometry":{"type":"LineString","coordinates":[[11.93291,47.37564],[11.93325,47.37532],[11.93356,47.3747],[11.93175,47.37419],[11.93072,47.3742],[11.9302,47.37402],[11.93045,47.37499],[11.93213,47.37504],[11.93284,47.37544],[11.93291,47.37564]]}},{"type":"Feature","properties":{"kind":"piste","difficulty":"intermediate","name":null,"aerialway":null,"osm":"way/1472902349"},"geometry":{"type":"LineString","coordinates":[[11.93144,47.37823],[11.93138,47.37807],[11.93101,47.37792],[11.93056,47.37813],[11.93018,47.37812],[11.92999,47.3783],[11.93068,47.37844],[11.93144,47.37823]]}},{"type":"Feature","properties":{"kind":"piste","difficulty":"intermediate","name":null,"aerialway":null,"osm":"way/1472902350"},"geometry":{"type":"LineString","coordinates":[[11.93018,47.37812],[11.92999,47.3783],[11.92859,47.37785],[11.92797,47.37682],[11.92892,47.3769],[11.92872,47.37718],[11.92866,47.37757],[11.92885,47.37783],[11.93018,47.37812]]}},{"type":"Feature","properties":{"kind":"piste","difficulty":"advanced","name":null,"aerialway":null,"osm":"way/1472902351"},"geometry":{"type":"LineString","coordinates":[[11.92797,47.37682],[11.92734,47.37632],[11.92732,47.37552],[11.92783,47.37561],[11.92782,47.37601],[11.92815,47.3766],[11.92846,47.37686],[11.92797,47.37682]]}},{"type":"Feature","properties":{"kind":"piste","difficulty":"intermediate","name":null,"aerialway":null,"osm":"way/1472902352"},"geometry":{"type":"LineString","coordinates":[[11.92892,47.3769],[11.92846,47.37686],[11.92828,47.37671],[11.92849,47.37647],[11.92915,47.37614],[11.92954,47.37569],[11.92979,47.37579],[11.92892,47.3769]]}},{"type":"Feature","properties":{"kind":"piste","difficulty":"intermediate","name":null,"aerialway":null,"osm":"way/1472902353"},"geometry":{"type":"LineString","coordinates":[[11.93045,47.37499],[11.92979,47.37579],[11.92954,47.37569],[11.92966,47.37543],[11.92955,47.3753],[11.92892,47.37485],[11.9302,47.37402],[11.93045,47.37499]]}},{"type":"Feature","properties":{"kind":"piste","difficulty":"advanced","name":null,"aerialway":null,"osm":"way/1472902354"},"geometry":{"type":"LineString","coordinates":[[11.92732,47.37552],[11.92783,47.37561],[11.92832,47.37479],[11.92787,47.37455],[11.92732,47.37552]]}},{"type":"Feature","properties":{"kind":"piste","difficulty":"advanced","name":null,"aerialway":null,"osm":"way/1472902355"},"geometry":{"type":"LineString","coordinates":[[11.92787,47.37455],[11.92816,47.37364],[11.92854,47.37347],[11.92832,47.37479],[11.92787,47.37455]]}},{"type":"Feature","properties":{"kind":"piste","difficulty":"intermediate","name":null,"aerialway":null,"osm":"way/1472902356"},"geometry":{"type":"LineString","coordinates":[[11.92832,47.37479],[11.92892,47.37485],[11.9302,47.37402],[11.92939,47.37312],[11.92875,47.37332],[11.92854,47.37347],[11.92832,47.37479]]}},{"type":"Feature","properties":{"kind":"piste","difficulty":"easy","name":null,"aerialway":null,"osm":"way/1472902357"},"geometry":{"type":"LineString","coordinates":[[11.92727,47.37352],[11.92728,47.37343],[11.92823,47.37352],[11.9285,47.37338],[11.92845,47.37313],[11.92941,47.37292],[11.92964,47.37311],[11.92924,47.37313],[11.92813,47.37358],[11.92727,47.37352]]}},{"type":"Feature","properties":{"kind":"piste","difficulty":"easy","name":null,"aerialway":null,"osm":"way/1472902358"},"geometry":{"type":"LineString","coordinates":[[11.93516,47.37573],[11.93526,47.37575],[11.93535,47.37545],[11.93502,47.37511],[11.93497,47.37487],[11.93462,47.37498],[11.93452,47.37527],[11.93474,47.37541],[11.93503,47.37533],[11.93526,47.37544],[11.93516,47.37573]]}},{"type":"Feature","properties":{"kind":"piste","difficulty":"easy","name":null,"aerialway":null,"osm":"way/1472902359"},"geometry":{"type":"LineString","coordinates":[[11.93448,47.37501],[11.93436,47.37527]]}},{"type":"Feature","properties":{"kind":"piste","difficulty":"easy","name":null,"aerialway":null,"osm":"way/1472902360"},"geometry":{"type":"LineString","coordinates":[[11.93424,47.37492],[11.93462,47.37498],[11.93497,47.37487],[11.93488,47.37426],[11.93536,47.37337],[11.93475,47.37357],[11.9346,47.3744],[11.93424,47.37492]]}},{"type":"Feature","properties":{"kind":"piste","difficulty":"intermediate","name":null,"aerialway":null,"osm":"way/1472902361"},"geometry":{"type":"LineString","coordinates":[[11.93511,47.37337],[11.93475,47.37357],[11.93406,47.37239],[11.93344,47.37199],[11.93418,47.37169],[11.93499,47.37273],[11.93511,47.37337]]}},{"type":"Feature","properties":{"kind":"piste","difficulty":"easy","name":null,"aerialway":null,"osm":"way/1472902362"},"geometry":{"type":"LineString","coordinates":[[11.93511,47.37337],[11.93538,47.37324],[11.93582,47.37253],[11.9356,47.37247],[11.93511,47.37337]]}},{"type":"Feature","properties":{"kind":"piste","difficulty":"easy","name":null,"aerialway":null,"osm":"way/1472902363"},"geometry":{"type":"LineString","coordinates":[[11.93536,47.37337],[11.93578,47.3728],[11.93627,47.3725],[11.93536,47.37337]]}},{"type":"Feature","properties":{"kind":"piste","difficulty":"easy","name":null,"aerialway":null,"osm":"way/1472902364"},"geometry":{"type":"LineString","coordinates":[[11.92845,47.37313],[11.92816,47.37278],[11.92819,47.3725],[11.92865,47.37194],[11.92941,47.37204],[11.92914,47.37239],[11.92941,47.37292],[11.92845,47.37313]]}},{"type":"Feature","properties":{"kind":"piste","difficulty":"easy","name":null,"aerialway":null,"osm":"way/1472902365"},"geometry":{"type":"LineString","coordinates":[[11.92941,47.37292],[11.92922,47.37251],[11.92973,47.37192],[11.93006,47.37189],[11.9299,47.3724],[11.92955,47.3729],[11.92941,47.37292]]}},{"type":"Feature","properties":{"kind":"piste","difficulty":"easy","name":null,"aerialway":null,"osm":"way/1472902366"},"geometry":{"type":"LineString","coordinates":[[11.92887,47.37278],[11.92925,47.37284]]}},{"type":"Feature","properties":{"kind":"piste","difficulty":"easy","name":null,"aerialway":null,"osm":"way/1472902367"},"geometry":{"type":"LineString","coordinates":[[11.92879,47.37198],[11.92941,47.37204],[11.92949,47.37159],[11.92926,47.3715],[11.92913,47.37182],[11.92879,47.37198]]}},{"type":"Feature","properties":{"kind":"piste","difficulty":"easy","name":null,"aerialway":null,"osm":"way/1472902368"},"geometry":{"type":"LineString","coordinates":[[11.9291,47.37131],[11.9295,47.37129],[11.92949,47.37159],[11.9291,47.37131]]}},{"type":"Feature","properties":{"kind":"piste","difficulty":"easy","name":null,"aerialway":null,"osm":"way/1472902369"},"geometry":{"type":"LineString","coordinates":[[11.92949,47.37159],[11.92973,47.37192],[11.93006,47.37189],[11.93038,47.37092],[11.92998,47.3709],[11.92972,47.37132],[11.92954,47.37121],[11.92949,47.37159]]}},{"type":"Feature","properties":{"kind":"piste","difficulty":"easy","name":null,"aerialway":null,"osm":"way/1472902370"},"geometry":{"type":"LineString","coordinates":[[11.92914,47.37123],[11.92922,47.37111],[11.92954,47.37121],[11.92914,47.37123]]}},{"type":"Feature","properties":{"kind":"piste","difficulty":"easy","name":null,"aerialway":null,"osm":"way/1472902371"},"geometry":{"type":"LineString","coordinates":[[11.92922,47.37111],[11.92954,47.37121],[11.93015,47.37043],[11.9299,47.37034],[11.92969,47.37081],[11.92922,47.37111]]}},{"type":"Feature","properties":{"kind":"piste","difficulty":"intermediate","name":null,"aerialway":null,"osm":"way/1472902372"},"geometry":{"type":"LineString","coordinates":[[11.93015,47.37043],[11.93259,47.37158],[11.93321,47.37121],[11.9321,47.37065],[11.93104,47.37029],[11.93031,47.37028],[11.93015,47.37043]]}},{"type":"Feature","properties":{"kind":"piste","difficulty":"easy","name":null,"aerialway":null,"osm":"way/1472902373"},"geometry":{"type":"LineString","coordinates":[[11.93344,47.37199],[11.93271,47.37162],[11.93329,47.37129],[11.93419,47.37098],[11.9351,47.37128],[11.93344,47.37199]]}},{"type":"Feature","properties":{"kind":"piste","difficulty":"easy","name":null,"aerialway":null,"osm":"way/1472902374"},"geometry":{"type":"LineString","coordinates":[[11.93329,47.37129],[11.93321,47.37121],[11.93259,47.37158],[11.93271,47.37162],[11.93329,47.37129]]}},{"type":"Feature","properties":{"kind":"piste","difficulty":"easy","name":null,"aerialway":null,"osm":"way/1472902375"},"geometry":{"type":"LineString","coordinates":[[11.93419,47.37098],[11.93471,47.37086],[11.9353,47.37106],[11.93549,47.37136],[11.93496,47.3718],[11.93495,47.37135],[11.9351,47.37128],[11.93419,47.37098]]}},{"type":"Feature","properties":{"kind":"piste","difficulty":"easy","name":null,"aerialway":null,"osm":"way/1472902376"},"geometry":{"type":"LineString","coordinates":[[11.93496,47.3718],[11.9356,47.37247],[11.93582,47.37253],[11.93625,47.37212],[11.93549,47.37136],[11.93496,47.3718]]}},{"type":"Feature","properties":{"kind":"piste","difficulty":"easy","name":null,"aerialway":null,"osm":"way/1472902377"},"geometry":{"type":"LineString","coordinates":[[11.93434,47.37082],[11.93496,47.37081],[11.93605,47.37106],[11.93635,47.37091],[11.93659,47.37095],[11.93666,47.37112],[11.93652,47.37134],[11.93568,47.3715],[11.93548,47.37167]]}},{"type":"Feature","properties":{"kind":"piste","difficulty":"easy","name":null,"aerialway":null,"osm":"way/1472902379"},"geometry":{"type":"LineString","coordinates":[[11.9299,47.37034],[11.93015,47.37043],[11.93045,47.37027],[11.93014,47.37011],[11.9299,47.37034]]}},{"type":"Feature","properties":{"kind":"piste","difficulty":"easy","name":null,"aerialway":null,"osm":"way/1473225599"},"geometry":{"type":"LineString","coordinates":[[11.93042,47.37022],[11.93197,47.36966],[11.93228,47.36942],[11.93223,47.36852],[11.93197,47.36795],[11.93188,47.36799],[11.93218,47.36861],[11.93221,47.36942],[11.93042,47.37022]]}},{"type":"Feature","properties":{"kind":"piste","difficulty":"easy","name":null,"aerialway":null,"osm":"way/1473225600"},"geometry":{"type":"LineString","coordinates":[[11.93014,47.37011],[11.93035,47.37019],[11.93079,47.36967],[11.93089,47.36932],[11.93048,47.36929],[11.93014,47.37011]]}},{"type":"Feature","properties":{"kind":"piste","difficulty":"intermediate","name":null,"aerialway":null,"osm":"way/1473225601"},"geometry":{"type":"LineString","coordinates":[[11.93073,47.36931],[11.93077,47.36909],[11.93223,47.36939],[11.93182,47.36968],[11.93073,47.36931]]}},{"type":"Feature","properties":{"kind":"piste","difficulty":"easy","name":null,"aerialway":null,"osm":"way/1473225602"},"geometry":{"type":"LineString","coordinates":[[11.93048,47.36929],[11.93073,47.36931],[11.93068,47.36877],[11.93041,47.36878],[11.93048,47.36929]]}},{"type":"Feature","properties":{"kind":"piste","difficulty":"intermediate","name":null,"aerialway":null,"osm":"way/1473225603"},"geometry":{"type":"LineString","coordinates":[[11.93047,47.36852],[11.93051,47.36877],[11.93084,47.36873],[11.93188,47.36799],[11.9317,47.3677],[11.9316,47.36787],[11.93047,47.36852]]}},{"type":"Feature","properties":{"kind":"piste","difficulty":"easy","name":null,"aerialway":null,"osm":"way/1473225604"},"geometry":{"type":"LineString","coordinates":[[11.9317,47.3677],[11.93188,47.36799],[11.93197,47.36795],[11.93185,47.36759],[11.9317,47.3677]]}},{"type":"Feature","properties":{"kind":"piste","difficulty":"easy","name":null,"aerialway":null,"osm":"way/1473225605"},"geometry":{"type":"LineString","coordinates":[[11.93041,47.36878],[11.93051,47.36877],[11.93047,47.36852],[11.93001,47.36779],[11.92974,47.36753],[11.9296,47.36757],[11.92975,47.36792],[11.93028,47.36843],[11.93041,47.36878]]}},{"type":"Feature","properties":{"kind":"piste","difficulty":"easy","name":null,"aerialway":null,"osm":"way/1473225606"},"geometry":{"type":"LineString","coordinates":[[11.92924,47.36692],[11.92907,47.36703],[11.9296,47.36757],[11.92974,47.36753],[11.92924,47.36692]]}},{"type":"Feature","properties":{"kind":"piste","difficulty":"easy","name":null,"aerialway":null,"osm":"way/1473225607"},"geometry":{"type":"LineString","coordinates":[[11.92894,47.36721],[11.92955,47.36758],[11.92894,47.36721]]}},{"type":"Feature","properties":{"kind":"piste","difficulty":"easy","name":null,"aerialway":null,"osm":"way/1473225608"},"geometry":{"type":"LineString","coordinates":[[11.92891,47.36715],[11.92965,47.36766]]}},{"type":"Feature","properties":{"kind":"piste","difficulty":"easy","name":null,"aerialway":null,"osm":"way/1473225609"},"geometry":{"type":"LineString","coordinates":[[11.92964,47.3675],[11.92965,47.36766]]}},{"type":"Feature","properties":{"kind":"piste","difficulty":"easy","name":null,"aerialway":null,"osm":"way/1473225610"},"geometry":{"type":"LineString","coordinates":[[11.9296,47.36757],[11.92943,47.36759],[11.92954,47.3679],[11.92976,47.36782],[11.9296,47.36757]]}},{"type":"Feature","properties":{"kind":"piste","difficulty":"easy","name":null,"aerialway":null,"osm":"way/1473225611"},"geometry":{"type":"LineString","coordinates":[[11.92943,47.36759],[11.92954,47.3679],[11.92663,47.36871],[11.92569,47.3688],[11.92506,47.36863],[11.92763,47.36781],[11.92943,47.36759]]}},{"type":"Feature","properties":{"kind":"piste","difficulty":"intermediate","name":null,"aerialway":null,"osm":"way/1473225612"},"geometry":{"type":"LineString","coordinates":[[11.92992,47.36807],[11.92981,47.36795],[11.92949,47.36816],[11.92918,47.36872],[11.9296,47.36876],[11.92992,47.36807]]}},{"type":"Feature","properties":{"kind":"piste","difficulty":"easy","name":null,"aerialway":null,"osm":"way/1473225613"},"geometry":{"type":"LineString","coordinates":[[11.92965,47.36766],[11.92951,47.36788],[11.92896,47.36815],[11.92893,47.36842],[11.92834,47.36836],[11.92827,47.3687],[11.92813,47.36878],[11.92626,47.36857]]}},{"type":"Feature","properties":{"kind":"piste","difficulty":"intermediate","name":null,"aerialway":null,"osm":"way/1473225614"},"geometry":{"type":"LineString","coordinates":[[11.93185,47.36759],[11.93197,47.36795],[11.93226,47.36763],[11.9335,47.36699],[11.93316,47.36656],[11.93219,47.3672],[11.93185,47.36759]]}},{"type":"Feature","properties":{"kind":"piste","difficulty":"intermediate","name":null,"aerialway":null,"osm":"way/1473225615"},"geometry":{"type":"LineString","coordinates":[[11.9335,47.36699],[11.93316,47.36656],[11.93351,47.36633],[11.93478,47.36605],[11.93504,47.36637],[11.9335,47.36699]]}},{"type":"Feature","properties":{"kind":"piste","difficulty":"intermediate","name":null,"aerialway":null,"osm":"way/1473729179"},"geometry":{"type":"LineString","coordinates":[[11.93059,47.36929],[11.93077,47.36922],[11.93206,47.36957]]}},{"type":"Feature","properties":{"kind":"piste","difficulty":"easy","name":"43","aerialway":null,"osm":"way/1473729180"},"geometry":{"type":"LineString","coordinates":[[11.92945,47.37139],[11.92889,47.37254],[11.92887,47.37278],[11.92919,47.37315]]}},{"type":"Feature","properties":{"kind":"piste","difficulty":"intermediate","name":null,"aerialway":null,"osm":"way/1473729181"},"geometry":{"type":"LineString","coordinates":[[11.92303,47.35906],[11.92325,47.35914],[11.92377,47.35875],[11.92393,47.35849],[11.92386,47.35811],[11.92377,47.3581],[11.92359,47.35863],[11.92303,47.35906]]}},{"type":"Feature","properties":{"kind":"piste","difficulty":"intermediate","name":null,"aerialway":null,"osm":"way/1473729182"},"geometry":{"type":"LineString","coordinates":[[11.92377,47.3581],[11.92427,47.35765],[11.92396,47.35764],[11.92377,47.3581]]}},{"type":"Feature","properties":{"kind":"piste","difficulty":"intermediate","name":null,"aerialway":null,"osm":"way/1473729183"},"geometry":{"type":"LineString","coordinates":[[11.92427,47.35765],[11.92396,47.35764],[11.92415,47.35667],[11.92513,47.35597],[11.92565,47.35507],[11.92583,47.35498],[11.92598,47.35562],[11.92583,47.35561],[11.92577,47.35525],[11.92437,47.35716],[11.92427,47.35765]]}},{"type":"Feature","properties":{"kind":"piste","difficulty":"intermediate","name":null,"aerialway":null,"osm":"way/1473729184"},"geometry":{"type":"LineString","coordinates":[[11.92598,47.35562],[11.92583,47.35561],[11.92581,47.35649],[11.92604,47.35644],[11.92598,47.35562]]}},{"type":"Feature","properties":{"kind":"piste","difficulty":"intermediate","name":null,"aerialway":null,"osm":"way/1473729185"},"geometry":{"type":"LineString","coordinates":[[11.92478,47.35651],[11.92497,47.35631],[11.92581,47.35649],[11.92581,47.35663],[11.92478,47.35651]]}},{"type":"Feature","properties":{"kind":"piste","difficulty":"intermediate","name":null,"aerialway":null,"osm":"way/1473729186"},"geometry":{"type":"LineString","coordinates":[[11.92604,47.35644],[11.92581,47.35649],[11.92581,47.35663],[11.92621,47.35664],[11.92604,47.35644]]}},{"type":"Feature","properties":{"kind":"piste","difficulty":"intermediate","name":null,"aerialway":null,"osm":"way/1473729187"},"geometry":{"type":"LineString","coordinates":[[11.92621,47.35664],[11.92581,47.35663],[11.92598,47.35703],[11.92736,47.35773],[11.92749,47.35757],[11.92666,47.35707],[11.92621,47.35664]]}},{"type":"Feature","properties":{"kind":"piste","difficulty":"intermediate","name":null,"aerialway":null,"osm":"way/1473729188"},"geometry":{"type":"LineString","coordinates":[[11.92749,47.35757],[11.92736,47.35773],[11.92807,47.35818],[11.92831,47.35848],[11.92944,47.35911],[11.92962,47.35905],[11.92952,47.35876],[11.92749,47.35757]]}},{"type":"Feature","properties":{"kind":"piste","difficulty":"intermediate","name":null,"aerialway":null,"osm":"way/1473729189"},"geometry":{"type":"LineString","coordinates":[[11.92962,47.35905],[11.92944,47.35911],[11.92966,47.35929],[11.93087,47.35974],[11.9317,47.36038],[11.932,47.36045],[11.93214,47.36025],[11.93152,47.36008],[11.92962,47.35905]]}},{"type":"Feature","properties":{"kind":"piste","difficulty":"intermediate","name":null,"aerialway":null,"osm":"way/1473729190"},"geometry":{"type":"LineString","coordinates":[[11.932,47.36045],[11.93214,47.36025],[11.93299,47.36042],[11.93287,47.36072],[11.932,47.36045]]}},{"type":"Feature","properties":{"kind":"piste","difficulty":"intermediate","name":null,"aerialway":null,"osm":"way/1473729191"},"geometry":{"type":"LineString","coordinates":[[11.93287,47.36072],[11.93299,47.36042],[11.93407,47.36049],[11.93651,47.36009],[11.93632,47.36051],[11.93396,47.36074],[11.93287,47.36072]]}},{"type":"Feature","properties":{"kind":"piste","difficulty":"easy","name":null,"aerialway":null,"osm":"way/1473729192"},"geometry":{"type":"LineString","coordinates":[[11.93632,47.36051],[11.93637,47.36062],[11.93816,47.35994],[11.93742,47.35983],[11.93651,47.36009],[11.93632,47.36051]]}},{"type":"Feature","properties":{"kind":"piste","difficulty":"easy","name":null,"aerialway":null,"osm":"way/1473729193"},"geometry":{"type":"LineString","coordinates":[[11.93632,47.36051],[11.93628,47.3607],[11.93494,47.36139],[11.93357,47.36181],[11.93358,47.3617],[11.93411,47.3616],[11.93632,47.36051]]}},{"type":"Feature","properties":{"kind":"piste","difficulty":"easy","name":null,"aerialway":null,"osm":"way/1473729194"},"geometry":{"type":"LineString","coordinates":[[11.93287,47.36072],[11.9327,47.36066],[11.9324,47.36099],[11.93208,47.36206],[11.93215,47.36245],[11.93253,47.36102],[11.93287,47.36072]]}},{"type":"Feature","properties":{"kind":"piste","difficulty":"easy","name":null,"aerialway":null,"osm":"way/1473729195"},"geometry":{"type":"LineString","coordinates":[[11.93269,47.36052],[11.93274,47.36074],[11.93253,47.36096],[11.93213,47.3621]]}},{"type":"Feature","properties":{"kind":"piste","difficulty":"easy","name":"52","aerialway":null,"osm":"way/1473729197"},"geometry":{"type":"LineString","coordinates":[[11.93216,47.36239],[11.93221,47.36249]]}},{"type":"Feature","properties":{"kind":"piste","difficulty":"intermediate","name":null,"aerialway":null,"osm":"way/1473729198"},"geometry":{"type":"LineString","coordinates":[[11.93221,47.36249],[11.93227,47.36242]]}},{"type":"Feature","properties":{"kind":"piste","difficulty":"easy","name":null,"aerialway":null,"osm":"way/1473729199"},"geometry":{"type":"LineString","coordinates":[[11.9322,47.36257],[11.93228,47.3625],[11.93246,47.36284],[11.93242,47.36332],[11.93232,47.36333],[11.93235,47.36299],[11.9322,47.36257]]}},{"type":"Feature","properties":{"kind":"piste","difficulty":"easy","name":null,"aerialway":null,"osm":"way/1473729200"},"geometry":{"type":"LineString","coordinates":[[11.93358,47.3617],[11.93357,47.36181],[11.93264,47.36202],[11.93228,47.36249],[11.9323,47.36191],[11.93245,47.36179],[11.93358,47.3617]]}},{"type":"Feature","properties":{"kind":"piste","difficulty":"easy","name":null,"aerialway":null,"osm":"way/1473729201"},"geometry":{"type":"LineString","coordinates":[[11.93214,47.36247],[11.93219,47.36257],[11.93178,47.36301],[11.93181,47.36276],[11.93214,47.36247]]}},{"type":"Feature","properties":{"kind":"piste","difficulty":"easy","name":null,"aerialway":null,"osm":"way/1473729202"},"geometry":{"type":"LineString","coordinates":[[11.93186,47.36303],[11.93137,47.36353],[11.93122,47.36452],[11.93145,47.3654],[11.9319,47.36582],[11.93201,47.36627],[11.93213,47.36626],[11.93206,47.36592],[11.93156,47.36538],[11.93134,47.36468],[11.93144,47.36354],[11.93186,47.36303]]}},{"type":"Feature","properties":{"kind":"piste","difficulty":"easy","name":null,"aerialway":null,"osm":"way/1473729203"},"geometry":{"type":"LineString","coordinates":[[11.93213,47.36626],[11.93201,47.36627],[11.93201,47.36682],[11.93172,47.36759],[11.93185,47.36759],[11.93208,47.36693],[11.93213,47.36626]]}},{"type":"Feature","properties":{"kind":"piste","difficulty":"easy","name":null,"aerialway":null,"osm":"way/1473729204"},"geometry":{"type":"LineString","coordinates":[[11.93242,47.36332],[11.93222,47.36349],[11.93223,47.36381],[11.93334,47.36482],[11.93386,47.36559],[11.9349,47.366],[11.93392,47.36554],[11.93371,47.36511],[11.93229,47.36375],[11.93227,47.36351],[11.93242,47.36332]]}},{"type":"Feature","properties":{"kind":"piste","difficulty":"easy","name":null,"aerialway":null,"osm":"way/1473729205"},"geometry":{"type":"LineString","coordinates":[[11.93478,47.36605],[11.93566,47.36589],[11.93504,47.36637],[11.93478,47.36605]]}},{"type":"Feature","properties":{"kind":"piste","difficulty":"easy","name":null,"aerialway":null,"osm":"way/1473729206"},"geometry":{"type":"LineString","coordinates":[[11.93517,47.36632],[11.93504,47.36637],[11.9353,47.36653],[11.93517,47.36632]]}},{"type":"Feature","properties":{"kind":"piste","difficulty":"intermediate","name":null,"aerialway":null,"osm":"way/1474079293"},"geometry":{"type":"LineString","coordinates":[[11.9296,47.36876],[11.92918,47.36872],[11.92852,47.36945],[11.92725,47.37043],[11.926,47.37076],[11.9254,47.37139],[11.92558,47.37144],[11.92604,47.37098],[11.92732,47.37081],[11.92906,47.36958],[11.9296,47.36876]]}},{"type":"Feature","properties":{"kind":"piste","difficulty":"easy","name":null,"aerialway":null,"osm":"way/1474079294"},"geometry":{"type":"LineString","coordinates":[[11.92558,47.37144],[11.92563,47.37134],[11.92577,47.37142],[11.92556,47.37163],[11.9255,47.37217],[11.92539,47.37218],[11.9254,47.37139],[11.92558,47.37144]]}},{"type":"Feature","properties":{"kind":"piste","difficulty":"easy","name":null,"aerialway":null,"osm":"way/1474079295"},"geometry":{"type":"LineString","coordinates":[[11.9255,47.37217],[11.92539,47.37218],[11.92531,47.37259],[11.92535,47.3732],[11.92569,47.37358],[11.92609,47.37365],[11.92601,47.37348],[11.92562,47.37344],[11.92537,47.37298],[11.9255,47.37217]]}},{"type":"Feature","properties":{"kind":"piste","difficulty":"easy","name":null,"aerialway":null,"osm":"way/1474079296"},"geometry":{"type":"LineString","coordinates":[[11.92609,47.37365],[11.92601,47.37304],[11.92641,47.37261],[11.92672,47.37252],[11.92691,47.37327],[11.92727,47.37352],[11.9268,47.3734],[11.92676,47.37285],[11.92664,47.37269],[11.92632,47.37296],[11.92609,47.37365]]}},{"type":"Feature","properties":{"kind":"piste","difficulty":"easy","name":null,"aerialway":null,"osm":"way/1474079297"},"geometry":{"type":"LineString","coordinates":[[11.9353,47.36653],[11.93524,47.36679],[11.93568,47.3674],[11.93563,47.36779],[11.93572,47.36779],[11.93578,47.36741],[11.9353,47.36653]]}},{"type":"Feature","properties":{"kind":"piste","difficulty":"easy","name":null,"aerialway":null,"osm":"way/1474079298"},"geometry":{"type":"LineString","coordinates":[[11.93572,47.36779],[11.93562,47.36785],[11.93569,47.36813],[11.9361,47.36868],[11.93631,47.36932],[11.93614,47.36863],[11.93576,47.36815],[11.93572,47.36779]]}},{"type":"Feature","properties":{"kind":"piste","difficulty":"easy","name":null,"aerialway":null,"osm":"way/1474079299"},"geometry":{"type":"LineString","coordinates":[[11.93637,47.36929],[11.93671,47.3698],[11.93711,47.36999],[11.93762,47.37048],[11.93809,47.37132],[11.93773,47.3705],[11.9371,47.3699],[11.93674,47.36978],[11.93637,47.36929]]}},{"type":"Feature","properties":{"kind":"piste","difficulty":"easy","name":null,"aerialway":null,"osm":"way/1474079300"},"geometry":{"type":"LineString","coordinates":[[11.93809,47.37132],[11.938,47.3713],[11.93787,47.3718],[11.93747,47.37213],[11.93627,47.3725],[11.93627,47.37259],[11.93763,47.37207],[11.93794,47.37178],[11.93809,47.37132]]}},{"type":"Feature","properties":{"kind":"piste","difficulty":"easy","name":null,"aerialway":null,"osm":"way/1474079301"},"geometry":{"type":"LineString","coordinates":[[11.93329,47.37129],[11.93323,47.37123],[11.93344,47.3711],[11.93452,47.37074],[11.9354,47.37085],[11.93479,47.37083],[11.93329,47.37129]]}},{"type":"Feature","properties":{"kind":"piste","difficulty":"easy","name":null,"aerialway":null,"osm":"way/1474079302"},"geometry":{"type":"LineString","coordinates":[[11.93534,47.37091],[11.93597,47.37102],[11.93643,47.37087],[11.93599,47.37109],[11.93534,47.37091]]}},{"type":"Feature","properties":{"kind":"piste","difficulty":"easy","name":null,"aerialway":null,"osm":"way/1474079303"},"geometry":{"type":"LineString","coordinates":[[11.93643,47.37087],[11.93662,47.37102],[11.93653,47.37129],[11.93561,47.37152],[11.93654,47.37134],[11.9367,47.37106],[11.93643,47.37087]]}},{"type":"Feature","properties":{"kind":"piste","difficulty":"easy","name":null,"aerialway":null,"osm":"way/1474079304"},"geometry":{"type":"LineString","coordinates":[[11.93515,47.37889],[11.93507,47.37883],[11.93551,47.37835],[11.93436,47.37848],[11.93563,47.37827],[11.93515,47.37889]]}},{"type":"Feature","properties":{"kind":"piste","difficulty":"easy","name":null,"aerialway":null,"osm":"way/1474079305"},"geometry":{"type":"LineString","coordinates":[[11.93436,47.37848],[11.93308,47.37885],[11.93233,47.37882],[11.93215,47.37869],[11.93313,47.37878],[11.93436,47.37848]]}},{"type":"Feature","properties":{"kind":"piste","difficulty":"easy","name":null,"aerialway":null,"osm":"way/1474079306"},"geometry":{"type":"LineString","coordinates":[[11.93215,47.37869],[11.93312,47.3783],[11.93215,47.37869]]}},{"type":"Feature","properties":{"kind":"piste","difficulty":"intermediate","name":"Skiroute 27 Thierbach","aerialway":null,"osm":"way/1552537531"},"geometry":{"type":"LineString","coordinates":[[11.98794,47.40427],[11.98683,47.40482],[11.98682,47.40516],[11.98735,47.40639],[11.98727,47.40664],[11.98767,47.40773]]}},{"type":"Feature","properties":{"kind":"lift","difficulty":null,"name":"Wiedersbergerhornbahn (Sektion I)","aerialway":"gondola","osm":"way/35334503"},"geometry":{"type":"LineString","coordinates":[[11.92432,47.39621],[11.92627,47.38337]]}},{"type":"Feature","properties":{"kind":"lift","difficulty":null,"name":"Reitherkogelbahn","aerialway":"gondola","osm":"way/36014829"},"geometry":{"type":"LineString","coordinates":[[11.8801,47.41454],[11.87486,47.39767]]}},{"type":"Feature","properties":{"kind":"lift","difficulty":null,"name":"Nordlift","aerialway":"t-bar","osm":"way/36186160"},"geometry":{"type":"LineString","coordinates":[[11.87734,47.40605],[11.87477,47.39773]]}},{"type":"Feature","properties":{"kind":"lift","difficulty":null,"name":"Schatzbergbahn II","aerialway":"gondola","osm":"way/38216160"},"geometry":{"type":"LineString","coordinates":[[12.01182,47.40537],[12.03719,47.40818]]}},{"type":"Feature","properties":{"kind":"lift","difficulty":null,"name":"Schatzbergbahn I","aerialway":"gondola","osm":"way/38216389"},"geometry":{"type":"LineString","coordinates":[[11.98831,47.39766],[12.01182,47.40537]]}},{"type":"Feature","properties":{"kind":"lift","difficulty":null,"name":"Brandachlift","aerialway":"platter","osm":"way/38611168"},"geometry":{"type":"LineString","coordinates":[[11.88097,47.41407],[11.88248,47.41014]]}},{"type":"Feature","properties":{"kind":"lift","difficulty":null,"name":"Hochlift","aerialway":"t-bar","osm":"way/50197079"},"geometry":{"type":"LineString","coordinates":[[11.87582,47.39705],[11.87146,47.39613]]}},{"type":"Feature","properties":{"kind":"lift","difficulty":null,"name":"Pöglbahn","aerialway":"gondola","osm":"way/50594393"},"geometry":{"type":"LineString","coordinates":[[11.95766,47.37736],[11.93077,47.36902]]}},{"type":"Feature","properties":{"kind":"lift","difficulty":null,"name":"Galtenberglift","aerialway":"t-bar","osm":"way/50594394"},"geometry":{"type":"LineString","coordinates":[[11.95904,47.37392],[11.94819,47.37427]]}},{"type":"Feature","properties":{"kind":"lift","difficulty":null,"name":"Wiedersbergerhornbahn (Sektion II)","aerialway":"gondola","osm":"way/50594396"},"geometry":{"type":"LineString","coordinates":[[11.92627,47.38337],[11.92886,47.37152]]}},{"type":"Feature","properties":{"kind":"lift","difficulty":null,"name":"Muldenlift","aerialway":"platter","osm":"way/50594397"},"geometry":{"type":"LineString","coordinates":[[11.92531,47.36854],[11.92908,47.36709]]}},{"type":"Feature","properties":{"kind":"lift","difficulty":null,"name":"Kohlgrubenlift","aerialway":"chair_lift","osm":"way/50594398"},"geometry":{"type":"LineString","coordinates":[[11.92567,47.37133],[11.92971,47.36787]]}},{"type":"Feature","properties":{"kind":"lift","difficulty":null,"name":"Brandegglift","aerialway":"chair_lift","osm":"way/50594399"},"geometry":{"type":"LineString","coordinates":[[11.93539,47.36587],[11.92926,47.36692]]}},{"type":"Feature","properties":{"kind":"lift","difficulty":null,"name":"Hornbahn 2000","aerialway":"chair_lift","osm":"way/50594400"},"geometry":{"type":"LineString","coordinates":[[11.93813,47.35959],[11.92403,47.3581]]}},{"type":"Feature","properties":{"kind":"lift","difficulty":null,"name":"Hahnkopfbahn","aerialway":"chair_lift","osm":"way/54376666"},"geometry":{"type":"LineString","coordinates":[[11.99877,47.39622],[11.98499,47.39053]]}},{"type":"Feature","properties":{"kind":"lift","difficulty":null,"name":"Thalerkogllift","aerialway":"t-bar","osm":"way/98422346"},"geometry":{"type":"LineString","coordinates":[[11.99461,47.40286],[11.98687,47.4002]]}},{"type":"Feature","properties":{"kind":"lift","difficulty":null,"name":"Hornbodenlift","aerialway":"platter","osm":"way/132065113"},"geometry":{"type":"LineString","coordinates":[[11.92981,47.37285],[11.9305,47.37068]]}},{"type":"Feature","properties":{"kind":"lift","difficulty":null,"name":"Gipfelbahn","aerialway":"chair_lift","osm":"way/137006820"},"geometry":{"type":"LineString","coordinates":[[11.99448,47.39141],[11.98484,47.38797]]}},{"type":"Feature","properties":{"kind":"lift","difficulty":null,"name":"Verbindungsbahn Alpbach-Wildschönau Sektion 1","aerialway":"gondola","osm":"way/205604061"},"geometry":{"type":"LineString","coordinates":[[11.95699,47.37823],[11.96713,47.39332]]}},{"type":"Feature","properties":{"kind":"lift","difficulty":null,"name":"Verbindungsbahn Alpbach-Wildschönau Sektion 2","aerialway":"gondola","osm":"way/205604062"},"geometry":{"type":"LineString","coordinates":[[11.96713,47.39332],[11.98522,47.39094]]}},{"type":"Feature","properties":{"kind":"lift","difficulty":null,"name":"Böglerlift","aerialway":"platter","osm":"way/298884597"},"geometry":{"type":"LineString","coordinates":[[11.94618,47.39852],[11.94869,47.40075]]}},{"type":"Feature","properties":{"kind":"lift","difficulty":null,"name":"Riedmannlft II","aerialway":"t-bar","osm":"way/305890304"},"geometry":{"type":"LineString","coordinates":[[12.0394,47.42712],[12.04349,47.42593]]}},{"type":"Feature","properties":{"kind":"lift","difficulty":null,"name":"Riedmannlift I","aerialway":"platter","osm":"way/305890445"},"geometry":{"type":"LineString","coordinates":[[12.04026,47.42812],[12.04343,47.42769]]}},{"type":"Feature","properties":{"kind":"lift","difficulty":null,"name":"Gmahbahn","aerialway":"chair_lift","osm":"way/335216711"},"geometry":{"type":"LineString","coordinates":[[11.93339,47.38114],[11.93082,47.36941]]}},{"type":"Feature","properties":{"kind":"lift","difficulty":null,"name":"Acherfeldlift","aerialway":"platter","osm":"way/338704031"},"geometry":{"type":"LineString","coordinates":[[11.95691,47.37838],[11.95462,47.3787]]}},{"type":"Feature","properties":{"kind":"lift","difficulty":null,"name":"Koglmooslift","aerialway":"platter","osm":"way/338705319"},"geometry":{"type":"LineString","coordinates":[[12.0112,47.40722],[12.01362,47.40637]]}},{"type":"Feature","properties":{"kind":"lift","difficulty":null,"name":"Hohlriederalm Lift","aerialway":"t-bar","osm":"way/338706194"},"geometry":{"type":"LineString","coordinates":[[12.01065,47.41013],[12.00707,47.40654]]}},{"type":"Feature","properties":{"kind":"lift","difficulty":null,"name":null,"aerialway":"magic_carpet","osm":"way/1462594127"},"geometry":{"type":"LineString","coordinates":[[12.01252,47.40574],[12.01329,47.40585]]}},{"type":"Feature","properties":{"kind":"lift","difficulty":null,"name":null,"aerialway":"magic_carpet","osm":"way/1462650033"},"geometry":{"type":"LineString","coordinates":[[11.87999,47.414],[11.8802,47.41311]]}}]}