{"type":"FeatureCollection","features":[{"type":"Feature","properties":{"kind":"piste","difficulty":"intermediate","name":"Silleralmabfahrt","aerialway":null,"osm":"way/20463716"},"geometry":{"type":"LineString","coordinates":[[12.20984,47.46955],[12.21106,47.46976],[12.21208,47.46966],[12.21378,47.46992],[12.216,47.47085],[12.21684,47.47135],[12.21769,47.47206],[12.2178,47.47235],[12.21747,47.4734]]}},{"type":"Feature","properties":{"kind":"piste","difficulty":"easy","name":"Osthang - Abfahrten","aerialway":null,"osm":"way/28927424"},"geometry":{"type":"LineString","coordinates":[[12.24858,47.49045],[12.2486,47.49031],[12.25205,47.4882],[12.25284,47.48715],[12.25282,47.4866],[12.25234,47.48624],[12.25074,47.48609]]}},{"type":"Feature","properties":{"kind":"piste","difficulty":"easy","name":null,"aerialway":null,"osm":"way/28927524"},"geometry":{"type":"LineString","coordinates":[[12.25109,47.48873],[12.25223,47.48915],[12.25227,47.48956]]}},{"type":"Feature","properties":{"kind":"piste","difficulty":"intermediate","name":"Abfahrt Hochlechen","aerialway":null,"osm":"way/28927525"},"geometry":{"type":"LineString","coordinates":[[12.25127,47.50221],[12.25018,47.50353],[12.24961,47.50474],[12.24955,47.50584],[12.24761,47.50702],[12.24675,47.5085],[12.24662,47.50965],[12.24718,47.51],[12.25056,47.51095],[12.25121,47.51165]]}},{"type":"Feature","properties":{"kind":"piste","difficulty":"intermediate","name":"Kummeralmbahn Abfahrt","aerialway":null,"osm":"way/28927631"},"geometry":{"type":"LineString","coordinates":[[12.25325,47.4818],[12.25429,47.48183],[12.25595,47.48268],[12.25774,47.48257],[12.25828,47.48238]]}},{"type":"Feature","properties":{"kind":"piste","difficulty":"easy","name":"Verbindung Ostlift - Tanzboden","aerialway":null,"osm":"way/28927663"},"geometry":{"type":"LineString","coordinates":[[12.25605,47.48511],[12.25523,47.48541],[12.25473,47.48581],[12.25414,47.48606],[12.25234,47.48624]]}},{"type":"Feature","properties":{"kind":"piste","difficulty":"easy","name":"Tanzboden Abfahrt","aerialway":null,"osm":"way/28948920"},"geometry":{"type":"LineString","coordinates":[[12.25933,47.48792],[12.25928,47.48841],[12.25979,47.48899],[12.26052,47.48929],[12.26176,47.48944],[12.26196,47.48988]]}},{"type":"Feature","properties":{"kind":"piste","difficulty":"intermediate","name":"Tanzboden Abfahrt","aerialway":null,"osm":"way/28948921"},"geometry":{"type":"LineString","coordinates":[[12.25933,47.48792],[12.25846,47.49002]]}},{"type":"Feature","properties":{"kind":"piste","difficulty":"easy","name":null,"aerialway":null,"osm":"way/28949082"},"geometry":{"type":"LineString","coordinates":[[12.25296,47.48222],[12.25325,47.4818]]}},{"type":"Feature","properties":{"kind":"piste","difficulty":"easy","name":"Köglbahn","aerialway":null,"osm":"way/28949114"},"geometry":{"type":"LineString","coordinates":[[12.27237,47.49334],[12.2722,47.49338],[12.27236,47.49315],[12.27303,47.49273],[12.27363,47.49201],[12.27319,47.49133],[12.27202,47.49052],[12.2704,47.49039],[12.27011,47.49024],[12.27026,47.48943],[12.27032,47.4877],[12.27412,47.48515]]}},{"type":"Feature","properties":{"kind":"piste","difficulty":"easy","name":null,"aerialway":null,"osm":"way/28949115"},"geometry":{"type":"LineString","coordinates":[[12.27239,47.49366],[12.27282,47.49311]]}},{"type":"Feature","properties":{"kind":"piste","difficulty":"intermediate","name":"Aualm - Abfahrten","aerialway":null,"osm":"way/28949171"},"geometry":{"type":"LineString","coordinates":[[12.24891,47.47729],[12.24746,47.47754],[12.24616,47.47794],[12.24425,47.47922],[12.24301,47.48046],[12.24204,47.48175],[12.23954,47.48419],[12.2396,47.48448],[12.24033,47.48487]]}},{"type":"Feature","properties":{"kind":"piste","difficulty":"advanced","name":"2c Südabfahrt-Hohe Salve","aerialway":null,"osm":"way/28949176"},"geometry":{"type":"LineString","coordinates":[[12.20433,47.4651],[12.2047,47.46511],[12.20504,47.46494],[12.20599,47.46356],[12.20699,47.46171]]}},{"type":"Feature","properties":{"kind":"piste","difficulty":"easy","name":"Foischingabfahrt a","aerialway":null,"osm":"way/28949234"},"geometry":{"type":"LineString","coordinates":[[12.20758,47.46214],[12.20736,47.46213],[12.20652,47.46128],[12.20407,47.45942],[12.20341,47.45844],[12.20101,47.45652],[12.20029,47.45524],[12.19926,47.4544],[12.19701,47.45438],[12.19572,47.45395],[12.19322,47.4526],[12.19281,47.45249],[12.19236,47.45264]]}},{"type":"Feature","properties":{"kind":"piste","difficulty":"easy","name":null,"aerialway":null,"osm":"way/28949236"},"geometry":{"type":"LineString","coordinates":[[12.20603,47.46129],[12.20652,47.46128]]}},{"type":"Feature","properties":{"kind":"piste","difficulty":"intermediate","name":"24a Schernthannabfahrt","aerialway":null,"osm":"way/28949240"},"geometry":{"type":"LineString","coordinates":[[12.20086,47.46009],[12.19897,47.46033],[12.19649,47.4601],[12.19488,47.45967],[12.19375,47.459],[12.19154,47.45733],[12.19086,47.45693],[12.18948,47.45647]]}},{"type":"Feature","properties":{"kind":"piste","difficulty":"advanced","name":"Black Eagle","aerialway":null,"osm":"way/28949249"},"geometry":{"type":"LineString","coordinates":[[12.20318,47.46532],[12.20022,47.46637],[12.19789,47.47033]]}},{"type":"Feature","properties":{"kind":"piste","difficulty":"easy","name":"Rigi - Kraftalm","aerialway":null,"osm":"way/28949250"},"geometry":{"type":"LineString","coordinates":[[12.18931,47.46814],[12.18917,47.4683],[12.18839,47.46835],[12.18813,47.46849],[12.18793,47.46881],[12.18748,47.46902],[12.18651,47.47014],[12.18634,47.47072],[12.18584,47.47127],[12.18419,47.47209],[12.18395,47.47281],[12.18362,47.47311]]}},{"type":"Feature","properties":{"kind":"piste","difficulty":"intermediate","name":"Kälberalm Abfahrt","aerialway":null,"osm":"way/28949261"},"geometry":{"type":"LineString","coordinates":[[12.20699,47.46171],[12.20808,47.46092],[12.20861,47.46068],[12.2095,47.46051],[12.21072,47.46049],[12.21251,47.46082],[12.21294,47.46118],[12.21467,47.46188],[12.21691,47.46239],[12.22474,47.46156]]}},{"type":"Feature","properties":{"kind":"piste","difficulty":"intermediate","name":"20 - Talabfahrt Hopfgarten a","aerialway":null,"osm":"way/29979896"},"geometry":{"type":"LineString","coordinates":[[12.18483,47.45627],[12.18483,47.45554],[12.18463,47.45525],[12.18383,47.45525],[12.18325,47.45553],[12.18258,47.45554],[12.18078,47.45489],[12.18058,47.45443],[12.18125,47.45321],[12.1811,47.45286],[12.17988,47.45226],[12.17886,47.45113],[12.17779,47.45027],[12.17697,47.44926],[12.17515,47.44745],[12.17407,47.44692],[12.17213,47.44645],[12.17042,47.44622],[12.16856,47.44547],[12.16729,47.44524],[12.16672,47.44534],[12.16583,47.44587],[12.16385,47.44574],[12.16304,47.44584],[12.16242,47.44633],[12.16223,47.44668],[12.16252,47.44688]]}},{"type":"Feature","properties":{"kind":"piste","difficulty":"intermediate","name":"Hochsöll","aerialway":null,"osm":"way/29979980"},"geometry":{"type":"LineString","coordinates":[[12.1981,47.48099],[12.19867,47.48244],[12.19862,47.48366],[12.19869,47.48443],[12.19885,47.48478],[12.19882,47.48519],[12.19843,47.4862],[12.19776,47.48695],[12.19697,47.48735],[12.19644,47.48843],[12.19668,47.48881],[12.19674,47.48935],[12.19657,47.49019],[12.19539,47.49077],[12.19538,47.49093],[12.19661,47.49127],[12.19688,47.4922],[12.19811,47.49367],[12.19819,47.49467],[12.19756,47.49529],[12.19747,47.49558]]}},{"type":"Feature","properties":{"kind":"piste","difficulty":"easy","name":null,"aerialway":null,"osm":"way/29979981"},"geometry":{"type":"LineString","coordinates":[[12.19747,47.49558],[12.19714,47.4962]]}},{"type":"Feature","properties":{"kind":"piste","difficulty":"intermediate","name":"Keatabfahrt","aerialway":null,"osm":"way/30066072"},"geometry":{"type":"LineString","coordinates":[[12.19793,47.47025],[12.19887,47.47053],[12.20109,47.47222],[12.20147,47.47273],[12.20053,47.47484],[12.19873,47.47956],[12.19796,47.48001]]}},{"type":"Feature","properties":{"kind":"piste","difficulty":"intermediate","name":"Silleralmabfahrt","aerialway":null,"osm":"way/30066149"},"geometry":{"type":"LineString","coordinates":[[12.21137,47.46057],[12.21178,47.46115],[12.21173,47.46152],[12.21203,47.46189],[12.21189,47.46277],[12.21197,47.46371],[12.21332,47.4641],[12.21391,47.46454],[12.2141,47.4656],[12.21579,47.46723],[12.21568,47.46856],[12.21526,47.47022],[12.2154,47.47111],[12.21491,47.47236],[12.2151,47.47271],[12.21557,47.47297]]}},{"type":"Feature","properties":{"kind":"piste","difficulty":"intermediate","name":"Verbindung Muldenlift-Kummeralmbahn","aerialway":null,"osm":"way/30072187"},"geometry":{"type":"LineString","coordinates":[[12.25521,47.4775],[12.25565,47.47802],[12.25602,47.47814],[12.25759,47.478],[12.26006,47.47875],[12.26078,47.47966],[12.26139,47.47995]]}},{"type":"Feature","properties":{"kind":"piste","difficulty":"easy","name":"Kaiserexpress","aerialway":null,"osm":"way/30072365"},"geometry":{"type":"LineString","coordinates":[[12.27227,47.49353],[12.27023,47.49374],[12.26969,47.49396],[12.26916,47.49553],[12.2683,47.49586],[12.26752,47.49579],[12.26729,47.49559],[12.26689,47.49471],[12.26647,47.49444],[12.26604,47.49433],[12.26465,47.49459],[12.26475,47.49472],[12.26494,47.4947]]}},{"type":"Feature","properties":{"kind":"piste","difficulty":"easy","name":"Verbindung Südhang Aualm","aerialway":null,"osm":"way/30072571"},"geometry":{"type":"LineString","coordinates":[[12.23962,47.48635],[12.24139,47.48592],[12.24207,47.48526],[12.24182,47.48502],[12.24187,47.48471],[12.24172,47.4846],[12.24069,47.4846],[12.24001,47.48477]]}},{"type":"Feature","properties":{"kind":"piste","difficulty":"intermediate","name":"Verbindung Osthang Berg -Südhang","aerialway":null,"osm":"way/30680870"},"geometry":{"type":"LineString","coordinates":[[12.24496,47.49207],[12.24401,47.49197],[12.24273,47.49103],[12.24021,47.48855],[12.24042,47.48812],[12.24088,47.48768]]}},{"type":"Feature","properties":{"kind":"piste","difficulty":"easy","name":"Verbindung Aualm-Osthang","aerialway":null,"osm":"way/30680872"},"geometry":{"type":"LineString","coordinates":[[12.24891,47.47729],[12.24903,47.47759],[12.25,47.47802],[12.2506,47.47887],[12.2507,47.47934],[12.25063,47.47983],[12.24997,47.48086],[12.24953,47.48262],[12.24965,47.48326]]}},{"type":"Feature","properties":{"kind":"piste","difficulty":"easy","name":"Filzboden Abfahrt","aerialway":null,"osm":"way/30681126"},"geometry":{"type":"LineString","coordinates":[[12.2205,47.46203],[12.22089,47.46212],[12.22098,47.46227],[12.22049,47.46291],[12.22056,47.46306],[12.22231,47.46406],[12.22357,47.46524],[12.22388,47.46592],[12.22318,47.46672],[12.22329,47.46689]]}},{"type":"Feature","properties":{"kind":"piste","difficulty":"easy","name":"25b - Foischingabfahrt b","aerialway":null,"osm":"way/30681165"},"geometry":{"type":"LineString","coordinates":[[12.19926,47.4544],[12.19897,47.45354],[12.1986,47.45327],[12.19773,47.45301],[12.19365,47.45277]]}},{"type":"Feature","properties":{"kind":"piste","difficulty":"easy","name":"26 - Skiweg Klaus","aerialway":null,"osm":"way/30681367"},"geometry":{"type":"LineString","coordinates":[[12.19228,47.45288],[12.19233,47.45366],[12.19299,47.45445],[12.19296,47.4547],[12.19244,47.4554],[12.19258,47.4558],[12.19198,47.45617],[12.19009,47.45626],[12.18948,47.45647]]}},{"type":"Feature","properties":{"kind":"piste","difficulty":"intermediate","name":"Rigiabfahrt","aerialway":null,"osm":"way/30681368"},"geometry":{"type":"LineString","coordinates":[[12.20093,47.46439],[12.197,47.46474],[12.19293,47.46456],[12.19233,47.46479]]}},{"type":"Feature","properties":{"kind":"piste","difficulty":"intermediate","name":"Hohe Salve - Rigi","aerialway":null,"osm":"way/30681419"},"geometry":{"type":"LineString","coordinates":[[12.20318,47.46532],[12.20187,47.46523],[12.20127,47.46437],[12.20093,47.46439],[12.19948,47.46509],[12.19837,47.46583],[12.19607,47.46623],[12.19572,47.46616],[12.19372,47.46516],[12.19233,47.46479]]}},{"type":"Feature","properties":{"kind":"piste","difficulty":"intermediate","name":"Verbindung Eiberg - Aualm","aerialway":null,"osm":"way/30743158"},"geometry":{"type":"LineString","coordinates":[[12.2528,47.48163],[12.25199,47.48152],[12.25017,47.48059],[12.24864,47.48001],[12.24774,47.47989],[12.24301,47.48046]]}},{"type":"Feature","properties":{"kind":"piste","difficulty":"easy","name":null,"aerialway":null,"osm":"way/30743187"},"geometry":{"type":"LineString","coordinates":[[12.27412,47.48515],[12.27468,47.48517],[12.27541,47.48547],[12.27669,47.48525],[12.27843,47.48468],[12.27842,47.48427],[12.27796,47.48408]]}},{"type":"Feature","properties":{"kind":"piste","difficulty":"intermediate","name":"Joch Abfahrt","aerialway":null,"osm":"way/30833951"},"geometry":{"type":"LineString","coordinates":[[12.24891,47.47729],[12.24806,47.47437],[12.24744,47.4734],[12.24755,47.47213],[12.24805,47.47128],[12.2484,47.47093],[12.24993,47.47004],[12.25049,47.46953],[12.25071,47.46913],[12.24972,47.46799],[12.24894,47.46576],[12.24843,47.46495],[12.24833,47.46389],[12.24782,47.46317],[12.24607,47.46146],[12.24564,47.46084],[12.24486,47.46022],[12.24454,47.45974],[12.24402,47.45978]]}},{"type":"Feature","properties":{"kind":"piste","difficulty":"advanced","name":"Alpe Seite","aerialway":null,"osm":"way/30834456"},"geometry":{"type":"LineString","coordinates":[[12.24444,47.41987],[12.24357,47.41925],[12.2428,47.41923],[12.23993,47.42016],[12.23717,47.42065],[12.23657,47.4209],[12.23535,47.4222],[12.23471,47.42251],[12.23346,47.42253],[12.23272,47.42235]]}},{"type":"Feature","properties":{"kind":"piste","difficulty":"intermediate","name":"Talkaserabfahrt","aerialway":null,"osm":"way/30834652"},"geometry":{"type":"LineString","coordinates":[[12.24724,47.41252],[12.25374,47.41201],[12.25399,47.41178],[12.25369,47.41162]]}},{"type":"Feature","properties":{"kind":"piste","difficulty":"easy","name":"Skiabfahrt Windau","aerialway":null,"osm":"way/30834729"},"geometry":{"type":"LineString","coordinates":[[12.24444,47.41987],[12.24457,47.41917]]}},{"type":"Feature","properties":{"kind":"piste","difficulty":"intermediate","name":null,"aerialway":null,"osm":"way/30835056"},"geometry":{"type":"LineString","coordinates":[[12.2526,47.40269],[12.25247,47.40248]]}},{"type":"Feature","properties":{"kind":"piste","difficulty":"intermediate","name":"Gampenkogelabfahrt I","aerialway":null,"osm":"way/30835142"},"geometry":{"type":"LineString","coordinates":[[12.2643,47.40196],[12.26432,47.40205],[12.2641,47.402],[12.26327,47.40113],[12.26272,47.40104],[12.26138,47.40125],[12.26082,47.4011],[12.26031,47.39889],[12.25835,47.39716]]}},{"type":"Feature","properties":{"kind":"piste","difficulty":"easy","name":null,"aerialway":null,"osm":"way/30835349"},"geometry":{"type":"LineString","coordinates":[[12.2476,47.44823],[12.24711,47.4485]]}},{"type":"Feature","properties":{"kind":"piste","difficulty":"easy","name":null,"aerialway":null,"osm":"way/30835353"},"geometry":{"type":"LineString","coordinates":[[12.24478,47.44957],[12.244,47.44915],[12.24393,47.44896]]}},{"type":"Feature","properties":{"kind":"piste","difficulty":"intermediate","name":"Rigi-Mittelstation Hopfgarten","aerialway":null,"osm":"way/47679128"},"geometry":{"type":"LineString","coordinates":[[12.19174,47.46404],[12.1905,47.46284],[12.19103,47.46175],[12.19322,47.46136],[12.19333,47.46124],[12.19323,47.46071],[12.19294,47.46037],[12.19136,47.45975],[12.19008,47.45827],[12.18908,47.45744]]}},{"type":"Feature","properties":{"kind":"piste","difficulty":"easy","name":null,"aerialway":null,"osm":"way/47679130"},"geometry":{"type":"LineString","coordinates":[[12.20171,47.46074],[12.20154,47.46051],[12.20158,47.46026],[12.20227,47.45915]]}},{"type":"Feature","properties":{"kind":"piste","difficulty":"easy","name":"Salvenmoos","aerialway":null,"osm":"way/47679133"},"geometry":{"type":"LineString","coordinates":[[12.19413,47.48367],[12.19463,47.48371],[12.19523,47.48241],[12.19704,47.48065]]}},{"type":"Feature","properties":{"kind":"piste","difficulty":"intermediate","name":"Keatabfahrt","aerialway":null,"osm":"way/47679135"},"geometry":{"type":"LineString","coordinates":[[12.20017,47.47578],[12.19818,47.47705],[12.19713,47.47812]]}},{"type":"Feature","properties":{"kind":"piste","difficulty":"easy","name":"Rinnerabfahrt","aerialway":null,"osm":"way/47679139"},"geometry":{"type":"LineString","coordinates":[[12.18465,47.48116],[12.1845,47.48096],[12.18632,47.47969],[12.18902,47.47882],[12.18938,47.47876],[12.19019,47.47897],[12.19091,47.47925],[12.19173,47.47978],[12.19199,47.47979]]}},{"type":"Feature","properties":{"kind":"piste","difficulty":"intermediate","name":"Hohe Salve - Kraftalmabfahrt","aerialway":null,"osm":"way/47679142"},"geometry":{"type":"LineString","coordinates":[[12.18369,47.47282],[12.18362,47.47311],[12.18513,47.4743],[12.18595,47.47548],[12.18668,47.47799],[12.18938,47.47876]]}},{"type":"Feature","properties":{"kind":"piste","difficulty":"intermediate","name":"Keatabfahrt","aerialway":null,"osm":"way/47679144"},"geometry":{"type":"LineString","coordinates":[[12.20269,47.46986],[12.20137,47.46986],[12.20038,47.46963],[12.20013,47.46971],[12.19943,47.47095]]}},{"type":"Feature","properties":{"kind":"piste","difficulty":"easy","name":null,"aerialway":null,"osm":"way/47679146"},"geometry":{"type":"LineString","coordinates":[[12.19796,47.48001],[12.19882,47.48004],[12.19911,47.48037],[12.19935,47.48026],[12.19939,47.48001]]}},{"type":"Feature","properties":{"kind":"piste","difficulty":"intermediate","name":"Kummeralmbahn Abfahrt II","aerialway":null,"osm":"way/48389737"},"geometry":{"type":"LineString","coordinates":[[12.25595,47.48268],[12.25733,47.4834],[12.25839,47.48364],[12.25896,47.48369],[12.2602,47.48346],[12.26114,47.4832],[12.26316,47.48095],[12.26461,47.48066]]}},{"type":"Feature","properties":{"kind":"piste","difficulty":"intermediate","name":null,"aerialway":null,"osm":"way/48389739"},"geometry":{"type":"LineString","coordinates":[[12.25632,47.48439],[12.25733,47.4834]]}},{"type":"Feature","properties":{"kind":"piste","difficulty":"intermediate","name":"Kaiserexpress","aerialway":null,"osm":"way/48389911"},"geometry":{"type":"LineString","coordinates":[[12.27148,47.49354],[12.2704,47.49321],[12.26843,47.49324],[12.26707,47.49409],[12.26604,47.49433]]}},{"type":"Feature","properties":{"kind":"piste","difficulty":"advanced","name":"Brandstadl Talabfahrt","aerialway":null,"osm":"way/48390675"},"geometry":{"type":"LineString","coordinates":[[12.24823,47.49089],[12.24862,47.49251],[12.24879,47.49279],[12.25027,47.49286],[12.25052,47.493]]}},{"type":"Feature","properties":{"kind":"piste","difficulty":"advanced","name":"Brandstadl Talabfahrt 4EUB","aerialway":null,"osm":"way/48390676"},"geometry":{"type":"LineString","coordinates":[[12.24648,47.4917],[12.24654,47.49202],[12.24618,47.49239],[12.24879,47.49279]]}},{"type":"Feature","properties":{"kind":"piste","difficulty":"intermediate","name":"Talabfahrt Itter","aerialway":null,"osm":"way/50592417"},"geometry":{"type":"LineString","coordinates":[[12.18271,47.47343],[12.18268,47.47318],[12.18307,47.47218],[12.18014,47.47109],[12.17874,47.47109],[12.17833,47.47078],[12.17645,47.47146],[12.17417,47.47167],[12.17378,47.47158],[12.17326,47.47067],[12.17152,47.47081],[12.17115,47.47103],[12.17132,47.47159],[12.16952,47.47268],[12.16926,47.47296],[12.16968,47.47334],[12.16997,47.47394],[12.16949,47.47447],[12.16781,47.47536],[12.16773,47.47606],[12.16758,47.47631],[12.16433,47.47735],[12.16294,47.47809],[12.16249,47.47886],[12.16202,47.47996],[12.16225,47.48107],[12.16289,47.48286],[12.16297,47.48398],[12.16259,47.48544],[12.16297,47.48581]]}},{"type":"Feature","properties":{"kind":"piste","difficulty":"easy","name":"Keat - Antlasseeabfahrt","aerialway":null,"osm":"way/50592419"},"geometry":{"type":"LineString","coordinates":[[12.20287,47.46981],[12.20269,47.46986],[12.20281,47.46998],[12.20439,47.47028],[12.20458,47.47027],[12.20548,47.46969],[12.20662,47.46958],[12.20713,47.46968],[12.20779,47.46989],[12.20877,47.47051],[12.2089,47.47147],[12.20973,47.47156],[12.21011,47.47179],[12.21012,47.47204],[12.20877,47.47223],[12.20885,47.47241],[12.20987,47.47266],[12.21096,47.47263],[12.21267,47.47233],[12.21329,47.47248],[12.21193,47.47459],[12.21183,47.47498],[12.21199,47.47549],[12.21189,47.47561],[12.21083,47.47543],[12.21044,47.47509],[12.21017,47.47502],[12.20952,47.47503],[12.20874,47.47486],[12.20754,47.4744],[12.20712,47.47436],[12.2055,47.4746],[12.20483,47.47506],[12.20424,47.47522],[12.20364,47.47583],[12.2028,47.47632],[12.20276,47.47654],[12.2031,47.47721],[12.20256,47.47795],[12.20125,47.47877],[12.19982,47.4789]]}},{"type":"Feature","properties":{"kind":"piste","difficulty":"easy","name":null,"aerialway":null,"osm":"way/53553733"},"geometry":{"type":"LineString","coordinates":[[12.25733,47.48526],[12.25875,47.48689],[12.25933,47.48792]]}},{"type":"Feature","properties":{"kind":"piste","difficulty":"easy","name":"Ostlift - Abfahrt","aerialway":null,"osm":"way/53553845"},"geometry":{"type":"LineString","coordinates":[[12.25277,47.4891],[12.25223,47.48915],[12.25342,47.48812],[12.25368,47.48659],[12.25341,47.48621],[12.25234,47.48624]]}},{"type":"Feature","properties":{"kind":"piste","difficulty":"easy","name":"Tanzboden Abfahrt","aerialway":null,"osm":"way/53559325"},"geometry":{"type":"LineString","coordinates":[[12.26285,47.48733],[12.26302,47.48798],[12.26294,47.48852],[12.26273,47.48889],[12.26203,47.48957],[12.26189,47.4901],[12.26198,47.49036],[12.26257,47.4908],[12.26133,47.49116],[12.26055,47.49109]]}},{"type":"Feature","properties":{"kind":"piste","difficulty":"easy","name":"Brandstadl Familienabfahrt Heralm","aerialway":null,"osm":"way/53569494"},"geometry":{"type":"LineString","coordinates":[[12.25227,47.48956],[12.25217,47.49001],[12.25104,47.49164],[12.2505,47.49284],[12.25041,47.49382],[12.25086,47.49379],[12.25201,47.49309],[12.25314,47.49259],[12.25381,47.49254],[12.25583,47.49177],[12.25618,47.49186],[12.25541,47.49299],[12.25464,47.49341],[12.25412,47.49354],[12.25413,47.49378],[12.25453,47.49416],[12.25447,47.49472],[12.2538,47.49554],[12.25266,47.49639],[12.25334,47.49619],[12.25344,47.49627],[12.25251,47.49672],[12.25266,47.49715],[12.25123,47.49875],[12.251,47.49976],[12.25114,47.50038]]}},{"type":"Feature","properties":{"kind":"piste","difficulty":"intermediate","name":"Verbindung Ellmau - Going","aerialway":null,"osm":"way/91115532"},"geometry":{"type":"LineString","coordinates":[[12.30723,47.50384],[12.31141,47.50397],[12.31178,47.50414],[12.31555,47.5044],[12.31605,47.5047],[12.31677,47.50485],[12.31818,47.50544],[12.31848,47.50601],[12.31973,47.50636]]}},{"type":"Feature","properties":{"kind":"piste","difficulty":"easy","name":"Bärenlift Abfahrt","aerialway":null,"osm":"way/91115533"},"geometry":{"type":"LineString","coordinates":[[12.30039,47.51023],[12.30057,47.51039],[12.30045,47.51116],[12.29948,47.51228],[12.29768,47.5124]]}},{"type":"Feature","properties":{"kind":"piste","difficulty":"easy","name":"Kirchbichl Abfahrt","aerialway":null,"osm":"way/91115541"},"geometry":{"type":"LineString","coordinates":[[12.29757,47.50864],[12.29824,47.51028],[12.29818,47.51212],[12.29768,47.5124]]}},{"type":"Feature","properties":{"kind":"piste","difficulty":"intermediate","name":"Ellmau Zentrum","aerialway":null,"osm":"way/91115542"},"geometry":{"type":"LineString","coordinates":[[12.30198,47.50562],[12.30181,47.50791],[12.30221,47.50863],[12.30279,47.50911],[12.30303,47.50978],[12.30309,47.51076],[12.3033,47.51152],[12.3037,47.51188],[12.30419,47.51204],[12.30648,47.51231]]}},{"type":"Feature","properties":{"kind":"piste","difficulty":"easy","name":null,"aerialway":null,"osm":"way/91115559"},"geometry":{"type":"LineString","coordinates":[[12.29757,47.50864],[12.29706,47.50917],[12.29631,47.50949]]}},{"type":"Feature","properties":{"kind":"piste","difficulty":"intermediate","name":"Langmoos","aerialway":null,"osm":"way/127000123"},"geometry":{"type":"LineString","coordinates":[[12.2785,47.48857],[12.27952,47.48847],[12.2804,47.48856],[12.28106,47.48878],[12.28274,47.48983],[12.28343,47.49093],[12.28322,47.4914],[12.28353,47.49194],[12.28377,47.49198],[12.28474,47.49164],[12.28567,47.49156],[12.28647,47.49169]]}},{"type":"Feature","properties":{"kind":"piste","difficulty":"intermediate","name":"Sonnenlift","aerialway":null,"osm":"way/138708368"},"geometry":{"type":"LineString","coordinates":[[12.31992,47.50007],[12.32061,47.49963],[12.32465,47.49842],[12.32891,47.49763],[12.32978,47.49731],[12.33002,47.49737],[12.32988,47.49754]]}},{"type":"Feature","properties":{"kind":"piste","difficulty":"intermediate","name":"Keatabfahrt","aerialway":null,"osm":"way/139561868"},"geometry":{"type":"LineString","coordinates":[[12.20269,47.46986],[12.20147,47.47273]]}},{"type":"Feature","properties":{"kind":"piste","difficulty":"easy","name":"Brandstadl Talabfahrt Knollern","aerialway":null,"osm":"way/142924726"},"geometry":{"type":"LineString","coordinates":[[12.25056,47.50038],[12.25114,47.50038],[12.25169,47.50117],[12.25167,47.50153],[12.25127,47.50221],[12.25167,47.50273],[12.25609,47.50566],[12.25647,47.50639],[12.25718,47.50729],[12.25759,47.50767],[12.25858,47.50811],[12.25881,47.5087],[12.25851,47.50918],[12.25618,47.50975],[12.254,47.50957],[12.25355,47.51017],[12.25255,47.5109],[12.25121,47.51165]]}},{"type":"Feature","properties":{"kind":"piste","difficulty":"intermediate","name":"Verbindung Eiberg - Mulden","aerialway":null,"osm":"way/148569102"},"geometry":{"type":"LineString","coordinates":[[12.25325,47.4818],[12.25245,47.48144],[12.2521,47.48102],[12.2519,47.47929],[12.25221,47.47879],[12.25394,47.47779]]}},{"type":"Feature","properties":{"kind":"piste","difficulty":"easy","name":null,"aerialway":null,"osm":"way/154529932"},"geometry":{"type":"LineString","coordinates":[[12.29349,47.5073],[12.29408,47.5066],[12.29425,47.50665]]}},{"type":"Feature","properties":{"kind":"piste","difficulty":"intermediate","name":"Eiberg I Abfahrten","aerialway":null,"osm":"way/154529933"},"geometry":{"type":"LineString","coordinates":[[12.25325,47.4818],[12.25355,47.48201],[12.25334,47.48376],[12.25276,47.48565]]}},{"type":"Feature","properties":{"kind":"piste","difficulty":"advanced","name":"Hartkaiserbahn Talabfahrt","aerialway":null,"osm":"way/154529935"},"geometry":{"type":"LineString","coordinates":[[12.27744,47.49687],[12.27849,47.49756],[12.27891,47.49798],[12.28287,47.49984]]}},{"type":"Feature","properties":{"kind":"piste","difficulty":"advanced","name":"Kaslach Abfahrt","aerialway":null,"osm":"way/154530694"},"geometry":{"type":"LineString","coordinates":[[12.22141,47.4599],[12.22223,47.46001],[12.22263,47.45977],[12.22383,47.45949],[12.22567,47.4588],[12.2269,47.45797],[12.22737,47.45741],[12.2287,47.45684],[12.23004,47.45578],[12.23072,47.45444],[12.23161,47.45335],[12.23285,47.45277],[12.23366,47.45217],[12.23419,47.45226],[12.23483,47.45187],[12.23569,47.45177],[12.23843,47.4501],[12.241,47.44991],[12.24246,47.45012]]}},{"type":"Feature","properties":{"kind":"piste","difficulty":"intermediate","name":"Astbergbahn Talabfahrt \"Viehalp\"","aerialway":null,"osm":"way/154531739"},"geometry":{"type":"LineString","coordinates":[[12.32227,47.50118],[12.32215,47.50173],[12.32114,47.50279],[12.3209,47.50349],[12.3204,47.50383],[12.31973,47.50636]]}},{"type":"Feature","properties":{"kind":"piste","difficulty":"intermediate","name":"Astbergbahn Talabfahrt \"Viehalp\"","aerialway":null,"osm":"way/154531741"},"geometry":{"type":"LineString","coordinates":[[12.31973,47.50636],[12.31969,47.50697],[12.31889,47.50745],[12.31754,47.50785],[12.31751,47.5086],[12.3182,47.51162]]}},{"type":"Feature","properties":{"kind":"piste","difficulty":"easy","name":"Astbergbahn Talabfahrt","aerialway":null,"osm":"way/154532328"},"geometry":{"type":"LineString","coordinates":[[12.32212,47.50077],[12.32225,47.50064],[12.32245,47.5007],[12.32227,47.50118],[12.32255,47.50169],[12.32294,47.50226],[12.32377,47.50292],[12.32611,47.50335],[12.32814,47.50347],[12.32999,47.50339],[12.33164,47.50416],[12.33302,47.50432],[12.33331,47.50457],[12.33314,47.50493],[12.33276,47.50524],[12.33108,47.50637],[12.32807,47.50652],[12.32417,47.50793],[12.32314,47.50872],[12.32245,47.50958],[12.32198,47.50974],[12.32174,47.51021],[12.319,47.51114],[12.3182,47.51162],[12.31805,47.51292]]}},{"type":"Feature","properties":{"kind":"piste","difficulty":"intermediate","name":"Astbergbahn Talabfahrt","aerialway":null,"osm":"way/154535323"},"geometry":{"type":"LineString","coordinates":[[12.32814,47.50347],[12.32589,47.50453],[12.32579,47.50475],[12.32607,47.50645],[12.32558,47.50722],[12.32509,47.5076]]}},{"type":"Feature","properties":{"kind":"piste","difficulty":"intermediate","name":"Hausberg","aerialway":null,"osm":"way/154535325"},"geometry":{"type":"LineString","coordinates":[[12.31947,47.50003],[12.31926,47.49964],[12.3185,47.49954],[12.31632,47.50048],[12.31476,47.50063],[12.31367,47.50137],[12.31298,47.50142],[12.3119,47.50129],[12.31158,47.5015],[12.31133,47.50201],[12.31132,47.5024],[12.31106,47.50273],[12.30851,47.50336],[12.307,47.50404],[12.30585,47.50415],[12.30465,47.50401],[12.30291,47.50427],[12.30234,47.50526],[12.30198,47.50562],[12.30176,47.50568],[12.29957,47.50542],[12.29798,47.50574],[12.29752,47.50617],[12.29734,47.50666],[12.2973,47.50748],[12.29633,47.5092],[12.29631,47.50949],[12.29594,47.50953],[12.29569,47.50936],[12.29418,47.50798]]}},{"type":"Feature","properties":{"kind":"piste","difficulty":"easy","name":"Hausberg","aerialway":null,"osm":"way/154535327"},"geometry":{"type":"LineString","coordinates":[[12.30291,47.50427],[12.30228,47.50408],[12.30203,47.50413],[12.30186,47.50436],[12.30181,47.50459],[12.30247,47.50502]]}},{"type":"Feature","properties":{"kind":"piste","difficulty":"easy","name":null,"aerialway":null,"osm":"way/155057785"},"geometry":{"type":"LineString","coordinates":[[12.20877,47.47051],[12.20967,47.47055],[12.21036,47.47042]]}},{"type":"Feature","properties":{"kind":"piste","difficulty":"easy","name":"Wagnerfeld Abfahrt","aerialway":null,"osm":"way/155065337"},"geometry":{"type":"LineString","coordinates":[[12.31489,47.51016],[12.31536,47.51021],[12.31625,47.51061],[12.31659,47.511],[12.31691,47.51198],[12.31734,47.5127],[12.31805,47.51292]]}},{"type":"Feature","properties":{"kind":"piste","difficulty":"intermediate","name":"Vetterstätt Abfahrten","aerialway":null,"osm":"way/155065339"},"geometry":{"type":"LineString","coordinates":[[12.30875,47.50761],[12.3083,47.50797],[12.30725,47.50818],[12.30524,47.50956],[12.30514,47.51052],[12.30545,47.5114],[12.30648,47.51231],[12.30783,47.51277],[12.30864,47.51325]]}},{"type":"Feature","properties":{"kind":"piste","difficulty":"intermediate","name":"Vetterstätt Abfahrten","aerialway":null,"osm":"way/155065341"},"geometry":{"type":"LineString","coordinates":[[12.30875,47.50761],[12.30886,47.50766],[12.30886,47.5082],[12.30899,47.50847],[12.30976,47.5089],[12.30955,47.50935],[12.30959,47.51184],[12.30948,47.51267],[12.30864,47.51325]]}},{"type":"Feature","properties":{"kind":"piste","difficulty":"easy","name":"Wagnerfeld Abfahrt","aerialway":null,"osm":"way/155065343"},"geometry":{"type":"LineString","coordinates":[[12.31625,47.51061],[12.31616,47.51075],[12.31261,47.51191],[12.3112,47.51227],[12.30952,47.51239]]}},{"type":"Feature","properties":{"kind":"piste","difficulty":"intermediate","name":null,"aerialway":null,"osm":"way/155065345"},"geometry":{"type":"LineString","coordinates":[[12.30976,47.5089],[12.31104,47.50903],[12.31159,47.50945]]}},{"type":"Feature","properties":{"kind":"piste","difficulty":"easy","name":"Sonnenlift","aerialway":null,"osm":"way/155065347"},"geometry":{"type":"LineString","coordinates":[[12.31947,47.50003],[12.32078,47.50012],[12.3222,47.49997],[12.323,47.50003],[12.32671,47.4994],[12.32696,47.49924],[12.32696,47.49896],[12.32609,47.49869],[12.3271,47.49829],[12.32738,47.49789]]}},{"type":"Feature","properties":{"kind":"piste","difficulty":"easy","name":"Hartkaiserbahn Talabfahrt","aerialway":null,"osm":"way/155182810"},"geometry":{"type":"LineString","coordinates":[[12.27303,47.49273],[12.27647,47.49325],[12.27681,47.4936],[12.27818,47.49423],[12.27863,47.49473],[12.27859,47.49497],[12.27791,47.49544],[12.27763,47.49591],[12.27745,47.49644],[12.2774,47.49762],[12.27673,47.49837],[12.2756,47.49922],[12.27523,47.49971],[12.275,47.50073],[12.27506,47.50102],[12.27553,47.50103],[12.27761,47.50043],[12.2785,47.50065],[12.27946,47.50218],[12.28036,47.50253],[12.28181,47.50247],[12.28318,47.50207],[12.28332,47.50193],[12.28606,47.50119],[12.28833,47.50134],[12.29126,47.50232],[12.29261,47.50328],[12.29282,47.50398],[12.29235,47.50447],[12.29114,47.50444],[12.29075,47.50473],[12.29067,47.50544],[12.29119,47.50631],[12.29279,47.50744],[12.29313,47.50784]]}},{"type":"Feature","properties":{"kind":"piste","difficulty":"intermediate","name":"Skiroute 80c nach Ellmau","aerialway":null,"osm":"way/155182814"},"geometry":{"type":"LineString","coordinates":[[12.2883,47.49411],[12.28824,47.49424],[12.2884,47.49431],[12.2893,47.49437],[12.28936,47.49486],[12.28965,47.49503],[12.29008,47.49505],[12.29191,47.4943],[12.29436,47.4937],[12.29606,47.49408],[12.29609,47.49458]]}},{"type":"Feature","properties":{"kind":"piste","difficulty":"intermediate","name":"Hartkaiserbahn Talabfahrt","aerialway":null,"osm":"way/155182818"},"geometry":{"type":"LineString","coordinates":[[12.27761,47.50043],[12.27935,47.50007],[12.27998,47.50059],[12.28064,47.5007],[12.28287,47.49984],[12.28364,47.49971],[12.28461,47.49988],[12.28525,47.50014],[12.28545,47.5009],[12.28674,47.50139],[12.2875,47.50205],[12.28774,47.50267],[12.28767,47.50362],[12.28724,47.50532],[12.28775,47.50598],[12.28869,47.50646],[12.28917,47.50643],[12.28982,47.50608],[12.29039,47.50603],[12.29119,47.50631]]}},{"type":"Feature","properties":{"kind":"piste","difficulty":"easy","name":"Köglbahn","aerialway":null,"osm":"way/155182819"},"geometry":{"type":"LineString","coordinates":[[12.26285,47.48733],[12.26186,47.48658],[12.26123,47.4859],[12.26145,47.4856]]}},{"type":"Feature","properties":{"kind":"piste","difficulty":"easy","name":null,"aerialway":null,"osm":"way/155182821"},"geometry":{"type":"LineString","coordinates":[[12.24496,47.49207],[12.24592,47.4917],[12.24648,47.4917],[12.24699,47.49153],[12.24734,47.49121],[12.24823,47.49089],[12.24858,47.49045]]}},{"type":"Feature","properties":{"kind":"piste","difficulty":"easy","name":"Tanzer Abfahrt","aerialway":null,"osm":"way/155182824"},"geometry":{"type":"LineString","coordinates":[[12.24891,47.47729],[12.25045,47.47634],[12.25541,47.47388],[12.25656,47.47306],[12.25931,47.47223],[12.26032,47.47204],[12.26054,47.47105],[12.26301,47.47009],[12.2653,47.47],[12.266,47.46963],[12.26682,47.46679],[12.26802,47.46602],[12.26858,47.46466],[12.26956,47.46423],[12.27026,47.46344],[12.27138,47.46266],[12.27092,47.46177],[12.26862,47.45923],[12.26855,47.45814],[12.26774,47.45763],[12.26633,47.45783],[12.26589,47.4572],[12.26603,47.45607],[12.26672,47.45483],[12.2654,47.45036]]}},{"type":"Feature","properties":{"kind":"piste","difficulty":"easy","name":"Joch Abfahrt","aerialway":null,"osm":"way/155182825"},"geometry":{"type":"LineString","coordinates":[[12.25594,47.47356],[12.25588,47.47284],[12.25488,47.47139],[12.25442,47.47118],[12.25273,47.47126],[12.25239,47.47109],[12.25222,47.47079],[12.2522,47.47032],[12.25238,47.46962],[12.25223,47.4694],[12.25135,47.46884],[12.24984,47.46816]]}},{"type":"Feature","properties":{"kind":"piste","difficulty":"easy","name":"Marcher Abfahrt","aerialway":null,"osm":"way/155210997"},"geometry":{"type":"LineString","coordinates":[[12.31355,47.50726],[12.31369,47.50828],[12.31346,47.50911],[12.31209,47.5107],[12.31049,47.51345],[12.31,47.51345]]}},{"type":"Feature","properties":{"kind":"piste","difficulty":"easy","name":null,"aerialway":null,"osm":"way/155211000"},"geometry":{"type":"LineString","coordinates":[[12.31805,47.51292],[12.31796,47.51328],[12.31777,47.51328],[12.31779,47.51312]]}},{"type":"Feature","properties":{"kind":"piste","difficulty":"easy","name":"Verbindung Übungslift Berg - Ellmau/Going","aerialway":null,"osm":"way/155344063"},"geometry":{"type":"LineString","coordinates":[[12.25342,47.48812],[12.25453,47.4876],[12.25492,47.48726],[12.25676,47.48643],[12.25749,47.48644],[12.25857,47.48669]]}},{"type":"Feature","properties":{"kind":"piste","difficulty":"intermediate","name":null,"aerialway":null,"osm":"way/155344070"},"geometry":{"type":"LineString","coordinates":[[12.2041,47.46533],[12.20423,47.46528],[12.20433,47.4651],[12.20425,47.46508],[12.20408,47.46527],[12.20318,47.46532]]}},{"type":"Feature","properties":{"kind":"piste","difficulty":"intermediate","name":"Silleralmabfahrt","aerialway":null,"osm":"way/155344072"},"geometry":{"type":"LineString","coordinates":[[12.21294,47.46118],[12.21391,47.46454]]}},{"type":"Feature","properties":{"kind":"piste","difficulty":"easy","name":"Hochbrixen Abfahrt","aerialway":null,"osm":"way/155344098"},"geometry":{"type":"LineString","coordinates":[[12.24891,47.47729],[12.24765,47.47719],[12.24522,47.47661],[12.24465,47.47624],[12.24306,47.47433],[12.24291,47.47375],[12.24225,47.4724],[12.24235,47.47129],[12.24218,47.47096],[12.23997,47.46931],[12.23928,47.4681],[12.23865,47.46782],[12.23506,47.4674],[12.23456,47.46704]]}},{"type":"Feature","properties":{"kind":"piste","difficulty":"easy","name":"Schusterbühel Abfahrt","aerialway":null,"osm":"way/155771803"},"geometry":{"type":"LineString","coordinates":[[12.25719,47.44365],[12.25402,47.44395],[12.25314,47.44424],[12.25268,47.44455],[12.25182,47.44478]]}},{"type":"Feature","properties":{"kind":"piste","difficulty":"easy","name":"Skiweg Fleiding Nord","aerialway":null,"osm":"way/155775238"},"geometry":{"type":"LineString","coordinates":[[12.25318,47.40228],[12.25351,47.40243],[12.25328,47.40305],[12.25343,47.40355],[12.25337,47.40404],[12.25062,47.40539],[12.25113,47.40707],[12.25157,47.40806],[12.25206,47.40872],[12.25293,47.4094],[12.25299,47.41004],[12.25284,47.41066],[12.25293,47.41088],[12.25369,47.41162]]}},{"type":"Feature","properties":{"kind":"piste","difficulty":"easy","name":"Laubkogel Abfahrt","aerialway":null,"osm":"way/155775244"},"geometry":{"type":"LineString","coordinates":[[12.24801,47.41049],[12.24793,47.41133]]}},{"type":"Feature","properties":{"kind":"piste","difficulty":"intermediate","name":null,"aerialway":null,"osm":"way/155775245"},"geometry":{"type":"LineString","coordinates":[[12.24789,47.40829],[12.2484,47.40807]]}},{"type":"Feature","properties":{"kind":"piste","difficulty":"easy","name":"Laubkogel Abfahrt","aerialway":null,"osm":"way/155775246"},"geometry":{"type":"LineString","coordinates":[[12.24772,47.41013],[12.24805,47.41],[12.24789,47.40829]]}},{"type":"Feature","properties":{"kind":"piste","difficulty":"easy","name":"Köglbahn","aerialway":null,"osm":"way/155851707"},"geometry":{"type":"LineString","coordinates":[[12.26145,47.4856],[12.26222,47.48512],[12.26403,47.48482],[12.26735,47.48496],[12.26915,47.48548],[12.27117,47.48561]]}},{"type":"Feature","properties":{"kind":"piste","difficulty":"easy","name":"Almbahn","aerialway":null,"osm":"way/155851709"},"geometry":{"type":"LineString","coordinates":[[12.27303,47.49273],[12.27384,47.49263],[12.2755,47.49279],[12.27651,47.4927],[12.278,47.49203],[12.27905,47.4911],[12.27914,47.49072],[12.27875,47.48948],[12.27857,47.48918],[12.27755,47.48851],[12.27748,47.48802],[12.27785,47.48691],[12.27827,47.48652],[12.27841,47.48587],[12.27843,47.48468]]}},{"type":"Feature","properties":{"kind":"piste","difficulty":"easy","name":"Schusterbühel Abfahrt","aerialway":null,"osm":"way/155851712"},"geometry":{"type":"LineString","coordinates":[[12.25648,47.44377],[12.25703,47.44488],[12.25783,47.4451]]}},{"type":"Feature","properties":{"kind":"piste","difficulty":"easy","name":"Zinsbergabfahrt","aerialway":null,"osm":"way/155865307"},"geometry":{"type":"LineString","coordinates":[[12.23053,47.46211],[12.23026,47.46199],[12.22946,47.46204],[12.22898,47.4619],[12.22825,47.46152],[12.22796,47.46118],[12.22752,47.46101]]}},{"type":"Feature","properties":{"kind":"piste","difficulty":"intermediate","name":"Alpenrosenabfahrt","aerialway":null,"osm":"way/156156676"},"geometry":{"type":"LineString","coordinates":[[12.24736,47.41286],[12.24704,47.41289],[12.24686,47.41311],[12.24656,47.41373],[12.2464,47.41448],[12.2461,47.41496],[12.24513,47.41541],[12.24473,47.41592],[12.24405,47.41629],[12.24326,47.41715],[12.24235,47.41743],[12.24076,47.41851],[12.2405,47.41882],[12.24039,47.41939],[12.24014,47.41975],[12.23647,47.42042],[12.23384,47.42189],[12.2315,47.42286],[12.23098,47.42284]]}},{"type":"Feature","properties":{"kind":"piste","difficulty":"intermediate","name":"Götschen Abfahrt","aerialway":null,"osm":"way/156164517"},"geometry":{"type":"LineString","coordinates":[[12.25418,47.43431],[12.25532,47.4348],[12.25589,47.43481],[12.25689,47.43549],[12.25858,47.43562],[12.25953,47.43551],[12.26275,47.43599],[12.26322,47.43616],[12.26502,47.4379],[12.26578,47.43938],[12.26647,47.43996],[12.26635,47.44059],[12.26572,47.44105],[12.26576,47.44193],[12.26489,47.44251],[12.2648,47.44265],[12.26486,47.44314],[12.26441,47.44352],[12.26372,47.44386],[12.26122,47.44469],[12.25834,47.44481],[12.25786,47.4449],[12.25783,47.4451]]}},{"type":"Feature","properties":{"kind":"piste","difficulty":"easy","name":"Laubkogel Abfahrt","aerialway":null,"osm":"way/156164527"},"geometry":{"type":"LineString","coordinates":[[12.24789,47.40829],[12.24737,47.40841]]}},{"type":"Feature","properties":{"kind":"piste","difficulty":"intermediate","name":"Talkaserabfahrt","aerialway":null,"osm":"way/156164529"},"geometry":{"type":"LineString","coordinates":[[12.24718,47.41227],[12.24793,47.41133],[12.24817,47.41122],[12.24834,47.41155],[12.24872,47.41176],[12.24924,47.41183],[12.25148,47.41164],[12.25224,47.41141],[12.25252,47.41119],[12.25311,47.41125],[12.25369,47.41162]]}},{"type":"Feature","properties":{"kind":"piste","difficulty":"intermediate","name":"Kandleralm Abfahrt","aerialway":null,"osm":"way/156164534"},"geometry":{"type":"LineString","coordinates":[[12.24453,47.41944],[12.24552,47.4212],[12.24946,47.42186],[12.2515,47.42239],[12.25213,47.42276],[12.25317,47.42424],[12.25448,47.42511],[12.25519,47.42622],[12.25583,47.4278],[12.25713,47.43007],[12.25723,47.43144],[12.25713,47.43162],[12.25631,47.4321],[12.25648,47.4323],[12.25757,47.43261],[12.25849,47.43255],[12.25897,47.43241],[12.25932,47.43212],[12.25998,47.43085],[12.26024,47.43145],[12.26023,47.43205],[12.25996,47.43275],[12.25952,47.4332],[12.25713,47.43386],[12.25417,47.43391],[12.25418,47.43431],[12.25295,47.43514],[12.25169,47.43579],[12.25164,47.43587],[12.25239,47.43638],[12.2537,47.43654],[12.25409,47.4388],[12.25387,47.44043],[12.25378,47.44253],[12.25352,47.44331],[12.25251,47.4439],[12.25168,47.44496],[12.25096,47.4462],[12.24921,47.44655],[12.24829,47.4475],[12.2479,47.44829]]}},{"type":"Feature","properties":{"kind":"piste","difficulty":"freeride","name":"Moderer Route","aerialway":null,"osm":"way/157986655"},"geometry":{"type":"LineString","coordinates":[[12.24496,47.49207],[12.24129,47.49279],[12.23915,47.49277],[12.23944,47.49313],[12.2403,47.49355],[12.24011,47.49425],[12.24028,47.49516],[12.23965,47.49646],[12.23903,47.49873],[12.23916,47.5006],[12.23908,47.50426],[12.23999,47.50541],[12.24045,47.5066],[12.24012,47.50731],[12.23934,47.50813],[12.2395,47.50847],[12.2399,47.50878],[12.2399,47.50998],[12.23929,47.51238],[12.23937,47.51476],[12.23972,47.51559],[12.24133,47.51708]]}},{"type":"Feature","properties":{"kind":"piste","difficulty":"intermediate","name":"Langmoos","aerialway":null,"osm":"way/196812687"},"geometry":{"type":"LineString","coordinates":[[12.28647,47.49169],[12.28715,47.49173],[12.28798,47.49159],[12.28862,47.49179]]}},{"type":"Feature","properties":{"kind":"piste","difficulty":"intermediate","name":"Langmoos","aerialway":null,"osm":"way/196812688"},"geometry":{"type":"LineString","coordinates":[[12.28862,47.49179],[12.28867,47.49354],[12.2883,47.49411]]}},{"type":"Feature","properties":{"kind":"piste","difficulty":"easy","name":"Zinsbergabfahrt","aerialway":null,"osm":"way/202440079"},"geometry":{"type":"LineString","coordinates":[[12.23803,47.473],[12.23756,47.47181],[12.23598,47.46988],[12.23505,47.46852],[12.23366,47.46601],[12.23265,47.46472],[12.23211,47.46454],[12.23076,47.46466],[12.23042,47.46353],[12.22945,47.46218],[12.22945,47.46199],[12.23023,47.46195],[12.23043,47.4615],[12.23056,47.4615],[12.23185,47.46341],[12.23382,47.46574],[12.23434,47.46592],[12.23513,47.4672],[12.23497,47.46744],[12.23511,47.46748],[12.23647,47.46962],[12.23827,47.472],[12.2386,47.47324],[12.24041,47.47449],[12.23978,47.47475],[12.23854,47.47371],[12.23803,47.473]]}},{"type":"Feature","properties":{"kind":"piste","difficulty":"easy","name":"Hartkaiserbahn Talabfahrt","aerialway":null,"osm":"way/202440080"},"geometry":{"type":"LineString","coordinates":[[12.27761,47.50043],[12.27793,47.50082],[12.27796,47.50113],[12.27753,47.50203],[12.27715,47.50239],[12.27732,47.50264],[12.27873,47.5022],[12.27971,47.50234]]}},{"type":"Feature","properties":{"kind":"piste","difficulty":"intermediate","name":null,"aerialway":null,"osm":"way/202440082"},"geometry":{"type":"LineString","coordinates":[[12.25379,47.48194],[12.25434,47.4835],[12.25328,47.48537],[12.25365,47.48585],[12.25284,47.48578],[12.25242,47.48603],[12.25153,47.48608],[12.25061,47.48601],[12.25066,47.48583],[12.25031,47.48571],[12.25014,47.48587],[12.25001,47.48489],[12.25171,47.48253],[12.25205,47.48222],[12.25211,47.48197],[12.25295,47.48192],[12.25268,47.4823],[12.25304,47.48242],[12.25332,47.48203],[12.25379,47.48194]]}},{"type":"Feature","properties":{"kind":"piste","difficulty":"easy","name":"Osthang - Abfahrt","aerialway":null,"osm":"way/202440086"},"geometry":{"type":"LineString","coordinates":[[12.25061,47.48601],[12.25153,47.48608],[12.25242,47.48603],[12.25284,47.48578],[12.25423,47.48582],[12.25395,47.48651],[12.25447,47.48793],[12.2528,47.48875],[12.25269,47.48905],[12.25199,47.48955],[12.25119,47.48927],[12.25013,47.48968],[12.24946,47.49025],[12.24858,47.49045],[12.24811,47.49034],[12.24938,47.48958],[12.24991,47.48907],[12.25226,47.48742],[12.25261,47.48695],[12.25233,47.48642],[12.25027,47.48622],[12.25074,47.48609],[12.25052,47.48614],[12.25061,47.48601]]}},{"type":"Feature","properties":{"kind":"piste","difficulty":"easy","name":"Brandstadl Talabfahrt Schwarzach","aerialway":null,"osm":"way/207174484"},"geometry":{"type":"LineString","coordinates":[[12.25121,47.51165],[12.25158,47.51261],[12.25382,47.5144],[12.25421,47.5152],[12.25151,47.5181],[12.25108,47.5195],[12.25053,47.52015],[12.25026,47.52026],[12.24928,47.52021],[12.24895,47.52002]]}},{"type":"Feature","properties":{"kind":"piste","difficulty":"easy","name":"Tanzboden Abfahrt","aerialway":null,"osm":"way/207182250"},"geometry":{"type":"LineString","coordinates":[[12.25698,47.485],[12.25704,47.48554],[12.25775,47.4868],[12.25803,47.48774],[12.25789,47.48874],[12.25819,47.48949],[12.25817,47.48985],[12.26015,47.49076],[12.26055,47.49109]]}},{"type":"Feature","properties":{"kind":"piste","difficulty":"freeride","name":"Brandstadl Talabfahrt Bärbichel","aerialway":null,"osm":"way/260943597"},"geometry":{"type":"LineString","coordinates":[[12.25121,47.51165],[12.24931,47.51295],[12.24577,47.51325],[12.24534,47.51342],[12.24394,47.51459],[12.24268,47.51519],[12.24111,47.51743],[12.24104,47.5176],[12.24117,47.5178],[12.24161,47.51814],[12.24397,47.51901],[12.24472,47.51963],[12.24521,47.51971],[12.24651,47.51925],[12.24688,47.51965]]}},{"type":"Feature","properties":{"kind":"piste","difficulty":"easy","name":"25a Foischingabfahrt","aerialway":null,"osm":"way/263215023"},"geometry":{"type":"LineString","coordinates":[[12.20593,47.46087],[12.2043,47.46047],[12.20199,47.45893],[12.20282,47.45798]]}},{"type":"Feature","properties":{"kind":"piste","difficulty":"easy","name":"24a Schernthann","aerialway":null,"osm":"way/263215024"},"geometry":{"type":"LineString","coordinates":[[12.20329,47.45983],[12.20244,47.45979],[12.20086,47.46009]]}},{"type":"Feature","properties":{"kind":"piste","difficulty":"intermediate","name":"24a Schernthannabfahrt","aerialway":null,"osm":"way/263215025"},"geometry":{"type":"LineString","coordinates":[[12.20171,47.46074],[12.20154,47.46082],[12.19938,47.46029]]}},{"type":"Feature","properties":{"kind":"piste","difficulty":"easy","name":null,"aerialway":null,"osm":"way/263216362"},"geometry":{"type":"LineString","coordinates":[[12.18566,47.45636],[12.18571,47.45622],[12.18652,47.4561],[12.18666,47.45564]]}},{"type":"Feature","properties":{"kind":"piste","difficulty":"intermediate","name":"Rigi-Mittelstation Hopfgarten","aerialway":null,"osm":"way/263221717"},"geometry":{"type":"LineString","coordinates":[[12.18934,47.46459],[12.18787,47.46352],[12.18738,47.46337],[12.18763,47.46282],[12.18879,47.46198],[12.18915,47.46155],[12.19135,47.46061],[12.19148,47.46005],[12.19136,47.45975]]}},{"type":"Feature","properties":{"kind":"piste","difficulty":"easy","name":null,"aerialway":null,"osm":"way/263228358"},"geometry":{"type":"LineString","coordinates":[[12.1981,47.48099],[12.19349,47.4797],[12.19199,47.47979]]}},{"type":"Feature","properties":{"kind":"piste","difficulty":"easy","name":"Salvenmoos","aerialway":null,"osm":"way/263228359"},"geometry":{"type":"LineString","coordinates":[[12.19586,47.48184],[12.19782,47.48148],[12.19805,47.48129],[12.19798,47.48099]]}},{"type":"Feature","properties":{"kind":"piste","difficulty":"easy","name":"Rinnerabfahrt","aerialway":null,"osm":"way/263231135"},"geometry":{"type":"LineString","coordinates":[[12.18632,47.47969],[12.18669,47.4791],[12.18695,47.47898],[12.18715,47.47864],[12.18762,47.47828]]}},{"type":"Feature","properties":{"kind":"piste","difficulty":"intermediate","name":"Hohe Salve - Rigi - Mittelstation","aerialway":null,"osm":"way/263288778"},"geometry":{"type":"LineString","coordinates":[[12.1905,47.46284],[12.18899,47.46171]]}},{"type":"Feature","properties":{"kind":"piste","difficulty":"intermediate","name":"Hohe Salve - Rigi","aerialway":null,"osm":"way/263312372"},"geometry":{"type":"LineString","coordinates":[[12.20325,47.46496],[12.2034,47.46503],[12.20334,47.46509],[12.20269,47.46531]]}},{"type":"Feature","properties":{"kind":"piste","difficulty":"intermediate","name":null,"aerialway":null,"osm":"way/263312373"},"geometry":{"type":"LineString","coordinates":[[12.20045,47.46467],[12.20025,47.46609]]}},{"type":"Feature","properties":{"kind":"piste","difficulty":"intermediate","name":"Hexen6er-Abfahrt","aerialway":null,"osm":"way/263313008"},"geometry":{"type":"LineString","coordinates":[[12.19789,47.47033],[12.19572,47.4733],[12.19519,47.47439],[12.19411,47.47585],[12.19249,47.47681],[12.19234,47.47806],[12.19236,47.47914],[12.19231,47.47941],[12.19199,47.47979]]}},{"type":"Feature","properties":{"kind":"piste","difficulty":"intermediate","name":null,"aerialway":null,"osm":"way/263500517"},"geometry":{"type":"LineString","coordinates":[[12.19649,47.4601],[12.19446,47.46051],[12.19272,47.46027]]}},{"type":"Feature","properties":{"kind":"piste","difficulty":"easy","name":null,"aerialway":null,"osm":"way/263500518"},"geometry":{"type":"LineString","coordinates":[[12.18724,47.45591],[12.18666,47.45564],[12.18682,47.45542]]}},{"type":"Feature","properties":{"kind":"piste","difficulty":"easy","name":null,"aerialway":null,"osm":"way/264599131"},"geometry":{"type":"LineString","coordinates":[[12.25074,47.48609],[12.25,47.48602]]}},{"type":"Feature","properties":{"kind":"piste","difficulty":"easy","name":null,"aerialway":null,"osm":"way/264599132"},"geometry":{"type":"LineString","coordinates":[[12.2015,47.4607],[12.20171,47.46074]]}},{"type":"Feature","properties":{"kind":"piste","difficulty":"easy","name":null,"aerialway":null,"osm":"way/264599137"},"geometry":{"type":"LineString","coordinates":[[12.18578,47.45644],[12.18594,47.45624]]}},{"type":"Feature","properties":{"kind":"piste","difficulty":"easy","name":"Zinsbergabfahrt","aerialway":null,"osm":"way/264599140"},"geometry":{"type":"LineString","coordinates":[[12.22752,47.46101],[12.22704,47.46077],[12.22657,47.46074]]}},{"type":"Feature","properties":{"kind":"piste","difficulty":"easy","name":"Skiweg Tanzboden - Kaiserexpress","aerialway":null,"osm":"way/264599148"},"geometry":{"type":"LineString","coordinates":[[12.26055,47.49109],[12.26123,47.49167],[12.26116,47.49217],[12.26131,47.49297],[12.26168,47.4935],[12.26245,47.49412],[12.26294,47.49427],[12.26484,47.49436],[12.26491,47.49443],[12.26476,47.49457]]}},{"type":"Feature","properties":{"kind":"piste","difficulty":"easy","name":null,"aerialway":null,"osm":"way/264599152"},"geometry":{"type":"LineString","coordinates":[[12.26055,47.49109],[12.26035,47.49114],[12.26023,47.49101]]}},{"type":"Feature","properties":{"kind":"piste","difficulty":"intermediate","name":null,"aerialway":null,"osm":"way/267562699"},"geometry":{"type":"LineString","coordinates":[[12.19813,47.47049],[12.19901,47.47073]]}},{"type":"Feature","properties":{"kind":"piste","difficulty":"intermediate","name":"Kaslach Abfahrt","aerialway":null,"osm":"way/267567477"},"geometry":{"type":"LineString","coordinates":[[12.22141,47.4599],[12.2215,47.46112]]}},{"type":"Feature","properties":{"kind":"piste","difficulty":"intermediate","name":"Hexen6er","aerialway":null,"osm":"way/267568347"},"geometry":{"type":"LineString","coordinates":[[12.19572,47.4733],[12.1941,47.47425],[12.19308,47.4753],[12.19249,47.47681]]}},{"type":"Feature","properties":{"kind":"piste","difficulty":"easy","name":"Stöcklabfahrt","aerialway":null,"osm":"way/305605177"},"geometry":{"type":"LineString","coordinates":[[12.19707,47.47669],[12.19693,47.4766],[12.19676,47.47673],[12.19617,47.4781],[12.1962,47.47843],[12.19658,47.47891],[12.19736,47.4797],[12.19796,47.48001],[12.19715,47.47997],[12.19713,47.47986]]}},{"type":"Feature","properties":{"kind":"piste","difficulty":"intermediate","name":"Gaisberg","aerialway":null,"osm":"way/325184322"},"geometry":{"type":"LineString","coordinates":[[12.30017,47.43369],[12.30006,47.43368],[12.30007,47.43378],[12.30064,47.43427],[12.30616,47.43619],[12.30802,47.4365],[12.30849,47.43674],[12.30893,47.43758],[12.31015,47.43806],[12.31246,47.43983],[12.31435,47.44056],[12.31565,47.44081],[12.31641,47.44127]]}},{"type":"Feature","properties":{"kind":"piste","difficulty":"advanced","name":"Gaisberg","aerialway":null,"osm":"way/325184323"},"geometry":{"type":"LineString","coordinates":[[12.30017,47.43369],[12.30013,47.43358],[12.30029,47.43355],[12.30197,47.43431],[12.30455,47.43512],[12.30701,47.43541],[12.30837,47.43594],[12.31104,47.43768],[12.31296,47.43876],[12.3155,47.43977],[12.31582,47.44008],[12.31604,47.441]]}},{"type":"Feature","properties":{"kind":"piste","difficulty":"easy","name":"Holzalm Abfahrt","aerialway":null,"osm":"way/325798454"},"geometry":{"type":"LineString","coordinates":[[12.24279,47.4735],[12.24386,47.47306],[12.24494,47.47201],[12.2451,47.47156],[12.24563,47.46871],[12.24544,47.46748],[12.246,47.46477],[12.24592,47.463]]}},{"type":"Feature","properties":{"kind":"piste","difficulty":"intermediate","name":"Skiroute Hampfer","aerialway":null,"osm":"way/325799561"},"geometry":{"type":"LineString","coordinates":[[12.24351,47.40432],[12.24137,47.40553],[12.2395,47.4062],[12.23852,47.40679],[12.23678,47.40713],[12.23661,47.40731],[12.2368,47.40788],[12.23662,47.40823],[12.23577,47.40847],[12.23529,47.40845],[12.23453,47.40829],[12.23335,47.40769],[12.23265,47.40767],[12.23209,47.40795],[12.23147,47.40876],[12.23041,47.40918],[12.22716,47.40947],[12.22594,47.40944]]}},{"type":"Feature","properties":{"kind":"piste","difficulty":"intermediate","name":"Kälberalm Südabfahrt","aerialway":null,"osm":"way/327269964"},"geometry":{"type":"LineString","coordinates":[[12.21137,47.46057],[12.21371,47.45992],[12.21737,47.45961],[12.21751,47.46085],[12.21776,47.46092],[12.22084,47.46124],[12.2215,47.46112],[12.22337,47.46122],[12.22474,47.46156]]}},{"type":"Feature","properties":{"kind":"piste","difficulty":"easy","name":"31","aerialway":null,"osm":"way/329572590"},"geometry":{"type":"LineString","coordinates":[[12.18271,47.47343],[12.18272,47.47358],[12.18322,47.474],[12.18369,47.47408],[12.18474,47.47398]]}},{"type":"Feature","properties":{"kind":"piste","difficulty":"easy","name":null,"aerialway":null,"osm":"way/329576754"},"geometry":{"type":"LineString","coordinates":[[12.18762,47.47828],[12.18818,47.47793],[12.189,47.4771],[12.18903,47.47689],[12.18879,47.47661],[12.1887,47.47626],[12.18933,47.47523],[12.18953,47.47518]]}},{"type":"Feature","properties":{"kind":"piste","difficulty":"intermediate","name":"Kraftalm - Kasbichl b","aerialway":null,"osm":"way/329576755"},"geometry":{"type":"LineString","coordinates":[[12.18474,47.47398],[12.18923,47.47355],[12.18979,47.47361],[12.19,47.47385],[12.18998,47.47399]]}},{"type":"Feature","properties":{"kind":"piste","difficulty":"intermediate","name":"31","aerialway":null,"osm":"way/329578560"},"geometry":{"type":"LineString","coordinates":[[12.19498,47.47365],[12.19186,47.47335],[12.18998,47.47399]]}},{"type":"Feature","properties":{"kind":"piste","difficulty":"easy","name":null,"aerialway":null,"osm":"way/329582779"},"geometry":{"type":"LineString","coordinates":[[12.19233,47.46479],[12.19115,47.46506],[12.19017,47.46505],[12.18984,47.46499],[12.18975,47.4648],[12.18934,47.46459]]}},{"type":"Feature","properties":{"kind":"piste","difficulty":"intermediate","name":"Hohe Salve - Rigi","aerialway":null,"osm":"way/329582784"},"geometry":{"type":"LineString","coordinates":[[12.20087,47.46497],[12.20089,47.46472],[12.20048,47.46442]]}},{"type":"Feature","properties":{"kind":"piste","difficulty":"advanced","name":"Lärchenhang","aerialway":null,"osm":"way/329582785"},"geometry":{"type":"LineString","coordinates":[[12.20022,47.46637],[12.1974,47.46711],[12.19731,47.46725],[12.19736,47.46743],[12.19806,47.46793],[12.19876,47.46886]]}},{"type":"Feature","properties":{"kind":"piste","difficulty":"easy","name":"Übungswiese Schneeberg","aerialway":null,"osm":"way/329586503"},"geometry":{"type":"LineString","coordinates":[[12.22201,47.42858],[12.22221,47.42854],[12.22235,47.42878],[12.22212,47.42917],[12.22153,47.42965],[12.22079,47.42988],[12.21692,47.43185],[12.21666,47.43177],[12.21673,47.43165]]}},{"type":"Feature","properties":{"kind":"piste","difficulty":"easy","name":"Familienabfahrt","aerialway":null,"osm":"way/329586504"},"geometry":{"type":"LineString","coordinates":[[12.22028,47.42242],[12.21962,47.42266],[12.2183,47.42266],[12.21651,47.42294],[12.21611,47.42357],[12.21673,47.42461],[12.21673,47.42514],[12.21931,47.42764],[12.21959,47.42832],[12.21975,47.42898],[12.21951,47.42978],[12.21861,47.43098]]}},{"type":"Feature","properties":{"kind":"piste","difficulty":"easy","name":"Stöcklabfahrt","aerialway":null,"osm":"way/329629013"},"geometry":{"type":"LineString","coordinates":[[12.19713,47.47812],[12.19658,47.47891],[12.19597,47.47928],[12.19427,47.47987]]}},{"type":"Feature","properties":{"kind":"piste","difficulty":"intermediate","name":null,"aerialway":null,"osm":"way/329697661"},"geometry":{"type":"LineString","coordinates":[[12.21906,47.46214],[12.22084,47.46124]]}},{"type":"Feature","properties":{"kind":"piste","difficulty":"easy","name":null,"aerialway":null,"osm":"way/329697662"},"geometry":{"type":"LineString","coordinates":[[12.21826,47.46656],[12.2196,47.4654],[12.22018,47.46466],[12.22086,47.46418],[12.22096,47.46374],[12.22273,47.46282],[12.22317,47.46242],[12.22474,47.46156]]}},{"type":"Feature","properties":{"kind":"piste","difficulty":"intermediate","name":"Kummeralmbahn Abfahrt II","aerialway":null,"osm":"way/329700736"},"geometry":{"type":"LineString","coordinates":[[12.2601,47.48106],[12.26085,47.48087],[12.26138,47.4809],[12.26149,47.48112],[12.26132,47.48192],[12.26146,47.48199],[12.26259,47.48116],[12.26316,47.48095]]}},{"type":"Feature","properties":{"kind":"piste","difficulty":"intermediate","name":"Südhang - Abfahrten","aerialway":null,"osm":"way/329703677"},"geometry":{"type":"LineString","coordinates":[[12.2449,47.49049],[12.24088,47.48768],[12.23923,47.48633]]}},{"type":"Feature","properties":{"kind":"piste","difficulty":"easy","name":null,"aerialway":null,"osm":"way/329749388"},"geometry":{"type":"LineString","coordinates":[[12.21495,47.47274],[12.2146,47.47336],[12.21453,47.4738],[12.21412,47.47411],[12.21409,47.47452],[12.21358,47.47529],[12.21253,47.47581],[12.21176,47.47595],[12.21133,47.47589],[12.211,47.47562],[12.21059,47.47565],[12.21035,47.47552]]}},{"type":"Feature","properties":{"kind":"piste","difficulty":"easy","name":"Knollnabfahrt","aerialway":null,"osm":"way/329842531"},"geometry":{"type":"LineString","coordinates":[[12.19679,47.49603],[12.19714,47.4962],[12.19651,47.49695],[12.19619,47.49763],[12.19635,47.49824],[12.19569,47.49904],[12.19523,47.49911]]}},{"type":"Feature","properties":{"kind":"piste","difficulty":"easy","name":null,"aerialway":null,"osm":"way/329842532"},"geometry":{"type":"LineString","coordinates":[[12.19519,47.49912],[12.19557,47.49952],[12.19652,47.49995],[12.19733,47.49924],[12.19771,47.49813],[12.19637,47.49767],[12.19676,47.49705],[12.19714,47.4968],[12.19769,47.49689],[12.19782,47.49666],[12.19766,47.49595],[12.19748,47.49589],[12.19747,47.49558],[12.19684,47.49576],[12.19519,47.49912]]}},{"type":"Feature","properties":{"kind":"piste","difficulty":"easy","name":null,"aerialway":null,"osm":"way/330027373"},"geometry":{"type":"LineString","coordinates":[[12.19172,47.48052],[12.19138,47.48056],[12.19132,47.48044],[12.19158,47.48005],[12.19149,47.4799],[12.19221,47.47934],[12.19228,47.4792],[12.19204,47.47903],[12.19308,47.47895],[12.19403,47.47916],[12.19596,47.47778],[12.19582,47.47773],[12.19589,47.47756],[12.19634,47.47738],[12.19689,47.47694],[12.19711,47.47726],[12.1966,47.47769],[12.197,47.47779],[12.1972,47.47834],[12.19711,47.47858],[12.19741,47.47946],[12.19685,47.47971],[12.19666,47.48007],[12.19757,47.48032],[12.19741,47.48082],[12.19517,47.48022],[12.19318,47.47985],[12.19172,47.48016],[12.19155,47.48037],[12.19172,47.48052]]}},{"type":"Feature","properties":{"kind":"piste","difficulty":"intermediate","name":"31, 31a, 31b","aerialway":null,"osm":"way/330027374"},"geometry":{"type":"LineString","coordinates":[[12.18998,47.47399],[12.18954,47.47451],[12.18935,47.47504],[12.18936,47.47516],[12.18953,47.47518]]}},{"type":"Feature","properties":{"kind":"piste","difficulty":"easy","name":null,"aerialway":null,"osm":"way/330194414"},"geometry":{"type":"LineString","coordinates":[[12.19982,47.4789],[12.19873,47.47956],[12.19826,47.48023],[12.1981,47.48099]]}},{"type":"Feature","properties":{"kind":"piste","difficulty":"intermediate","name":"Keatabfahrt","aerialway":null,"osm":"way/330236254"},"geometry":{"type":"LineString","coordinates":[[12.20289,47.46982],[12.20204,47.4698],[12.20113,47.47188],[12.19988,47.47082],[12.20052,47.46974],[12.19999,47.46955],[12.1993,47.47063],[12.19841,47.47047],[12.19829,47.47065],[12.19901,47.47089],[12.20085,47.47223],[12.20072,47.47337],[12.20037,47.47415],[12.2,47.47449],[12.19826,47.47552],[12.19804,47.47613],[12.19689,47.47694],[12.19711,47.47726],[12.197,47.47779],[12.1972,47.47834],[12.19784,47.47768],[12.1983,47.47747],[12.19832,47.47813],[12.19803,47.47979],[12.19822,47.48027],[12.19858,47.48012],[12.19889,47.48033],[12.1992,47.4803],[12.20142,47.47367],[12.20198,47.47318],[12.20214,47.47321],[12.20257,47.47196],[12.2036,47.47017],[12.20289,47.46982]]}},{"type":"Feature","properties":{"kind":"piste","difficulty":"easy","name":null,"aerialway":null,"osm":"way/330239096"},"geometry":{"type":"LineString","coordinates":[[12.19796,47.48001],[12.19678,47.48055]]}},{"type":"Feature","properties":{"kind":"piste","difficulty":"easy","name":"Salvenmoos","aerialway":null,"osm":"way/330239437"},"geometry":{"type":"LineString","coordinates":[[12.19437,47.48378],[12.19467,47.48385],[12.19494,47.48362],[12.19549,47.4829],[12.19538,47.4825],[12.19571,47.4822],[12.19618,47.48202],[12.19732,47.48081],[12.19653,47.48063],[12.19495,47.48227],[12.19439,47.48348],[12.19437,47.48378]]}},{"type":"Feature","properties":{"kind":"piste","difficulty":"easy","name":"Übungswiese Samerfeld","aerialway":null,"osm":"way/330855440"},"geometry":{"type":"LineString","coordinates":[[12.2191,47.42874],[12.21693,47.42807],[12.21457,47.42752]]}},{"type":"Feature","properties":{"kind":"piste","difficulty":"easy","name":"Familienabfahrt","aerialway":null,"osm":"way/330856975"},"geometry":{"type":"LineString","coordinates":[[12.22635,47.42357],[12.22404,47.42223],[12.22283,47.42179],[12.22175,47.42169],[12.22138,47.42146],[12.22071,47.42142],[12.22018,47.42224],[12.22034,47.42253],[12.22138,47.42326],[12.22155,47.42436],[12.22145,47.42487]]}},{"type":"Feature","properties":{"kind":"piste","difficulty":"easy","name":"Rinnerabfahrt","aerialway":null,"osm":"way/330908307"},"geometry":{"type":"LineString","coordinates":[[12.1846,47.48119],[12.18433,47.48107],[12.18484,47.48052],[12.18612,47.47968],[12.18975,47.47843],[12.19145,47.47923],[12.19178,47.47963],[12.19149,47.4799],[12.19102,47.47957],[12.19027,47.4793],[12.18905,47.47906],[12.18642,47.47994],[12.1851,47.48071],[12.1846,47.48119]]}},{"type":"Feature","properties":{"kind":"piste","difficulty":"intermediate","name":"Hohe Salve - Kraftalmabfahrt","aerialway":null,"osm":"way/330909352"},"geometry":{"type":"LineString","coordinates":[[12.18713,47.47856],[12.18796,47.478],[12.18667,47.4777],[12.18659,47.47827],[12.18713,47.47856]]}},{"type":"Feature","properties":{"kind":"piste","difficulty":"intermediate","name":"Hohe Salve - Kraftalmabfahrt","aerialway":null,"osm":"way/330909353"},"geometry":{"type":"LineString","coordinates":[[12.18384,47.473],[12.1837,47.47294],[12.18348,47.47309],[12.18348,47.47332],[12.18545,47.475],[12.18579,47.47503],[12.18537,47.47425],[12.1856,47.47413],[12.18537,47.47386],[12.18468,47.47361],[12.18384,47.473]]}},{"type":"Feature","properties":{"kind":"piste","difficulty":"intermediate","name":"Kraftalm - Kasbichl b","aerialway":null,"osm":"way/330909751"},"geometry":{"type":"LineString","coordinates":[[12.18609,47.47391],[12.1856,47.47413],[12.18537,47.47386],[12.18754,47.47334],[12.1885,47.47329],[12.18979,47.47361],[12.18726,47.47401],[12.18609,47.47391]]}},{"type":"Feature","properties":{"kind":"piste","difficulty":"intermediate","name":null,"aerialway":null,"osm":"way/330928882"},"geometry":{"type":"LineString","coordinates":[[12.20191,47.46526],[12.20266,47.46562],[12.20353,47.46533],[12.20287,47.46491],[12.20303,47.46476],[12.20293,47.46472],[12.20202,47.46504],[12.20191,47.46526]]}},{"type":"Feature","properties":{"kind":"piste","difficulty":"intermediate","name":null,"aerialway":null,"osm":"way/330928883"},"geometry":{"type":"LineString","coordinates":[[12.20138,47.46445],[12.20076,47.46462],[12.20079,47.46484],[12.19888,47.46592],[12.19651,47.46629],[12.19577,47.46628],[12.19368,47.46523],[12.19183,47.46504],[12.19235,47.46467],[12.19221,47.46453],[12.19227,47.46431],[12.19446,47.46542],[12.195,47.46551],[12.19577,47.4654],[12.19612,47.4652],[12.20047,47.46457],[12.20065,47.4643],[12.20092,47.46425],[12.20131,47.46423],[12.20138,47.46445]]}},{"type":"Feature","properties":{"kind":"piste","difficulty":"intermediate","name":"Rigiabfahrt","aerialway":null,"osm":"way/330928884"},"geometry":{"type":"LineString","coordinates":[[12.20065,47.4643],[12.20047,47.46457],[12.19877,47.46471],[12.19446,47.46542],[12.19227,47.46431],[12.19355,47.46426],[12.19805,47.46454],[12.20065,47.4643]]}},{"type":"Feature","properties":{"kind":"piste","difficulty":"intermediate","name":"Rigiabfahrt","aerialway":null,"osm":"way/330928885"},"geometry":{"type":"LineString","coordinates":[[12.19489,47.46582],[12.19368,47.46523],[12.19151,47.46503],[12.19097,47.46557],[12.18971,47.4663],[12.18954,47.46658],[12.19076,47.46637],[12.19146,47.46609],[12.19349,47.46584],[12.19489,47.46582]]}},{"type":"Feature","properties":{"kind":"piste","difficulty":"intermediate","name":"Rigi-Mittelstation Hopfgarten","aerialway":null,"osm":"way/330930085"},"geometry":{"type":"LineString","coordinates":[[12.18918,47.46415],[12.18894,47.4644],[12.18771,47.46361],[12.18854,47.46475],[12.18803,47.46487],[12.18703,47.46324],[12.18736,47.46295],[12.18752,47.46297],[12.18918,47.46415]]}},{"type":"Feature","properties":{"kind":"piste","difficulty":"intermediate","name":"Hohe Salve - Rigi - Mittelstation","aerialway":null,"osm":"way/330930086"},"geometry":{"type":"LineString","coordinates":[[12.19075,47.46386],[12.19172,47.46393],[12.19127,47.46321],[12.1893,47.46148],[12.18886,47.46171],[12.18879,47.46198],[12.18896,47.46192],[12.19075,47.46386]]}},{"type":"Feature","properties":{"kind":"piste","difficulty":"easy","name":"Foischingabfahrt","aerialway":null,"osm":"way/330962421"},"geometry":{"type":"LineString","coordinates":[[12.20227,47.45915],[12.2009,47.45974],[12.19902,47.45927],[12.19902,47.45905],[12.19954,47.45831],[12.20047,47.45782],[12.20101,47.45652]]}},{"type":"Feature","properties":{"kind":"piste","difficulty":"easy","name":null,"aerialway":null,"osm":"way/330971351"},"geometry":{"type":"LineString","coordinates":[[12.19183,47.46426],[12.19233,47.46479]]}},{"type":"Feature","properties":{"kind":"piste","difficulty":"advanced","name":"Südabfahrt-Hohe Salve","aerialway":null,"osm":"way/330972695"},"geometry":{"type":"LineString","coordinates":[[12.20489,47.46487],[12.20519,47.46496],[12.20611,47.46404],[12.20717,47.46217],[12.20648,47.4616],[12.2055,47.46339],[12.20489,47.46487]]}},{"type":"Feature","properties":{"kind":"piste","difficulty":"intermediate","name":"2 Kälberalm Abfahrt","aerialway":null,"osm":"way/330977185"},"geometry":{"type":"LineString","coordinates":[[12.20652,47.46128],[12.20808,47.46092]]}},{"type":"Feature","properties":{"kind":"piste","difficulty":"intermediate","name":"Kälberalm Abfahrt","aerialway":null,"osm":"way/330981862"},"geometry":{"type":"LineString","coordinates":[[12.20744,47.462],[12.20661,47.46108],[12.20825,47.46038],[12.21005,47.46003],[12.21228,47.46028],[12.2134,47.46073],[12.21501,47.46171],[12.21663,47.46219],[12.22044,47.46175],[12.22141,47.46187],[12.22201,47.46163],[12.22342,47.4616],[12.22338,47.46187],[12.22191,47.46196],[12.22102,47.4623],[12.21977,47.46212],[12.21941,47.46235],[12.21678,47.46259],[12.21318,47.4616],[12.21241,47.46098],[12.212,47.46094],[12.20912,47.46106],[12.20806,47.4614],[12.20744,47.462]]}},{"type":"Feature","properties":{"kind":"piste","difficulty":"intermediate","name":"Kälberalm Südabfahrt","aerialway":null,"osm":"way/330981863"},"geometry":{"type":"LineString","coordinates":[[12.21239,47.46038],[12.21228,47.46028],[12.21297,47.46015],[12.2139,47.45971],[12.21771,47.45945],[12.21759,47.46062],[12.21792,47.4608],[12.22069,47.46107],[12.22299,47.46089],[12.22453,47.46136],[12.22342,47.4616],[12.2226,47.46141],[12.22094,47.4614],[12.21738,47.46103],[12.21718,47.46054],[12.21735,47.4603],[12.21731,47.45994],[12.21654,47.45975],[12.21581,47.45991],[12.21394,47.45998],[12.21239,47.46038]]}},{"type":"Feature","properties":{"kind":"piste","difficulty":"easy","name":null,"aerialway":null,"osm":"way/330981864"},"geometry":{"type":"LineString","coordinates":[[12.22474,47.46156],[12.22752,47.46101]]}},{"type":"Feature","properties":{"kind":"piste","difficulty":"easy","name":"Filzboden Abfahrt","aerialway":null,"osm":"way/330982805"},"geometry":{"type":"LineString","coordinates":[[12.22039,47.46315],[12.22041,47.46297],[12.22063,47.46297],[12.22262,47.46418],[12.22381,47.46513],[12.22439,47.46611],[12.22385,47.46637],[12.22329,47.46689],[12.22294,47.46673],[12.22343,47.46641],[12.22359,47.46593],[12.22321,47.46504],[12.22265,47.46442],[12.22039,47.46315]]}},{"type":"Feature","properties":{"kind":"piste","difficulty":"intermediate","name":"Silleralmabfahrt","aerialway":null,"osm":"way/330983878"},"geometry":{"type":"LineString","coordinates":[[12.21747,47.4734],[12.21841,47.47385],[12.21871,47.47382],[12.21874,47.4737]]}},{"type":"Feature","properties":{"kind":"piste","difficulty":"intermediate","name":"Silleralmabfahrt","aerialway":null,"osm":"way/330984710"},"geometry":{"type":"LineString","coordinates":[[12.21175,47.47002],[12.2105,47.4705],[12.20942,47.46941],[12.20956,47.46927],[12.21036,47.46952],[12.21083,47.46905],[12.21342,47.46933],[12.21541,47.47013],[12.21745,47.47123],[12.21835,47.47212],[12.21827,47.47239],[12.21767,47.47333],[12.21724,47.47317],[12.21763,47.47248],[12.21755,47.47221],[12.21636,47.47145],[12.21522,47.47097],[12.21491,47.47068],[12.2135,47.4702],[12.21175,47.47002]]}},{"type":"Feature","properties":{"kind":"piste","difficulty":"intermediate","name":"Silleralmabfahrt","aerialway":null,"osm":"way/330987498"},"geometry":{"type":"LineString","coordinates":[[12.21003,47.47059],[12.20942,47.4708],[12.20981,47.47124],[12.20987,47.4715],[12.21101,47.47199],[12.2133,47.47232],[12.21603,47.47349],[12.2183,47.47387],[12.21845,47.47373],[12.21698,47.47301],[12.21609,47.47292],[12.21466,47.47208],[12.21036,47.47123],[12.21003,47.47059]]}},{"type":"Feature","properties":{"kind":"piste","difficulty":"easy","name":null,"aerialway":null,"osm":"way/330987500"},"geometry":{"type":"LineString","coordinates":[[12.21342,47.47212],[12.21325,47.47241]]}},{"type":"Feature","properties":{"kind":"piste","difficulty":"intermediate","name":"Filzboden Abfahrt","aerialway":null,"osm":"way/330989579"},"geometry":{"type":"LineString","coordinates":[[12.22294,47.46673],[12.22329,47.46689],[12.22303,47.46707],[12.22243,47.46711],[12.21944,47.46642],[12.21693,47.46711],[12.2161,47.46757],[12.2155,47.46734],[12.21491,47.46826],[12.21395,47.46906],[12.21342,47.46933],[12.21271,47.46921],[12.21347,47.46895],[12.21455,47.46824],[12.21543,47.46724],[12.21731,47.46673],[12.21923,47.46602],[12.2224,47.46683],[12.22294,47.46673]]}},{"type":"Feature","properties":{"kind":"piste","difficulty":"intermediate","name":"Silleralmabfahrt","aerialway":null,"osm":"way/330991546"},"geometry":{"type":"LineString","coordinates":[[12.21422,47.46534],[12.21409,47.46455],[12.21392,47.46433],[12.21335,47.46393],[12.21189,47.46351],[12.21192,47.46383],[12.21358,47.46447],[12.21388,47.46479],[12.21385,47.46584],[12.21543,47.46724],[12.21629,47.46705],[12.21542,47.46675],[12.21422,47.46534]]}},{"type":"Feature","properties":{"kind":"piste","difficulty":"easy","name":"Keat - Antlasseeabfahrt","aerialway":null,"osm":"way/330992610"},"geometry":{"type":"LineString","coordinates":[[12.20766,47.46997],[12.2081,47.46967],[12.20854,47.46996],[12.20909,47.47054],[12.20906,47.47132],[12.20868,47.47143],[12.20831,47.47028],[12.20766,47.46997]]}},{"type":"Feature","properties":{"kind":"piste","difficulty":"intermediate","name":"Hohe Salve - Rigi - Mittelstation","aerialway":null,"osm":"way/330993402"},"geometry":{"type":"LineString","coordinates":[[12.18923,47.45929],[12.19132,47.46072],[12.19239,47.46055],[12.19294,47.46066],[12.19314,47.46088],[12.19317,47.46129],[12.19302,47.46139],[12.19115,47.46162],[12.19076,47.46182],[12.19049,47.46255],[12.19085,47.46281],[12.19109,47.46181],[12.19335,47.46139],[12.19352,47.46112],[12.19332,47.46054],[12.19388,47.46033],[12.191,47.45815],[12.18957,47.45724],[12.18753,47.45658],[12.18604,47.45643],[12.18604,47.45657],[12.1872,47.45681],[12.18819,47.45726],[12.18957,47.45867],[12.18921,47.45905],[12.18923,47.45929]]}},{"type":"Feature","properties":{"kind":"piste","difficulty":"intermediate","name":"Hohe Salve - Rigi - Mittelstation","aerialway":null,"osm":"way/330993590"},"geometry":{"type":"LineString","coordinates":[[12.18604,47.45643],[12.18593,47.45663],[12.18553,47.4565],[12.18573,47.45632],[12.18604,47.45643]]}},{"type":"Feature","properties":{"kind":"piste","difficulty":"easy","name":null,"aerialway":null,"osm":"way/330996588"},"geometry":{"type":"LineString","coordinates":[[12.18578,47.45644],[12.18483,47.45627],[12.18419,47.45631]]}},{"type":"Feature","properties":{"kind":"piste","difficulty":"intermediate","name":"Schernthannabfahrt","aerialway":null,"osm":"way/330996590"},"geometry":{"type":"LineString","coordinates":[[12.20049,47.4598],[12.20091,47.46014],[12.20045,47.46036],[12.20137,47.46084],[12.20009,47.46048],[12.19713,47.46041],[12.19587,47.46025],[12.19501,47.45992],[12.19321,47.45893],[12.19197,47.45813],[12.19124,47.45737],[12.19,47.45672],[12.18886,47.45655],[12.18635,47.45651],[12.18878,47.45638],[12.18741,47.45608],[12.18724,47.45591],[12.18754,47.45576],[12.18794,47.45597],[12.19216,47.45686],[12.19249,47.45786],[12.19433,47.45912],[12.19513,47.45943],[12.19812,47.46005],[12.19958,47.4601],[12.20049,47.4598]]}},{"type":"Feature","properties":{"kind":"piste","difficulty":"intermediate","name":null,"aerialway":null,"osm":"way/331093415"},"geometry":{"type":"LineString","coordinates":[[12.19447,47.46039],[12.19495,47.4604],[12.19576,47.46017],[12.19587,47.46025],[12.19446,47.46066],[12.19345,47.46049],[12.19388,47.46033],[12.19447,47.46039]]}},{"type":"Feature","properties":{"kind":"piste","difficulty":"intermediate","name":null,"aerialway":null,"osm":"way/331094066"},"geometry":{"type":"LineString","coordinates":[[12.19114,47.45827],[12.19218,47.45827],[12.19197,47.45813],[12.191,47.45815],[12.19114,47.45827]]}},{"type":"Feature","properties":{"kind":"piste","difficulty":"intermediate","name":"Silleralmabfahrt","aerialway":null,"osm":"way/331095878"},"geometry":{"type":"LineString","coordinates":[[12.2156,47.46737],[12.2161,47.46757],[12.21541,47.47013],[12.21509,47.47004],[12.2156,47.46737]]}},{"type":"Feature","properties":{"kind":"piste","difficulty":"intermediate","name":"Silleralmabfahrt","aerialway":null,"osm":"way/331095879"},"geometry":{"type":"LineString","coordinates":[[12.21559,47.47112],[12.21522,47.47097],[12.21481,47.47217],[12.21512,47.47234],[12.21559,47.47112]]}},{"type":"Feature","properties":{"kind":"piste","difficulty":"easy","name":null,"aerialway":null,"osm":"way/331099343"},"geometry":{"type":"LineString","coordinates":[[12.22701,47.46088],[12.22698,47.46071],[12.22789,47.46101],[12.22755,47.46128],[12.22491,47.46171],[12.22321,47.46237],[12.22342,47.4616],[12.22621,47.46113],[12.22701,47.46088]]}},{"type":"Feature","properties":{"kind":"piste","difficulty":"advanced","name":"Black Eagle","aerialway":null,"osm":"way/331136551"},"geometry":{"type":"LineString","coordinates":[[12.19751,47.47022],[12.19809,47.47037],[12.20007,47.46697],[12.20048,47.46651],[12.2008,47.46626],[12.20266,47.46562],[12.20218,47.46542],[12.20003,47.46621],[12.19964,47.46671],[12.1987,47.46854],[12.19751,47.47022]]}},{"type":"Feature","properties":{"kind":"piste","difficulty":"advanced","name":"Lärchenhang","aerialway":null,"osm":"way/331136846"},"geometry":{"type":"LineString","coordinates":[[12.20003,47.46621],[12.19964,47.46671],[12.19743,47.4673],[12.19755,47.46753],[12.19811,47.4679],[12.1987,47.46854],[12.19845,47.46876],[12.19795,47.46797],[12.19728,47.46746],[12.19721,47.46706],[12.1976,47.46684],[12.20003,47.46621]]}},{"type":"Feature","properties":{"kind":"piste","difficulty":"intermediate","name":"Talkaserabfahrt","aerialway":null,"osm":"way/331148265"},"geometry":{"type":"LineString","coordinates":[[12.24753,47.41291],[12.24737,47.41241],[12.24841,47.41228],[12.24872,47.41201],[12.24825,47.41156],[12.24829,47.41145],[12.24869,47.41167],[12.24932,47.41166],[12.2527,47.41099],[12.25311,47.41125],[12.25264,47.41125],[12.25233,47.41143],[12.25213,47.41175],[12.25261,47.41197],[12.25384,47.41189],[12.25395,47.41205],[12.25314,47.41246],[12.25019,47.41293],[12.24794,47.41303],[12.24753,47.41291]]}},{"type":"Feature","properties":{"kind":"piste","difficulty":"intermediate","name":null,"aerialway":null,"osm":"way/331207077"},"geometry":{"type":"LineString","coordinates":[[12.24009,47.47458],[12.23894,47.47421],[12.238,47.47407],[12.23606,47.47413]]}},{"type":"Feature","properties":{"kind":"piste","difficulty":"intermediate","name":"Filzboden Abfahrt","aerialway":null,"osm":"way/331236628"},"geometry":{"type":"LineString","coordinates":[[12.24117,47.47685],[12.24129,47.47677],[12.24051,47.47616],[12.23892,47.47519],[12.23398,47.47269],[12.23392,47.47238],[12.23352,47.47198],[12.23287,47.47161],[12.23227,47.47094],[12.23223,47.4688],[12.232,47.46846],[12.23114,47.46768],[12.23035,47.46747],[12.22939,47.46701],[12.22872,47.46641],[12.22886,47.46605],[12.22799,47.46544],[12.22706,47.46551],[12.22591,47.46583],[12.22485,47.46576],[12.22431,47.46597],[12.22439,47.46611],[12.2254,47.46593],[12.22589,47.46603],[12.22757,47.46576],[12.22815,47.46618],[12.22911,47.46724],[12.23046,47.46777],[12.23124,47.46829],[12.23143,47.46856],[12.23152,47.47123],[12.23345,47.47294],[12.23565,47.47428],[12.23683,47.47446],[12.24117,47.47685]]}},{"type":"Feature","properties":{"kind":"piste","difficulty":"easy","name":"Hochbrixen Abfahrt","aerialway":null,"osm":"way/331241864"},"geometry":{"type":"LineString","coordinates":[[12.24833,47.47731],[12.24842,47.47714],[12.2449,47.47632],[12.24329,47.47434],[12.24246,47.47238],[12.24268,47.47159],[12.24241,47.47104],[12.24046,47.4696],[12.23963,47.46805],[12.23882,47.46777],[12.23533,47.46739],[12.23513,47.4672],[12.23497,47.46744],[12.23511,47.46748],[12.23668,47.46776],[12.23883,47.46795],[12.23971,47.46934],[12.24195,47.47088],[12.24212,47.47135],[12.24205,47.47242],[12.24281,47.47375],[12.24285,47.47436],[12.24307,47.47474],[12.24466,47.47642],[12.24548,47.47686],[12.24704,47.47739],[12.24764,47.47746],[12.24833,47.47731]]}},{"type":"Feature","properties":{"kind":"piste","difficulty":"easy","name":"Holzalm Abfahrt","aerialway":null,"osm":"way/331245372"},"geometry":{"type":"LineString","coordinates":[[12.24129,47.47677],[12.24154,47.47657],[12.24128,47.47632],[12.24119,47.47579],[12.24127,47.47459],[12.24161,47.47396],[12.24244,47.47313],[12.24205,47.47242],[12.24203,47.47208],[12.24087,47.47368],[12.24065,47.47439],[12.23978,47.47475],[12.24019,47.47526],[12.24061,47.47609],[12.24129,47.47677]]}},{"type":"Feature","properties":{"kind":"piste","difficulty":"easy","name":"Holzalm Abfahrt","aerialway":null,"osm":"way/331246655"},"geometry":{"type":"LineString","coordinates":[[12.24274,47.47306],[12.24246,47.47238],[12.24264,47.47148],[12.24496,47.47063],[12.24527,47.46873],[12.24522,47.46747],[12.24565,47.46475],[12.24563,47.46277],[12.24618,47.463],[12.24622,47.46477],[12.24579,47.46749],[12.24595,47.46871],[12.24542,47.47147],[12.24518,47.47208],[12.24404,47.47314],[12.24302,47.47364],[12.24281,47.47325],[12.24367,47.47297],[12.24426,47.47246],[12.2447,47.47189],[12.24496,47.47112],[12.24323,47.47203],[12.24274,47.47306]]}},{"type":"Feature","properties":{"kind":"piste","difficulty":"easy","name":null,"aerialway":null,"osm":"way/331249381"},"geometry":{"type":"LineString","coordinates":[[12.24527,47.47071],[12.24876,47.47069]]}},{"type":"Feature","properties":{"kind":"piste","difficulty":"intermediate","name":"Joch Abfahrt","aerialway":null,"osm":"way/331250304"},"geometry":{"type":"LineString","coordinates":[[12.24852,47.47708],[12.24767,47.47426],[12.24719,47.47345],[12.24736,47.47195],[12.24836,47.47081],[12.24919,47.47048],[12.25014,47.46949],[12.24842,47.46994],[12.24673,47.47009],[12.2456,47.47066],[12.24562,47.47043],[12.24663,47.46993],[12.24837,47.46976],[12.25021,47.46926],[12.25024,47.46915],[12.25101,47.46882],[12.25135,47.46902],[12.24978,47.47032],[12.2483,47.47119],[12.24768,47.47234],[12.2477,47.47339],[12.24821,47.4741],[12.24892,47.47649],[12.24896,47.47699],[12.24852,47.47708]]}},{"type":"Feature","properties":{"kind":"piste","difficulty":"easy","name":"Joch Abfahrt","aerialway":null,"osm":"way/331252685"},"geometry":{"type":"LineString","coordinates":[[12.25569,47.47346],[12.25628,47.47307],[12.25585,47.47227],[12.25473,47.47111],[12.25391,47.47101],[12.25266,47.47116],[12.25237,47.47077],[12.25248,47.46969],[12.25222,47.46918],[12.2509,47.46848],[12.24999,47.46816],[12.25016,47.46837],[12.25214,47.4695],[12.25203,47.4708],[12.25256,47.47135],[12.25301,47.47144],[12.25409,47.47128],[12.25478,47.47158],[12.25551,47.47279],[12.25569,47.47346]]}},{"type":"Feature","properties":{"kind":"piste","difficulty":"easy","name":"Tanzer Abfahrt","aerialway":null,"osm":"way/331252992"},"geometry":{"type":"LineString","coordinates":[[12.2495,47.47707],[12.25134,47.47597],[12.25584,47.47383],[12.25687,47.47314],[12.25665,47.47291],[12.25628,47.47307],[12.25488,47.47394],[12.25124,47.47567],[12.24923,47.47699],[12.2495,47.47707]]}},{"type":"Feature","properties":{"kind":"piste","difficulty":"intermediate","name":null,"aerialway":null,"osm":"way/331304250"},"geometry":{"type":"LineString","coordinates":[[12.24029,47.4893],[12.24005,47.48897],[12.24021,47.48855]]}},{"type":"Feature","properties":{"kind":"piste","difficulty":"intermediate","name":null,"aerialway":null,"osm":"way/331304251"},"geometry":{"type":"LineString","coordinates":[[12.24273,47.49103],[12.24198,47.491]]}},{"type":"Feature","properties":{"kind":"piste","difficulty":"easy","name":"Babylift - Abfahrt","aerialway":null,"osm":"way/331304252"},"geometry":{"type":"LineString","coordinates":[[12.24532,47.49222],[12.24509,47.49215],[12.2438,47.49241]]}},{"type":"Feature","properties":{"kind":"piste","difficulty":"easy","name":"Verbindung Südhang Osthang","aerialway":null,"osm":"way/331304253"},"geometry":{"type":"LineString","coordinates":[[12.2449,47.49049],[12.24497,47.49007],[12.24559,47.48952],[12.24992,47.48759]]}},{"type":"Feature","properties":{"kind":"piste","difficulty":"intermediate","name":"Skimovie Strecke","aerialway":null,"osm":"way/331304255"},"geometry":{"type":"LineString","coordinates":[[12.24198,47.491],[12.24029,47.4893]]}},{"type":"Feature","properties":{"kind":"piste","difficulty":"intermediate","name":"Kummeralmbahn Abfahrt","aerialway":null,"osm":"way/331449940"},"geometry":{"type":"LineString","coordinates":[[12.25733,47.4834],[12.25828,47.48238],[12.25947,47.48157],[12.26139,47.47995],[12.26236,47.47955],[12.26276,47.4796],[12.26403,47.48046],[12.26461,47.48066],[12.26485,47.48085],[12.26476,47.48092]]}},{"type":"Feature","properties":{"kind":"piste","difficulty":"easy","name":null,"aerialway":null,"osm":"way/331450430"},"geometry":{"type":"LineString","coordinates":[[12.25375,47.48138],[12.25336,47.48139],[12.25324,47.4815],[12.25325,47.4818]]}},{"type":"Feature","properties":{"kind":"piste","difficulty":"easy","name":"Verbindung Eiberg - Ellmau/Going","aerialway":null,"osm":"way/331453199"},"geometry":{"type":"LineString","coordinates":[[12.25325,47.4818],[12.25417,47.48192],[12.25503,47.48329],[12.25698,47.485],[12.26024,47.48535],[12.26145,47.4856]]}},{"type":"Feature","properties":{"kind":"piste","difficulty":"intermediate","name":"Eiberg II - Abfahrten","aerialway":null,"osm":"way/331453200"},"geometry":{"type":"LineString","coordinates":[[12.25325,47.4818],[12.25287,47.48188],[12.25228,47.48279],[12.25144,47.48334],[12.25097,47.48401],[12.25078,47.48487],[12.25074,47.48609]]}},{"type":"Feature","properties":{"kind":"piste","difficulty":"intermediate","name":"Südhang - Abfahrt I","aerialway":null,"osm":"way/331499741"},"geometry":{"type":"LineString","coordinates":[[12.23917,47.48656],[12.23908,47.48644],[12.23927,47.48635],[12.23966,47.48635],[12.24032,47.48666],[12.24151,47.48668],[12.24179,47.48679],[12.24475,47.4901],[12.24448,47.49037],[12.24471,47.49056],[12.2439,47.49088],[12.24371,47.49137],[12.24263,47.49037],[12.24315,47.49046],[12.2436,47.49003],[12.24081,47.48813],[12.23917,47.48656]]}},{"type":"Feature","properties":{"kind":"piste","difficulty":"intermediate","name":"Südhang - Abfahrt II","aerialway":null,"osm":"way/331499742"},"geometry":{"type":"LineString","coordinates":[[12.24001,47.48891],[12.24013,47.48825],[12.24049,47.48789],[12.24048,47.48775],[12.24081,47.48813],[12.2405,47.48819],[12.2404,47.48835],[12.24181,47.48951],[12.24371,47.49137],[12.2438,47.49159],[12.24408,47.49175],[12.24449,47.49176],[12.24475,47.49196],[12.24318,47.49208],[12.2423,47.49156],[12.2419,47.49111],[12.24208,47.49085],[12.24001,47.48891]]}},{"type":"Feature","properties":{"kind":"piste","difficulty":"easy","name":"Verbindung Osthang-Sudhang","aerialway":null,"osm":"way/331499743"},"geometry":{"type":"LineString","coordinates":[[12.24317,47.48628],[12.24303,47.48623],[12.24318,47.48618],[12.24451,47.48629],[12.24718,47.48676],[12.25032,47.48687],[12.24711,47.48695],[12.24317,47.48628]]}},{"type":"Feature","properties":{"kind":"piste","difficulty":"easy","name":"Verbindung Südhang Osthang","aerialway":null,"osm":"way/331500740"},"geometry":{"type":"LineString","coordinates":[[12.24527,47.49127],[12.24516,47.49102],[12.24448,47.49037],[12.24475,47.4901],[12.24497,47.49006],[12.24561,47.49122],[12.24622,47.49154],[12.24505,47.49183],[12.24527,47.49127]]}},{"type":"Feature","properties":{"kind":"piste","difficulty":"easy","name":"Verbindung Osthang-Südhang","aerialway":null,"osm":"way/331502248"},"geometry":{"type":"LineString","coordinates":[[12.25149,47.48619],[12.25102,47.48679],[12.25028,47.48687],[12.24717,47.48682],[12.24317,47.48624],[12.24252,47.48626],[12.24152,47.48671],[12.24106,47.48674],[12.2403,47.48669],[12.23962,47.48635],[12.23916,47.48633],[12.23899,47.48646]]}},{"type":"Feature","properties":{"kind":"piste","difficulty":"easy","name":null,"aerialway":null,"osm":"way/331502249"},"geometry":{"type":"LineString","coordinates":[[12.251,47.48612],[12.25116,47.48641]]}},{"type":"Feature","properties":{"kind":"piste","difficulty":"easy","name":"Ostlift - Abfahrt","aerialway":null,"osm":"way/331502429"},"geometry":{"type":"LineString","coordinates":[[12.2536,47.48634],[12.25326,47.4864]]}},{"type":"Feature","properties":{"kind":"piste","difficulty":"easy","name":null,"aerialway":null,"osm":"way/331503405"},"geometry":{"type":"LineString","coordinates":[[12.24809,47.4906],[12.24793,47.49078],[12.24823,47.49089]]}},{"type":"Feature","properties":{"kind":"piste","difficulty":"easy","name":"Verbindung Südhang Osthang","aerialway":null,"osm":"way/331503406"},"geometry":{"type":"LineString","coordinates":[[12.24592,47.4917],[12.24552,47.49141],[12.2449,47.49049]]}},{"type":"Feature","properties":{"kind":"piste","difficulty":"easy","name":null,"aerialway":null,"osm":"way/331503407"},"geometry":{"type":"LineString","coordinates":[[12.24602,47.492],[12.24592,47.4917]]}},{"type":"Feature","properties":{"kind":"piste","difficulty":"advanced","name":"Brandstadl Talabfahrt Abfahrt S","aerialway":null,"osm":"way/331505449"},"geometry":{"type":"LineString","coordinates":[[12.2504,47.49365],[12.24965,47.49447],[12.24967,47.49473],[12.25001,47.49507],[12.25009,47.49538],[12.24977,47.49581],[12.24968,47.49636],[12.24984,47.49694],[12.25102,47.49803],[12.25123,47.49875]]}},{"type":"Feature","properties":{"kind":"piste","difficulty":"advanced","name":"Brandstadl Talabfahrt","aerialway":null,"osm":"way/331505754"},"geometry":{"type":"LineString","coordinates":[[12.24823,47.49297],[12.24975,47.49307],[12.25032,47.49322],[12.25034,47.49251],[12.24918,47.49253],[12.24891,47.49217],[12.24866,47.4912],[12.24845,47.49104],[12.24797,47.49126],[12.24828,47.49214],[12.24819,47.4924],[12.24762,47.49249],[12.24823,47.49297]]}},{"type":"Feature","properties":{"kind":"piste","difficulty":"advanced","name":"Brandstadl Talabfahrt 4EUB","aerialway":null,"osm":"way/331505755"},"geometry":{"type":"LineString","coordinates":[[12.24628,47.49187],[12.2463,47.4922],[12.24562,47.49228],[12.2462,47.49255],[12.24784,47.4928],[12.24823,47.49297],[12.24762,47.49249],[12.24645,47.49239],[12.24639,47.49229],[12.24677,47.49199],[12.24667,47.49171],[12.24628,47.49187]]}},{"type":"Feature","properties":{"kind":"piste","difficulty":"easy","name":null,"aerialway":null,"osm":"way/331511048"},"geometry":{"type":"LineString","coordinates":[[12.25198,47.48974],[12.25199,47.48955],[12.25269,47.48905],[12.25269,47.48961],[12.25186,47.4905],[12.25087,47.4923],[12.2506,47.49324],[12.25089,47.49347],[12.25166,47.49332],[12.25158,47.49351],[12.25121,47.49375],[12.2504,47.49409],[12.25024,47.49355],[12.25034,47.49251],[12.25063,47.49235],[12.25127,47.49127],[12.2514,47.49061],[12.25198,47.48974]]}},{"type":"Feature","properties":{"kind":"piste","difficulty":"advanced","name":"Brandstadl Mittelstation Abfahrt S","aerialway":null,"osm":"way/331996806"},"geometry":{"type":"LineString","coordinates":[[12.24942,47.4949],[12.24985,47.49512],[12.24966,47.49586],[12.24944,47.496],[12.24965,47.49695],[12.25081,47.49857],[12.25132,47.49822],[12.25123,47.49795],[12.25011,47.49686],[12.24996,47.49628],[12.24998,47.49584],[12.25048,47.49549],[12.24988,47.49448],[12.25032,47.4939],[12.25024,47.49355],[12.24945,47.49432],[12.24942,47.4949]]}},{"type":"Feature","properties":{"kind":"piste","difficulty":"easy","name":"Brandstadl Abfahrt Heralm","aerialway":null,"osm":"way/332003277"},"geometry":{"type":"LineString","coordinates":[[12.25123,47.50031],[12.25118,47.49953],[12.25129,47.49903],[12.25156,47.49853],[12.25249,47.49766],[12.25276,47.49703],[12.25257,47.49681],[12.25245,47.49683],[12.25259,47.49709],[12.25245,47.49734],[12.25081,47.49857],[12.25086,47.49876],[12.25065,47.49921],[12.25095,47.50034],[12.25123,47.50031]]}},{"type":"Feature","properties":{"kind":"piste","difficulty":"easy","name":"Schatzer","aerialway":null,"osm":"way/364621391"},"geometry":{"type":"LineString","coordinates":[[12.31105,47.4428],[12.31132,47.44277],[12.31177,47.44299],[12.31219,47.44392],[12.31138,47.4452]]}},{"type":"Feature","properties":{"kind":"piste","difficulty":"easy","name":"Übungswiese","aerialway":null,"osm":"way/369895189"},"geometry":{"type":"LineString","coordinates":[[12.3315,47.47384],[12.33162,47.4734],[12.33189,47.47337],[12.33822,47.47486],[12.33885,47.47557]]}},{"type":"Feature","properties":{"kind":"piste","difficulty":"easy","name":null,"aerialway":null,"osm":"way/385574467"},"geometry":{"type":"LineString","coordinates":[[12.27315,47.49363],[12.27288,47.49344],[12.27227,47.49353]]}},{"type":"Feature","properties":{"kind":"piste","difficulty":"easy","name":null,"aerialway":null,"osm":"way/391480764"},"geometry":{"type":"LineString","coordinates":[[12.1979,47.48026],[12.19796,47.48001]]}},{"type":"Feature","properties":{"kind":"piste","difficulty":"easy","name":null,"aerialway":null,"osm":"way/391480767"},"geometry":{"type":"LineString","coordinates":[[12.19132,47.46423],[12.19137,47.46429]]}},{"type":"Feature","properties":{"kind":"piste","difficulty":"easy","name":null,"aerialway":null,"osm":"way/391480772"},"geometry":{"type":"LineString","coordinates":[[12.24481,47.49185],[12.24496,47.49207]]}},{"type":"Feature","properties":{"kind":"piste","difficulty":"easy","name":null,"aerialway":null,"osm":"way/391480773"},"geometry":{"type":"LineString","coordinates":[[12.19236,47.45264],[12.19263,47.45277]]}},{"type":"Feature","properties":{"kind":"piste","difficulty":"easy","name":null,"aerialway":null,"osm":"way/391480775"},"geometry":{"type":"LineString","coordinates":[[12.24915,47.47697],[12.24891,47.47729]]}},{"type":"Feature","properties":{"kind":"piste","difficulty":"intermediate","name":null,"aerialway":null,"osm":"way/391480776"},"geometry":{"type":"LineString","coordinates":[[12.18931,47.4667],[12.18978,47.46672]]}},{"type":"Feature","properties":{"kind":"piste","difficulty":"easy","name":null,"aerialway":null,"osm":"way/391480782"},"geometry":{"type":"LineString","coordinates":[[12.18528,47.45653],[12.18578,47.45644]]}},{"type":"Feature","properties":{"kind":"piste","difficulty":"easy","name":null,"aerialway":null,"osm":"way/391480783"},"geometry":{"type":"LineString","coordinates":[[12.22842,47.46196],[12.22831,47.46241]]}},{"type":"Feature","properties":{"kind":"piste","difficulty":"easy","name":null,"aerialway":null,"osm":"way/391480785"},"geometry":{"type":"LineString","coordinates":[[12.2555,47.48548],[12.25523,47.48541]]}},{"type":"Feature","properties":{"kind":"piste","difficulty":"easy","name":null,"aerialway":null,"osm":"way/391480788"},"geometry":{"type":"LineString","coordinates":[[12.22842,47.46196],[12.22878,47.46215]]}},{"type":"Feature","properties":{"kind":"piste","difficulty":"easy","name":null,"aerialway":null,"osm":"way/391480789"},"geometry":{"type":"LineString","coordinates":[[12.24957,47.47714],[12.24891,47.47729]]}},{"type":"Feature","properties":{"kind":"piste","difficulty":"easy","name":null,"aerialway":null,"osm":"way/391480792"},"geometry":{"type":"LineString","coordinates":[[12.22927,47.46159],[12.22951,47.46185],[12.22898,47.4619]]}},{"type":"Feature","properties":{"kind":"piste","difficulty":"easy","name":null,"aerialway":null,"osm":"way/391480795"},"geometry":{"type":"LineString","coordinates":[[12.23026,47.46199],[12.23019,47.46205]]}},{"type":"Feature","properties":{"kind":"piste","difficulty":"easy","name":null,"aerialway":null,"osm":"way/391480796"},"geometry":{"type":"LineString","coordinates":[[12.323,47.50003],[12.3229,47.50029],[12.32245,47.5007]]}},{"type":"Feature","properties":{"kind":"piste","difficulty":"easy","name":null,"aerialway":null,"osm":"way/391480799"},"geometry":{"type":"LineString","coordinates":[[12.2484,47.47754],[12.24891,47.47729]]}},{"type":"Feature","properties":{"kind":"piste","difficulty":"easy","name":"Übungslift Hochbrixen Abfahrt","aerialway":null,"osm":"way/391480801"},"geometry":{"type":"LineString","coordinates":[[12.22822,47.46327],[12.22883,47.46258],[12.22842,47.46196]]}},{"type":"Feature","properties":{"kind":"piste","difficulty":"easy","name":"Skischullift Abfahrt","aerialway":null,"osm":"way/391480803"},"geometry":{"type":"LineString","coordinates":[[12.22842,47.46196],[12.22742,47.46201],[12.22677,47.46241]]}},{"type":"Feature","properties":{"kind":"piste","difficulty":"easy","name":null,"aerialway":null,"osm":"way/391480804"},"geometry":{"type":"LineString","coordinates":[[12.23045,47.46149],[12.23056,47.46179]]}},{"type":"Feature","properties":{"kind":"piste","difficulty":"easy","name":null,"aerialway":null,"osm":"way/391480805"},"geometry":{"type":"LineString","coordinates":[[12.22815,47.46219],[12.22842,47.46196]]}},{"type":"Feature","properties":{"kind":"piste","difficulty":"easy","name":null,"aerialway":null,"osm":"way/391480810"},"geometry":{"type":"LineString","coordinates":[[12.24744,47.41224],[12.24718,47.41227]]}},{"type":"Feature","properties":{"kind":"piste","difficulty":"intermediate","name":null,"aerialway":null,"osm":"way/391480813"},"geometry":{"type":"LineString","coordinates":[[12.19268,47.45822],[12.19008,47.45827]]}},{"type":"Feature","properties":{"kind":"piste","difficulty":"easy","name":null,"aerialway":null,"osm":"way/391480814"},"geometry":{"type":"LineString","coordinates":[[12.22926,47.46237],[12.22917,47.46211],[12.22842,47.46196]]}},{"type":"Feature","properties":{"kind":"piste","difficulty":"easy","name":null,"aerialway":null,"osm":"way/391480816"},"geometry":{"type":"LineString","coordinates":[[12.22752,47.46101],[12.22786,47.46093]]}},{"type":"Feature","properties":{"kind":"piste","difficulty":"intermediate","name":null,"aerialway":null,"osm":"way/391480817"},"geometry":{"type":"LineString","coordinates":[[12.21751,47.46085],[12.21827,47.46167],[12.21906,47.46214]]}},{"type":"Feature","properties":{"kind":"piste","difficulty":"easy","name":"Astbergbahn Talabfahrt","aerialway":null,"osm":"way/391480820"},"geometry":{"type":"LineString","coordinates":[[12.32245,47.50958],[12.32286,47.51067],[12.32331,47.5125],[12.32318,47.51292]]}},{"type":"Feature","properties":{"kind":"piste","difficulty":"novice","name":null,"aerialway":null,"osm":"way/391480823"},"geometry":{"type":"LineString","coordinates":[[12.1602,47.44743],[12.16071,47.44707],[12.16133,47.44733],[12.16166,47.44731],[12.16168,47.44759],[12.1612,47.44799],[12.1602,47.44743]]}},{"type":"Feature","properties":{"kind":"piste","difficulty":"easy","name":"Talabfahrt Hopfgarten","aerialway":null,"osm":"way/391480825"},"geometry":{"type":"LineString","coordinates":[[12.16552,47.44588],[12.16524,47.44532],[12.16454,47.4445],[12.16383,47.4447],[12.16335,47.44512],[12.16304,47.44584]]}},{"type":"Feature","properties":{"kind":"piste","difficulty":"intermediate","name":null,"aerialway":null,"osm":"way/391480826"},"geometry":{"type":"LineString","coordinates":[[12.21837,47.46198],[12.21738,47.46103],[12.21778,47.46107],[12.2188,47.4619],[12.21837,47.46198]]}},{"type":"Feature","properties":{"kind":"piste","difficulty":"intermediate","name":null,"aerialway":null,"osm":"way/391480828"},"geometry":{"type":"LineString","coordinates":[[12.2188,47.4619],[12.21964,47.46164],[12.22014,47.46134],[12.22094,47.4614],[12.22044,47.46175],[12.2188,47.4619]]}},{"type":"Feature","properties":{"kind":"piste","difficulty":"intermediate","name":null,"aerialway":null,"osm":"way/391480831"},"geometry":{"type":"LineString","coordinates":[[12.19086,47.45693],[12.19016,47.45702],[12.18988,47.45727],[12.18908,47.45744]]}},{"type":"Feature","properties":{"kind":"piste","difficulty":"easy","name":null,"aerialway":null,"osm":"way/391480833"},"geometry":{"type":"LineString","coordinates":[[12.16097,47.44596],[12.16168,47.44577],[12.16172,47.44553],[12.16126,47.44505],[12.16104,47.44504],[12.16064,47.44527],[12.16053,47.44561],[12.16097,47.44596]]}},{"type":"Feature","properties":{"kind":"piste","difficulty":"advanced","name":"Alpe Seite","aerialway":null,"osm":"way/391480841"},"geometry":{"type":"LineString","coordinates":[[12.24459,47.4191],[12.24431,47.41901],[12.2441,47.41918],[12.24319,47.41922]]}},{"type":"Feature","properties":{"kind":"piste","difficulty":"easy","name":"Übungswiese Samerfeld","aerialway":null,"osm":"way/391480843"},"geometry":{"type":"LineString","coordinates":[[12.2191,47.42874],[12.2188,47.42905]]}},{"type":"Feature","properties":{"kind":"piste","difficulty":"easy","name":"Übungswiese Sammerfeld","aerialway":null,"osm":"way/391480844"},"geometry":{"type":"LineString","coordinates":[[12.21921,47.42918],[12.2188,47.42905],[12.21657,47.43045],[12.21671,47.43065]]}},{"type":"Feature","properties":{"kind":"piste","difficulty":"freeride","name":"20b - Talabfahrt Hopfgarten b","aerialway":null,"osm":"way/391480846"},"geometry":{"type":"LineString","coordinates":[[12.17752,47.4499],[12.1723,47.44979],[12.17014,47.44914],[12.16822,47.44877],[12.16759,47.44847],[12.16425,47.44802],[12.16312,47.44758],[12.16252,47.44688]]}},{"type":"Feature","properties":{"kind":"piste","difficulty":"easy","name":"Hochsöll Foisching","aerialway":null,"osm":"way/391480853"},"geometry":{"type":"LineString","coordinates":[[12.19349,47.4797],[12.19239,47.48045]]}},{"type":"Feature","properties":{"kind":"piste","difficulty":"easy","name":"Familienabfahrt","aerialway":null,"osm":"way/391480858"},"geometry":{"type":"LineString","coordinates":[[12.21651,47.42294],[12.21496,47.42274]]}},{"type":"Feature","properties":{"kind":"piste","difficulty":"intermediate","name":"Silleralmabfahrt","aerialway":null,"osm":"way/391480861"},"geometry":{"type":"LineString","coordinates":[[12.2136,47.47216],[12.21452,47.47152],[12.216,47.47085]]}},{"type":"Feature","properties":{"kind":"piste","difficulty":"intermediate","name":"Skiroute Schrandl","aerialway":null,"osm":"way/391480866"},"geometry":{"type":"LineString","coordinates":[[12.24761,47.39918],[12.24755,47.39894],[12.24781,47.39833],[12.24843,47.39802],[12.24733,47.39772],[12.24651,47.39733],[12.24485,47.3979],[12.24549,47.39717],[12.2442,47.3974],[12.24424,47.39668],[12.24368,47.39669],[12.24465,47.39597],[12.24461,47.39581],[12.24274,47.39639],[12.24266,47.39621],[12.24344,47.39487],[12.24406,47.39446],[12.24457,47.39452],[12.24416,47.39414],[12.24136,47.39494],[12.24034,47.39467],[12.24036,47.39453],[12.24252,47.3938],[12.24279,47.39287],[12.24408,47.39243],[12.24338,47.39175],[12.24258,47.39138],[12.24084,47.39173],[12.24026,47.39203],[12.23987,47.39071],[12.24101,47.39003],[12.24073,47.38901],[12.24151,47.3888],[12.24227,47.38905],[12.24227,47.38891],[12.24107,47.3884],[12.23959,47.38809],[12.23899,47.38864],[12.23881,47.38915],[12.23753,47.39026],[12.23712,47.39012],[12.23539,47.39046],[12.23526,47.39092],[12.23402,47.39173],[12.23373,47.39208],[12.23365,47.39274],[12.23191,47.39274],[12.23054,47.39195],[12.229,47.39346],[12.22827,47.39444],[12.22754,47.39592],[12.22721,47.39609],[12.22687,47.39695]]}},{"type":"Feature","properties":{"kind":"piste","difficulty":"easy","name":"Zustieg Filzbodenbahn","aerialway":null,"osm":"way/391480870"},"geometry":{"type":"LineString","coordinates":[[12.22329,47.46689],[12.22334,47.46691]]}},{"type":"Feature","properties":{"kind":"piste","difficulty":"intermediate","name":"Windaubergabfahrt I","aerialway":null,"osm":"way/397807808"},"geometry":{"type":"LineString","coordinates":[[12.25377,47.40209],[12.25461,47.40098],[12.25542,47.40031],[12.25714,47.39946]]}},{"type":"Feature","properties":{"kind":"piste","difficulty":"intermediate","name":"Fleidingabfahrt","aerialway":null,"osm":"way/397908347"},"geometry":{"type":"LineString","coordinates":[[12.25003,47.40269],[12.25088,47.40172],[12.25189,47.39848],[12.25213,47.39819]]}},{"type":"Feature","properties":{"kind":"piste","difficulty":"intermediate","name":"Windaubergabfahrt I","aerialway":null,"osm":"way/397908877"},"geometry":{"type":"LineString","coordinates":[[12.2506,47.40205],[12.25097,47.40195],[12.25247,47.40248],[12.25539,47.40174],[12.25629,47.40124],[12.25835,47.39716],[12.25917,47.39632],[12.25954,47.39617],[12.25968,47.39623]]}},{"type":"Feature","properties":{"kind":"piste","difficulty":"easy","name":null,"aerialway":null,"osm":"way/399068442"},"geometry":{"type":"LineString","coordinates":[[12.21011,47.47179],[12.21044,47.47156]]}},{"type":"Feature","properties":{"kind":"piste","difficulty":"easy","name":null,"aerialway":null,"osm":"way/399068443"},"geometry":{"type":"LineString","coordinates":[[12.26719,47.49944],[12.2661,47.50006]]}},{"type":"Feature","properties":{"kind":"piste","difficulty":"intermediate","name":"24a Schernthannabfahrt","aerialway":null,"osm":"way/399121281"},"geometry":{"type":"LineString","coordinates":[[12.18948,47.45647],[12.18724,47.45591]]}},{"type":"Feature","properties":{"kind":"piste","difficulty":"intermediate","name":null,"aerialway":null,"osm":"way/399121282"},"geometry":{"type":"LineString","coordinates":[[12.18745,47.45653],[12.18724,47.45591]]}},{"type":"Feature","properties":{"kind":"piste","difficulty":"intermediate","name":"Hohe Salve - Rigi - Mittelstation","aerialway":null,"osm":"way/399121283"},"geometry":{"type":"LineString","coordinates":[[12.18752,47.45675],[12.18614,47.45653]]}},{"type":"Feature","properties":{"kind":"piste","difficulty":"easy","name":null,"aerialway":null,"osm":"way/399121287"},"geometry":{"type":"LineString","coordinates":[[12.18706,47.456],[12.18652,47.45599],[12.18641,47.45583],[12.18664,47.45548],[12.18754,47.45576],[12.18706,47.456]]}},{"type":"Feature","properties":{"kind":"piste","difficulty":"advanced","name":"Lärchenhang","aerialway":null,"osm":"way/399124210"},"geometry":{"type":"LineString","coordinates":[[12.19607,47.46623],[12.1961,47.46638],[12.19717,47.46677],[12.19731,47.46725]]}},{"type":"Feature","properties":{"kind":"piste","difficulty":"intermediate","name":"Hexen6er","aerialway":null,"osm":"way/399127098"},"geometry":{"type":"LineString","coordinates":[[12.19835,47.47053],[12.19797,47.47086],[12.19754,47.47089]]}},{"type":"Feature","properties":{"kind":"piste","difficulty":"intermediate","name":"Kaslach Abfahrt","aerialway":null,"osm":"way/399129375"},"geometry":{"type":"LineString","coordinates":[[12.2177,47.45976],[12.21771,47.45945],[12.21888,47.45945],[12.2216,47.45977],[12.22157,47.46074],[12.22181,47.46096],[12.22139,47.461],[12.22138,47.46044],[12.22102,47.4601],[12.21888,47.45973],[12.2177,47.45976]]}},{"type":"Feature","properties":{"kind":"piste","difficulty":"intermediate","name":null,"aerialway":null,"osm":"way/399186142"},"geometry":{"type":"LineString","coordinates":[[12.23088,47.46476],[12.23061,47.46509],[12.23014,47.46528],[12.22784,47.46562]]}},{"type":"Feature","properties":{"kind":"piste","difficulty":"easy","name":null,"aerialway":null,"osm":"way/399203186"},"geometry":{"type":"LineString","coordinates":[[12.18401,47.47246],[12.18359,47.47248],[12.18356,47.47269],[12.18271,47.47343]]}},{"type":"Feature","properties":{"kind":"piste","difficulty":"advanced","name":"Black Pipe","aerialway":null,"osm":"way/399207937"},"geometry":{"type":"LineString","coordinates":[[12.19986,47.46697],[12.20015,47.4673],[12.20036,47.4681],[12.20038,47.46963]]}},{"type":"Feature","properties":{"kind":"piste","difficulty":"freeride","name":"Silleralmschiweg","aerialway":null,"osm":"way/399236847"},"geometry":{"type":"LineString","coordinates":[[12.21951,47.46622],[12.22016,47.46719],[12.2202,47.46856],[12.22001,47.46909],[12.21943,47.46936],[12.21981,47.46988],[12.21966,47.47009],[12.21973,47.47027],[12.21913,47.47073],[12.21905,47.47106],[12.21874,47.47135]]}},{"type":"Feature","properties":{"kind":"piste","difficulty":"freeride","name":"Silleralmschiweg","aerialway":null,"osm":"way/399238867"},"geometry":{"type":"LineString","coordinates":[[12.22152,47.46673],[12.22156,47.46724],[12.2205,47.46827],[12.22041,47.46863],[12.22003,47.46882]]}},{"type":"Feature","properties":{"kind":"piste","difficulty":"intermediate","name":"Mulden - Abfahrt","aerialway":null,"osm":"way/399245861"},"geometry":{"type":"LineString","coordinates":[[12.24952,47.4773],[12.2494,47.47746],[12.25,47.47767],[12.25057,47.47808],[12.25178,47.47833],[12.25136,47.47921],[12.25163,47.47971],[12.252,47.48107],[12.25224,47.48145],[12.25254,47.48132],[12.25224,47.48098],[12.25207,47.47993],[12.25276,47.47904],[12.2554,47.47747],[12.25501,47.47742],[12.25479,47.47722],[12.25402,47.4772],[12.25289,47.47737],[12.24952,47.4773]]}},{"type":"Feature","properties":{"kind":"piste","difficulty":"easy","name":"Foischingabfahrt","aerialway":null,"osm":"way/399257452"},"geometry":{"type":"LineString","coordinates":[[12.20072,47.45659],[12.20104,47.45695],[12.20062,47.45796],[12.19975,47.45847],[12.19932,47.45917],[12.20093,47.45958],[12.20196,47.45915],[12.20221,47.45931],[12.20103,47.45984],[12.20113,47.45995],[12.20241,47.45966],[12.20278,47.45966],[12.20308,47.45984],[12.20091,47.46014],[12.20049,47.4598],[12.19893,47.45946],[12.19874,47.45931],[12.19875,47.45913],[12.19941,47.45822],[12.20032,47.45775],[12.20072,47.45659]]}},{"type":"Feature","properties":{"kind":"piste","difficulty":"intermediate","name":"24a Schernthannabfahrt","aerialway":null,"osm":"way/399257453"},"geometry":{"type":"LineString","coordinates":[[12.2009,47.45974],[12.20016,47.46013],[12.19938,47.46029]]}},{"type":"Feature","properties":{"kind":"piste","difficulty":"intermediate","name":"Brixen Abfahrt","aerialway":null,"osm":"way/399314262"},"geometry":{"type":"LineString","coordinates":[[12.24486,47.46022],[12.24401,47.46031],[12.24361,47.46021],[12.24164,47.45871],[12.24084,47.45724],[12.24074,47.45676],[12.24129,47.45435],[12.2416,47.45362],[12.24106,47.45311],[12.24073,47.45309],[12.24051,47.45233],[12.24094,47.45171],[12.24123,47.45091],[12.24297,47.44991],[12.24345,47.44954],[12.24331,47.44948]]}},{"type":"Feature","properties":{"kind":"piste","difficulty":"intermediate","name":"Joch Abfahrt","aerialway":null,"osm":"way/399318113"},"geometry":{"type":"LineString","coordinates":[[12.25024,47.46915],[12.25101,47.46882],[12.25016,47.46837],[12.24982,47.46794],[12.24919,47.46585],[12.24862,47.46478],[12.24856,47.46384],[12.24824,47.46328],[12.24698,47.46217],[12.24594,47.46083],[12.24523,47.46038],[12.24475,47.45969],[12.24427,47.45964],[12.24428,47.45983],[12.24463,47.46029],[12.24504,47.46046],[12.24634,47.46213],[12.2477,47.46336],[12.24809,47.4639],[12.24815,47.46496],[12.24871,47.46571],[12.24943,47.4673],[12.24958,47.46806],[12.25024,47.46915]]}},{"type":"Feature","properties":{"kind":"piste","difficulty":"intermediate","name":"Brixen Abfahrt","aerialway":null,"osm":"way/399320907"},"geometry":{"type":"LineString","coordinates":[[12.24345,47.46025],[12.24379,47.46035],[12.24463,47.46029],[12.24459,47.4602],[12.24378,47.46019],[12.24249,47.45901],[12.24178,47.45874],[12.24157,47.45796],[12.2411,47.45713],[12.24106,47.45673],[12.24145,47.45433],[12.24178,47.45363],[12.24126,47.45312],[12.24075,47.45306],[12.24078,47.45319],[12.24117,47.45326],[12.24146,47.45373],[12.24115,47.45428],[12.24048,47.45626],[12.24043,47.45653],[12.24061,47.45729],[12.2414,47.45843],[12.2415,47.45875],[12.24345,47.46025]]}},{"type":"Feature","properties":{"kind":"piste","difficulty":"intermediate","name":"Tanzboden Abfahrt","aerialway":null,"osm":"way/399327992"},"geometry":{"type":"LineString","coordinates":[[12.26203,47.48957],[12.26145,47.49],[12.26096,47.49084],[12.26055,47.49109]]}},{"type":"Feature","properties":{"kind":"piste","difficulty":"easy","name":"Tanzboden Abfahrt","aerialway":null,"osm":"way/399327993"},"geometry":{"type":"LineString","coordinates":[[12.26276,47.48736],[12.26292,47.48731],[12.26321,47.48787],[12.26323,47.48861],[12.26242,47.48929],[12.26196,47.48988],[12.2618,47.48951],[12.26253,47.48887],[12.26286,47.48799],[12.26276,47.48736]]}},{"type":"Feature","properties":{"kind":"piste","difficulty":"easy","name":"Tanzboden Abfahrt","aerialway":null,"osm":"way/399327995"},"geometry":{"type":"LineString","coordinates":[[12.26186,47.49104],[12.26119,47.49141],[12.26123,47.49167]]}},{"type":"Feature","properties":{"kind":"piste","difficulty":"intermediate","name":"Tanzboden Abfahrt","aerialway":null,"osm":"way/399327996"},"geometry":{"type":"LineString","coordinates":[[12.26059,47.49103],[12.26108,47.4913],[12.26174,47.491],[12.26191,47.49078],[12.26147,47.49069],[12.26163,47.49011],[12.26194,47.48981],[12.2618,47.48951],[12.26112,47.4901],[12.26059,47.49103]]}},{"type":"Feature","properties":{"kind":"piste","difficulty":"easy","name":"Tanzboden Abfahrt","aerialway":null,"osm":"way/399327997"},"geometry":{"type":"LineString","coordinates":[[12.26228,47.49073],[12.26256,47.49084],[12.26146,47.49138],[12.26128,47.49168],[12.26048,47.49107],[12.26068,47.49105],[12.26108,47.4913],[12.26174,47.491],[12.26191,47.49078],[12.26228,47.49073]]}},{"type":"Feature","properties":{"kind":"piste","difficulty":"easy","name":"zur Almbahn","aerialway":null,"osm":"way/399334106"},"geometry":{"type":"LineString","coordinates":[[12.25447,47.48274],[12.25484,47.48332],[12.25619,47.48442],[12.25806,47.48523],[12.26099,47.48558],[12.26102,47.48586],[12.26167,47.4866],[12.26276,47.48736],[12.26292,47.48731],[12.26162,47.48619],[12.26147,47.48594],[12.26163,47.48575],[12.26194,47.48572],[12.26147,47.48546],[12.26138,47.48527],[12.25881,47.48515],[12.25736,47.48479],[12.25656,47.48438],[12.25529,47.48336],[12.25424,47.4819],[12.25406,47.48194],[12.25447,47.48274]]}},{"type":"Feature","properties":{"kind":"piste","difficulty":"easy","name":"Köglbahn","aerialway":null,"osm":"way/399334113"},"geometry":{"type":"LineString","coordinates":[[12.26138,47.48527],[12.26172,47.4856],[12.26246,47.48517],[12.26346,47.48498],[12.26546,47.48505],[12.26818,47.48528],[12.26887,47.48554],[12.27012,47.48576],[12.26989,47.48542],[12.26905,47.48533],[12.26833,47.48501],[12.26549,47.48472],[12.26344,47.48466],[12.2623,47.48489],[12.26138,47.48527]]}},{"type":"Feature","properties":{"kind":"piste","difficulty":"intermediate","name":"Köglbahn","aerialway":null,"osm":"way/399334118"},"geometry":{"type":"LineString","coordinates":[[12.27394,47.49114],[12.27368,47.4902],[12.27313,47.4858]]}},{"type":"Feature","properties":{"kind":"piste","difficulty":"intermediate","name":"Köglbahn","aerialway":null,"osm":"way/399338033"},"geometry":{"type":"LineString","coordinates":[[12.27256,47.48562],[12.26316,47.48776],[12.26299,47.48741],[12.27012,47.48576],[12.27256,47.48562]]}},{"type":"Feature","properties":{"kind":"piste","difficulty":"easy","name":"Köglbahn","aerialway":null,"osm":"way/399338036"},"geometry":{"type":"LineString","coordinates":[[12.27044,47.49045],[12.26978,47.49043],[12.26994,47.48913],[12.26951,47.48799],[12.26971,47.48735],[12.27256,47.48562],[12.27012,47.48576],[12.26989,47.48542],[12.2706,47.48524],[12.27504,47.48474],[12.27513,47.4849],[12.27384,47.48555],[12.27335,47.48609],[12.27075,47.48782],[12.27052,47.48848],[12.27068,47.4892],[12.27044,47.49045]]}},{"type":"Feature","properties":{"kind":"piste","difficulty":"intermediate","name":"Köglbahn","aerialway":null,"osm":"way/399487407"},"geometry":{"type":"LineString","coordinates":[[12.26297,47.4875],[12.26365,47.48752],[12.27117,47.48561]]}},{"type":"Feature","properties":{"kind":"piste","difficulty":"intermediate","name":"Almbahn","aerialway":null,"osm":"way/399487408"},"geometry":{"type":"LineString","coordinates":[[12.273,47.49105],[12.27506,47.48785],[12.27537,47.48706],[12.27637,47.48537],[12.27764,47.48512],[12.27717,47.48593],[12.27706,47.48669],[12.27729,47.48675],[12.27646,47.48814],[12.27749,47.48884],[12.27591,47.49008],[12.27381,47.49206],[12.273,47.49105]]}},{"type":"Feature","properties":{"kind":"piste","difficulty":"easy","name":"Almbahn","aerialway":null,"osm":"way/399487410"},"geometry":{"type":"LineString","coordinates":[[12.27614,47.49292],[12.27791,47.49249],[12.27919,47.4916],[12.27963,47.49037],[12.2789,47.48903],[12.27827,47.48861],[12.27808,47.48809],[12.279,47.48712],[12.27928,47.48624],[12.27922,47.48552],[12.27898,47.48512],[12.27872,47.48422],[12.27853,47.48408],[12.27806,47.48404],[12.27816,47.48428],[12.27806,47.48456],[12.27669,47.48505],[12.27637,47.48537],[12.27806,47.48513],[12.27809,47.48542],[12.27778,47.4866],[12.27729,47.48675],[12.27646,47.48814],[12.27823,47.48929],[12.27856,47.49066],[12.27852,47.49108],[12.27833,47.49138],[12.27756,47.49185],[12.27619,47.49235],[12.27493,47.49262],[12.27614,47.49292]]}},{"type":"Feature","properties":{"kind":"piste","difficulty":"intermediate","name":"Almbahn","aerialway":null,"osm":"way/399487412"},"geometry":{"type":"LineString","coordinates":[[12.27351,47.49183],[12.27505,47.48957],[12.27658,47.4866],[12.27697,47.48539],[12.27731,47.48504]]}},{"type":"Feature","properties":{"kind":"piste","difficulty":"intermediate","name":"Tanzboden Abfahrt","aerialway":null,"osm":"way/399632079"},"geometry":{"type":"LineString","coordinates":[[12.25809,47.48816],[12.25797,47.48838],[12.25829,47.48983],[12.25863,47.48999],[12.25944,47.48873],[12.25919,47.48843],[12.25916,47.48803],[12.25809,47.48816]]}},{"type":"Feature","properties":{"kind":"piste","difficulty":"easy","name":null,"aerialway":null,"osm":"way/399632081"},"geometry":{"type":"LineString","coordinates":[[12.25698,47.485],[12.25733,47.48526]]}},{"type":"Feature","properties":{"kind":"piste","difficulty":"easy","name":"Kaiserexpress","aerialway":null,"osm":"way/399686928"},"geometry":{"type":"LineString","coordinates":[[12.26478,47.49464],[12.26602,47.49445],[12.26633,47.49445],[12.26689,47.49471],[12.26691,47.4946],[12.26582,47.49417],[12.26464,47.49442],[12.26478,47.49464]]}},{"type":"Feature","properties":{"kind":"piste","difficulty":"easy","name":"Kaiserexpress","aerialway":null,"osm":"way/399686929"},"geometry":{"type":"LineString","coordinates":[[12.26726,47.49572],[12.26729,47.49559],[12.26777,47.49574],[12.26852,47.49566],[12.26898,47.49539],[12.26933,47.49477],[12.26935,47.4943],[12.26965,47.49357],[12.27065,47.49336],[12.27096,47.49309],[12.27171,47.49349],[12.27159,47.49373],[12.26931,47.4957],[12.26801,47.49611],[12.26726,47.49572]]}},{"type":"Feature","properties":{"kind":"piste","difficulty":"intermediate","name":"Kaiserexpress","aerialway":null,"osm":"way/399688378"},"geometry":{"type":"LineString","coordinates":[[12.26883,47.49335],[12.26842,47.49344],[12.26725,47.49414],[12.26634,47.49431],[12.26582,47.49417],[12.26705,47.49365],[12.26784,47.4931],[12.26964,47.49251],[12.27096,47.49309],[12.27065,47.49336],[12.26965,47.49357],[12.26883,47.49335]]}},{"type":"Feature","properties":{"kind":"piste","difficulty":"easy","name":"Ellmis 6er","aerialway":null,"osm":"way/399692275"},"geometry":{"type":"LineString","coordinates":[[12.26931,47.4957],[12.26801,47.49611],[12.26703,47.49725],[12.26653,47.49795],[12.26774,47.49744],[12.26684,47.49836],[12.26614,47.49955],[12.26565,47.50008],[12.26477,47.50032],[12.2623,47.50226],[12.2626,47.50234],[12.26357,47.50211],[12.26669,47.49988],[12.26701,47.4984],[12.26937,47.49606],[12.27193,47.49404],[12.27159,47.49373],[12.26931,47.4957]]}},{"type":"Feature","properties":{"kind":"piste","difficulty":"intermediate","name":null,"aerialway":null,"osm":"way/400070713"},"geometry":{"type":"LineString","coordinates":[[12.21378,47.46992],[12.2136,47.47216]]}},{"type":"Feature","properties":{"kind":"piste","difficulty":"intermediate","name":"Skiroute 80d Jägerhütte bis Einmüdnung 80c","aerialway":null,"osm":"way/400070716"},"geometry":{"type":"LineString","coordinates":[[12.27744,47.49687],[12.27817,47.49703],[12.27924,47.49641],[12.28177,47.49566],[12.28504,47.49536],[12.28824,47.49424]]}},{"type":"Feature","properties":{"kind":"piste","difficulty":"freeride","name":"Streif","aerialway":null,"osm":"way/400070723"},"geometry":{"type":"LineString","coordinates":[[12.22796,47.46118],[12.23139,47.45933],[12.2329,47.45927],[12.23352,47.45895],[12.23357,47.45823],[12.23594,47.45564],[12.23667,47.45539],[12.23902,47.45204],[12.23982,47.45147],[12.24123,47.45091]]}},{"type":"Feature","properties":{"kind":"piste","difficulty":"easy","name":"nach Ellmau","aerialway":null,"osm":"way/400070727"},"geometry":{"type":"LineString","coordinates":[[12.26528,47.50054],[12.2653,47.50069],[12.26605,47.50101],[12.26676,47.50101],[12.26757,47.5007],[12.26902,47.4996],[12.26945,47.49957],[12.27002,47.49924],[12.27073,47.49912],[12.27137,47.4987],[12.27167,47.49865],[12.27186,47.49881],[12.27183,47.49947],[12.27165,47.50005],[12.27183,47.50059],[12.27274,47.5015],[12.27351,47.50261],[12.27385,47.50274],[12.27649,47.50289],[12.27732,47.50264]]}},{"type":"Feature","properties":{"kind":"piste","difficulty":"easy","name":null,"aerialway":null,"osm":"way/400396579"},"geometry":{"type":"LineString","coordinates":[[12.20969,47.46924],[12.20951,47.46928],[12.20984,47.46955],[12.20987,47.47017],[12.20967,47.47055],[12.2092,47.47074],[12.20885,47.47106]]}},{"type":"Feature","properties":{"kind":"piste","difficulty":"easy","name":"Verbindung Tanzboden - Scheffau","aerialway":null,"osm":"way/400505504"},"geometry":{"type":"LineString","coordinates":[[12.25972,47.49065],[12.25888,47.49046],[12.25767,47.49054],[12.25741,47.4903],[12.25707,47.49023],[12.25667,47.49117],[12.25609,47.49179]]}},{"type":"Feature","properties":{"kind":"piste","difficulty":"intermediate","name":"Neuhögen Abfahrt","aerialway":null,"osm":"way/400675622"},"geometry":{"type":"LineString","coordinates":[[12.24351,47.40432],[12.24348,47.404],[12.2437,47.40314],[12.24412,47.40255],[12.24437,47.40191],[12.24505,47.40125],[12.24613,47.39949],[12.24649,47.39929],[12.24761,47.39918]]}},{"type":"Feature","properties":{"kind":"piste","difficulty":"intermediate","name":"Höhninger Abfahrt","aerialway":null,"osm":"way/400786559"},"geometry":{"type":"LineString","coordinates":[[12.24756,47.40736],[12.2484,47.40807],[12.2506,47.40799],[12.25206,47.40872]]}},{"type":"Feature","properties":{"kind":"piste","difficulty":"intermediate","name":"Höhninger Abfahrt","aerialway":null,"osm":"way/400788223"},"geometry":{"type":"LineString","coordinates":[[12.24828,47.40815],[12.24816,47.40812],[12.24814,47.40787],[12.24844,47.40796],[12.25022,47.40781],[12.25101,47.40792],[12.25172,47.4084],[12.25199,47.4088],[12.25054,47.40803],[12.24828,47.40815]]}},{"type":"Feature","properties":{"kind":"piste","difficulty":"easy","name":"Skiweg Fleiding Nord","aerialway":null,"osm":"way/400788224"},"geometry":{"type":"LineString","coordinates":[[12.25079,47.40639],[12.25145,47.40802],[12.25199,47.4088],[12.25264,47.40916],[12.25174,47.40805],[12.25075,47.40539],[12.25052,47.40547],[12.25079,47.40639]]}},{"type":"Feature","properties":{"kind":"piste","difficulty":"intermediate","name":"Fleidingabfahrt","aerialway":null,"osm":"way/400790833"},"geometry":{"type":"LineString","coordinates":[[12.25003,47.40269],[12.25089,47.40301],[12.25247,47.40248],[12.25247,47.40071],[12.25195,47.39889],[12.2526,47.39685],[12.25182,47.39673],[12.25078,47.39705],[12.24967,47.39778],[12.2491,47.39855],[12.2482,47.39872],[12.24761,47.39918],[12.24593,47.3986]]}},{"type":"Feature","properties":{"kind":"piste","difficulty":"easy","name":"Steindlabfahrt","aerialway":null,"osm":"way/400862070"},"geometry":{"type":"LineString","coordinates":[[12.22086,47.41776],[12.21775,47.41717],[12.21593,47.41675],[12.21559,47.41655],[12.21524,47.4159],[12.21598,47.41435],[12.21619,47.41406],[12.21712,47.41365],[12.21739,47.41336],[12.21724,47.41302],[12.21665,47.41293]]}},{"type":"Feature","properties":{"kind":"piste","difficulty":"intermediate","name":"Ellmererabfahrt","aerialway":null,"osm":"way/400862071"},"geometry":{"type":"LineString","coordinates":[[12.22865,47.41978],[12.22837,47.42006],[12.22821,47.42046],[12.22827,47.42168],[12.22852,47.42246],[12.22808,47.42279],[12.22635,47.42357],[12.22538,47.42421],[12.22424,47.42441],[12.22288,47.42434],[12.22043,47.42529],[12.21846,47.42553],[12.21765,47.42598],[12.21665,47.42688],[12.21412,47.42766],[12.21406,47.42748]]}},{"type":"Feature","properties":{"kind":"piste","difficulty":"easy","name":"Familienabfahrt","aerialway":null,"osm":"way/400863657"},"geometry":{"type":"LineString","coordinates":[[12.2222,47.41775],[12.22073,47.41891],[12.22039,47.4194],[12.22087,47.421],[12.22071,47.42142]]}},{"type":"Feature","properties":{"kind":"piste","difficulty":"easy","name":"Brandstadl Abfahrt Heralm","aerialway":null,"osm":"way/400864430"},"geometry":{"type":"LineString","coordinates":[[12.2538,47.49554],[12.25348,47.4962]]}},{"type":"Feature","properties":{"kind":"piste","difficulty":"freeride","name":"Brandstadl Talabfahrt Bärbichel","aerialway":null,"osm":"way/400869540"},"geometry":{"type":"LineString","coordinates":[[12.25084,47.51179],[12.2497,47.51264],[12.24903,47.51292],[12.24836,47.51305],[12.24644,47.51308],[12.24514,47.51336],[12.24387,47.51446],[12.24301,47.51484],[12.2425,47.51523],[12.24098,47.51747],[12.24108,47.51784],[12.24156,47.5182],[12.24389,47.51901],[12.24446,47.51941],[12.24407,47.519],[12.2416,47.51804],[12.24122,47.51772],[12.24124,47.51748],[12.24281,47.51529],[12.24322,47.51498],[12.24408,47.51462],[12.24568,47.51329],[12.24817,47.51326],[12.24957,47.51301],[12.25047,47.51218],[12.25108,47.51183],[12.25101,47.51168],[12.25084,47.51179]]}},{"type":"Feature","properties":{"kind":"piste","difficulty":"easy","name":"Brandstadl Talabfahrt Knollern","aerialway":null,"osm":"way/400872368"},"geometry":{"type":"LineString","coordinates":[[12.25095,47.50034],[12.25159,47.50125],[12.25159,47.50151],[12.25119,47.50221],[12.25158,47.50278],[12.25601,47.50567],[12.25649,47.50657],[12.25722,47.50751],[12.25849,47.50814],[12.25866,47.50874],[12.25851,47.50918],[12.25891,47.50898],[12.25894,47.50863],[12.25867,47.50802],[12.25763,47.5076],[12.25652,47.50638],[12.25614,47.50563],[12.25481,47.50461],[12.25166,47.50262],[12.25142,47.50216],[12.25173,47.50163],[12.25175,47.50114],[12.25123,47.50031],[12.25095,47.50034]]}},{"type":"Feature","properties":{"kind":"piste","difficulty":"intermediate","name":"Abfahrt Hochlechen","aerialway":null,"osm":"way/400874167"},"geometry":{"type":"LineString","coordinates":[[12.25101,47.51168],[12.2514,47.51147],[12.2507,47.51088],[12.24913,47.51053],[12.25049,47.51106],[12.25101,47.51168]]}},{"type":"Feature","properties":{"kind":"piste","difficulty":"intermediate","name":"Abfahrt Hochlechen","aerialway":null,"osm":"way/400874168"},"geometry":{"type":"LineString","coordinates":[[12.2464,47.50969],[12.24748,47.51008],[12.24692,47.50965],[12.24691,47.50909],[12.24725,47.50809],[12.24784,47.50707],[12.2497,47.50593],[12.2498,47.50499],[12.25076,47.50284],[12.25053,47.50293],[12.24979,47.50389],[12.24942,47.50496],[12.24939,47.50577],[12.24758,47.50674],[12.24678,47.50793],[12.24632,47.50904],[12.2464,47.50969]]}},{"type":"Feature","properties":{"kind":"piste","difficulty":"easy","name":"Brandstadl Talabfahrt Schwarzach","aerialway":null,"osm":"way/400875020"},"geometry":{"type":"LineString","coordinates":[[12.25356,47.51445],[12.25403,47.51507],[12.25405,47.51532],[12.25337,47.51561],[12.25115,47.51787],[12.25085,47.51869],[12.25087,47.51952],[12.25076,47.51993],[12.25126,47.51954],[12.25149,47.51863],[12.25436,47.5153],[12.25442,47.5151],[12.25416,47.51441],[12.25172,47.51254],[12.25149,47.5116],[12.25108,47.51183],[12.25123,47.51251],[12.25356,47.51445]]}},{"type":"Feature","properties":{"kind":"piste","difficulty":"easy","name":"Hartkaiserbahn Talabfahrt","aerialway":null,"osm":"way/400886240"},"geometry":{"type":"LineString","coordinates":[[12.27636,47.49837],[12.27517,47.49942],[12.27493,47.49998],[12.27489,47.50067],[12.27503,47.50113],[12.27572,47.50104],[12.2772,47.50054],[12.27752,47.5006],[12.27777,47.50083],[12.27787,47.50144],[12.2783,47.50119],[12.27849,47.50124],[12.27882,47.50143],[12.27923,47.50209],[12.27946,47.50218],[12.27952,47.50205],[12.27926,47.5016],[12.27925,47.5012],[12.2795,47.50064],[12.2785,47.5],[12.27637,47.50069],[12.27523,47.50091],[12.27533,47.49995],[12.27577,47.49933],[12.27755,47.4978],[12.27772,47.49745],[12.27746,47.49706],[12.27714,47.4973],[12.27697,47.49782],[12.27636,47.49837]]}},{"type":"Feature","properties":{"kind":"piste","difficulty":"easy","name":"Hartkaiserbahn Talabfahrt","aerialway":null,"osm":"way/400886241"},"geometry":{"type":"LineString","coordinates":[[12.28763,47.50143],[12.28817,47.50141],[12.29053,47.50214],[12.29208,47.503],[12.29258,47.50354],[12.29261,47.50398],[12.2922,47.50436],[12.29111,47.50439],[12.29061,47.5047],[12.29039,47.50559],[12.29074,47.5064],[12.29189,47.50712],[12.29279,47.50744],[12.291,47.50563],[12.29084,47.50517],[12.29114,47.50454],[12.29241,47.50453],[12.29288,47.50418],[12.29312,47.50374],[12.2926,47.50284],[12.29143,47.50222],[12.28923,47.50151],[12.2887,47.50122],[12.28594,47.50103],[12.28412,47.50178],[12.28615,47.50136],[12.28763,47.50143]]}},{"type":"Feature","properties":{"kind":"piste","difficulty":"intermediate","name":"Hartkaiserbahn Talabfahrt","aerialway":null,"osm":"way/400889442"},"geometry":{"type":"LineString","coordinates":[[12.28042,47.50091],[12.28075,47.50089],[12.28283,47.49998],[12.28364,47.49982],[12.28499,47.50012],[12.28515,47.50028],[12.28535,47.5012],[12.28594,47.50103],[12.28555,47.50085],[12.28539,47.50006],[12.28528,47.49998],[12.28365,47.49956],[12.28241,47.49974],[12.28074,47.50047],[12.28028,47.50043],[12.27952,47.49988],[12.2785,47.5],[12.2795,47.50064],[12.28042,47.50091]]}},{"type":"Feature","properties":{"kind":"piste","difficulty":"intermediate","name":"Hartkaiserbahn Talabfahrt","aerialway":null,"osm":"way/400889444"},"geometry":{"type":"LineString","coordinates":[[12.28727,47.502],[12.28743,47.50238],[12.28752,47.50354],[12.28709,47.5051],[12.28728,47.50559],[12.2878,47.50609],[12.28874,47.50663],[12.28904,47.50663],[12.28967,47.50627],[12.2901,47.50622],[12.29074,47.5064],[12.29044,47.50583],[12.2886,47.50615],[12.28788,47.50584],[12.28739,47.5053],[12.28764,47.50436],[12.28763,47.50394],[12.28801,47.50344],[12.28791,47.50263],[12.28739,47.50142],[12.28632,47.50136],[12.28699,47.50168],[12.28727,47.502]]}},{"type":"Feature","properties":{"kind":"piste","difficulty":"intermediate","name":"Hohe Salve - Kraftalmabfahrt","aerialway":null,"osm":"way/400977082"},"geometry":{"type":"LineString","coordinates":[[12.18809,47.47803],[12.18725,47.47862],[12.18825,47.47888],[12.18975,47.47843],[12.18809,47.47803]]}},{"type":"Feature","properties":{"kind":"piste","difficulty":"easy","name":null,"aerialway":null,"osm":"way/400977083"},"geometry":{"type":"LineString","coordinates":[[12.18713,47.47856],[12.18725,47.47862],[12.18809,47.47803],[12.18796,47.478],[12.18713,47.47856]]}},{"type":"Feature","properties":{"kind":"piste","difficulty":"intermediate","name":"Gampenkogelabfahrt I","aerialway":null,"osm":"way/401068801"},"geometry":{"type":"LineString","coordinates":[[12.26373,47.40197],[12.26417,47.40193],[12.26349,47.40109],[12.26247,47.40094],[12.26108,47.40112],[12.26098,47.40104],[12.26043,47.39883],[12.25872,47.39712],[12.2585,47.39757],[12.2601,47.39888],[12.26074,47.40114],[12.26139,47.40134],[12.263,47.40118],[12.26373,47.40197]]}},{"type":"Feature","properties":{"kind":"piste","difficulty":"intermediate","name":"Windaubergabfahrt II","aerialway":null,"osm":"way/401103644"},"geometry":{"type":"LineString","coordinates":[[12.25055,47.40293],[12.25084,47.40327],[12.25248,47.40267],[12.25198,47.40243],[12.25122,47.40259],[12.25055,47.40293]]}},{"type":"Feature","properties":{"kind":"piste","difficulty":"intermediate","name":"Fleidingabfahrt","aerialway":null,"osm":"way/401104672"},"geometry":{"type":"LineString","coordinates":[[12.24709,47.3991],[12.24762,47.39915],[12.24793,47.39886],[12.24726,47.39888],[12.2463,47.39858],[12.24451,47.39742],[12.24298,47.39701],[12.24259,47.39724],[12.2432,47.39733],[12.2439,47.39762],[12.24461,47.39805],[12.24597,47.39922],[12.24622,47.3993],[12.24643,47.39904],[12.24709,47.3991]]}},{"type":"Feature","properties":{"kind":"piste","difficulty":"easy","name":"Skiabfahrt Windau","aerialway":null,"osm":"way/401113345"},"geometry":{"type":"LineString","coordinates":[[12.24171,47.40332],[12.24024,47.40293],[12.23952,47.40159],[12.23913,47.40127],[12.23616,47.40013],[12.23577,47.40017],[12.2355,47.40035],[12.23537,47.40121],[12.23518,47.40155],[12.23352,47.4026],[12.23124,47.40317],[12.23045,47.40293],[12.22915,47.40217],[12.22808,47.40257],[12.22811,47.40244],[12.22867,47.40209],[12.22946,47.40188],[12.23066,47.40256],[12.23115,47.40271],[12.23197,47.40266],[12.23326,47.40231],[12.23399,47.40178],[12.23495,47.40134],[12.23526,47.40076],[12.23533,47.40009],[12.23614,47.39984],[12.239,47.40089],[12.23972,47.4013],[12.24041,47.40254],[12.24067,47.40271],[12.24193,47.40297],[12.24255,47.40326],[12.24321,47.40377],[12.24333,47.40415],[12.24305,47.40407],[12.24171,47.40332]]}},{"type":"Feature","properties":{"kind":"piste","difficulty":"easy","name":"Skiabfahrt Windau","aerialway":null,"osm":"way/401114598"},"geometry":{"type":"LineString","coordinates":[[12.22777,47.40692],[12.22736,47.40724],[12.22736,47.40741],[12.22831,47.40806],[12.22832,47.40827],[12.22784,47.40878],[12.22438,47.40981],[12.22325,47.4103],[12.21782,47.4111],[12.21721,47.41139],[12.21702,47.41163],[12.21697,47.41217],[12.21663,47.41281],[12.2168,47.41283],[12.21715,47.41214],[12.2179,47.41159],[12.22034,47.41097],[12.22179,47.41088],[12.22368,47.4105],[12.22627,47.40957],[12.22844,47.40861],[12.22859,47.40837],[12.22851,47.40794],[12.2277,47.40735],[12.22802,47.40713],[12.22827,47.40671],[12.22781,47.40647],[12.2279,47.4068],[12.22777,47.40692]]}},{"type":"Feature","properties":{"kind":"piste","difficulty":"easy","name":null,"aerialway":null,"osm":"way/401196011"},"geometry":{"type":"LineString","coordinates":[[12.18851,47.47747],[12.18863,47.4775],[12.18904,47.47715],[12.18894,47.47711],[12.18851,47.47747]]}},{"type":"Feature","properties":{"kind":"piste","difficulty":"intermediate","name":"Kandleralm Abfahrt","aerialway":null,"osm":"way/401295944"},"geometry":{"type":"LineString","coordinates":[[12.24577,47.42135],[12.24928,47.42189],[12.25151,47.42249],[12.25183,47.4227],[12.25236,47.42326],[12.25293,47.42431],[12.25421,47.42513],[12.25502,47.42615],[12.25557,47.42753],[12.25696,47.43004],[12.25708,47.43058],[12.25701,47.43135],[12.2562,47.43196],[12.25648,47.4323],[12.25678,47.43201],[12.25735,47.43174],[12.25741,47.43051],[12.25688,47.42926],[12.25593,47.42771],[12.25532,47.42582],[12.25474,47.42494],[12.25326,47.42407],[12.2522,47.42264],[12.25165,47.42233],[12.24939,47.4217],[12.24571,47.42108],[12.24521,47.42071],[12.24536,47.42123],[12.24577,47.42135]]}},{"type":"Feature","properties":{"kind":"piste","difficulty":"advanced","name":"Kandleralm Abfahrt","aerialway":null,"osm":"way/401296292"},"geometry":{"type":"LineString","coordinates":[[12.25524,47.43322],[12.25641,47.43228],[12.2562,47.43196],[12.25475,47.43302],[12.25403,47.43386],[12.2546,47.43389],[12.25524,47.43322]]}},{"type":"Feature","properties":{"kind":"piste","difficulty":"intermediate","name":"Kandleralm Abfahrt","aerialway":null,"osm":"way/401298163"},"geometry":{"type":"LineString","coordinates":[[12.25355,47.43648],[12.25389,47.43899],[12.25339,47.44069],[12.25344,47.443],[12.2533,47.44333],[12.25246,47.44386],[12.25163,47.44495],[12.25154,47.44527],[12.25265,47.44401],[12.25349,47.44354],[12.25396,47.443],[12.2544,47.43872],[12.25396,47.4365],[12.25355,47.43648]]}},{"type":"Feature","properties":{"kind":"piste","difficulty":"intermediate","name":"Ellmererabfahrt","aerialway":null,"osm":"way/401301645"},"geometry":{"type":"LineString","coordinates":[[12.22759,47.42273],[12.22566,47.42399],[12.22419,47.42426],[12.22317,47.42419],[12.22083,47.42495],[12.21781,47.42557],[12.21666,47.4266],[12.21494,47.42726],[12.21487,47.42742],[12.21575,47.42743],[12.21682,47.42699],[12.21739,47.42672],[12.21828,47.42583],[12.21925,47.42551],[12.22063,47.42539],[12.22318,47.42441],[12.2242,47.42452],[12.22572,47.42423],[12.22785,47.42301],[12.22852,47.42276],[12.22862,47.42233],[12.22836,47.4221],[12.2283,47.42238],[12.22759,47.42273]]}},{"type":"Feature","properties":{"kind":"piste","difficulty":"advanced","name":"Alpe Seite","aerialway":null,"osm":"way/401307500"},"geometry":{"type":"LineString","coordinates":[[12.23852,47.42039],[12.24011,47.42026],[12.24367,47.41938],[12.24372,47.41905],[12.24206,47.41925],[12.24136,47.41956],[12.23852,47.42039]]}},{"type":"Feature","properties":{"kind":"piste","difficulty":"intermediate","name":"Alpenrosenabfahrt","aerialway":null,"osm":"way/401307501"},"geometry":{"type":"LineString","coordinates":[[12.23993,47.41967],[12.23645,47.42038],[12.23325,47.42205],[12.2316,47.4227],[12.2315,47.42286],[12.23186,47.42292],[12.23258,47.42273],[12.23625,47.42085],[12.23696,47.42062],[12.23852,47.42039],[12.24007,47.41986],[12.24043,47.4197],[12.24052,47.41951],[12.24045,47.41923],[12.23993,47.41967]]}},{"type":"Feature","properties":{"kind":"piste","difficulty":"intermediate","name":"Hohe Salve - Rigi - Mittelstation","aerialway":null,"osm":"way/404226063"},"geometry":{"type":"LineString","coordinates":[[12.18908,47.45744],[12.18865,47.45711],[12.18752,47.45675]]}},{"type":"Feature","properties":{"kind":"piste","difficulty":"easy","name":null,"aerialway":null,"osm":"way/404227644"},"geometry":{"type":"LineString","coordinates":[[12.18483,47.45627],[12.18666,47.45564]]}},{"type":"Feature","properties":{"kind":"piste","difficulty":"intermediate","name":"Schmiedalm","aerialway":null,"osm":"way/404240724"},"geometry":{"type":"LineString","coordinates":[[12.26458,47.501],[12.26487,47.50137],[12.2665,47.50225],[12.26681,47.50273],[12.26698,47.5037],[12.26692,47.5059],[12.26671,47.50625],[12.26669,47.50658],[12.26692,47.5076],[12.26703,47.51001],[12.26676,47.51112],[12.26689,47.51123],[12.26728,47.5112]]}},{"type":"Feature","properties":{"kind":"piste","difficulty":"intermediate","name":"Schmiedalm","aerialway":null,"osm":"way/404241661"},"geometry":{"type":"LineString","coordinates":[[12.26524,47.50178],[12.2662,47.50234],[12.26658,47.50273],[12.26682,47.50367],[12.2668,47.50579],[12.26649,47.5063],[12.26673,47.50783],[12.26664,47.51113],[12.26689,47.51123],[12.26719,47.51115],[12.26717,47.5084],[12.2668,47.50635],[12.26708,47.506],[12.26714,47.50555],[12.26714,47.50303],[12.26702,47.50261],[12.2667,47.50216],[12.26512,47.50143],[12.26497,47.50112],[12.26456,47.50142],[12.26524,47.50178]]}},{"type":"Feature","properties":{"kind":"piste","difficulty":"easy","name":null,"aerialway":null,"osm":"way/404300393"},"geometry":{"type":"LineString","coordinates":[[12.19199,47.47979],[12.19145,47.48047],[12.19166,47.48051],[12.19173,47.48037]]}},{"type":"Feature","properties":{"kind":"piste","difficulty":"easy","name":null,"aerialway":null,"osm":"way/404300394"},"geometry":{"type":"LineString","coordinates":[[12.19199,47.47979],[12.1915,47.48003]]}},{"type":"Feature","properties":{"kind":"piste","difficulty":"easy","name":"Hochsöll Foisching","aerialway":null,"osm":"way/404300395"},"geometry":{"type":"LineString","coordinates":[[12.19199,47.47979],[12.19239,47.48045],[12.19178,47.48101],[12.19129,47.48114],[12.19005,47.48206],[12.18911,47.48314],[12.18834,47.48538],[12.18835,47.48595],[12.18795,47.48613],[12.18742,47.48589],[12.18703,47.48612],[12.18653,47.48689],[12.18596,47.48738],[12.18597,47.48786],[12.18584,47.48799],[12.18531,47.48811],[12.18386,47.48919],[12.18317,47.49023],[12.18231,47.49063],[12.18172,47.49138],[12.18216,47.49258],[12.18315,47.49364],[12.18178,47.49297],[12.18167,47.49307],[12.18285,47.4947],[12.18318,47.49502],[12.1838,47.49525],[12.18485,47.49524],[12.18648,47.49545],[12.18886,47.49547],[12.18956,47.49563],[12.1918,47.49519],[12.19352,47.49517],[12.19414,47.49525],[12.19436,47.49569],[12.19483,47.49595],[12.19523,47.49599],[12.19591,47.4958],[12.19673,47.49583],[12.19714,47.4962]]}},{"type":"Feature","properties":{"kind":"piste","difficulty":"easy","name":null,"aerialway":null,"osm":"way/404300396"},"geometry":{"type":"LineString","coordinates":[[12.19199,47.47979],[12.19217,47.47987],[12.19227,47.48024]]}},{"type":"Feature","properties":{"kind":"piste","difficulty":"easy","name":null,"aerialway":null,"osm":"way/404300397"},"geometry":{"type":"LineString","coordinates":[[12.19217,47.47987],[12.19254,47.48018]]}},{"type":"Feature","properties":{"kind":"piste","difficulty":"easy","name":null,"aerialway":null,"osm":"way/404304335"},"geometry":{"type":"LineString","coordinates":[[12.19076,47.46442],[12.19137,47.46429]]}},{"type":"Feature","properties":{"kind":"piste","difficulty":"easy","name":null,"aerialway":null,"osm":"way/404304336"},"geometry":{"type":"LineString","coordinates":[[12.18934,47.46459],[12.18873,47.4649]]}},{"type":"Feature","properties":{"kind":"piste","difficulty":"easy","name":"Rigi - Kraftalm Skiweg","aerialway":null,"osm":"way/404304339"},"geometry":{"type":"LineString","coordinates":[[12.18873,47.4649],[12.18857,47.46581],[12.18804,47.46713],[12.1871,47.46811],[12.18592,47.46872],[12.18565,47.46907],[12.18619,47.46875],[12.18744,47.46844],[12.18825,47.46801],[12.18931,47.46814]]}},{"type":"Feature","properties":{"kind":"piste","difficulty":"intermediate","name":null,"aerialway":null,"osm":"way/404304341"},"geometry":{"type":"LineString","coordinates":[[12.18873,47.4649],[12.18603,47.46513],[12.18546,47.46489],[12.18621,47.46468],[12.18705,47.46415],[12.18738,47.46337]]}},{"type":"Feature","properties":{"kind":"piste","difficulty":"intermediate","name":"Talabfahrt Hopfgarten","aerialway":null,"osm":"way/404306894"},"geometry":{"type":"LineString","coordinates":[[12.18471,47.45621],[12.18508,47.45612],[12.18485,47.45529],[12.18471,47.45517],[12.1841,47.45514],[12.18287,47.45544],[12.18073,47.45463],[12.18072,47.45428],[12.18137,47.45347],[12.18152,47.45295],[12.1813,47.45268],[12.17997,47.4522],[12.17954,47.45185],[12.17839,47.4506],[12.17787,47.45025],[12.17724,47.44918],[12.1763,47.44842],[12.17548,47.4474],[12.17346,47.44668],[12.17039,47.44607],[12.16858,47.44543],[12.16743,47.44521],[12.16669,47.44533],[12.16592,47.44574],[12.16399,47.44566],[12.16292,47.44581],[12.16227,47.44636],[12.16221,47.44661],[12.16231,47.44665],[12.16292,47.44613],[12.16358,47.44589],[12.16479,47.44601],[12.16588,47.44595],[12.16673,47.44537],[12.16728,47.44526],[12.17038,47.44628],[12.17343,47.44681],[12.17416,47.44707],[12.17526,47.44765],[12.17774,47.45032],[12.17875,47.4511],[12.17933,47.45193],[12.17982,47.45235],[12.18072,47.45284],[12.18101,47.45329],[12.18051,47.45431],[12.18044,47.4549],[12.18276,47.45574],[12.18366,47.45542],[12.18451,47.45546],[12.18471,47.45621]]}},{"type":"Feature","properties":{"kind":"piste","difficulty":"easy","name":"Poldangerabfahrt","aerialway":null,"osm":"way/404309637"},"geometry":{"type":"LineString","coordinates":[[12.23088,47.46476],[12.23138,47.4638]]}},{"type":"Feature","properties":{"kind":"piste","difficulty":"easy","name":null,"aerialway":null,"osm":"way/404311234"},"geometry":{"type":"LineString","coordinates":[[12.25453,47.4876],[12.25565,47.48735],[12.25718,47.48724],[12.25764,47.4873],[12.25803,47.48774]]}},{"type":"Feature","properties":{"kind":"piste","difficulty":"easy","name":"Hollernabfahrt","aerialway":null,"osm":"way/404313101"},"geometry":{"type":"LineString","coordinates":[[12.23098,47.42284],[12.23078,47.42216],[12.2309,47.422],[12.23087,47.42173],[12.22966,47.42108],[12.228,47.41885],[12.22622,47.41699],[12.22611,47.41654],[12.22575,47.41645],[12.2235,47.41743],[12.22259,47.4177],[12.2217,47.41785],[12.22086,47.41776],[12.21755,47.41827],[12.21711,47.41848],[12.21628,47.41921],[12.21566,47.42003],[12.21519,47.42236],[12.21452,47.42352],[12.21428,47.42477],[12.2146,47.42625],[12.21457,47.42752]]}},{"type":"Feature","properties":{"kind":"piste","difficulty":"easy","name":null,"aerialway":null,"osm":"way/404314706"},"geometry":{"type":"LineString","coordinates":[[12.23116,47.42208],[12.23132,47.42256],[12.23098,47.42284]]}},{"type":"Feature","properties":{"kind":"piste","difficulty":"advanced","name":"Alpe Seite","aerialway":null,"osm":"way/404315113"},"geometry":{"type":"LineString","coordinates":[[12.23625,47.42085],[12.23778,47.42048],[12.24011,47.42026],[12.23673,47.42112],[12.2351,47.42246],[12.23488,47.42243],[12.23495,47.42229],[12.23625,47.42085]]}},{"type":"Feature","properties":{"kind":"piste","difficulty":"freeride","name":"Verbindung Schmiedalm - Scheffau","aerialway":null,"osm":"way/424238432"},"geometry":{"type":"LineString","coordinates":[[12.26676,47.51112],[12.26614,47.51165],[12.26646,47.51203],[12.26651,47.51227],[12.2661,47.5128],[12.26565,47.51286],[12.26577,47.51301],[12.26712,47.51292],[12.26713,47.51318],[12.26551,47.51351],[12.26456,47.51529],[12.26507,47.5157],[12.26477,47.51609],[12.26348,47.51643],[12.26135,47.51614],[12.25976,47.51616],[12.25931,47.51633],[12.25846,47.51722],[12.25701,47.5176],[12.25599,47.5175],[12.25498,47.51772],[12.25422,47.51858],[12.25249,47.51943],[12.25053,47.52015]]}},{"type":"Feature","properties":{"kind":"piste","difficulty":"easy","name":null,"aerialway":null,"osm":"way/429039475"},"geometry":{"type":"LineString","coordinates":[[12.18369,47.47282],[12.18356,47.47269]]}},{"type":"Feature","properties":{"kind":"piste","difficulty":"easy","name":"Ellmis 6er","aerialway":null,"osm":"way/440339176"},"geometry":{"type":"LineString","coordinates":[[12.27245,47.49385],[12.27264,47.49368],[12.27261,47.494],[12.2721,47.49425],[12.27004,47.4947],[12.26736,47.49752],[12.2661,47.50006],[12.26458,47.501],[12.26338,47.50192],[12.26211,47.5023],[12.26194,47.50229],[12.26199,47.50215]]}},{"type":"Feature","properties":{"kind":"piste","difficulty":"easy","name":"Übungslift Dorf - Abfahrt","aerialway":null,"osm":"way/440355924"},"geometry":{"type":"LineString","coordinates":[[12.24607,47.52807],[12.24604,47.52758],[12.24581,47.52737],[12.24472,47.52704]]}},{"type":"Feature","properties":{"kind":"piste","difficulty":"intermediate","name":"Vetterstätt Abfahrt","aerialway":null,"osm":"way/440356317"},"geometry":{"type":"LineString","coordinates":[[12.30864,47.51325],[12.30885,47.5134]]}},{"type":"Feature","properties":{"kind":"piste","difficulty":"easy","name":"Sternfeld Abfahrten","aerialway":null,"osm":"way/440357125"},"geometry":{"type":"LineString","coordinates":[[12.30991,47.51232],[12.31008,47.51276],[12.30982,47.51328],[12.30957,47.51337]]}},{"type":"Feature","properties":{"kind":"piste","difficulty":"easy","name":"Zauberteppich Astberg","aerialway":null,"osm":"way/440359021"},"geometry":{"type":"LineString","coordinates":[[12.32344,47.51201],[12.32368,47.51193],[12.32396,47.51262],[12.3238,47.51267]]}},{"type":"Feature","properties":{"kind":"piste","difficulty":"easy","name":"Übungslift Abfahrt","aerialway":null,"osm":"way/440602696"},"geometry":{"type":"LineString","coordinates":[[12.1966,47.49849],[12.1963,47.49863],[12.19597,47.49911],[12.19591,47.49942],[12.196,47.49947]]}},{"type":"Feature","properties":{"kind":"piste","difficulty":"easy","name":"Bodenschmiedfeld","aerialway":null,"osm":"way/440603408"},"geometry":{"type":"LineString","coordinates":[[12.16151,47.44535],[12.16115,47.44558],[12.16091,47.44558]]}},{"type":"Feature","properties":{"kind":"piste","difficulty":"intermediate","name":"Mulden Abfahrten","aerialway":null,"osm":"way/440607200"},"geometry":{"type":"LineString","coordinates":[[12.24891,47.47729],[12.25133,47.47784],[12.25263,47.47787],[12.25394,47.47779],[12.25534,47.4775],[12.25555,47.4774],[12.25533,47.47732]]}},{"type":"Feature","properties":{"kind":"piste","difficulty":"easy","name":"zur Almbahn","aerialway":null,"osm":"way/440610509"},"geometry":{"type":"LineString","coordinates":[[12.26145,47.4856],[12.26246,47.48587],[12.26348,47.48636],[12.2651,47.48667],[12.26556,47.4876],[12.26719,47.4879],[12.26798,47.48902],[12.26856,47.48903],[12.26922,47.48948],[12.27037,47.48982],[12.27505,47.48957],[12.27603,47.48926],[12.27755,47.48851]]}},{"type":"Feature","properties":{"kind":"piste","difficulty":"novice","name":"Högerfeld","aerialway":null,"osm":"way/441572866"},"geometry":{"type":"LineString","coordinates":[[12.1615,47.44763],[12.16108,47.44762],[12.16073,47.44741],[12.1607,47.44718]]}},{"type":"Feature","properties":{"kind":"piste","difficulty":"easy","name":"Kaiser-Übungslift","aerialway":null,"osm":"way/441573022"},"geometry":{"type":"LineString","coordinates":[[12.27169,47.49333],[12.27155,47.49308],[12.27035,47.49276]]}},{"type":"Feature","properties":{"kind":"piste","difficulty":"easy","name":"Übungslift Berg Abfahrt","aerialway":null,"osm":"way/441579924"},"geometry":{"type":"LineString","coordinates":[[12.2555,47.48548],[12.25502,47.48586],[12.2548,47.48639],[12.2551,47.48684]]}},{"type":"Feature","properties":{"kind":"piste","difficulty":"easy","name":null,"aerialway":null,"osm":"way/443197683"},"geometry":{"type":"LineString","coordinates":[[12.24737,47.49143],[12.24734,47.49121]]}},{"type":"Feature","properties":{"kind":"piste","difficulty":"easy","name":"Skiweg Hartkaiser Talabfahrt","aerialway":null,"osm":"way/443355651"},"geometry":{"type":"LineString","coordinates":[[12.27797,47.49722],[12.27922,47.49649],[12.2794,47.49661],[12.27909,47.49807],[12.27884,47.4983],[12.27767,47.49872],[12.27706,47.49915],[12.27516,47.49996]]}},{"type":"Feature","properties":{"kind":"piste","difficulty":"intermediate","name":"Skiroute 80c nach Ellmau","aerialway":null,"osm":"way/448478286"},"geometry":{"type":"LineString","coordinates":[[12.29609,47.49458],[12.29617,47.49503],[12.29592,47.49523],[12.29523,47.49645],[12.29454,47.49724],[12.29417,47.49743],[12.29413,47.49786],[12.2933,47.49887],[12.29248,47.4997],[12.29178,47.49966],[12.29152,47.49977],[12.29156,47.49999],[12.29085,47.50033],[12.292,47.50087],[12.29308,47.50172],[12.29313,47.50187],[12.29301,47.50195]]}},{"type":"Feature","properties":{"kind":"piste","difficulty":"intermediate","name":"51b Silleralmschiweg","aerialway":null,"osm":"way/465528451"},"geometry":{"type":"LineString","coordinates":[[12.21874,47.47135],[12.21858,47.47149],[12.21879,47.47177],[12.21879,47.47218],[12.21774,47.47269]]}},{"type":"Feature","properties":{"kind":"piste","difficulty":"easy","name":null,"aerialway":null,"osm":"way/474580285"},"geometry":{"type":"LineString","coordinates":[[12.24509,47.49215],[12.24496,47.49207]]}},{"type":"Feature","properties":{"kind":"piste","difficulty":"intermediate","name":"Joch Abfahrt","aerialway":null,"osm":"way/476069755"},"geometry":{"type":"LineString","coordinates":[[12.24527,47.47071],[12.24678,47.46999],[12.24816,47.4699],[12.25071,47.46913]]}},{"type":"Feature","properties":{"kind":"piste","difficulty":"easy","name":"Holzalm Abfahrt","aerialway":null,"osm":"way/476085398"},"geometry":{"type":"LineString","coordinates":[[12.24599,47.46421],[12.24738,47.46366],[12.24807,47.46352]]}},{"type":"Feature","properties":{"kind":"piste","difficulty":"easy","name":null,"aerialway":null,"osm":"way/479379341"},"geometry":{"type":"LineString","coordinates":[[12.25062,47.47897],[12.25191,47.47983]]}},{"type":"Feature","properties":{"kind":"piste","difficulty":"easy","name":null,"aerialway":null,"osm":"way/479379588"},"geometry":{"type":"LineString","coordinates":[[12.25,47.47802],[12.25069,47.47771]]}},{"type":"Feature","properties":{"kind":"piste","difficulty":"advanced","name":"Kandleralm Abfahrt","aerialway":null,"osm":"way/479846369"},"geometry":{"type":"LineString","coordinates":[[12.25631,47.4321],[12.25471,47.43328],[12.25417,47.43391]]}},{"type":"Feature","properties":{"kind":"piste","difficulty":"easy","name":"Skiabfahrt Windau","aerialway":null,"osm":"way/479846378"},"geometry":{"type":"LineString","coordinates":[[12.24718,47.41227],[12.24708,47.41133],[12.24665,47.40984],[12.24703,47.40886],[12.24694,47.40851],[12.24613,47.4079],[12.24573,47.40726],[12.24548,47.40672],[12.24533,47.40576],[12.24503,47.40527],[12.24445,47.40477],[12.24351,47.40432],[12.24212,47.40319],[12.24059,47.40291],[12.24024,47.40266],[12.23968,47.40151],[12.23945,47.4013],[12.2373,47.40035],[12.23599,47.39999],[12.23545,47.40016],[12.2351,47.40142],[12.23362,47.40236],[12.23164,47.40291],[12.231,47.40292],[12.23055,47.40281],[12.22958,47.40208],[12.22922,47.40199],[12.22862,47.40218],[12.22763,47.40289],[12.22708,47.40366],[12.22696,47.40436],[12.22743,47.40618],[12.22814,47.40679],[12.22756,47.40728],[12.22755,47.40745],[12.2284,47.40809],[12.22837,47.40832],[12.22803,47.40869],[12.22365,47.41034],[12.21946,47.41095],[12.21783,47.4113],[12.21735,47.41162],[12.21665,47.41293]]}},{"type":"Feature","properties":{"kind":"piste","difficulty":"easy","name":null,"aerialway":null,"osm":"way/479850654"},"geometry":{"type":"LineString","coordinates":[[12.19183,47.46426],[12.19174,47.46404],[12.19137,47.46393],[12.19038,47.4639],[12.18977,47.46414],[12.18934,47.46459]]}},{"type":"Feature","properties":{"kind":"piste","difficulty":"easy","name":"Übungswiese","aerialway":null,"osm":"way/522944936"},"geometry":{"type":"LineString","coordinates":[[12.3315,47.47384],[12.33151,47.47397],[12.3318,47.47412],[12.33353,47.4746],[12.33836,47.47558],[12.33885,47.47557]]}},{"type":"Feature","properties":{"kind":"piste","difficulty":"easy","name":"Übungswiese","aerialway":null,"osm":"way/522944938"},"geometry":{"type":"LineString","coordinates":[[12.33208,47.47555],[12.3382,47.47731],[12.33869,47.47725],[12.33917,47.47668],[12.33853,47.47561],[12.33178,47.47402],[12.33162,47.47403],[12.33173,47.47417],[12.33299,47.47456],[12.33138,47.47521],[12.33208,47.47555]]}},{"type":"Feature","properties":{"kind":"piste","difficulty":"easy","name":"Übungswiese","aerialway":null,"osm":"way/522944939"},"geometry":{"type":"LineString","coordinates":[[12.33151,47.47397],[12.33135,47.47508],[12.33143,47.47518],[12.33257,47.47543],[12.33614,47.47578],[12.33836,47.47558]]}},{"type":"Feature","properties":{"kind":"piste","difficulty":"easy","name":null,"aerialway":null,"osm":"way/540037754"},"geometry":{"type":"LineString","coordinates":[[12.29279,47.50744],[12.29344,47.50741],[12.29349,47.5073]]}},{"type":"Feature","properties":{"kind":"piste","difficulty":"easy","name":null,"aerialway":null,"osm":"way/548282797"},"geometry":{"type":"LineString","coordinates":[[12.24849,47.52659],[12.24848,47.52626],[12.24804,47.52512],[12.24803,47.52445],[12.24731,47.52208],[12.24693,47.52149],[12.24563,47.52074]]}},{"type":"Feature","properties":{"kind":"piste","difficulty":"intermediate","name":"Rigiabfahrt","aerialway":null,"osm":"way/570374039"},"geometry":{"type":"LineString","coordinates":[[12.19233,47.46479],[12.19186,47.46541],[12.18931,47.4667]]}},{"type":"Feature","properties":{"kind":"piste","difficulty":"intermediate","name":"Götschen Abfahrt","aerialway":null,"osm":"way/570380259"},"geometry":{"type":"LineString","coordinates":[[12.26652,47.43988],[12.26649,47.44002],[12.2663,47.43997],[12.2657,47.43944],[12.26511,47.4383],[12.26335,47.43637],[12.26302,47.43617],[12.26032,47.43561],[12.2633,47.43611],[12.26455,47.43714],[12.2655,47.43825],[12.26572,47.43915],[12.26652,47.43988]]}},{"type":"Feature","properties":{"kind":"piste","difficulty":"easy","name":"Sonnenlift","aerialway":null,"osm":"way/570384145"},"geometry":{"type":"LineString","coordinates":[[12.31883,47.49955],[12.31878,47.49931],[12.31894,47.49911],[12.31932,47.49901],[12.32327,47.49853],[12.32556,47.49794],[12.32643,47.49713],[12.32716,47.49674],[12.32909,47.49695],[12.33002,47.49737]]}},{"type":"Feature","properties":{"kind":"piste","difficulty":"intermediate","name":"Sonnenlift","aerialway":null,"osm":"way/570384147"},"geometry":{"type":"LineString","coordinates":[[12.323,47.50003],[12.3232,47.49942],[12.3231,47.49884],[12.32327,47.49853]]}},{"type":"Feature","properties":{"kind":"piste","difficulty":"easy","name":"Hochbrixen Abfahrt","aerialway":null,"osm":"way/570482390"},"geometry":{"type":"LineString","coordinates":[[12.24042,47.46967],[12.23894,47.46912],[12.23552,47.4688]]}},{"type":"Feature","properties":{"kind":"piste","difficulty":"easy","name":null,"aerialway":null,"osm":"way/574732820"},"geometry":{"type":"LineString","coordinates":[[12.31825,47.50761],[12.31855,47.50797],[12.31933,47.50819],[12.31752,47.50826]]}},{"type":"Feature","properties":{"kind":"piste","difficulty":"intermediate","name":null,"aerialway":null,"osm":"way/665159978"},"geometry":{"type":"LineString","coordinates":[[12.2526,47.39685],[12.25346,47.3972],[12.25461,47.39828],[12.25665,47.39969]]}},{"type":"Feature","properties":{"kind":"piste","difficulty":"advanced","name":"Kaslach Abfahrt","aerialway":null,"osm":"way/666276556"},"geometry":{"type":"LineString","coordinates":[[12.22474,47.46156],[12.22467,47.46025],[12.22491,47.45909]]}},{"type":"Feature","properties":{"kind":"piste","difficulty":"easy","name":"Zinsbergabfahrt","aerialway":null,"osm":"way/737322093"},"geometry":{"type":"LineString","coordinates":[[12.24067,47.47532],[12.23983,47.47424],[12.23841,47.47317],[12.23803,47.47202],[12.23767,47.47146],[12.23619,47.4698],[12.23456,47.46734],[12.23456,47.46704],[12.23282,47.46473],[12.23207,47.46412],[12.23138,47.4638],[12.23053,47.46211],[12.23056,47.46179],[12.23096,47.46171]]}},{"type":"Feature","properties":{"kind":"piste","difficulty":"intermediate","name":"Fleidingabfahrt","aerialway":null,"osm":"way/762706330"},"geometry":{"type":"LineString","coordinates":[[12.24291,47.39721],[12.24247,47.39739]]}},{"type":"Feature","properties":{"kind":"piste","difficulty":"easy","name":"Neuhögen Abfahrt","aerialway":null,"osm":"way/765993192"},"geometry":{"type":"LineString","coordinates":[[12.24,47.40216],[12.23993,47.40141],[12.23664,47.39793],[12.23535,47.39786],[12.23489,47.39805],[12.23455,47.39843],[12.23432,47.39838],[12.23428,47.39812],[12.23445,47.39756],[12.23524,47.39672],[12.23458,47.39624],[12.23361,47.39621]]}},{"type":"Feature","properties":{"kind":"piste","difficulty":"easy","name":"Höhninger Abfahrt","aerialway":null,"osm":"way/765993194"},"geometry":{"type":"LineString","coordinates":[[12.25003,47.40269],[12.24927,47.40281],[12.248,47.40411],[12.24759,47.40619],[12.24753,47.40804],[12.24737,47.40841]]}},{"type":"Feature","properties":{"kind":"piste","difficulty":"easy","name":null,"aerialway":null,"osm":"way/765993195"},"geometry":{"type":"LineString","coordinates":[[12.24988,47.40282],[12.25003,47.40269]]}},{"type":"Feature","properties":{"kind":"piste","difficulty":"intermediate","name":"Fleidingabfahrt","aerialway":null,"osm":"way/765993197"},"geometry":{"type":"LineString","coordinates":[[12.24247,47.39739],[12.24153,47.39885],[12.24067,47.39915],[12.23985,47.39905],[12.23882,47.39963],[12.23684,47.40004],[12.23626,47.40001]]}},{"type":"Feature","properties":{"kind":"piste","difficulty":"intermediate","name":"Fleidingabfahrt","aerialway":null,"osm":"way/765993198"},"geometry":{"type":"LineString","coordinates":[[12.24625,47.39938],[12.24597,47.39862],[12.2442,47.3974],[12.24291,47.39721]]}},{"type":"Feature","properties":{"kind":"piste","difficulty":"easy","name":"Brandstadl Talabfahrt Knollern","aerialway":null,"osm":"way/766264616"},"geometry":{"type":"LineString","coordinates":[[12.25108,47.51183],[12.25101,47.51168],[12.25312,47.51049],[12.25306,47.51068],[12.25108,47.51183]]}},{"type":"Feature","properties":{"kind":"piste","difficulty":"intermediate","name":"Silleralmabfahrt","aerialway":null,"osm":"way/766281082"},"geometry":{"type":"LineString","coordinates":[[12.20967,47.47055],[12.21008,47.47131],[12.21044,47.47156],[12.2136,47.47216],[12.21621,47.4732],[12.21747,47.4734]]}},{"type":"Feature","properties":{"kind":"piste","difficulty":"intermediate","name":"Filzboden Abfahrt","aerialway":null,"osm":"way/766281083"},"geometry":{"type":"LineString","coordinates":[[12.21036,47.47042],[12.21283,47.46926],[12.21364,47.469],[12.21471,47.46826],[12.21559,47.46723],[12.21639,47.4672],[12.21895,47.46631],[12.21951,47.46622],[12.22244,47.467],[12.22309,47.4668],[12.22329,47.46689]]}},{"type":"Feature","properties":{"kind":"piste","difficulty":"easy","name":"Holzalm Abfahrt","aerialway":null,"osm":"way/766302670"},"geometry":{"type":"LineString","coordinates":[[12.24148,47.47672],[12.24107,47.47639],[12.24067,47.47532],[12.24125,47.4739],[12.24306,47.47172],[12.24527,47.47071]]}},{"type":"Feature","properties":{"kind":"piste","difficulty":"intermediate","name":"Filzboden Abfahrt","aerialway":null,"osm":"way/766302671"},"geometry":{"type":"LineString","coordinates":[[12.24159,47.47694],[12.23695,47.47434],[12.23561,47.4739],[12.23369,47.47273],[12.23188,47.47115],[12.2318,47.469],[12.23164,47.46838],[12.23088,47.46779],[12.22925,47.46714],[12.22784,47.46562],[12.2261,47.46591],[12.22489,47.46587],[12.22355,47.4664]]}},{"type":"Feature","properties":{"kind":"piste","difficulty":"intermediate","name":"Verbindung Filzboden - Aualm","aerialway":null,"osm":"way/766302672"},"geometry":{"type":"LineString","coordinates":[[12.24115,47.47694],[12.24151,47.47718],[12.24276,47.47902],[12.24301,47.48046]]}},{"type":"Feature","properties":{"kind":"piste","difficulty":"easy","name":"Laubkogel Abfahrt","aerialway":null,"osm":"way/766730389"},"geometry":{"type":"LineString","coordinates":[[12.24772,47.41013],[12.24801,47.41049]]}},{"type":"Feature","properties":{"kind":"piste","difficulty":"easy","name":"Foischingabfahrt","aerialway":null,"osm":"way/839468606"},"geometry":{"type":"LineString","coordinates":[[12.20101,47.45652],[12.20117,47.45623],[12.20168,47.45604],[12.20114,47.45555],[12.20029,47.45524]]}},{"type":"Feature","properties":{"kind":"piste","difficulty":"easy","name":null,"aerialway":null,"osm":"way/842240901"},"geometry":{"type":"LineString","coordinates":[[12.18423,47.4675],[12.18544,47.4674],[12.18664,47.46694],[12.18704,47.46655],[12.18699,47.4659],[12.18705,47.46573],[12.1873,47.46561]]}},{"type":"Feature","properties":{"kind":"piste","difficulty":"easy","name":null,"aerialway":null,"osm":"way/842240902"},"geometry":{"type":"LineString","coordinates":[[12.1873,47.46561],[12.18798,47.46539],[12.18873,47.4649]]}},{"type":"Feature","properties":{"kind":"piste","difficulty":"intermediate","name":"Kasbühelweg","aerialway":null,"osm":"way/1137971576"},"geometry":{"type":"LineString","coordinates":[[12.2362,47.42026],[12.23628,47.41917],[12.23602,47.41922],[12.23474,47.42044],[12.23444,47.42108],[12.23449,47.42148]]}},{"type":"Feature","properties":{"kind":"piste","difficulty":"intermediate","name":"Trapbergabfahrt","aerialway":null,"osm":"way/1137971577"},"geometry":{"type":"LineString","coordinates":[[12.23595,47.41927],[12.23492,47.41903],[12.23381,47.41924],[12.23062,47.41754],[12.22983,47.41693],[12.2293,47.4163],[12.22922,47.416]]}},{"type":"Feature","properties":{"kind":"piste","difficulty":"intermediate","name":"Kasbühelweg","aerialway":null,"osm":"way/1137971578"},"geometry":{"type":"LineString","coordinates":[[12.23819,47.42012],[12.23788,47.41993],[12.23794,47.41905],[12.23774,47.41856],[12.23772,47.41909],[12.2362,47.42026]]}},{"type":"Feature","properties":{"kind":"piste","difficulty":"intermediate","name":"Kasbühelweg","aerialway":null,"osm":"way/1137971579"},"geometry":{"type":"LineString","coordinates":[[12.23449,47.42148],[12.23516,47.42185],[12.23561,47.42188],[12.23638,47.42259],[12.23705,47.42273],[12.23698,47.42326],[12.23631,47.42389],[12.2354,47.42431],[12.23473,47.42491],[12.23475,47.42404],[12.23538,47.42334],[12.23519,47.42316],[12.23291,47.42337],[12.23149,47.42333],[12.23111,47.42291]]}},{"type":"Feature","properties":{"kind":"piste","difficulty":"intermediate","name":null,"aerialway":null,"osm":"way/1137971580"},"geometry":{"type":"LineString","coordinates":[[12.24117,47.41975],[12.24019,47.41971]]}},{"type":"Feature","properties":{"kind":"piste","difficulty":"easy","name":"Übungswiese Samerfeld","aerialway":null,"osm":"way/1150751335"},"geometry":{"type":"LineString","coordinates":[[12.22222,47.429],[12.22131,47.42923],[12.21975,47.42898]]}},{"type":"Feature","properties":{"kind":"piste","difficulty":"easy","name":"Übungswiese Samerfeld","aerialway":null,"osm":"way/1150751336"},"geometry":{"type":"LineString","coordinates":[[12.21975,47.42898],[12.2191,47.42874]]}},{"type":"Feature","properties":{"kind":"piste","difficulty":"easy","name":"Skiabfahrt Windau","aerialway":null,"osm":"way/1150757752"},"geometry":{"type":"LineString","coordinates":[[12.24457,47.41917],[12.2448,47.41835],[12.24694,47.41537],[12.24718,47.4146],[12.24714,47.41372],[12.24769,47.4133],[12.24736,47.41286]]}},{"type":"Feature","properties":{"kind":"piste","difficulty":"easy","name":"Skiabfahrt Windau","aerialway":null,"osm":"way/1150757753"},"geometry":{"type":"LineString","coordinates":[[12.24736,47.41286],[12.24718,47.41227]]}},{"type":"Feature","properties":{"kind":"piste","difficulty":"easy","name":"Verbindung Chor Mittel/Hollernabfahrt","aerialway":null,"osm":"way/1206656289"},"geometry":{"type":"LineString","coordinates":[[12.22922,47.416],[12.22858,47.41647],[12.22775,47.41671],[12.22677,47.4167],[12.22611,47.41654]]}},{"type":"Feature","properties":{"kind":"piste","difficulty":"easy","name":"Laubkogel Abfahrt","aerialway":null,"osm":"way/1211104406"},"geometry":{"type":"LineString","coordinates":[[12.24739,47.4085],[12.24737,47.40841],[12.24682,47.4084]]}},{"type":"Feature","properties":{"kind":"piste","difficulty":"easy","name":"26 - Skiweg Klaus","aerialway":null,"osm":"way/1229187155"},"geometry":{"type":"LineString","coordinates":[[12.19236,47.45264],[12.19228,47.45288]]}},{"type":"Feature","properties":{"kind":"piste","difficulty":"easy","name":null,"aerialway":null,"osm":"way/1235821892"},"geometry":{"type":"LineString","coordinates":[[12.30039,47.51023],[12.29819,47.51188]]}},{"type":"Feature","properties":{"kind":"piste","difficulty":"easy","name":null,"aerialway":null,"osm":"way/1235821893"},"geometry":{"type":"LineString","coordinates":[[12.29824,47.51028],[12.2989,47.51128],[12.29923,47.51227]]}},{"type":"Feature","properties":{"kind":"piste","difficulty":"easy","name":"31","aerialway":null,"osm":"way/1244011415"},"geometry":{"type":"LineString","coordinates":[[12.18362,47.47311],[12.18271,47.47343]]}},{"type":"Feature","properties":{"kind":"piste","difficulty":"easy","name":null,"aerialway":null,"osm":"way/1246142743"},"geometry":{"type":"LineString","coordinates":[[12.19076,47.46442],[12.19017,47.46505]]}},{"type":"Feature","properties":{"kind":"piste","difficulty":"easy","name":null,"aerialway":null,"osm":"way/1246142744"},"geometry":{"type":"LineString","coordinates":[[12.19085,47.46463],[12.19076,47.46442]]}},{"type":"Feature","properties":{"kind":"piste","difficulty":"easy","name":null,"aerialway":null,"osm":"way/1246142745"},"geometry":{"type":"LineString","coordinates":[[12.19137,47.46429],[12.19183,47.46426]]}},{"type":"Feature","properties":{"kind":"piste","difficulty":"intermediate","name":"Rigi - Kraftalm","aerialway":null,"osm":"way/1246142746"},"geometry":{"type":"LineString","coordinates":[[12.18873,47.4649],[12.18909,47.46532],[12.18934,47.46599],[12.18921,47.46771],[12.18931,47.46814]]}},{"type":"Feature","properties":{"kind":"piste","difficulty":"intermediate","name":null,"aerialway":null,"osm":"way/1246142747"},"geometry":{"type":"LineString","coordinates":[[12.18839,47.46486],[12.18738,47.46337]]}},{"type":"Feature","properties":{"kind":"piste","difficulty":"easy","name":null,"aerialway":null,"osm":"way/1246142748"},"geometry":{"type":"LineString","coordinates":[[12.18586,47.46728],[12.18569,47.46703],[12.18527,47.46688],[12.18407,47.46703],[12.18369,47.46726],[12.18349,47.46755],[12.18359,47.46812],[12.18402,47.46828],[12.18436,47.46863],[12.18468,47.46865],[12.18496,47.46841],[12.18768,47.46707],[12.18808,47.46659],[12.18825,47.46657]]}},{"type":"Feature","properties":{"kind":"piste","difficulty":"intermediate","name":null,"aerialway":null,"osm":"way/1246142749"},"geometry":{"type":"LineString","coordinates":[[12.18871,47.46508],[12.18911,47.46486],[12.18964,47.46584],[12.18971,47.4663],[12.18954,47.46658],[12.18921,47.46667],[12.18928,47.46599],[12.18871,47.46508]]}},{"type":"Feature","properties":{"kind":"piste","difficulty":"intermediate","name":null,"aerialway":null,"osm":"way/1246174317"},"geometry":{"type":"LineString","coordinates":[[12.18294,47.47237],[12.18311,47.47216],[12.18293,47.47201],[12.18181,47.47178],[12.18294,47.47237]]}},{"type":"Feature","properties":{"kind":"piste","difficulty":"intermediate","name":null,"aerialway":null,"osm":"way/1246174318"},"geometry":{"type":"LineString","coordinates":[[12.17327,47.47056],[12.17342,47.47083],[12.17139,47.47103],[12.17129,47.47113],[12.1715,47.47181],[12.16949,47.47292],[12.16948,47.47309],[12.17018,47.47403],[12.16792,47.47567],[12.16785,47.47639],[12.16605,47.47703],[12.16496,47.47726],[12.16293,47.47819],[12.16284,47.47814],[12.16383,47.47747],[12.16512,47.47692],[12.16612,47.47673],[12.16747,47.47617],[12.16764,47.47564],[12.16761,47.47533],[12.16908,47.47451],[12.16979,47.4739],[12.16978,47.47368],[12.16915,47.47297],[12.16939,47.47267],[12.17116,47.47153],[12.1709,47.47115],[12.17105,47.47099],[12.17177,47.47067],[12.17327,47.47056]]}},{"type":"Feature","properties":{"kind":"piste","difficulty":"easy","name":null,"aerialway":null,"osm":"way/1246174319"},"geometry":{"type":"LineString","coordinates":[[12.16682,47.48338],[12.16672,47.48324],[12.16354,47.48449],[12.16298,47.48473],[12.16288,47.48481],[12.16297,47.48491]]}},{"type":"Feature","properties":{"kind":"piste","difficulty":"intermediate","name":null,"aerialway":null,"osm":"way/1246174320"},"geometry":{"type":"LineString","coordinates":[[12.1628,47.48456],[12.16288,47.48481]]}},{"type":"Feature","properties":{"kind":"piste","difficulty":"easy","name":null,"aerialway":null,"osm":"way/1246174321"},"geometry":{"type":"LineString","coordinates":[[12.16261,47.4847],[12.16252,47.48537],[12.16221,47.48568],[12.16243,47.48554],[12.16268,47.48566],[12.16318,47.48525],[12.16342,47.48478],[12.16686,47.48339],[12.16685,47.48325],[12.16646,47.4832],[12.1632,47.4845],[12.16275,47.48438],[12.16261,47.4847]]}},{"type":"Feature","properties":{"kind":"piste","difficulty":"easy","name":null,"aerialway":null,"osm":"way/1246174322"},"geometry":{"type":"LineString","coordinates":[[12.16288,47.48481],[12.16264,47.485]]}},{"type":"Feature","properties":{"kind":"piste","difficulty":"easy","name":null,"aerialway":null,"osm":"way/1246174323"},"geometry":{"type":"LineString","coordinates":[[12.18433,47.46767],[12.18437,47.46736],[12.18595,47.46713],[12.18685,47.46663],[12.18702,47.46628],[12.18676,47.46571],[12.18774,47.4654],[12.18845,47.46489],[12.18861,47.46514],[12.18802,47.46556],[12.18719,47.46588],[12.18717,47.46665],[12.18661,47.4671],[12.18567,47.46746],[12.18433,47.46767]]}},{"type":"Feature","properties":{"kind":"piste","difficulty":"intermediate","name":null,"aerialway":null,"osm":"way/1246314265"},"geometry":{"type":"LineString","coordinates":[[12.20779,47.46989],[12.20875,47.46979],[12.20895,47.47012],[12.20945,47.47033],[12.21102,47.47013]]}},{"type":"Feature","properties":{"kind":"piste","difficulty":"intermediate","name":null,"aerialway":null,"osm":"way/1246314266"},"geometry":{"type":"LineString","coordinates":[[12.20025,47.46609],[12.19837,47.46583]]}},{"type":"Feature","properties":{"kind":"piste","difficulty":"advanced","name":null,"aerialway":null,"osm":"way/1246314267"},"geometry":{"type":"LineString","coordinates":[[12.20025,47.46609],[12.20022,47.46637]]}},{"type":"Feature","properties":{"kind":"piste","difficulty":"advanced","name":null,"aerialway":null,"osm":"way/1246314268"},"geometry":{"type":"LineString","coordinates":[[12.20088,47.46609],[12.20025,47.46609]]}},{"type":"Feature","properties":{"kind":"piste","difficulty":"intermediate","name":null,"aerialway":null,"osm":"way/1246314269"},"geometry":{"type":"LineString","coordinates":[[12.20003,47.46621],[12.19888,47.46592],[12.19912,47.46579],[12.20005,47.46595],[12.20022,47.46567],[12.20028,47.46512],[12.20054,47.46498],[12.20042,47.46607],[12.20003,47.46621]]}},{"type":"Feature","properties":{"kind":"piste","difficulty":"intermediate","name":null,"aerialway":null,"osm":"way/1246314270"},"geometry":{"type":"LineString","coordinates":[[12.2034,47.46503],[12.20337,47.46487],[12.203,47.46476],[12.20285,47.46483],[12.20269,47.46531]]}},{"type":"Feature","properties":{"kind":"piste","difficulty":"intermediate","name":null,"aerialway":null,"osm":"way/1246314271"},"geometry":{"type":"LineString","coordinates":[[12.20285,47.46483],[12.20201,47.46523]]}},{"type":"Feature","properties":{"kind":"piste","difficulty":"advanced","name":null,"aerialway":null,"osm":"way/1246314272"},"geometry":{"type":"LineString","coordinates":[[12.20269,47.46531],[12.20236,47.46557]]}},{"type":"Feature","properties":{"kind":"piste","difficulty":"easy","name":null,"aerialway":null,"osm":"way/1246314273"},"geometry":{"type":"LineString","coordinates":[[12.19938,47.46029],[12.19863,47.46012],[12.19902,47.45927]]}},{"type":"Feature","properties":{"kind":"piste","difficulty":"easy","name":null,"aerialway":null,"osm":"way/1246330834"},"geometry":{"type":"LineString","coordinates":[[12.18194,47.45534],[12.18192,47.45488],[12.18224,47.4545],[12.18214,47.45427],[12.18192,47.45433],[12.18176,47.4546],[12.18088,47.45495]]}},{"type":"Feature","properties":{"kind":"piste","difficulty":"easy","name":null,"aerialway":null,"osm":"way/1246330835"},"geometry":{"type":"LineString","coordinates":[[12.17969,47.45208],[12.17971,47.4519],[12.17992,47.45173],[12.18052,47.45143],[12.17857,47.45087]]}},{"type":"Feature","properties":{"kind":"piste","difficulty":"intermediate","name":"Kaslach Abfahrt","aerialway":null,"osm":"way/1246330836"},"geometry":{"type":"LineString","coordinates":[[12.21737,47.45961],[12.2189,47.4596],[12.22141,47.4599]]}},{"type":"Feature","properties":{"kind":"piste","difficulty":"easy","name":null,"aerialway":null,"osm":"way/1246330837"},"geometry":{"type":"LineString","coordinates":[[12.22864,47.46176],[12.22842,47.46196]]}},{"type":"Feature","properties":{"kind":"piste","difficulty":"easy","name":null,"aerialway":null,"osm":"way/1246330838"},"geometry":{"type":"LineString","coordinates":[[12.22951,47.46185],[12.23031,47.46189],[12.23056,47.46179]]}},{"type":"Feature","properties":{"kind":"piste","difficulty":"easy","name":null,"aerialway":null,"osm":"way/1246330839"},"geometry":{"type":"LineString","coordinates":[[12.23098,47.463],[12.22946,47.46204]]}},{"type":"Feature","properties":{"kind":"piste","difficulty":"easy","name":null,"aerialway":null,"osm":"way/1246330840"},"geometry":{"type":"LineString","coordinates":[[12.23434,47.46592],[12.23301,47.46427],[12.2321,47.4637],[12.23296,47.46445],[12.23386,47.46557],[12.23382,47.46574],[12.23434,47.46592]]}},{"type":"Feature","properties":{"kind":"piste","difficulty":"intermediate","name":"Geschwindigkeits-Messstrecke Filzboden","aerialway":null,"osm":"way/1246330841"},"geometry":{"type":"LineString","coordinates":[[12.23825,47.47546],[12.23657,47.47453]]}},{"type":"Feature","properties":{"kind":"piste","difficulty":"intermediate","name":null,"aerialway":null,"osm":"way/1246330842"},"geometry":{"type":"LineString","coordinates":[[12.23901,47.47553],[12.23842,47.47559],[12.23825,47.47546]]}},{"type":"Feature","properties":{"kind":"piste","difficulty":"intermediate","name":null,"aerialway":null,"osm":"way/1246330843"},"geometry":{"type":"LineString","coordinates":[[12.23657,47.47453],[12.23606,47.47413]]}},{"type":"Feature","properties":{"kind":"piste","difficulty":"intermediate","name":null,"aerialway":null,"osm":"way/1246397170"},"geometry":{"type":"LineString","coordinates":[[12.24182,47.477],[12.24104,47.47715],[12.24227,47.47904],[12.24233,47.48029],[12.24333,47.47973],[12.24318,47.47905],[12.24182,47.477]]}},{"type":"Feature","properties":{"kind":"piste","difficulty":"intermediate","name":null,"aerialway":null,"osm":"way/1246397171"},"geometry":{"type":"LineString","coordinates":[[12.24764,47.47746],[12.24612,47.47781],[12.24542,47.47813],[12.24416,47.47888],[12.24333,47.47973],[12.24233,47.48029],[12.2421,47.48083],[12.23972,47.48301],[12.23926,47.48442],[12.23935,47.48453],[12.23983,47.4848],[12.24003,47.48474],[12.23972,47.48425],[12.24326,47.48074],[12.24354,47.48055],[12.24418,47.48067],[12.24471,47.48022],[12.24514,47.47955],[12.24688,47.47832],[12.24736,47.47778],[12.24841,47.47742],[12.24764,47.47746]]}},{"type":"Feature","properties":{"kind":"piste","difficulty":"intermediate","name":"Aualm - Abfahrten","aerialway":null,"osm":"way/1246397172"},"geometry":{"type":"LineString","coordinates":[[12.24425,47.47922],[12.24439,47.48071],[12.2439,47.48125],[12.24111,47.48354],[12.23961,47.48409]]}},{"type":"Feature","properties":{"kind":"piste","difficulty":"intermediate","name":null,"aerialway":null,"osm":"way/1246397173"},"geometry":{"type":"LineString","coordinates":[[12.24471,47.48022],[12.24552,47.48011],[12.24182,47.48337],[12.24084,47.48403],[12.23985,47.48413],[12.24315,47.48093],[12.2433,47.48101],[12.24424,47.48084],[12.24418,47.48067],[12.24471,47.48022]]}},{"type":"Feature","properties":{"kind":"piste","difficulty":"easy","name":null,"aerialway":null,"osm":"way/1246397174"},"geometry":{"type":"LineString","coordinates":[[12.25447,47.48793],[12.25509,47.48759],[12.25574,47.48742],[12.25696,47.48731],[12.2575,47.48744],[12.25748,47.4872],[12.25535,47.48733],[12.25436,47.48758],[12.25447,47.48793]]}},{"type":"Feature","properties":{"kind":"piste","difficulty":"easy","name":null,"aerialway":null,"osm":"way/1246397175"},"geometry":{"type":"LineString","coordinates":[[12.26302,47.48798],[12.26229,47.48817],[12.26053,47.48814],[12.25933,47.48792],[12.25804,47.48811]]}},{"type":"Feature","properties":{"kind":"piste","difficulty":"easy","name":"Tanzboden Abfahrt","aerialway":null,"osm":"way/1246397176"},"geometry":{"type":"LineString","coordinates":[[12.26304,47.48728],[12.26285,47.48733]]}},{"type":"Feature","properties":{"kind":"piste","difficulty":"easy","name":null,"aerialway":null,"osm":"way/1246397177"},"geometry":{"type":"LineString","coordinates":[[12.27905,47.4911],[12.27959,47.49049],[12.28029,47.49028],[12.28062,47.49027],[12.28132,47.49079],[12.28168,47.49081],[12.28211,47.49053],[12.28223,47.49018],[12.28205,47.48896],[12.28212,47.48826],[12.28185,47.48755],[12.28071,47.48651],[12.27841,47.48587]]}},{"type":"Feature","properties":{"kind":"piste","difficulty":"intermediate","name":"87 Ranhart","aerialway":null,"osm":"way/1246397178"},"geometry":{"type":"LineString","coordinates":[[12.27681,47.4936],[12.27866,47.49219],[12.28168,47.49081]]}},{"type":"Feature","properties":{"kind":"piste","difficulty":"intermediate","name":"Hartkaiserbahn Talabfahrt","aerialway":null,"osm":"way/1246397180"},"geometry":{"type":"LineString","coordinates":[[12.27264,47.49368],[12.27299,47.49402],[12.27401,47.49431],[12.27791,47.49462],[12.27821,47.4948],[12.2782,47.49503],[12.27791,47.49544]]}},{"type":"Feature","properties":{"kind":"piste","difficulty":"intermediate","name":null,"aerialway":null,"osm":"way/1246397181"},"geometry":{"type":"LineString","coordinates":[[12.27306,47.49392],[12.27529,47.49444],[12.27791,47.49446],[12.27795,47.49472],[12.27533,47.49471],[12.27277,47.49413],[12.27306,47.49392]]}},{"type":"Feature","properties":{"kind":"piste","difficulty":"easy","name":null,"aerialway":null,"osm":"way/1246397182"},"geometry":{"type":"LineString","coordinates":[[12.2732,47.49283],[12.27345,47.49242],[12.27427,47.49246],[12.27614,47.49292],[12.27849,47.49416],[12.27888,47.49477],[12.27867,47.49524],[12.27782,47.4958],[12.27765,47.49614],[12.27758,47.49658],[12.27774,47.49701],[12.27772,47.49745],[12.27746,47.49706],[12.27714,47.4973],[12.27711,47.49619],[12.27726,47.49579],[12.27793,47.49519],[12.27802,47.49491],[12.27791,47.49446],[12.2777,47.49424],[12.27575,47.4932],[12.2732,47.49283]]}},{"type":"Feature","properties":{"kind":"piste","difficulty":"intermediate","name":null,"aerialway":null,"osm":"way/1246397183"},"geometry":{"type":"LineString","coordinates":[[12.27231,47.4934],[12.27264,47.49368]]}},{"type":"Feature","properties":{"kind":"piste","difficulty":"intermediate","name":null,"aerialway":null,"osm":"way/1246397184"},"geometry":{"type":"LineString","coordinates":[[12.27791,47.49249],[12.27921,47.49214],[12.28161,47.49102],[12.28097,47.49073],[12.27898,47.49175],[12.27791,47.49249]]}},{"type":"Feature","properties":{"kind":"piste","difficulty":"easy","name":null,"aerialway":null,"osm":"way/1246408146"},"geometry":{"type":"LineString","coordinates":[[12.239,47.40089],[12.23773,47.39972],[12.23598,47.39768],[12.23533,47.39733],[12.23516,47.39681],[12.23366,47.39601],[12.23408,47.3958],[12.23502,47.3961],[12.23607,47.39699],[12.23997,47.40116],[12.24012,47.40186],[12.23972,47.4013],[12.239,47.40089]]}},{"type":"Feature","properties":{"kind":"piste","difficulty":"intermediate","name":"Fleidingabfahrt","aerialway":null,"osm":"way/1246408147"},"geometry":{"type":"LineString","coordinates":[[12.252,47.39678],[12.25228,47.39716],[12.25158,47.39841],[12.25149,47.39921],[12.25058,47.40169],[12.25021,47.40213],[12.25018,47.40231],[12.2505,47.40246],[12.25109,47.40181],[12.2519,47.39926],[12.25223,47.40094],[12.2523,47.40227],[12.25268,47.40209],[12.25273,47.40091],[12.25213,47.39887],[12.25234,47.39802],[12.25326,47.39719],[12.252,47.39678]]}},{"type":"Feature","properties":{"kind":"piste","difficulty":"intermediate","name":null,"aerialway":null,"osm":"way/1246411965"},"geometry":{"type":"LineString","coordinates":[[12.32206,47.50143],[12.32178,47.50197],[12.32093,47.50273],[12.32053,47.50367],[12.31985,47.50424],[12.3195,47.50686],[12.31932,47.50713],[12.31821,47.5074],[12.31723,47.50788],[12.31723,47.50864],[12.31797,47.51156],[12.31827,47.5115],[12.31784,47.50848],[12.31787,47.50785],[12.31977,47.50739],[12.32154,47.50236],[12.32219,47.50187],[12.32206,47.50143]]}},{"type":"Feature","properties":{"kind":"piste","difficulty":"intermediate","name":null,"aerialway":null,"osm":"way/1246411966"},"geometry":{"type":"LineString","coordinates":[[12.32345,47.49981],[12.32366,47.4991],[12.32461,47.49872],[12.32446,47.49841],[12.32219,47.49891],[12.31988,47.49983],[12.31993,47.49995],[12.32066,47.50004],[12.32345,47.49981]]}},{"type":"Feature","properties":{"kind":"piste","difficulty":"easy","name":null,"aerialway":null,"osm":"way/1246411967"},"geometry":{"type":"LineString","coordinates":[[12.31953,47.49964],[12.31909,47.49947],[12.31898,47.49931],[12.31911,47.49911],[12.32039,47.49894],[12.32219,47.49891],[12.32446,47.49841],[12.32554,47.49811],[12.32631,47.4974],[12.32715,47.49691],[12.32885,47.49705],[12.32989,47.49741],[12.33008,47.4973],[12.32932,47.49681],[12.32793,47.49653],[12.32729,47.49655],[12.3267,47.49673],[12.32546,47.49788],[12.32389,47.49829],[12.31889,47.49908],[12.31862,47.49921],[12.31873,47.4996],[12.31919,47.49967],[12.31933,47.5001],[12.31974,47.50017],[12.31985,47.49999],[12.31967,47.50002],[12.31953,47.49964]]}},{"type":"Feature","properties":{"kind":"piste","difficulty":"intermediate","name":null,"aerialway":null,"osm":"way/1246411968"},"geometry":{"type":"LineString","coordinates":[[12.32461,47.49872],[12.32963,47.49756],[12.32989,47.49741],[12.32956,47.49728],[12.32896,47.49752],[12.32737,47.49765],[12.32573,47.49796],[12.32446,47.49841],[12.32461,47.49872]]}},{"type":"Feature","properties":{"kind":"piste","difficulty":"easy","name":null,"aerialway":null,"osm":"way/1246411969"},"geometry":{"type":"LineString","coordinates":[[12.32296,47.49988],[12.32545,47.4994],[12.32665,47.49905],[12.3267,47.49894],[12.32699,47.49897],[12.32715,47.49925],[12.32689,47.49952],[12.32528,47.49994],[12.32325,47.50028],[12.32279,47.50031],[12.32274,47.50008],[12.32219,47.50005],[12.32076,47.50021],[12.31974,47.50017],[12.31993,47.49995],[12.32066,47.50004],[12.32296,47.49988]]}},{"type":"Feature","properties":{"kind":"piste","difficulty":"intermediate","name":null,"aerialway":null,"osm":"way/1246411970"},"geometry":{"type":"LineString","coordinates":[[12.31873,47.4996],[12.31789,47.49986],[12.31655,47.5005],[12.31469,47.5007],[12.31373,47.50147],[12.31201,47.50142],[12.31141,47.50202],[12.31137,47.50241],[12.31106,47.50282],[12.30798,47.50365],[12.307,47.50411],[12.30604,47.50423],[12.30726,47.50392],[12.30748,47.50356],[12.3081,47.5033],[12.31104,47.50264],[12.31128,47.50232],[12.31118,47.50186],[12.31144,47.50139],[12.31178,47.50119],[12.31222,47.50112],[12.31313,47.50135],[12.31402,47.50113],[12.31462,47.50062],[12.31625,47.50043],[12.31705,47.49995],[12.31825,47.49948],[12.31863,47.49945],[12.31873,47.4996]]}},{"type":"Feature","properties":{"kind":"piste","difficulty":"intermediate","name":null,"aerialway":null,"osm":"way/1246411971"},"geometry":{"type":"LineString","coordinates":[[12.30748,47.50356],[12.30648,47.50404],[12.30594,47.50409],[12.30472,47.5039],[12.30389,47.50408],[12.30364,47.50394],[12.30313,47.50395],[12.3027,47.50419],[12.30209,47.50542],[12.30166,47.50563],[12.301,47.50565],[12.29979,47.50533],[12.2994,47.50534],[12.29794,47.50573],[12.2975,47.50597],[12.29739,47.50618],[12.29722,47.50657],[12.29713,47.50735],[12.29608,47.50953],[12.29633,47.50952],[12.29712,47.50805],[12.29734,47.50746],[12.29753,47.50623],[12.29772,47.50604],[12.29957,47.50545],[12.30218,47.50573],[12.30295,47.50449],[12.30494,47.50414],[12.30604,47.50423],[12.30688,47.50402],[12.30703,47.50385],[12.30739,47.50377],[12.30748,47.50356]]}},{"type":"Feature","properties":{"kind":"piste","difficulty":"intermediate","name":null,"aerialway":null,"osm":"way/1249072495"},"geometry":{"type":"LineString","coordinates":[[12.18758,47.45642],[12.18724,47.45591],[12.18706,47.456],[12.18727,47.4564],[12.18758,47.45642]]}},{"type":"Feature","properties":{"kind":"piste","difficulty":"easy","name":null,"aerialway":null,"osm":"way/1249072496"},"geometry":{"type":"LineString","coordinates":[[12.18948,47.45647],[12.18745,47.45653]]}},{"type":"Feature","properties":{"kind":"piste","difficulty":"easy","name":null,"aerialway":null,"osm":"way/1249072497"},"geometry":{"type":"LineString","coordinates":[[12.18745,47.45653],[12.18614,47.45653]]}},{"type":"Feature","properties":{"kind":"piste","difficulty":"intermediate","name":null,"aerialway":null,"osm":"way/1249072498"},"geometry":{"type":"LineString","coordinates":[[12.18752,47.45675],[12.18745,47.45653]]}},{"type":"Feature","properties":{"kind":"piste","difficulty":"easy","name":"Hohe Salve - Rigi - Mittelstation","aerialway":null,"osm":"way/1249072499"},"geometry":{"type":"LineString","coordinates":[[12.18614,47.45653],[12.18578,47.45644]]}},{"type":"Feature","properties":{"kind":"piste","difficulty":"easy","name":"Neuhögen Abfahrt","aerialway":null,"osm":"way/1257917686"},"geometry":{"type":"LineString","coordinates":[[12.23664,47.39793],[12.23524,47.39672]]}},{"type":"Feature","properties":{"kind":"piste","difficulty":"easy","name":null,"aerialway":null,"osm":"way/1349333176"},"geometry":{"type":"LineString","coordinates":[[12.19714,47.4962],[12.19782,47.49666],[12.19831,47.4966],[12.19831,47.49629]]}},{"type":"Feature","properties":{"kind":"piste","difficulty":"easy","name":"Holzalm Abfahrt","aerialway":null,"osm":"way/1354501234"},"geometry":{"type":"LineString","coordinates":[[12.24592,47.463],[12.2441,47.46242],[12.24295,47.46244],[12.24267,47.46237],[12.24254,47.46218],[12.24281,47.46171],[12.24406,47.46121],[12.24515,47.46094],[12.24539,47.46064]]}},{"type":"Feature","properties":{"kind":"piste","difficulty":"intermediate","name":null,"aerialway":null,"osm":"way/1354501235"},"geometry":{"type":"LineString","coordinates":[[12.24618,47.463],[12.24615,47.46239],[12.24634,47.46213],[12.24599,47.4617],[12.24565,47.46241],[12.24563,47.46277],[12.24618,47.463]]}},{"type":"Feature","properties":{"kind":"piste","difficulty":"intermediate","name":"Holzalm Abfahrt","aerialway":null,"osm":"way/1354501236"},"geometry":{"type":"LineString","coordinates":[[12.24592,47.463],[12.24589,47.4626],[12.24616,47.46197],[12.24607,47.46146]]}},{"type":"Feature","properties":{"kind":"piste","difficulty":"easy","name":"Osthang - Abfahrten","aerialway":null,"osm":"way/1354501237"},"geometry":{"type":"LineString","coordinates":[[12.24992,47.48759],[12.25214,47.4865],[12.25234,47.48624]]}},{"type":"Feature","properties":{"kind":"piste","difficulty":"easy","name":null,"aerialway":null,"osm":"way/1354501238"},"geometry":{"type":"LineString","coordinates":[[12.2562,47.48517],[12.2575,47.48683],[12.2575,47.48744],[12.25794,47.48803],[12.25772,47.48847],[12.25802,47.48916],[12.25807,47.4899],[12.2602,47.49085],[12.2604,47.49117],[12.26054,47.49111],[12.26059,47.49103],[12.2603,47.4908],[12.25829,47.48983],[12.25797,47.48838],[12.25809,47.48816],[12.25916,47.48803],[12.25886,47.48697],[12.25836,47.48638],[12.25812,47.48576],[12.25681,47.48515],[12.256,47.48499],[12.25603,47.48522],[12.2562,47.48517]]}},{"type":"Feature","properties":{"kind":"piste","difficulty":"intermediate","name":null,"aerialway":null,"osm":"way/1354501240"},"geometry":{"type":"LineString","coordinates":[[12.26633,47.49924],[12.26627,47.49891],[12.26653,47.49795],[12.26774,47.49744],[12.26684,47.49836],[12.26633,47.49924]]}},{"type":"Feature","properties":{"kind":"piste","difficulty":"easy","name":null,"aerialway":null,"osm":"way/1354501241"},"geometry":{"type":"LineString","coordinates":[[12.26736,47.49752],[12.26643,47.4979],[12.26607,47.49771],[12.26579,47.49727],[12.26547,47.4977],[12.2654,47.49837],[12.2662,47.49907],[12.26624,47.49978]]}},{"type":"Feature","properties":{"kind":"piste","difficulty":"easy","name":"Funslope","aerialway":null,"osm":"way/1354501242"},"geometry":{"type":"LineString","coordinates":[[12.2662,47.49907],[12.26522,47.49965],[12.265,47.50012],[12.26523,47.50015],[12.26529,47.50008],[12.26513,47.49995]]}},{"type":"Feature","properties":{"kind":"piste","difficulty":"easy","name":"Funslope","aerialway":null,"osm":"way/1354501243"},"geometry":{"type":"LineString","coordinates":[[12.26513,47.49995],[12.26498,47.49991]]}},{"type":"Feature","properties":{"kind":"piste","difficulty":"easy","name":"Funslope","aerialway":null,"osm":"way/1354501244"},"geometry":{"type":"LineString","coordinates":[[12.26498,47.49991],[12.26478,47.50006],[12.26487,47.50038],[12.26458,47.501]]}},{"type":"Feature","properties":{"kind":"piste","difficulty":"easy","name":null,"aerialway":null,"osm":"way/1354501245"},"geometry":{"type":"LineString","coordinates":[[12.27827,47.48861],[12.27903,47.48819],[12.28095,47.48793],[12.28177,47.48768],[12.28138,47.48726],[12.2804,47.4875],[12.27815,47.48832],[12.27827,47.48861]]}},{"type":"Feature","properties":{"kind":"piste","difficulty":"easy","name":null,"aerialway":null,"osm":"way/1354501246"},"geometry":{"type":"LineString","coordinates":[[12.27955,47.49064],[12.28002,47.49042],[12.28049,47.49038],[12.28161,47.49102],[12.28205,47.49084],[12.28231,47.49012],[12.28217,47.48802],[12.28197,47.48755],[12.28067,47.48644],[12.27926,47.48605],[12.27928,47.48624],[12.28054,47.48657],[12.28194,47.48789],[12.28187,47.48852],[12.2821,47.49016],[12.28177,47.49062],[12.28155,47.49067],[12.28048,47.49016],[12.2796,47.49031],[12.27955,47.49064]]}},{"type":"Feature","properties":{"kind":"piste","difficulty":"easy","name":null,"aerialway":null,"osm":"way/1354690646"},"geometry":{"type":"LineString","coordinates":[[12.27237,47.4908],[12.27183,47.49053],[12.26978,47.49043],[12.27155,47.4904],[12.27229,47.49062],[12.27326,47.49126],[12.27381,47.49206],[12.27387,47.49244],[12.27345,47.49242],[12.27331,47.49234],[12.27344,47.4919],[12.27311,47.4913],[12.27237,47.4908]]}},{"type":"Feature","properties":{"kind":"piste","difficulty":"intermediate","name":"Geschwindigkeitsmessstrecke","aerialway":null,"osm":"way/1354690647"},"geometry":{"type":"LineString","coordinates":[[12.27701,47.48665],[12.27711,47.48602]]}},{"type":"Feature","properties":{"kind":"piste","difficulty":"novice","name":null,"aerialway":null,"osm":"way/1354690648"},"geometry":{"type":"LineString","coordinates":[[12.27028,47.4927],[12.27174,47.49333],[12.27183,47.49353],[12.27201,47.49348],[12.27181,47.49297],[12.27258,47.49294],[12.27218,47.4928],[12.27028,47.4927]]}},{"type":"Feature","properties":{"kind":"piste","difficulty":"easy","name":null,"aerialway":null,"osm":"way/1354690649"},"geometry":{"type":"LineString","coordinates":[[12.2724,47.49363],[12.27205,47.49369],[12.27193,47.49404],[12.27159,47.49373],[12.27171,47.49349],[12.27214,47.49347],[12.27218,47.49322],[12.27242,47.49302],[12.27331,47.49234],[12.27345,47.49242],[12.2732,47.49283],[12.27292,47.49278],[12.27228,47.49329],[12.27228,47.49339],[12.273,47.49346],[12.27282,47.49367],[12.27306,47.49392],[12.27277,47.49413],[12.2724,47.49363]]}},{"type":"Feature","properties":{"kind":"piste","difficulty":"easy","name":null,"aerialway":null,"osm":"way/1354690650"},"geometry":{"type":"LineString","coordinates":[[12.27292,47.49278],[12.27248,47.49342],[12.273,47.49346],[12.27278,47.49334],[12.27306,47.49285],[12.27292,47.49278]]}},{"type":"Feature","properties":{"kind":"piste","difficulty":"easy","name":null,"aerialway":null,"osm":"way/1354690651"},"geometry":{"type":"LineString","coordinates":[[12.27282,47.49311],[12.27303,47.49273]]}},{"type":"Feature","properties":{"kind":"piste","difficulty":"easy","name":null,"aerialway":null,"osm":"way/1354690652"},"geometry":{"type":"LineString","coordinates":[[12.256,47.48499],[12.25537,47.4851],[12.25423,47.48582],[12.25403,47.48633],[12.25553,47.48537],[12.25603,47.48522],[12.256,47.48499]]}},{"type":"Feature","properties":{"kind":"piste","difficulty":"easy","name":null,"aerialway":null,"osm":"way/1354690653"},"geometry":{"type":"LineString","coordinates":[[12.25812,47.48576],[12.25828,47.48559],[12.25934,47.48538],[12.25806,47.48523],[12.25708,47.48487],[12.25612,47.48501],[12.2576,47.48543],[12.25812,47.48576]]}},{"type":"Feature","properties":{"kind":"piste","difficulty":"easy","name":null,"aerialway":null,"osm":"way/1354690655"},"geometry":{"type":"LineString","coordinates":[[12.25886,47.48697],[12.25919,47.48843],[12.25944,47.48873],[12.25956,47.48865],[12.2594,47.48844],[12.2594,47.4879],[12.25886,47.48697]]}},{"type":"Feature","properties":{"kind":"piste","difficulty":"easy","name":null,"aerialway":null,"osm":"way/1354690656"},"geometry":{"type":"LineString","coordinates":[[12.25618,47.48425],[12.25613,47.48452],[12.25523,47.48541]]}},{"type":"Feature","properties":{"kind":"piste","difficulty":"easy","name":null,"aerialway":null,"osm":"way/1354690657"},"geometry":{"type":"LineString","coordinates":[[12.25537,47.4851],[12.2561,47.48434],[12.25708,47.48487],[12.25615,47.4849],[12.25537,47.4851]]}},{"type":"Feature","properties":{"kind":"piste","difficulty":"intermediate","name":null,"aerialway":null,"osm":"way/1354690658"},"geometry":{"type":"LineString","coordinates":[[12.25656,47.48438],[12.25723,47.48378],[12.25774,47.48367],[12.25695,47.48345],[12.25627,47.48413],[12.25656,47.48438]]}},{"type":"Feature","properties":{"kind":"piste","difficulty":"easy","name":null,"aerialway":null,"osm":"way/1354690659"},"geometry":{"type":"LineString","coordinates":[[12.25357,47.48134],[12.25254,47.48132],[12.2519,47.48179],[12.25211,47.48197],[12.25275,47.48186],[12.25332,47.48203],[12.25424,47.4819],[12.25435,47.48175],[12.25358,47.48149],[12.25357,47.48134]]}},{"type":"Feature","properties":{"kind":"piste","difficulty":"intermediate","name":null,"aerialway":null,"osm":"way/1354690660"},"geometry":{"type":"LineString","coordinates":[[12.24551,47.48012],[12.24768,47.47976],[12.2483,47.47977],[12.24885,47.47984],[12.24939,47.48027],[12.25014,47.48044],[12.24999,47.48062],[12.24842,47.48002],[12.24757,47.47995],[12.24529,47.48033],[12.24551,47.48012]]}},{"type":"Feature","properties":{"kind":"piste","difficulty":"intermediate","name":null,"aerialway":null,"osm":"way/1354690661"},"geometry":{"type":"LineString","coordinates":[[12.25033,47.48053],[12.25019,47.4807],[12.25043,47.48091],[12.25209,47.48161],[12.25224,47.48145],[12.25033,47.48053]]}},{"type":"Feature","properties":{"kind":"piste","difficulty":"easy","name":null,"aerialway":null,"osm":"way/1354690662"},"geometry":{"type":"LineString","coordinates":[[12.24117,47.47685],[12.24103,47.47696],[12.24104,47.47715],[12.24206,47.47692],[12.242,47.47676],[12.2417,47.47678],[12.24154,47.47657],[12.24117,47.47685]]}},{"type":"Feature","properties":{"kind":"piste","difficulty":"easy","name":null,"aerialway":null,"osm":"way/1354690663"},"geometry":{"type":"LineString","coordinates":[[12.24159,47.47694],[12.24148,47.47672]]}},{"type":"Feature","properties":{"kind":"piste","difficulty":"easy","name":null,"aerialway":null,"osm":"way/1354690664"},"geometry":{"type":"LineString","coordinates":[[12.2419,47.47685],[12.24141,47.47706]]}},{"type":"Feature","properties":{"kind":"piste","difficulty":"easy","name":null,"aerialway":null,"osm":"way/1354690665"},"geometry":{"type":"LineString","coordinates":[[12.24098,47.47687],[12.24115,47.47694]]}},{"type":"Feature","properties":{"kind":"piste","difficulty":"easy","name":null,"aerialway":null,"osm":"way/1354722607"},"geometry":{"type":"LineString","coordinates":[[12.23056,47.46179],[12.23092,47.46165]]}},{"type":"Feature","properties":{"kind":"piste","difficulty":"easy","name":"Köglbahn","aerialway":null,"osm":"way/1354724994"},"geometry":{"type":"LineString","coordinates":[[12.27117,47.48561],[12.27412,47.48515],[12.27497,47.48492],[12.27497,47.4847],[12.27486,47.48465]]}},{"type":"Feature","properties":{"kind":"piste","difficulty":"easy","name":null,"aerialway":null,"osm":"way/1354724995"},"geometry":{"type":"LineString","coordinates":[[12.25605,47.48511],[12.25632,47.48439]]}},{"type":"Feature","properties":{"kind":"piste","difficulty":"intermediate","name":"Skiroute 80c nach Ellmau","aerialway":null,"osm":"way/1390216831"},"geometry":{"type":"LineString","coordinates":[[12.29303,47.50194],[12.2924,47.50308]]}},{"type":"Feature","properties":{"kind":"piste","difficulty":"intermediate","name":"87 Ranhart","aerialway":null,"osm":"way/1390220271"},"geometry":{"type":"LineString","coordinates":[[12.28218,47.48987],[12.2851,47.48904],[12.28588,47.4882],[12.28547,47.48706]]}},{"type":"Feature","properties":{"kind":"piste","difficulty":"easy","name":"87a Umfahrung Seppenbauer","aerialway":null,"osm":"way/1390220272"},"geometry":{"type":"LineString","coordinates":[[12.27841,47.48587],[12.27942,47.48611],[12.28129,47.48627],[12.28321,47.48692],[12.28369,47.48725],[12.28443,47.48728],[12.28547,47.48706],[12.28525,47.48625],[12.28009,47.48495],[12.27835,47.48422]]}},{"type":"Feature","properties":{"kind":"piste","difficulty":"easy","name":"87a Umfahrung Seppenbauer","aerialway":null,"osm":"way/1390220273"},"geometry":{"type":"LineString","coordinates":[[12.27755,47.48851],[12.27823,47.48844],[12.27896,47.48807],[12.28369,47.48725]]}},{"type":"Feature","properties":{"kind":"piste","difficulty":"easy","name":"107 Lanzenberg Abfahrt","aerialway":null,"osm":"way/1390224977"},"geometry":{"type":"LineString","coordinates":[[12.32174,47.51021],[12.32219,47.51218],[12.32318,47.51292]]}},{"type":"Feature","properties":{"kind":"piste","difficulty":"easy","name":"100b Astbergbahn Talabfahrt","aerialway":null,"osm":"way/1390224978"},"geometry":{"type":"LineString","coordinates":[[12.32198,47.50974],[12.32114,47.51035]]}},{"type":"Feature","properties":{"kind":"piste","difficulty":"easy","name":null,"aerialway":null,"osm":"way/1390225296"},"geometry":{"type":"LineString","coordinates":[[12.32344,47.51201],[12.32327,47.51237],[12.3238,47.51267]]}},{"type":"Feature","properties":{"kind":"piste","difficulty":"easy","name":null,"aerialway":null,"osm":"way/1390225297"},"geometry":{"type":"LineString","coordinates":[[12.32298,47.51125],[12.32342,47.5116],[12.3236,47.51196]]}},{"type":"Feature","properties":{"kind":"piste","difficulty":"easy","name":null,"aerialway":null,"osm":"way/1390230017"},"geometry":{"type":"LineString","coordinates":[[12.16682,47.48338],[12.16641,47.48375],[12.16517,47.48437],[12.16271,47.48495]]}},{"type":"Feature","properties":{"kind":"piste","difficulty":"easy","name":null,"aerialway":null,"osm":"way/1411638389"},"geometry":{"type":"LineString","coordinates":[[12.31809,47.51263],[12.31767,47.51285],[12.31709,47.51285]]}},{"type":"Feature","properties":{"kind":"piste","difficulty":"easy","name":"Foischingabfahrt c","aerialway":null,"osm":"way/1446219282"},"geometry":{"type":"LineString","coordinates":[[12.20652,47.46128],[12.20681,47.45997],[12.20573,47.45827],[12.20385,47.45786],[12.20282,47.45798]]}},{"type":"Feature","properties":{"kind":"piste","difficulty":"easy","name":null,"aerialway":null,"osm":"way/1455743190"},"geometry":{"type":"LineString","coordinates":[[12.30107,47.51139],[12.29967,47.51205]]}},{"type":"Feature","properties":{"kind":"piste","difficulty":"easy","name":null,"aerialway":null,"osm":"way/1455743191"},"geometry":{"type":"LineString","coordinates":[[12.30515,47.51039],[12.30395,47.51093],[12.30368,47.51064],[12.30307,47.51037],[12.30255,47.51057],[12.30231,47.51112],[12.3018,47.51134]]}},{"type":"Feature","properties":{"kind":"piste","difficulty":"easy","name":"Wagnerfeld Abfahrt","aerialway":null,"osm":"way/1458953662"},"geometry":{"type":"LineString","coordinates":[[12.31159,47.50945],[12.31384,47.51006],[12.31489,47.51016]]}},{"type":"Feature","properties":{"kind":"piste","difficulty":"easy","name":"2a","aerialway":null,"osm":"way/1468560720"},"geometry":{"type":"LineString","coordinates":[[12.2419,47.47685],[12.24351,47.47653],[12.24408,47.47656],[12.24465,47.47624]]}},{"type":"Feature","properties":{"kind":"piste","difficulty":"easy","name":null,"aerialway":null,"osm":"way/1468560721"},"geometry":{"type":"LineString","coordinates":[[12.24179,47.47659],[12.2419,47.47685]]}},{"type":"Feature","properties":{"kind":"piste","difficulty":"easy","name":"2a","aerialway":null,"osm":"way/1468560722"},"geometry":{"type":"LineString","coordinates":[[12.24206,47.47692],[12.24355,47.4766],[12.24408,47.47667],[12.24466,47.47642],[12.24448,47.47621],[12.24406,47.47646],[12.24347,47.47644],[12.242,47.47676],[12.24206,47.47692]]}},{"type":"Feature","properties":{"kind":"piste","difficulty":"advanced","name":"Kandleralm Abfahrt","aerialway":null,"osm":"way/1468564028"},"geometry":{"type":"LineString","coordinates":[[12.25418,47.43431],[12.25362,47.43595],[12.2537,47.43654]]}},{"type":"Feature","properties":{"kind":"piste","difficulty":"intermediate","name":"Kandleralm Abfahrt","aerialway":null,"osm":"way/1468564029"},"geometry":{"type":"LineString","coordinates":[[12.25403,47.43386],[12.25385,47.43439],[12.25169,47.43579],[12.25309,47.43518],[12.25415,47.43435],[12.25439,47.43452],[12.2546,47.43389],[12.25403,47.43386]]}},{"type":"Feature","properties":{"kind":"piste","difficulty":"advanced","name":"Kandleralm Abfahrt","aerialway":null,"osm":"way/1468564030"},"geometry":{"type":"LineString","coordinates":[[12.25355,47.43648],[12.25396,47.4365],[12.25392,47.43588],[12.25439,47.43452],[12.25421,47.43435],[12.25381,47.43466],[12.2535,47.43556],[12.25355,47.43648]]}},{"type":"Feature","properties":{"kind":"piste","difficulty":"easy","name":"Neuhögen Abfahrt","aerialway":null,"osm":"way/1468567329"},"geometry":{"type":"LineString","coordinates":[[12.24059,47.40291],[12.24029,47.39909]]}},{"type":"Feature","properties":{"kind":"piste","difficulty":"easy","name":"Neuhögen Abfahrt","aerialway":null,"osm":"way/1468567330"},"geometry":{"type":"LineString","coordinates":[[12.24016,47.39907],[12.24041,47.40254],[12.24067,47.40271],[12.24044,47.39912],[12.24016,47.39907]]}},{"type":"Feature","properties":{"kind":"piste","difficulty":"easy","name":"Keat - Antlasseeabfahrt","aerialway":null,"osm":"way/1468572310"},"geometry":{"type":"LineString","coordinates":[[12.21083,47.47543],[12.20987,47.47531],[12.20918,47.47498]]}},{"type":"Feature","properties":{"kind":"piste","difficulty":"easy","name":"Keat - Antlasseeabfahrt","aerialway":null,"osm":"way/1468573250"},"geometry":{"type":"LineString","coordinates":[[12.20959,47.47164],[12.20987,47.4715],[12.21037,47.47172],[12.21034,47.47203],[12.21015,47.47216],[12.20946,47.47222],[12.20959,47.47164]]}},{"type":"Feature","properties":{"kind":"piste","difficulty":"easy","name":"Foischingabfahrt c","aerialway":null,"osm":"way/1468576080"},"geometry":{"type":"LineString","coordinates":[[12.20561,47.45835],[12.20508,47.45814],[12.20366,47.45796],[12.20364,47.45777],[12.20384,47.45777],[12.20584,47.45819],[12.20698,47.45997],[12.20682,47.46099],[12.20661,47.46108],[12.20649,47.46098],[12.20661,47.46001],[12.20561,47.45835]]}},{"type":"Feature","properties":{"kind":"piste","difficulty":"easy","name":null,"aerialway":null,"osm":"way/1468576840"},"geometry":{"type":"LineString","coordinates":[[12.19113,47.4643],[12.19086,47.46391]]}},{"type":"Feature","properties":{"kind":"piste","difficulty":"easy","name":"Sonnenlift","aerialway":null,"osm":"way/1469553711"},"geometry":{"type":"LineString","coordinates":[[12.32858,47.4977],[12.32859,47.49743],[12.32841,47.49709],[12.32865,47.49688]]}},{"type":"Feature","properties":{"kind":"piste","difficulty":"easy","name":null,"aerialway":null,"osm":"way/1469591617"},"geometry":{"type":"LineString","coordinates":[[12.31968,47.49998],[12.31947,47.50003]]}},{"type":"Feature","properties":{"kind":"piste","difficulty":"easy","name":null,"aerialway":null,"osm":"way/1469597187"},"geometry":{"type":"LineString","coordinates":[[12.25615,47.48529],[12.25605,47.48511],[12.25698,47.485]]}},{"type":"Feature","properties":{"kind":"piste","difficulty":"easy","name":"Zinsbergabfahrt","aerialway":null,"osm":"way/1471102178"},"geometry":{"type":"LineString","coordinates":[[12.23619,47.4698],[12.23387,47.46873],[12.23433,47.4684],[12.2347,47.4683],[12.23478,47.46768]]}},{"type":"Feature","properties":{"kind":"piste","difficulty":"easy","name":"Zinsbergabfahrt","aerialway":null,"osm":"way/1471102179"},"geometry":{"type":"LineString","coordinates":[[12.23598,47.46988],[12.23579,47.46956],[12.23399,47.4687],[12.23477,47.46831],[12.23485,47.46817],[12.23476,47.468],[12.23465,47.46824],[12.2338,47.46861],[12.23379,47.4688],[12.23598,47.46988]]}},{"type":"Feature","properties":{"kind":"piste","difficulty":"intermediate","name":"Rigiabfahrt","aerialway":null,"osm":"way/1471104093"},"geometry":{"type":"LineString","coordinates":[[12.197,47.46474],[12.19609,47.4655],[12.19518,47.46573],[12.1948,47.4657]]}},{"type":"Feature","properties":{"kind":"piste","difficulty":"easy","name":"Verbindung Aualm-Osthang","aerialway":null,"osm":"way/1484102615"},"geometry":{"type":"LineString","coordinates":[[12.24965,47.48326],[12.25027,47.48392],[12.25212,47.48487],[12.25276,47.48565],[12.25268,47.486],[12.25234,47.48624]]}},{"type":"Feature","properties":{"kind":"piste","difficulty":"intermediate","name":"87","aerialway":null,"osm":"way/1541024347"},"geometry":{"type":"LineString","coordinates":[[12.28588,47.4882],[12.28691,47.48696],[12.28676,47.48663]]}},{"type":"Feature","properties":{"kind":"piste","difficulty":"easy","name":"87a","aerialway":null,"osm":"way/1541024348"},"geometry":{"type":"LineString","coordinates":[[12.28547,47.48706],[12.28621,47.48661],[12.28676,47.48663],[12.28694,47.4868]]}},{"type":"Feature","properties":{"kind":"piste","difficulty":"easy","name":null,"aerialway":null,"osm":"way/1551210790"},"geometry":{"type":"LineString","coordinates":[[12.29631,47.50949],[12.29708,47.50975],[12.29754,47.51043],[12.29822,47.51084]]}},{"type":"Feature","properties":{"kind":"piste","difficulty":"easy","name":null,"aerialway":null,"osm":"way/1551210791"},"geometry":{"type":"LineString","coordinates":[[12.30074,47.5096],[12.30039,47.51023]]}},{"type":"Feature","properties":{"kind":"piste","difficulty":"easy","name":null,"aerialway":null,"osm":"way/1551210792"},"geometry":{"type":"LineString","coordinates":[[12.30057,47.51039],[12.30107,47.51067],[12.30098,47.51114],[12.30061,47.51163]]}},{"type":"Feature","properties":{"kind":"piste","difficulty":"easy","name":null,"aerialway":null,"osm":"way/1551210793"},"geometry":{"type":"LineString","coordinates":[[12.21479,47.42757],[12.2158,47.42866],[12.21605,47.42959],[12.21657,47.43045],[12.21647,47.43077],[12.2158,47.43139]]}},{"type":"Feature","properties":{"kind":"piste","difficulty":"easy","name":null,"aerialway":null,"osm":"way/1551210794"},"geometry":{"type":"LineString","coordinates":[[12.21692,47.43185],[12.21722,47.43202],[12.21723,47.43216]]}},{"type":"Feature","properties":{"kind":"piste","difficulty":"easy","name":null,"aerialway":null,"osm":"way/1551210795"},"geometry":{"type":"LineString","coordinates":[[12.21722,47.43206],[12.21616,47.43183]]}},{"type":"Feature","properties":{"kind":"piste","difficulty":"easy","name":null,"aerialway":null,"osm":"way/1551921345"},"geometry":{"type":"LineString","coordinates":[[12.19569,47.49904],[12.19613,47.50013]]}},{"type":"Feature","properties":{"kind":"piste","difficulty":"easy","name":null,"aerialway":null,"osm":"way/1551921346"},"geometry":{"type":"LineString","coordinates":[[12.19649,47.49846],[12.19606,47.4986]]}},{"type":"Feature","properties":{"kind":"piste","difficulty":"intermediate","name":"Hexen6er","aerialway":null,"osm":"relation/4640839"},"geometry":{"type":"MultiLineString","coordinates":[[[12.19436,47.47602],[12.19809,47.47037],[12.19751,47.47022],[12.19589,47.47276],[12.19409,47.47384],[12.19288,47.47501],[12.19193,47.47699],[12.19218,47.47765],[12.19205,47.47803],[12.19204,47.47903],[12.19308,47.47895],[12.19272,47.47851],[12.19255,47.47806],[12.19284,47.47751],[12.19436,47.47602]],[[12.1941,47.47559],[12.19374,47.47581],[12.19327,47.47542],[12.19455,47.47423],[12.19527,47.47382],[12.1941,47.47559]]]}},{"type":"Feature","properties":{"kind":"piste","difficulty":"easy","name":"Foischingabfahrt","aerialway":null,"osm":"relation/4652547"},"geometry":{"type":"MultiLineString","coordinates":[[[12.20254,47.45812],[12.20169,47.45729],[12.20104,47.45695],[12.20049,47.45633],[12.2,47.45543],[12.19907,47.45462],[12.19819,47.45445],[12.19689,47.45452],[12.19534,47.45405],[12.19252,47.45247],[12.1928,47.45238],[12.19519,47.45274],[12.19829,47.45291],[12.19893,47.45331],[12.19944,47.454],[12.20138,47.45549],[12.20082,47.4557],[12.20082,47.45598],[12.20165,47.45664],[12.20314,47.45729],[12.20364,47.45777],[12.20381,47.4587],[12.20425,47.45933],[12.20661,47.46108],[12.20744,47.462],[12.20717,47.46217],[12.20648,47.4616],[12.20644,47.46139],[12.20622,47.46121],[12.20561,47.46089],[12.20422,47.46055],[12.2018,47.45905],[12.20254,47.45812]],[[12.19456,47.45299],[12.19574,47.45379],[12.19678,47.45419],[12.19816,47.45431],[12.19874,47.45423],[12.19883,47.4541],[12.19865,47.45367],[12.19827,47.45325],[12.19529,47.45293],[12.19456,47.45299]],[[12.20267,47.45825],[12.20232,47.4587],[12.20487,47.46038],[12.20482,47.4602],[12.20374,47.45926],[12.20312,47.45847],[12.20267,47.45825]]]}},{"type":"Feature","properties":{"kind":"piste","difficulty":"intermediate","name":"Kummereralm - Abfahrt","aerialway":null,"osm":"relation/4662262"},"geometry":{"type":"MultiLineString","coordinates":[[[12.26455,47.48076],[12.26343,47.48098],[12.26262,47.48173],[12.26145,47.48326],[12.25897,47.48386],[12.25726,47.4836],[12.25457,47.48232],[12.25424,47.4819],[12.25435,47.48175],[12.25603,47.48244],[12.25696,47.48255],[12.25767,47.48243],[12.25928,47.48147],[12.26118,47.47979],[12.2623,47.47925],[12.26278,47.47947],[12.26355,47.48012],[12.26482,47.48071],[12.2648,47.48081],[12.26455,47.48076]],[[12.26247,47.48149],[12.26305,47.4809],[12.2639,47.48048],[12.2628,47.47974],[12.26241,47.47979],[12.26168,47.48008],[12.25977,47.48171],[12.25814,47.48262],[12.25732,47.48277],[12.2563,47.48277],[12.25728,47.48329],[12.25843,47.48352],[12.25937,47.48351],[12.26027,47.48333],[12.26098,47.48306],[12.26189,47.48231],[12.26247,47.48149]]]}},{"type":"Feature","properties":{"kind":"piste","difficulty":"intermediate","name":"Windaubergabfahrt I","aerialway":null,"osm":"relation/6019293"},"geometry":{"type":"MultiLineString","coordinates":[[[12.25087,47.40207],[12.25248,47.40267],[12.25263,47.40252],[12.2557,47.40189],[12.25684,47.40121],[12.25897,47.3967],[12.25895,47.39653],[12.25861,47.39654],[12.25798,47.39728],[12.25665,47.39948],[12.25307,47.40191],[12.2523,47.40227],[12.25109,47.40181],[12.25087,47.40207]],[[12.25486,47.40124],[12.25478,47.40154],[12.25523,47.40145],[12.25606,47.40087],[12.25613,47.40048],[12.25568,47.40063],[12.25486,47.40124]]]}},{"type":"Feature","properties":{"kind":"piste","difficulty":"easy","name":null,"aerialway":null,"osm":"relation/18618351"},"geometry":{"type":"LineString","coordinates":[[12.24882,47.47757],[12.24939,47.47747],[12.24957,47.47714],[12.24915,47.47697],[12.24847,47.47709],[12.24832,47.47735],[12.24882,47.47757]]}},{"type":"Feature","properties":{"kind":"lift","difficulty":null,"name":"Alpenrosenbahn I","aerialway":"gondola","osm":"way/4421733"},"geometry":{"type":"LineString","coordinates":[[12.21406,47.42748],[12.23104,47.42228]]}},{"type":"Feature","properties":{"kind":"lift","difficulty":null,"name":"Laubkogel","aerialway":"platter","osm":"way/4426665"},"geometry":{"type":"LineString","coordinates":[[12.24739,47.4085],[12.24772,47.41013]]}},{"type":"Feature","properties":{"kind":"lift","difficulty":null,"name":"Fleidingbahn","aerialway":"chair_lift","osm":"way/4442612"},"geometry":{"type":"LineString","coordinates":[[12.23361,47.39621],[12.24988,47.40282]]}},{"type":"Feature","properties":{"kind":"lift","difficulty":null,"name":"Windauberg","aerialway":"chair_lift","osm":"way/4442613"},"geometry":{"type":"LineString","coordinates":[[12.25848,47.3964],[12.2526,47.40269]]}},{"type":"Feature","properties":{"kind":"lift","difficulty":null,"name":"Talkaser","aerialway":"chair_lift","osm":"way/4442614"},"geometry":{"type":"LineString","coordinates":[[12.25377,47.41177],[12.24744,47.41224]]}},{"type":"Feature","properties":{"kind":"lift","difficulty":null,"name":"Gampenkogel","aerialway":"chair_lift","osm":"way/4442833"},"geometry":{"type":"LineString","coordinates":[[12.25968,47.39623],[12.2643,47.40196]]}},{"type":"Feature","properties":{"kind":"lift","difficulty":null,"name":"Hexenwasserbahn","aerialway":"gondola","osm":"way/19049362"},"geometry":{"type":"LineString","coordinates":[[12.19831,47.49629],[12.1979,47.48026]]}},{"type":"Feature","properties":{"kind":"lift","difficulty":null,"name":"Hohe Salve","aerialway":"gondola","osm":"way/20457676"},"geometry":{"type":"LineString","coordinates":[[12.19713,47.47986],[12.2041,47.46533]]}},{"type":"Feature","properties":{"kind":"lift","difficulty":null,"name":"Keat","aerialway":"chair_lift","osm":"way/20457677"},"geometry":{"type":"LineString","coordinates":[[12.19939,47.48001],[12.20287,47.46981]]}},{"type":"Feature","properties":{"kind":"lift","difficulty":null,"name":"Siller-Keat","aerialway":"chair_lift","osm":"way/20457678"},"geometry":{"type":"LineString","coordinates":[[12.21874,47.4737],[12.20969,47.46924]]}},{"type":"Feature","properties":{"kind":"lift","difficulty":null,"name":"Zinsbergbahn","aerialway":"mixed_lift","osm":"way/20457679"},"geometry":{"type":"LineString","coordinates":[[12.23092,47.46165],[12.24179,47.47659]]}},{"type":"Feature","properties":{"kind":"lift","difficulty":null,"name":"Kälbersalvenbahn","aerialway":"chair_lift","osm":"way/20457788"},"geometry":{"type":"LineString","coordinates":[[12.22657,47.46074],[12.20758,47.46214]]}},{"type":"Feature","properties":{"kind":"lift","difficulty":null,"name":"Aualm","aerialway":"chair_lift","osm":"way/20458019"},"geometry":{"type":"LineString","coordinates":[[12.24033,47.48487],[12.2484,47.47754]]}},{"type":"Feature","properties":{"kind":"lift","difficulty":null,"name":"Muldenbahn","aerialway":"chair_lift","osm":"way/20458020"},"geometry":{"type":"LineString","coordinates":[[12.25533,47.47732],[12.24957,47.47714]]}},{"type":"Feature","properties":{"kind":"lift","difficulty":null,"name":"Kummereralm","aerialway":"chair_lift","osm":"way/20458232"},"geometry":{"type":"LineString","coordinates":[[12.26476,47.48092],[12.25375,47.48138]]}},{"type":"Feature","properties":{"kind":"lift","difficulty":null,"name":"Eibergbahn","aerialway":"chair_lift","osm":"way/20458234"},"geometry":{"type":"LineString","coordinates":[[12.25,47.48602],[12.25296,47.48222]]}},{"type":"Feature","properties":{"kind":"lift","difficulty":null,"name":"Schneeberg","aerialway":"chair_lift","osm":"way/22946445"},"geometry":{"type":"LineString","coordinates":[[12.21673,47.43165],[12.22201,47.42858]]}},{"type":"Feature","properties":{"kind":"lift","difficulty":null,"name":"Hochbrixen","aerialway":"gondola","osm":"way/23249316"},"geometry":{"type":"LineString","coordinates":[[12.24331,47.44948],[12.22927,47.46159]]}},{"type":"Feature","properties":{"kind":"lift","difficulty":null,"name":"Stöckl","aerialway":"chair_lift","osm":"way/23443722"},"geometry":{"type":"LineString","coordinates":[[12.19254,47.48018],[12.19707,47.47669]]}},{"type":"Feature","properties":{"kind":"lift","difficulty":null,"name":"Brandstadl I","aerialway":"gondola","osm":"way/23443723"},"geometry":{"type":"LineString","coordinates":[[12.24895,47.52002],[12.25056,47.50038]]}},{"type":"Feature","properties":{"kind":"lift","difficulty":null,"name":"Osthangbahn","aerialway":"chair_lift","osm":"way/23443724"},"geometry":{"type":"LineString","coordinates":[[12.25116,47.48641],[12.24809,47.4906]]}},{"type":"Feature","properties":{"kind":"lift","difficulty":null,"name":"Tanzboden","aerialway":"chair_lift","osm":"way/23443725"},"geometry":{"type":"LineString","coordinates":[[12.26023,47.49101],[12.25615,47.48529]]}},{"type":"Feature","properties":{"kind":"lift","difficulty":null,"name":"Köglbahn","aerialway":"chair_lift","osm":"way/23443726"},"geometry":{"type":"LineString","coordinates":[[12.27486,47.48465],[12.26304,47.48728]]}},{"type":"Feature","properties":{"kind":"lift","difficulty":null,"name":"Almbahn","aerialway":"chair_lift","osm":"way/23443727"},"geometry":{"type":"LineString","coordinates":[[12.27796,47.48408],[12.27237,47.49334]]}},{"type":"Feature","properties":{"kind":"lift","difficulty":null,"name":"Hausberg","aerialway":"chair_lift","osm":"way/23443729"},"geometry":{"type":"LineString","coordinates":[[12.29425,47.50665],[12.30723,47.50384]]}},{"type":"Feature","properties":{"kind":"lift","difficulty":null,"name":"Astbergbahn","aerialway":"chair_lift","osm":"way/23443730"},"geometry":{"type":"LineString","coordinates":[[12.31779,47.51312],[12.32212,47.50077]]}},{"type":"Feature","properties":{"kind":"lift","difficulty":null,"name":"Sonnenlift","aerialway":"chair_lift","osm":"way/23443731"},"geometry":{"type":"LineString","coordinates":[[12.32988,47.49754],[12.31968,47.49998]]}},{"type":"Feature","properties":{"kind":"lift","difficulty":null,"name":"Jochbahn","aerialway":"chair_lift","osm":"way/23443732"},"geometry":{"type":"LineString","coordinates":[[12.24402,47.45978],[12.24915,47.47697]]}},{"type":"Feature","properties":{"kind":"lift","difficulty":null,"name":"Foischingbahn","aerialway":"chair_lift","osm":"way/28927158"},"geometry":{"type":"LineString","coordinates":[[12.19263,47.45277],[12.20603,47.46129]]}},{"type":"Feature","properties":{"kind":"lift","difficulty":null,"name":"Salvenbahn II","aerialway":"gondola","osm":"way/28927186"},"geometry":{"type":"LineString","coordinates":[[12.18594,47.45624],[12.20325,47.46496]]}},{"type":"Feature","properties":{"kind":"lift","difficulty":null,"name":"Hexen6er","aerialway":"chair_lift","osm":"way/28927374"},"geometry":{"type":"LineString","coordinates":[[12.19173,47.48037],[12.19813,47.47049]]}},{"type":"Feature","properties":{"kind":"lift","difficulty":null,"name":"SkiWeltbahn","aerialway":"gondola","osm":"way/29902634"},"geometry":{"type":"LineString","coordinates":[[12.24393,47.44896],[12.24444,47.41987]]}},{"type":"Feature","properties":{"kind":"lift","difficulty":null,"name":"Choralmbahn","aerialway":"gondola","osm":"way/29903598"},"geometry":{"type":"LineString","coordinates":[[12.2169,47.4132],[12.22922,47.416],[12.24429,47.41912]]}},{"type":"Feature","properties":{"kind":"lift","difficulty":null,"name":"Südhang","aerialway":"chair_lift","osm":"way/29907341"},"geometry":{"type":"LineString","coordinates":[[12.23899,47.48646],[12.24481,47.49185]]}},{"type":"Feature","properties":{"kind":"lift","difficulty":null,"name":"Sonnenlift","aerialway":"rope_tow","osm":"way/30030175"},"geometry":{"type":"LineString","coordinates":[[12.24711,47.4485],[12.24478,47.44957]]}},{"type":"Feature","properties":{"kind":"lift","difficulty":null,"name":"Sonnenband","aerialway":"magic_carpet","osm":"way/30030178"},"geometry":{"type":"LineString","coordinates":[[12.2479,47.44829],[12.2476,47.44823]]}},{"type":"Feature","properties":{"kind":"lift","difficulty":null,"name":"Kaiserexpress","aerialway":"chair_lift","osm":"way/30072366"},"geometry":{"type":"LineString","coordinates":[[12.26494,47.4947],[12.27239,47.49366]]}},{"type":"Feature","properties":{"kind":"lift","difficulty":null,"name":"Maxilift","aerialway":"platter","osm":"way/31099388"},"geometry":{"type":"LineString","coordinates":[[12.32318,47.51292],[12.32153,47.50982]]}},{"type":"Feature","properties":{"kind":"lift","difficulty":null,"name":"Knolln","aerialway":"platter","osm":"way/47659786"},"geometry":{"type":"LineString","coordinates":[[12.19523,47.49911],[12.197,47.49562]]}},{"type":"Feature","properties":{"kind":"lift","difficulty":null,"name":"Schernthannbahn","aerialway":"chair_lift","osm":"way/47679129"},"geometry":{"type":"LineString","coordinates":[[12.18682,47.45542],[12.2015,47.4607]]}},{"type":"Feature","properties":{"kind":"lift","difficulty":null,"name":"Hans im Glück","aerialway":"gondola","osm":"way/47679132"},"geometry":{"type":"LineString","coordinates":[[12.19227,47.48024],[12.19413,47.48367]]}},{"type":"Feature","properties":{"kind":"lift","difficulty":null,"name":"Rinner","aerialway":"chair_lift","osm":"way/47679137"},"geometry":{"type":"LineString","coordinates":[[12.1915,47.48003],[12.18465,47.48116]]}},{"type":"Feature","properties":{"kind":"lift","difficulty":null,"name":"4EUB Brandstadl","aerialway":"gondola","osm":"way/48389470"},"geometry":{"type":"LineString","coordinates":[[12.24688,47.51965],[12.24602,47.492]]}},{"type":"Feature","properties":{"kind":"lift","difficulty":null,"name":"Schmiedalm","aerialway":"t-bar","osm":"way/48390126"},"geometry":{"type":"LineString","coordinates":[[12.26728,47.5112],[12.26719,47.49944]]}},{"type":"Feature","properties":{"kind":"lift","difficulty":null,"name":"Ellmi's 6er","aerialway":"chair_lift","osm":"way/48390127"},"geometry":{"type":"LineString","coordinates":[[12.26199,47.50215],[12.27245,47.49385]]}},{"type":"Feature","properties":{"kind":"lift","difficulty":null,"name":"Hohe Salve I","aerialway":"chair_lift","osm":"way/50592416"},"geometry":{"type":"LineString","coordinates":[[12.18419,47.45631],[12.19132,47.46423]]}},{"type":"Feature","properties":{"kind":"lift","difficulty":null,"name":"Brandstadl II","aerialway":"gondola","osm":"way/50593052"},"geometry":{"type":"LineString","coordinates":[[12.25056,47.50038],[12.24737,47.49143]]}},{"type":"Feature","properties":{"kind":"lift","difficulty":null,"name":"Ostlift","aerialway":"t-bar","osm":"way/53553814"},"geometry":{"type":"LineString","coordinates":[[12.25326,47.4864],[12.25277,47.4891]]}},{"type":"Feature","properties":{"kind":"lift","difficulty":null,"name":"Kasbichlbahn","aerialway":"chair_lift","osm":"way/76190832"},"geometry":{"type":"LineString","coordinates":[[12.18953,47.47518],[12.19085,47.46463]]}},{"type":"Feature","properties":{"kind":"lift","difficulty":null,"name":"Rigibahn","aerialway":"chair_lift","osm":"way/76195057"},"geometry":{"type":"LineString","coordinates":[[12.18978,47.46672],[12.20087,47.46497]]}},{"type":"Feature","properties":{"kind":"lift","difficulty":null,"name":"Kirchbichl","aerialway":"t-bar","osm":"way/91115548"},"geometry":{"type":"LineString","coordinates":[[12.29768,47.5124],[12.29757,47.50864]]}},{"type":"Feature","properties":{"kind":"lift","difficulty":null,"name":"Bärenlift","aerialway":"drag_lift","osm":"way/91115555"},"geometry":{"type":"LineString","coordinates":[[12.29923,47.51227],[12.30039,47.51023]]}},{"type":"Feature","properties":{"kind":"lift","difficulty":null,"name":"Alpenrosenbahn II","aerialway":"gondola","osm":"way/117122123"},"geometry":{"type":"LineString","coordinates":[[12.23116,47.42208],[12.24736,47.41332]]}},{"type":"Feature","properties":{"kind":"lift","difficulty":null,"name":"Schatzerlift","aerialway":"platter","osm":"way/127393736"},"geometry":{"type":"LineString","coordinates":[[12.31138,47.4452],[12.31105,47.4428]]}},{"type":"Feature","properties":{"kind":"lift","difficulty":null,"name":"Filzbodenbahn","aerialway":"chair_lift","osm":"way/138963419"},"geometry":{"type":"LineString","coordinates":[[12.22334,47.46691],[12.24098,47.47687]]}},{"type":"Feature","properties":{"kind":"lift","difficulty":null,"name":"Vetterstätt","aerialway":"platter","osm":"way/155065335"},"geometry":{"type":"LineString","coordinates":[[12.30885,47.5134],[12.30872,47.50628]]}},{"type":"Feature","properties":{"kind":"lift","difficulty":null,"name":"Marcher","aerialway":"platter","osm":"way/155210994"},"geometry":{"type":"LineString","coordinates":[[12.31,47.51345],[12.31371,47.50699]]}},{"type":"Feature","properties":{"kind":"lift","difficulty":null,"name":"Schusterbühellift","aerialway":"t-bar","osm":"way/155771804"},"geometry":{"type":"LineString","coordinates":[[12.25783,47.4451],[12.25719,47.44365]]}},{"type":"Feature","properties":{"kind":"lift","difficulty":null,"name":"Poldangerlift","aerialway":"platter","osm":"way/155865306"},"geometry":{"type":"LineString","coordinates":[[12.23019,47.46205],[12.23099,47.46523]]}},{"type":"Feature","properties":{"kind":"lift","difficulty":null,"name":"Gaisberg","aerialway":"chair_lift","osm":"way/156335491"},"geometry":{"type":"LineString","coordinates":[[12.31641,47.44127],[12.30017,47.43369]]}},{"type":"Feature","properties":{"kind":"lift","difficulty":null,"name":"Salvenbahn I","aerialway":"gondola","osm":"way/222877978"},"geometry":{"type":"LineString","coordinates":[[12.16252,47.44688],[12.18528,47.45653]]}},{"type":"Feature","properties":{"kind":"lift","difficulty":null,"name":"Hexenteppich II","aerialway":"magic_carpet","osm":"way/330194831"},"geometry":{"type":"LineString","coordinates":[[12.196,47.49947],[12.1966,47.49849]]}},{"type":"Feature","properties":{"kind":"lift","difficulty":null,"name":"Babylift","aerialway":"rope_tow","osm":"way/331304254"},"geometry":{"type":"LineString","coordinates":[[12.2438,47.49241],[12.24532,47.49222]]}},{"type":"Feature","properties":{"kind":"lift","difficulty":null,"name":"Förderband Hochbrixen","aerialway":"magic_carpet","osm":"way/339638923"},"geometry":{"type":"LineString","coordinates":[[12.22878,47.46215],[12.22926,47.46237]]}},{"type":"Feature","properties":{"kind":"lift","difficulty":null,"name":"Übungslift Reith","aerialway":"t-bar","osm":"way/369895187"},"geometry":{"type":"LineString","coordinates":[[12.33885,47.47557],[12.3315,47.47384]]}},{"type":"Feature","properties":{"kind":"lift","difficulty":null,"name":"Hartkaiserbahn","aerialway":"gondola","osm":"way/385579386"},"geometry":{"type":"LineString","coordinates":[[12.29313,47.50784],[12.27315,47.49363]]}},{"type":"Feature","properties":{"kind":"lift","difficulty":null,"name":"Zauberteppich Högerfeld","aerialway":"magic_carpet","osm":"way/391480781"},"geometry":{"type":"LineString","coordinates":[[12.1607,47.44718],[12.1615,47.44763]]}},{"type":"Feature","properties":{"kind":"lift","difficulty":null,"name":"Zauberteppich Bodnerschmied","aerialway":"magic_carpet","osm":"way/391480791"},"geometry":{"type":"LineString","coordinates":[[12.16091,47.44558],[12.16151,47.44535]]}},{"type":"Feature","properties":{"kind":"lift","difficulty":null,"name":"Sammerlift","aerialway":"t-bar","osm":"way/391480860"},"geometry":{"type":"LineString","coordinates":[[12.21671,47.43065],[12.21921,47.42918]]}},{"type":"Feature","properties":{"kind":"lift","difficulty":null,"name":"Skischullift Hochbrixen","aerialway":"rope_tow","osm":"way/391480868"},"geometry":{"type":"LineString","coordinates":[[12.22677,47.46241],[12.22815,47.46219]]}},{"type":"Feature","properties":{"kind":"lift","difficulty":null,"name":"Übungslift Hochbrixen","aerialway":"rope_tow","osm":"way/391480871"},"geometry":{"type":"LineString","coordinates":[[12.22831,47.46241],[12.22822,47.46327]]}},{"type":"Feature","properties":{"kind":"lift","difficulty":null,"name":"Übungslift Berg","aerialway":"t-bar","osm":"way/391480872"},"geometry":{"type":"LineString","coordinates":[[12.2551,47.48684],[12.2555,47.48548]]}},{"type":"Feature","properties":{"kind":"lift","difficulty":null,"name":"Ellmi's Zauberteppich I","aerialway":"magic_carpet","osm":"way/404312412"},"geometry":{"type":"LineString","coordinates":[[12.27035,47.49276],[12.27169,47.49333]]}},{"type":"Feature","properties":{"kind":"lift","difficulty":null,"name":"Übungslift - Dorf","aerialway":"drag_lift","osm":"way/440355923"},"geometry":{"type":"LineString","coordinates":[[12.24472,47.52704],[12.24607,47.52807]]}},{"type":"Feature","properties":{"kind":"lift","difficulty":null,"name":"Sternfeld Übungslift","aerialway":"t-bar","osm":"way/440357028"},"geometry":{"type":"LineString","coordinates":[[12.30957,47.51337],[12.30991,47.51232]]}},{"type":"Feature","properties":{"kind":"lift","difficulty":null,"name":"Zauberteppich Astberg","aerialway":"t-bar","osm":"way/440358940"},"geometry":{"type":"LineString","coordinates":[[12.3238,47.51267],[12.32344,47.51201]]}},{"type":"Feature","properties":{"kind":"lift","difficulty":null,"name":"Wagnerfeld","aerialway":"rope_tow","osm":"way/440360337"},"geometry":{"type":"LineString","coordinates":[[12.31709,47.51285],[12.31616,47.51075]]}},{"type":"Feature","properties":{"kind":"lift","difficulty":null,"name":"Hexenteppich I","aerialway":"magic_carpet","osm":"way/440602695"},"geometry":{"type":"LineString","coordinates":[[12.19662,47.49845],[12.19691,47.49797]]}},{"type":"Feature","properties":{"kind":"lift","difficulty":null,"name":"Sun Cord Reith","aerialway":"magic_carpet","osm":"way/522944937"},"geometry":{"type":"LineString","coordinates":[[12.33837,47.47728],[12.33765,47.47601]]}},{"type":"Feature","properties":{"kind":"lift","difficulty":null,"name":"Würstelexpress","aerialway":"platter","osm":"way/767700107"},"geometry":{"type":"LineString","coordinates":[[12.22786,47.46093],[12.23045,47.46149]]}},{"type":"Feature","properties":{"kind":"lift","difficulty":null,"name":"Salvistabahn","aerialway":"gondola","osm":"way/842240900"},"geometry":{"type":"LineString","coordinates":[[12.16297,47.48581],[12.18369,47.47282],[12.18423,47.4675]]}},{"type":"Feature","properties":{"kind":"lift","difficulty":null,"name":"Tellerlift Salvista","aerialway":"platter","osm":"way/1238600132"},"geometry":{"type":"LineString","coordinates":[[12.16297,47.48491],[12.16772,47.48301]]}},{"type":"Feature","properties":{"kind":"lift","difficulty":null,"name":"Ellmi's Zauberteppich II","aerialway":"magic_carpet","osm":"way/1246397179"},"geometry":{"type":"LineString","coordinates":[[12.27185,47.49298],[12.27205,47.49345]]}}]}