{"type":"FeatureCollection","features":[{"type":"Feature","properties":{"kind":"piste","difficulty":"intermediate","name":"Notwegabfahrt","aerialway":null,"osm":"way/23510278"},"geometry":{"type":"LineString","coordinates":[[10.88851,46.92021],[10.89075,46.92032],[10.89158,46.92056],[10.89277,46.92126],[10.89541,46.92365],[10.89695,46.92559],[10.89799,46.92659],[10.90033,46.93034],[10.9017,46.93122],[10.90194,46.93167],[10.90206,46.93231],[10.90142,46.93335],[10.90182,46.93398],[10.90179,46.93412],[10.89878,46.93699],[10.89784,46.93741],[10.89758,46.93737],[10.89739,46.9367],[10.89662,46.93663],[10.89658,46.93644],[10.89688,46.93614],[10.89534,46.93629],[10.89414,46.93615],[10.89158,46.93667],[10.89117,46.93685],[10.89089,46.93742],[10.89168,46.93717],[10.8914,46.93771],[10.89211,46.93752],[10.89181,46.9379],[10.89288,46.93792],[10.89223,46.93873],[10.8921,46.93916],[10.89215,46.94049],[10.89203,46.94092],[10.89087,46.94279],[10.89081,46.94422],[10.88892,46.94575],[10.88842,46.94641],[10.88497,46.95],[10.88335,46.95123],[10.88317,46.95147],[10.88295,46.95231],[10.88157,46.95287],[10.88058,46.95375],[10.87997,46.954],[10.87904,46.95462],[10.87664,46.95647],[10.87587,46.95743]]}},{"type":"Feature","properties":{"kind":"piste","difficulty":"easy","name":null,"aerialway":null,"osm":"way/23511329"},"geometry":{"type":"LineString","coordinates":[[10.85557,46.92224],[10.85561,46.9225],[10.85711,46.92299],[10.8676,46.92445],[10.87026,46.92496],[10.87094,46.92528],[10.8708,46.92592],[10.87106,46.92653],[10.87196,46.92701],[10.87264,46.92717],[10.87411,46.92715],[10.87621,46.92684],[10.87876,46.92638],[10.8791,46.92615]]}},{"type":"Feature","properties":{"kind":"piste","difficulty":"intermediate","name":null,"aerialway":null,"osm":"way/23511332"},"geometry":{"type":"LineString","coordinates":[[10.8647,46.91129],[10.86476,46.91117],[10.86412,46.91134],[10.86323,46.91126],[10.86295,46.91119],[10.86287,46.91089],[10.86305,46.91054],[10.86456,46.90901],[10.86546,46.90841],[10.86623,46.90818],[10.86767,46.90832],[10.86932,46.90869],[10.87253,46.9097],[10.8749,46.91073],[10.88017,46.91267],[10.88299,46.91402],[10.88471,46.91467],[10.88648,46.91564],[10.88676,46.91594],[10.8869,46.91756]]}},{"type":"Feature","properties":{"kind":"piste","difficulty":"intermediate","name":null,"aerialway":null,"osm":"way/23511341"},"geometry":{"type":"LineString","coordinates":[[10.86542,46.91765],[10.86673,46.91839],[10.87019,46.92114],[10.87121,46.92206],[10.87303,46.92413]]}},{"type":"Feature","properties":{"kind":"piste","difficulty":"easy","name":null,"aerialway":null,"osm":"way/23511344"},"geometry":{"type":"LineString","coordinates":[[10.86983,46.92403],[10.87303,46.92413],[10.87597,46.92354],[10.8782,46.92292],[10.87884,46.92254],[10.87977,46.92138],[10.88133,46.921],[10.88357,46.92112],[10.88553,46.92143],[10.88783,46.92122],[10.88911,46.92128]]}},{"type":"Feature","properties":{"kind":"piste","difficulty":"intermediate","name":null,"aerialway":null,"osm":"way/23511347"},"geometry":{"type":"LineString","coordinates":[[10.8707,46.90912],[10.87121,46.90964],[10.8726,46.9118],[10.87327,46.9148],[10.87383,46.91619],[10.87337,46.91734],[10.87349,46.91773],[10.87949,46.91858],[10.88217,46.91932]]}},{"type":"Feature","properties":{"kind":"piste","difficulty":"easy","name":null,"aerialway":null,"osm":"way/29007839"},"geometry":{"type":"LineString","coordinates":[[10.86983,46.92403],[10.8704,46.92425],[10.87077,46.92463],[10.87094,46.92528],[10.87458,46.92654],[10.87585,46.92672],[10.87698,46.92671]]}},{"type":"Feature","properties":{"kind":"piste","difficulty":"easy","name":null,"aerialway":null,"osm":"way/29007840"},"geometry":{"type":"LineString","coordinates":[[10.88045,46.92611],[10.8803,46.92601],[10.88181,46.92462],[10.88582,46.92244],[10.88845,46.92263],[10.88979,46.92239]]}},{"type":"Feature","properties":{"kind":"piste","difficulty":"intermediate","name":"Snowpark","aerialway":null,"osm":"way/29054388"},"geometry":{"type":"LineString","coordinates":[[10.88489,46.92366],[10.88762,46.92312]]}},{"type":"Feature","properties":{"kind":"piste","difficulty":"easy","name":"13","aerialway":null,"osm":"way/29330763"},"geometry":{"type":"LineString","coordinates":[[10.95697,46.96639],[10.95692,46.96712],[10.95714,46.96745],[10.95957,46.96835],[10.9606,46.96895],[10.96221,46.97021],[10.97328,46.97508],[10.97397,46.9755],[10.97535,46.97546],[10.97552,46.97526],[10.97541,46.97519]]}},{"type":"Feature","properties":{"kind":"piste","difficulty":"easy","name":"15","aerialway":null,"osm":"way/29330780"},"geometry":{"type":"LineString","coordinates":[[10.96062,46.97136],[10.96041,46.97139],[10.96008,46.97183],[10.96028,46.97287],[10.96054,46.97316],[10.96647,46.97586],[10.96773,46.97605],[10.97054,46.97619],[10.97397,46.9755]]}},{"type":"Feature","properties":{"kind":"piste","difficulty":"easy","name":"32","aerialway":null,"osm":"way/30247772"},"geometry":{"type":"LineString","coordinates":[[10.92951,46.92586],[10.92966,46.92587],[10.92963,46.92618],[10.92935,46.92622],[10.92692,46.92501]]}},{"type":"Feature","properties":{"kind":"piste","difficulty":"easy","name":null,"aerialway":null,"osm":"way/30247773"},"geometry":{"type":"LineString","coordinates":[[10.92633,46.92324],[10.92619,46.92312],[10.92498,46.92314],[10.92474,46.9217],[10.92514,46.92007]]}},{"type":"Feature","properties":{"kind":"piste","difficulty":"easy","name":"33","aerialway":null,"osm":"way/30247775"},"geometry":{"type":"LineString","coordinates":[[10.92692,46.92501],[10.92665,46.92522],[10.92649,46.92555],[10.92645,46.92672],[10.92725,46.92894],[10.92811,46.93015],[10.92934,46.93075],[10.93454,46.93182],[10.93752,46.93283],[10.93862,46.93381],[10.93973,46.93651],[10.94073,46.93772],[10.94078,46.93855],[10.93894,46.93857],[10.93683,46.94009],[10.93572,46.94028],[10.93483,46.94019]]}},{"type":"Feature","properties":{"kind":"piste","difficulty":"easy","name":"33","aerialway":null,"osm":"way/30247776"},"geometry":{"type":"LineString","coordinates":[[10.93796,46.93],[10.93822,46.93005],[10.93865,46.9308],[10.9385,46.93184],[10.93862,46.93381]]}},{"type":"Feature","properties":{"kind":"piste","difficulty":"easy","name":"38","aerialway":null,"osm":"way/30247780"},"geometry":{"type":"LineString","coordinates":[[10.91854,46.92059],[10.91855,46.92078],[10.91893,46.92103],[10.92003,46.92109],[10.92662,46.91969],[10.92904,46.9195],[10.93886,46.92141],[10.94397,46.9222],[10.9452,46.92228]]}},{"type":"Feature","properties":{"kind":"piste","difficulty":"intermediate","name":"36","aerialway":null,"osm":"way/30247781"},"geometry":{"type":"LineString","coordinates":[[10.93844,46.92989],[10.93838,46.93002],[10.93862,46.93006],[10.93887,46.9299],[10.93896,46.92975],[10.93874,46.92939],[10.93901,46.9288],[10.93953,46.92811],[10.94168,46.92642],[10.94323,46.92554],[10.94441,46.92407],[10.94542,46.92367],[10.94527,46.92342]]}},{"type":"Feature","properties":{"kind":"piste","difficulty":"easy","name":null,"aerialway":null,"osm":"way/30247782"},"geometry":{"type":"LineString","coordinates":[[10.92583,46.92483],[10.92692,46.92501],[10.92703,46.9249]]}},{"type":"Feature","properties":{"kind":"piste","difficulty":"advanced","name":"25","aerialway":null,"osm":"way/30247789"},"geometry":{"type":"LineString","coordinates":[[10.93967,46.96367],[10.93964,46.96392],[10.93977,46.96397],[10.94207,46.96358],[10.94293,46.96331],[10.94389,46.96261],[10.9447,46.9617],[10.945,46.96097],[10.94711,46.95986],[10.94755,46.95954],[10.94806,46.95873],[10.94881,46.95803],[10.94984,46.95762],[10.95032,46.95728]]}},{"type":"Feature","properties":{"kind":"piste","difficulty":"advanced","name":"14","aerialway":null,"osm":"way/30247798"},"geometry":{"type":"LineString","coordinates":[[10.95421,46.97656],[10.95407,46.97661],[10.95412,46.97671],[10.95442,46.97689],[10.96068,46.97771],[10.96423,46.97755],[10.96769,46.97773],[10.96949,46.97708],[10.97241,46.97719],[10.97408,46.97742],[10.97537,46.97728],[10.97544,46.97718],[10.97527,46.97712]]}},{"type":"Feature","properties":{"kind":"piste","difficulty":"easy","name":"23","aerialway":null,"osm":"way/30247803"},"geometry":{"type":"LineString","coordinates":[[10.95711,46.96644],[10.95639,46.9661],[10.95622,46.96582],[10.95626,46.9654],[10.95652,46.96484],[10.95655,46.96427],[10.95611,46.96273],[10.95604,46.96207],[10.95616,46.96153],[10.95602,46.96087],[10.9556,46.9603],[10.95481,46.9596],[10.95381,46.95771],[10.95357,46.95762]]}},{"type":"Feature","properties":{"kind":"piste","difficulty":"easy","name":"15","aerialway":null,"osm":"way/30247813"},"geometry":{"type":"LineString","coordinates":[[10.96014,46.97239],[10.96078,46.97249],[10.9634,46.97246],[10.96393,46.97257],[10.96586,46.97318],[10.96727,46.97421],[10.96782,46.97446],[10.97044,46.97519],[10.97397,46.9755],[10.97513,46.9759],[10.97512,46.97607]]}},{"type":"Feature","properties":{"kind":"piste","difficulty":"intermediate","name":"5","aerialway":null,"osm":"way/30247816"},"geometry":{"type":"LineString","coordinates":[[10.97392,46.95443],[10.97358,46.95453],[10.97415,46.95476],[10.97506,46.9557],[10.97581,46.9562],[10.97741,46.95652],[10.97891,46.95569]]}},{"type":"Feature","properties":{"kind":"piste","difficulty":"intermediate","name":"5","aerialway":null,"osm":"way/30247818"},"geometry":{"type":"LineString","coordinates":[[10.98248,46.95681],[10.98273,46.95859],[10.98371,46.96042],[10.98444,46.96268],[10.98478,46.96286],[10.98511,46.9628],[10.98594,46.96212],[10.98609,46.96214],[10.98615,46.9623]]}},{"type":"Feature","properties":{"kind":"piste","difficulty":"intermediate","name":"42","aerialway":null,"osm":"way/30752540"},"geometry":{"type":"LineString","coordinates":[[11.07121,46.90397],[11.07153,46.90405],[11.07141,46.9042],[11.06924,46.90465],[11.06698,46.90566],[11.06523,46.90597],[11.06424,46.90647]]}},{"type":"Feature","properties":{"kind":"piste","difficulty":"easy","name":null,"aerialway":null,"osm":"way/30752541"},"geometry":{"type":"LineString","coordinates":[[11.06924,46.90465],[11.06833,46.90436],[11.06825,46.90394],[11.06752,46.90305],[11.06647,46.90241],[11.06521,46.9019],[11.06415,46.90166],[11.06321,46.90085],[11.06242,46.89998],[11.06229,46.89949],[11.06268,46.89871],[11.06266,46.89807],[11.0625,46.89783],[11.062,46.89783],[11.06113,46.89836]]}},{"type":"Feature","properties":{"kind":"piste","difficulty":"easy","name":"41","aerialway":null,"osm":"way/30752542"},"geometry":{"type":"LineString","coordinates":[[11.06528,46.89985],[11.06527,46.90033],[11.06492,46.90084],[11.06488,46.90111],[11.06509,46.9031],[11.06558,46.90399],[11.06539,46.90525],[11.06449,46.90612],[11.0637,46.90744],[11.0632,46.90791],[11.06257,46.90905]]}},{"type":"Feature","properties":{"kind":"piste","difficulty":"intermediate","name":null,"aerialway":null,"osm":"way/30752545"},"geometry":{"type":"LineString","coordinates":[[11.05659,46.89632],[11.0532,46.89565],[11.05272,46.89579],[11.05263,46.89602],[11.05298,46.89647],[11.05282,46.8977],[11.05246,46.89782],[11.05208,46.89757]]}},{"type":"Feature","properties":{"kind":"piste","difficulty":"easy","name":"32","aerialway":null,"osm":"way/30752546"},"geometry":{"type":"LineString","coordinates":[[11.05625,46.89326],[11.05635,46.89419],[11.05616,46.89568],[11.05658,46.89611],[11.05657,46.89661],[11.05649,46.89712],[11.05586,46.89791],[11.05557,46.89928]]}},{"type":"Feature","properties":{"kind":"piste","difficulty":"easy","name":null,"aerialway":null,"osm":"way/30752548"},"geometry":{"type":"LineString","coordinates":[[11.06039,46.89819],[11.05982,46.8986],[11.05926,46.90006],[11.05891,46.90132],[11.059,46.90232],[11.05886,46.90332],[11.05572,46.90529],[11.05528,46.90618],[11.0551,46.90759],[11.0548,46.90804],[11.05429,46.90841]]}},{"type":"Feature","properties":{"kind":"piste","difficulty":"easy","name":null,"aerialway":null,"osm":"way/30752550"},"geometry":{"type":"LineString","coordinates":[[11.06113,46.89836],[11.06083,46.89843],[11.05999,46.8978],[11.05987,46.89682],[11.05916,46.89602],[11.05824,46.89535],[11.05724,46.89413],[11.05709,46.89357],[11.05668,46.89331],[11.05625,46.89326]]}},{"type":"Feature","properties":{"kind":"piste","difficulty":"intermediate","name":null,"aerialway":null,"osm":"way/30909885"},"geometry":{"type":"LineString","coordinates":[[10.87993,46.91809],[10.88008,46.91833],[10.88087,46.91891],[10.88286,46.9195],[10.88467,46.92041],[10.88571,46.92077],[10.88783,46.92122]]}},{"type":"Feature","properties":{"kind":"piste","difficulty":"easy","name":null,"aerialway":null,"osm":"way/31142093"},"geometry":{"type":"LineString","coordinates":[[11.06508,46.89984],[11.06532,46.8997],[11.06508,46.89872],[11.0652,46.89822],[11.0649,46.89743],[11.06394,46.8964],[11.06351,46.89614],[11.06307,46.89614]]}},{"type":"Feature","properties":{"kind":"piste","difficulty":"easy","name":"Gletscher Skitunnel","aerialway":null,"osm":"way/41749537"},"geometry":{"type":"LineString","coordinates":[[10.92703,46.9249],[10.92633,46.92324]]}},{"type":"Feature","properties":{"kind":"piste","difficulty":"easy","name":"32","aerialway":null,"osm":"way/46613728"},"geometry":{"type":"LineString","coordinates":[[10.92583,46.92483],[10.9262,46.9256],[10.92645,46.92672],[10.92656,46.92936],[10.92754,46.93111],[10.9278,46.93194],[10.92764,46.93256],[10.92714,46.93301],[10.92661,46.93328],[10.92623,46.9332],[10.92605,46.93299]]}},{"type":"Feature","properties":{"kind":"piste","difficulty":"easy","name":"2","aerialway":null,"osm":"way/46760226"},"geometry":{"type":"LineString","coordinates":[[10.98383,46.945],[10.98384,46.94468],[10.98541,46.94443],[10.98618,46.94418],[10.98692,46.94344],[10.98736,46.94213],[10.98782,46.9416],[10.98783,46.94059],[10.98819,46.94013],[10.98891,46.94],[10.99186,46.94023],[10.99306,46.94083],[10.9935,46.94077],[10.99508,46.9395],[10.99574,46.93928],[10.99715,46.93917],[11.00182,46.93801],[11.0022,46.93816],[11.0023,46.93878],[11.00211,46.93919],[11.00222,46.93953],[11.00245,46.93979],[11.00323,46.93961],[11.00313,46.93949],[11.00291,46.93953]]}},{"type":"Feature","properties":{"kind":"piste","difficulty":"intermediate","name":"4","aerialway":null,"osm":"way/46760230"},"geometry":{"type":"LineString","coordinates":[[10.97392,46.95443],[10.97373,46.95442],[10.97367,46.95429],[10.97444,46.95348]]}},{"type":"Feature","properties":{"kind":"piste","difficulty":"intermediate","name":"4","aerialway":null,"osm":"way/46760231"},"geometry":{"type":"LineString","coordinates":[[10.96871,46.95024],[10.97061,46.95095],[10.9718,46.95211],[10.97232,46.95239],[10.97295,46.95329],[10.98164,46.95405],[10.98236,46.95417],[10.98622,46.95539]]}},{"type":"Feature","properties":{"kind":"piste","difficulty":"easy","name":null,"aerialway":null,"osm":"way/47422474"},"geometry":{"type":"LineString","coordinates":[[10.87303,46.92413],[10.87353,46.92463],[10.87431,46.92469],[10.8768,46.92442],[10.87991,46.92382],[10.88109,46.92404],[10.88341,46.92369],[10.88482,46.92364],[10.88561,46.92386],[10.88751,46.92393],[10.88761,46.92288],[10.88831,46.92261]]}},{"type":"Feature","properties":{"kind":"piste","difficulty":"easy","name":null,"aerialway":null,"osm":"way/47422476"},"geometry":{"type":"LineString","coordinates":[[10.87436,46.92783],[10.87458,46.92708]]}},{"type":"Feature","properties":{"kind":"piste","difficulty":"intermediate","name":"Gaislachalm","aerialway":null,"osm":"way/49730416"},"geometry":{"type":"LineString","coordinates":[[10.99186,46.94023],[10.99212,46.93975],[10.99221,46.93895],[10.99343,46.9383],[10.99383,46.9375],[10.9939,46.93601],[10.99501,46.93566],[10.99398,46.9353],[10.99399,46.9352],[10.99511,46.93504],[10.99887,46.9351],[10.99977,46.93524],[10.99984,46.93514],[10.99862,46.93455],[10.99889,46.93446],[11.00066,46.93506],[11.00109,46.93559],[11.00151,46.93584],[11.00239,46.93607],[11.00286,46.93596],[11.00294,46.93616]]}},{"type":"Feature","properties":{"kind":"piste","difficulty":"easy","name":"2","aerialway":null,"osm":"way/49730417"},"geometry":{"type":"LineString","coordinates":[[10.99645,46.93777],[10.99674,46.93875],[10.99715,46.93917]]}},{"type":"Feature","properties":{"kind":"piste","difficulty":"intermediate","name":null,"aerialway":null,"osm":"way/49833032"},"geometry":{"type":"LineString","coordinates":[[10.879,46.91225],[10.87994,46.91362],[10.88073,46.91423],[10.88066,46.91453]]}},{"type":"Feature","properties":{"kind":"piste","difficulty":"intermediate","name":null,"aerialway":null,"osm":"way/49836026"},"geometry":{"type":"LineString","coordinates":[[10.87062,46.90949],[10.87132,46.90977],[10.87167,46.91046],[10.87344,46.91665],[10.87416,46.91723],[10.87527,46.91759],[10.87963,46.91837],[10.88068,46.91916],[10.87951,46.91886],[10.87638,46.9184],[10.874,46.91762],[10.87293,46.91692],[10.87119,46.91056],[10.87062,46.90949]]}},{"type":"Feature","properties":{"kind":"piste","difficulty":"intermediate","name":null,"aerialway":null,"osm":"way/49836027"},"geometry":{"type":"LineString","coordinates":[[10.86419,46.91125],[10.86418,46.91142],[10.86285,46.91125],[10.86264,46.91057],[10.86542,46.9081],[10.86623,46.90798],[10.8695,46.90836],[10.87248,46.90921],[10.8781,46.9114],[10.87993,46.91246],[10.88729,46.91545],[10.88763,46.91619],[10.88721,46.91761],[10.88855,46.91996],[10.88944,46.92212],[10.88961,46.92229],[10.88932,46.92232],[10.88918,46.92216],[10.88892,46.92112],[10.88696,46.91844],[10.8861,46.91575],[10.87983,46.91284],[10.87686,46.9116],[10.87287,46.91019],[10.86919,46.90908],[10.8663,46.90844],[10.86542,46.90863],[10.86439,46.90942],[10.86313,46.9107],[10.86301,46.91096],[10.86419,46.91125]]}},{"type":"Feature","properties":{"kind":"piste","difficulty":"easy","name":null,"aerialway":null,"osm":"way/49836030"},"geometry":{"type":"LineString","coordinates":[[10.85561,46.9225],[10.85564,46.92238],[10.87009,46.92472],[10.87094,46.92528],[10.87133,46.92575],[10.8714,46.92622],[10.87273,46.92687],[10.87535,46.92681],[10.8791,46.92615],[10.87856,46.92653],[10.87479,46.92735],[10.87442,46.92762],[10.87399,46.92744],[10.87264,46.92751],[10.87103,46.92688],[10.87006,46.92529],[10.86905,46.9249],[10.86722,46.92453],[10.85943,46.92402],[10.85715,46.92342],[10.85572,46.9228],[10.85561,46.9225]]}},{"type":"Feature","properties":{"kind":"piste","difficulty":"easy","name":null,"aerialway":null,"osm":"way/49836031"},"geometry":{"type":"LineString","coordinates":[[10.86979,46.92437],[10.87107,46.92438],[10.87143,46.92516],[10.87477,46.92628],[10.876,46.92648],[10.8772,46.92644],[10.87535,46.92681],[10.87436,46.92678],[10.87274,46.92647],[10.87154,46.92602],[10.87094,46.92528],[10.87009,46.92472],[10.86979,46.92437]]}},{"type":"Feature","properties":{"kind":"piste","difficulty":"easy","name":null,"aerialway":null,"osm":"way/49836032"},"geometry":{"type":"LineString","coordinates":[[10.88051,46.92539],[10.88138,46.92461],[10.8853,46.92234],[10.8863,46.92222],[10.88865,46.92247],[10.88932,46.92232],[10.88971,46.92236],[10.88869,46.92277],[10.88635,46.9227],[10.88517,46.92302],[10.88238,46.92465],[10.88133,46.92551],[10.88051,46.92539]]}},{"type":"Feature","properties":{"kind":"piste","difficulty":"easy","name":null,"aerialway":null,"osm":"way/49836033"},"geometry":{"type":"LineString","coordinates":[[10.86991,46.92391],[10.87234,46.92405],[10.87803,46.92276],[10.87861,46.92242],[10.8795,46.92122],[10.88134,46.92088],[10.88359,46.92102],[10.8855,46.92138],[10.88802,46.9211],[10.88892,46.92112],[10.88902,46.92139],[10.88785,46.92131],[10.88549,46.92149],[10.88134,46.92111],[10.88002,46.92147],[10.87902,46.92279],[10.8784,46.92307],[10.87263,46.92433],[10.87107,46.92438],[10.86991,46.92391]]}},{"type":"Feature","properties":{"kind":"piste","difficulty":"easy","name":null,"aerialway":null,"osm":"way/49836034"},"geometry":{"type":"LineString","coordinates":[[10.87263,46.92433],[10.87365,46.92415],[10.87411,46.92449],[10.87677,46.92426],[10.87985,46.92367],[10.88197,46.92385],[10.88276,46.92355],[10.88354,46.92344],[10.88258,46.92396],[10.88182,46.92417],[10.88103,46.92422],[10.87991,46.924],[10.87697,46.92458],[10.87382,46.92488],[10.87302,46.92483],[10.87263,46.92433]]}},{"type":"Feature","properties":{"kind":"piste","difficulty":"intermediate","name":null,"aerialway":null,"osm":"way/49836035"},"geometry":{"type":"LineString","coordinates":[[10.87983,46.91284],[10.87994,46.91362],[10.87963,46.91527],[10.87972,46.9174],[10.88033,46.91834],[10.88108,46.91874],[10.88295,46.91937],[10.88479,46.92031],[10.88802,46.9211],[10.88729,46.92125],[10.88655,46.92123],[10.88487,46.92072],[10.882,46.91949],[10.88068,46.91916],[10.87963,46.91837],[10.87916,46.91726],[10.87912,46.91496],[10.87938,46.91374],[10.8786,46.91234],[10.87983,46.91284]]}},{"type":"Feature","properties":{"kind":"piste","difficulty":"novice","name":null,"aerialway":null,"osm":"way/49836036"},"geometry":{"type":"LineString","coordinates":[[10.8795,46.92665],[10.87856,46.92653],[10.8791,46.92615],[10.88006,46.92579],[10.88051,46.92539],[10.88133,46.92551],[10.88114,46.92578],[10.87958,46.92645],[10.8795,46.92665]]}},{"type":"Feature","properties":{"kind":"piste","difficulty":"intermediate","name":null,"aerialway":null,"osm":"way/49844048"},"geometry":{"type":"LineString","coordinates":[[10.866,46.91749],[10.86925,46.91979],[10.87087,46.92115],[10.87345,46.92375],[10.87234,46.92405],[10.8701,46.92141],[10.86658,46.91876],[10.866,46.91749]]}},{"type":"Feature","properties":{"kind":"piste","difficulty":"intermediate","name":null,"aerialway":null,"osm":"way/49844049"},"geometry":{"type":"LineString","coordinates":[[10.86442,46.91652],[10.866,46.91749],[10.86867,46.9231],[10.86991,46.92391],[10.86825,46.9237],[10.86781,46.92334],[10.86697,46.92152],[10.86452,46.91781],[10.86321,46.91673],[10.86442,46.91652]]}},{"type":"Feature","properties":{"kind":"piste","difficulty":"advanced","name":"3","aerialway":null,"osm":"way/51036274"},"geometry":{"type":"LineString","coordinates":[[10.98397,46.94884],[10.98508,46.94953],[10.98528,46.95071],[10.98742,46.95085]]}},{"type":"Feature","properties":{"kind":"piste","difficulty":"advanced","name":"7","aerialway":null,"osm":"way/51043371"},"geometry":{"type":"LineString","coordinates":[[10.98487,46.96523],[10.98588,46.96586],[10.98805,46.96657],[10.98968,46.96665],[10.99286,46.96711],[10.99672,46.96713]]}},{"type":"Feature","properties":{"kind":"piste","difficulty":"easy","name":"13","aerialway":null,"osm":"way/52322218"},"geometry":{"type":"LineString","coordinates":[[10.96165,46.96845],[10.96147,46.96858],[10.96153,46.96943],[10.96221,46.97021]]}},{"type":"Feature","properties":{"kind":"piste","difficulty":"intermediate","name":null,"aerialway":null,"osm":"way/86125508"},"geometry":{"type":"LineString","coordinates":[[10.86797,46.95777],[10.86843,46.95915],[10.86831,46.95946],[10.86841,46.96049],[10.86862,46.96084],[10.86871,46.96365],[10.86819,46.96514],[10.86857,46.96606],[10.8688,46.96726]]}},{"type":"Feature","properties":{"kind":"piste","difficulty":"intermediate","name":null,"aerialway":null,"osm":"way/88810161"},"geometry":{"type":"LineString","coordinates":[[10.87163,46.90941],[10.87319,46.91161],[10.87404,46.91342],[10.8746,46.91409],[10.87533,46.91465],[10.8781,46.91532],[10.87838,46.91639],[10.87924,46.9175],[10.87993,46.91809]]}},{"type":"Feature","properties":{"kind":"piste","difficulty":"intermediate","name":null,"aerialway":null,"osm":"way/91611266"},"geometry":{"type":"LineString","coordinates":[[11.04788,46.89756],[11.04775,46.89777],[11.0477,46.8988],[11.04693,46.90107],[11.04657,46.90123],[11.046,46.90069],[11.04587,46.90072],[11.04567,46.90132],[11.04549,46.90137],[11.04516,46.90121],[11.04424,46.89935],[11.04393,46.89928],[11.043,46.90035],[11.04268,46.90051],[11.04246,46.90044],[11.04175,46.8993],[11.04113,46.89929],[11.04096,46.89918],[11.04085,46.8983],[11.04064,46.89786],[11.04074,46.8978]]}},{"type":"Feature","properties":{"kind":"piste","difficulty":"intermediate","name":null,"aerialway":null,"osm":"way/91611267"},"geometry":{"type":"LineString","coordinates":[[11.04828,46.89726],[11.04788,46.89756]]}},{"type":"Feature","properties":{"kind":"piste","difficulty":"intermediate","name":"11","aerialway":null,"osm":"way/92968068"},"geometry":{"type":"LineString","coordinates":[[10.98298,46.96515],[10.98313,46.96502]]}},{"type":"Feature","properties":{"kind":"piste","difficulty":"easy","name":null,"aerialway":null,"osm":"way/92968071"},"geometry":{"type":"LineString","coordinates":[[10.98253,46.96484],[10.98255,46.965]]}},{"type":"Feature","properties":{"kind":"piste","difficulty":"intermediate","name":"11","aerialway":null,"osm":"way/92968079"},"geometry":{"type":"LineString","coordinates":[[10.98279,46.9655],[10.98249,46.96513]]}},{"type":"Feature","properties":{"kind":"piste","difficulty":"easy","name":null,"aerialway":null,"osm":"way/94755378"},"geometry":{"type":"LineString","coordinates":[[10.8734,46.97133],[10.87263,46.97103],[10.87078,46.97067],[10.86985,46.97061],[10.8695,46.97078]]}},{"type":"Feature","properties":{"kind":"piste","difficulty":"easy","name":null,"aerialway":null,"osm":"way/95137645"},"geometry":{"type":"LineString","coordinates":[[11.05916,46.90901],[11.05711,46.90851],[11.05478,46.90838],[11.05315,46.90853],[11.05294,46.90902],[11.0531,46.90932],[11.05329,46.90928]]}},{"type":"Feature","properties":{"kind":"piste","difficulty":"intermediate","name":null,"aerialway":null,"osm":"way/95137657"},"geometry":{"type":"LineString","coordinates":[[11.06307,46.90903],[11.05916,46.90901]]}},{"type":"Feature","properties":{"kind":"piste","difficulty":"easy","name":null,"aerialway":null,"osm":"way/95137664"},"geometry":{"type":"LineString","coordinates":[[11.07412,46.88668],[11.07447,46.88725],[11.07148,46.89028],[11.06916,46.89156],[11.06565,46.89249],[11.06482,46.89388],[11.06483,46.89427],[11.06431,46.89513],[11.06307,46.89614],[11.06113,46.89836]]}},{"type":"Feature","properties":{"kind":"piste","difficulty":"easy","name":"32","aerialway":null,"osm":"way/95137671"},"geometry":{"type":"LineString","coordinates":[[11.05557,46.89928],[11.0552,46.90002]]}},{"type":"Feature","properties":{"kind":"piste","difficulty":"advanced","name":"34","aerialway":null,"osm":"way/95137674"},"geometry":{"type":"LineString","coordinates":[[11.06508,46.89984],[11.06523,46.89976],[11.06522,46.89953],[11.06434,46.89917],[11.06343,46.89901],[11.06255,46.89899],[11.05952,46.89954],[11.05557,46.89928]]}},{"type":"Feature","properties":{"kind":"piste","difficulty":"easy","name":null,"aerialway":null,"osm":"way/95137693"},"geometry":{"type":"LineString","coordinates":[[11.06305,46.9083],[11.06317,46.90894],[11.06203,46.9101],[11.06081,46.9109],[11.05973,46.91128]]}},{"type":"Feature","properties":{"kind":"piste","difficulty":"easy","name":null,"aerialway":null,"osm":"way/95137695"},"geometry":{"type":"LineString","coordinates":[[11.06257,46.90905],[11.06092,46.91044],[11.05963,46.9113],[11.05953,46.91121],[11.05978,46.91077],[11.05991,46.90959],[11.05969,46.90929],[11.05916,46.90901]]}},{"type":"Feature","properties":{"kind":"piste","difficulty":"intermediate","name":"21","aerialway":null,"osm":"way/103342578"},"geometry":{"type":"LineString","coordinates":[[11.00616,46.97174],[11.00666,46.97157],[11.00718,46.97106],[11.00757,46.96972],[11.0076,46.96887],[11.00801,46.96872]]}},{"type":"Feature","properties":{"kind":"piste","difficulty":"easy","name":"39","aerialway":null,"osm":"way/110448040"},"geometry":{"type":"LineString","coordinates":[[10.92514,46.92007],[10.92639,46.91918],[10.92797,46.91729],[10.9293,46.9164],[10.93041,46.91628],[10.93159,46.91635],[10.93244,46.91652],[10.93388,46.91715],[10.93738,46.9179],[10.94146,46.91933],[10.94312,46.91948],[10.94463,46.9202],[10.94595,46.92111],[10.9452,46.92228],[10.94515,46.92269],[10.94528,46.92285],[10.94478,46.92295]]}},{"type":"Feature","properties":{"kind":"piste","difficulty":"easy","name":null,"aerialway":null,"osm":"way/133135169"},"geometry":{"type":"LineString","coordinates":[[10.86663,46.95632],[10.86716,46.95656],[10.86769,46.95723]]}},{"type":"Feature","properties":{"kind":"piste","difficulty":"intermediate","name":"36","aerialway":null,"osm":"way/140592072"},"geometry":{"type":"LineString","coordinates":[[10.94404,46.92445],[10.94378,46.92414],[10.94409,46.9237]]}},{"type":"Feature","properties":{"kind":"piste","difficulty":"intermediate","name":"1","aerialway":null,"osm":"way/148184148"},"geometry":{"type":"LineString","coordinates":[[10.96871,46.95024],[10.9709,46.95312],[10.97162,46.95456],[10.97239,46.95556],[10.97402,46.95659],[10.97564,46.95704],[10.97662,46.95708],[10.97741,46.95652]]}},{"type":"Feature","properties":{"kind":"piste","difficulty":"easy","name":"7a","aerialway":null,"osm":"way/148203306"},"geometry":{"type":"LineString","coordinates":[[10.99379,46.96683],[10.99647,46.96592],[10.9968,46.96555],[10.99696,46.96508],[10.99723,46.96524],[10.99753,46.96595],[10.99746,46.96614],[10.9967,46.96672],[10.99657,46.96711],[10.99862,46.96666],[11.00039,46.96557],[11.00153,46.96445],[11.00164,46.96408]]}},{"type":"Feature","properties":{"kind":"piste","difficulty":"easy","name":"6","aerialway":null,"osm":"way/148203307"},"geometry":{"type":"LineString","coordinates":[[10.98712,46.96562],[10.98676,46.9658]]}},{"type":"Feature","properties":{"kind":"piste","difficulty":"intermediate","name":"11","aerialway":null,"osm":"way/148203310"},"geometry":{"type":"LineString","coordinates":[[10.95854,46.96572],[10.95832,46.96582],[10.9585,46.96653]]}},{"type":"Feature","properties":{"kind":"piste","difficulty":"easy","name":"24","aerialway":null,"osm":"way/148203311"},"geometry":{"type":"LineString","coordinates":[[10.93936,46.95581],[10.94034,46.95543]]}},{"type":"Feature","properties":{"kind":"piste","difficulty":"easy","name":null,"aerialway":null,"osm":"way/148261801"},"geometry":{"type":"LineString","coordinates":[[10.98712,46.96562],[10.98854,46.96522],[10.98896,46.96452],[10.98951,46.96424],[10.9904,46.96321],[10.99058,46.96328],[10.99044,46.96398],[10.99056,46.96466],[10.99076,46.96469],[10.99137,46.96367],[10.99236,46.96298],[10.99245,46.96312],[10.99244,46.96417],[10.99274,46.96551],[10.99181,46.96636],[10.99111,46.96662],[10.99122,46.96716],[10.99263,46.96823],[10.99349,46.96856],[10.99424,46.96864],[10.99322,46.96791],[10.99302,46.96711],[10.99379,46.96683]]}},{"type":"Feature","properties":{"kind":"piste","difficulty":"easy","name":"32","aerialway":null,"osm":"way/148747883"},"geometry":{"type":"LineString","coordinates":[[11.0552,46.90002],[11.05485,46.90079],[11.05462,46.9009],[11.05323,46.9002],[11.05173,46.89988],[11.05173,46.89971]]}},{"type":"Feature","properties":{"kind":"piste","difficulty":"easy","name":null,"aerialway":null,"osm":"way/148747887"},"geometry":{"type":"LineString","coordinates":[[11.05687,46.90196],[11.05627,46.90123],[11.05573,46.90092],[11.05542,46.90042]]}},{"type":"Feature","properties":{"kind":"piste","difficulty":"easy","name":null,"aerialway":null,"osm":"way/148747890"},"geometry":{"type":"LineString","coordinates":[[11.05861,46.9035],[11.05827,46.90354],[11.05804,46.90338],[11.05777,46.90286],[11.05741,46.90258]]}},{"type":"Feature","properties":{"kind":"piste","difficulty":"easy","name":null,"aerialway":null,"osm":"way/148747891"},"geometry":{"type":"LineString","coordinates":[[11.05462,46.9009],[11.05281,46.90148],[11.0519,46.90202]]}},{"type":"Feature","properties":{"kind":"piste","difficulty":"easy","name":null,"aerialway":null,"osm":"way/148747897"},"geometry":{"type":"LineString","coordinates":[[11.05753,46.90323],[11.05736,46.90249],[11.05687,46.90196],[11.05659,46.90186],[11.05411,46.90231],[11.0519,46.90202]]}},{"type":"Feature","properties":{"kind":"piste","difficulty":"easy","name":null,"aerialway":null,"osm":"way/148749730"},"geometry":{"type":"LineString","coordinates":[[11.05289,46.90217],[11.05255,46.90195],[11.05243,46.90167],[11.05261,46.90129],[11.05322,46.90061],[11.05323,46.9002],[11.05309,46.89979],[11.05222,46.89886]]}},{"type":"Feature","properties":{"kind":"piste","difficulty":"easy","name":null,"aerialway":null,"osm":"way/148752550"},"geometry":{"type":"LineString","coordinates":[[11.06192,46.8975],[11.06123,46.89788],[11.06057,46.89805],[11.06029,46.898]]}},{"type":"Feature","properties":{"kind":"piste","difficulty":"easy","name":null,"aerialway":null,"osm":"way/148752551"},"geometry":{"type":"LineString","coordinates":[[11.06119,46.89864],[11.06103,46.89871],[11.06092,46.8986],[11.06057,46.89775]]}},{"type":"Feature","properties":{"kind":"piste","difficulty":"easy","name":null,"aerialway":null,"osm":"way/150349637"},"geometry":{"type":"LineString","coordinates":[[10.95039,46.95058],[10.95227,46.95167],[10.95318,46.95192],[10.95489,46.95276],[10.9564,46.9537],[10.95951,46.95504],[10.96046,46.95608],[10.96175,46.95692],[10.96281,46.95726],[10.9646,46.95739],[10.96535,46.95758],[10.9666,46.9583],[10.96919,46.95948],[10.96966,46.95991],[10.97037,46.96011],[10.9713,46.96073]]}},{"type":"Feature","properties":{"kind":"piste","difficulty":"easy","name":null,"aerialway":null,"osm":"way/150349638"},"geometry":{"type":"LineString","coordinates":[[10.94181,46.94632],[10.94368,46.94666],[10.94616,46.94757],[10.94679,46.94812],[10.9472,46.94905],[10.94784,46.9498],[10.94885,46.95028],[10.95039,46.95058]]}},{"type":"Feature","properties":{"kind":"piste","difficulty":"intermediate","name":"Rifflsee Talabfahrt","aerialway":null,"osm":"way/156106241"},"geometry":{"type":"LineString","coordinates":[[10.86925,46.95859],[10.86958,46.9597],[10.86942,46.96024],[10.86942,46.96085],[10.86971,46.9641],[10.86959,46.96586],[10.86868,46.96826]]}},{"type":"Feature","properties":{"kind":"piste","difficulty":"novice","name":"Mini","aerialway":null,"osm":"way/197171969"},"geometry":{"type":"LineString","coordinates":[[10.97345,46.97394],[10.97472,46.97464],[10.97544,46.9749],[10.97556,46.97483]]}},{"type":"Feature","properties":{"kind":"piste","difficulty":"intermediate","name":"12","aerialway":null,"osm":"way/208631906"},"geometry":{"type":"LineString","coordinates":[[10.96165,46.96845],[10.96092,46.968],[10.96086,46.96772],[10.96108,46.96742],[10.96174,46.96729],[10.96287,46.96773],[10.96522,46.96823],[10.96806,46.96951],[10.97142,46.97138],[10.9727,46.97264],[10.97308,46.97386],[10.97346,46.97441],[10.97511,46.97546]]}},{"type":"Feature","properties":{"kind":"piste","difficulty":"intermediate","name":"16","aerialway":null,"osm":"way/208631909"},"geometry":{"type":"LineString","coordinates":[[10.96574,46.97314],[10.96707,46.97274],[10.96772,46.97201],[10.96869,46.97145],[10.96965,46.97115],[10.97207,46.97077],[10.97234,46.97055],[10.97234,46.9704],[10.97145,46.9697],[10.97167,46.96923],[10.97232,46.96883],[10.97428,46.96862],[10.97592,46.96872]]}},{"type":"Feature","properties":{"kind":"piste","difficulty":"advanced","name":"71","aerialway":null,"osm":"way/208631911"},"geometry":{"type":"LineString","coordinates":[[10.97209,46.97203],[10.97456,46.97197],[10.97588,46.9725],[10.97736,46.97278],[10.97822,46.97254],[10.97948,46.97178],[10.97995,46.97104],[10.98056,46.97055]]}},{"type":"Feature","properties":{"kind":"piste","difficulty":"easy","name":null,"aerialway":null,"osm":"way/277916102"},"geometry":{"type":"LineString","coordinates":[[10.93396,46.94265],[10.9344,46.94294],[10.93552,46.94307]]}},{"type":"Feature","properties":{"kind":"piste","difficulty":"advanced","name":"41","aerialway":null,"osm":"way/310492310"},"geometry":{"type":"LineString","coordinates":[[10.92968,46.92597],[10.93029,46.9257],[10.93094,46.92568],[10.93212,46.92636],[10.93404,46.92706],[10.93747,46.92712],[10.93804,46.92735],[10.93848,46.9278],[10.94031,46.92753]]}},{"type":"Feature","properties":{"kind":"piste","difficulty":"intermediate","name":"1","aerialway":null,"osm":"way/315877910"},"geometry":{"type":"LineString","coordinates":[[10.9678,46.94255],[10.96858,46.94288],[10.96888,46.94401]]}},{"type":"Feature","properties":{"kind":"piste","difficulty":"intermediate","name":"1","aerialway":null,"osm":"way/315878276"},"geometry":{"type":"LineString","coordinates":[[10.97232,46.95239],[10.97226,46.95261],[10.97205,46.95275],[10.97133,46.95284],[10.9709,46.95312]]}},{"type":"Feature","properties":{"kind":"piste","difficulty":"easy","name":"1a","aerialway":null,"osm":"way/315880239"},"geometry":{"type":"LineString","coordinates":[[10.97731,46.95683],[10.98024,46.95528],[10.98042,46.95448],[10.9806,46.95433],[10.98164,46.95405],[10.98349,46.95322],[10.98513,46.952],[10.98573,46.95119],[10.98698,46.95041],[10.98733,46.95041],[10.98742,46.95085]]}},{"type":"Feature","properties":{"kind":"piste","difficulty":"easy","name":"32","aerialway":null,"osm":"way/315883058"},"geometry":{"type":"LineString","coordinates":[[10.92458,46.93445],[10.9245,46.93426],[10.92464,46.93402],[10.92562,46.93346],[10.92605,46.93299]]}},{"type":"Feature","properties":{"kind":"piste","difficulty":"easy","name":"38","aerialway":null,"osm":"way/315884751"},"geometry":{"type":"LineString","coordinates":[[10.92498,46.92314],[10.92442,46.92303],[10.9208,46.921]]}},{"type":"Feature","properties":{"kind":"piste","difficulty":"easy","name":"24","aerialway":null,"osm":"way/315884914"},"geometry":{"type":"LineString","coordinates":[[10.94624,46.9569],[10.94915,46.95675],[10.95055,46.95689],[10.9522,46.95807],[10.95481,46.9596]]}},{"type":"Feature","properties":{"kind":"piste","difficulty":"easy","name":"50","aerialway":null,"osm":"way/315888209"},"geometry":{"type":"LineString","coordinates":[[10.99928,46.96226],[11.0003,46.9624],[11.00202,46.96289]]}},{"type":"Feature","properties":{"kind":"piste","difficulty":"easy","name":"50","aerialway":null,"osm":"way/315888984"},"geometry":{"type":"LineString","coordinates":[[11.00015,46.96255],[11.00062,46.96294],[11.00396,46.96361]]}},{"type":"Feature","properties":{"kind":"piste","difficulty":"intermediate","name":"4","aerialway":null,"osm":"way/315892003"},"geometry":{"type":"LineString","coordinates":[[10.97691,46.95357],[10.97799,46.95495],[10.97891,46.95569]]}},{"type":"Feature","properties":{"kind":"piste","difficulty":"easy","name":"40","aerialway":null,"osm":"way/315934879"},"geometry":{"type":"LineString","coordinates":[[10.944,46.91923],[10.94463,46.9202],[10.94539,46.92055],[10.94605,46.92074],[10.94731,46.92078],[10.94772,46.92099],[10.94792,46.92089]]}},{"type":"Feature","properties":{"kind":"piste","difficulty":"intermediate","name":"36","aerialway":null,"osm":"way/315934885"},"geometry":{"type":"LineString","coordinates":[[10.94161,46.92184],[10.9426,46.92294],[10.94351,46.92354],[10.9447,46.92379],[10.94543,46.9236]]}},{"type":"Feature","properties":{"kind":"piste","difficulty":"intermediate","name":"36","aerialway":null,"osm":"way/315934886"},"geometry":{"type":"LineString","coordinates":[[10.94168,46.92642],[10.94148,46.92557],[10.94154,46.92512],[10.94219,46.92467],[10.94381,46.92407]]}},{"type":"Feature","properties":{"kind":"piste","difficulty":"easy","name":"39","aerialway":null,"osm":"way/315934888"},"geometry":{"type":"LineString","coordinates":[[10.91977,46.91703],[10.9198,46.91717],[10.92002,46.91725],[10.92441,46.91825],[10.92904,46.9195]]}},{"type":"Feature","properties":{"kind":"piste","difficulty":"easy","name":"40","aerialway":null,"osm":"way/315935249"},"geometry":{"type":"LineString","coordinates":[[10.94772,46.92099],[10.9465,46.9218],[10.94653,46.92208],[10.94639,46.92212]]}},{"type":"Feature","properties":{"kind":"piste","difficulty":"advanced","name":"3","aerialway":null,"osm":"way/315938927"},"geometry":{"type":"LineString","coordinates":[[10.98353,46.94625],[10.98378,46.94668],[10.98456,46.94709],[10.98507,46.94757],[10.98566,46.94858],[10.98619,46.94918],[10.98779,46.94979],[10.98843,46.94984],[10.98926,46.94953],[10.98999,46.94964],[10.9926,46.95147],[10.99325,46.95172],[10.99455,46.95191],[10.99493,46.95214],[10.99562,46.95359],[10.99712,46.95421]]}},{"type":"Feature","properties":{"kind":"piste","difficulty":"easy","name":"6","aerialway":null,"osm":"way/316400954"},"geometry":{"type":"LineString","coordinates":[[10.98613,46.96321],[10.98576,46.96404],[10.98537,46.96429],[10.98253,46.96484],[10.98712,46.96562]]}},{"type":"Feature","properties":{"kind":"piste","difficulty":"easy","name":"6","aerialway":null,"osm":"way/316400955"},"geometry":{"type":"LineString","coordinates":[[10.98611,46.96283],[10.98613,46.96321]]}},{"type":"Feature","properties":{"kind":"piste","difficulty":"intermediate","name":"11","aerialway":null,"osm":"way/316401577"},"geometry":{"type":"LineString","coordinates":[[10.96517,46.96777],[10.96884,46.96834],[10.97358,46.9683],[10.97592,46.96872]]}},{"type":"Feature","properties":{"kind":"piste","difficulty":"advanced","name":"14","aerialway":null,"osm":"way/316402929"},"geometry":{"type":"LineString","coordinates":[[10.95421,46.97656],[10.95411,46.97643],[10.95466,46.97628],[10.95701,46.97591],[10.95994,46.97662],[10.96085,46.97652],[10.96228,46.97612],[10.9626,46.97618],[10.96314,46.97653],[10.96423,46.97755]]}},{"type":"Feature","properties":{"kind":"piste","difficulty":"intermediate","name":"1","aerialway":null,"osm":"way/316560713"},"geometry":{"type":"LineString","coordinates":[[10.96719,46.94247],[10.9678,46.94255],[10.96804,46.94236],[10.96822,46.94194],[10.96896,46.94158],[10.96886,46.9419],[10.96893,46.94303],[10.96913,46.9435],[10.96883,46.94425],[10.96851,46.94427],[10.96818,46.94377],[10.96791,46.94361],[10.96681,46.94338],[10.96579,46.94298],[10.96497,46.94294],[10.96453,46.94318],[10.9645,46.94348],[10.9648,46.94432],[10.96456,46.94584],[10.96496,46.94671],[10.96499,46.94707],[10.96478,46.94787],[10.96419,46.94896],[10.96406,46.94956],[10.96456,46.95019],[10.96525,46.95048],[10.96573,46.95054],[10.96603,46.9503],[10.96625,46.94937],[10.96683,46.94919],[10.96871,46.95024]]}},{"type":"Feature","properties":{"kind":"piste","difficulty":"intermediate","name":"4","aerialway":null,"osm":"way/316668321"},"geometry":{"type":"LineString","coordinates":[[10.98248,46.95681],[10.98416,46.95678],[10.98468,46.95664],[10.98519,46.95634],[10.98556,46.95587],[10.98622,46.95539],[10.9866,46.95538],[10.98664,46.95606],[10.98648,46.95608]]}},{"type":"Feature","properties":{"kind":"piste","difficulty":"easy","name":"24","aerialway":null,"osm":"way/316783281"},"geometry":{"type":"LineString","coordinates":[[10.94034,46.95543],[10.9401,46.95609],[10.9393,46.95661]]}},{"type":"Feature","properties":{"kind":"piste","difficulty":"easy","name":"8 / 10","aerialway":null,"osm":"way/316788724"},"geometry":{"type":"LineString","coordinates":[[11.00485,46.95387],[11.00535,46.95537],[11.00525,46.9567],[11.00429,46.95833],[11.00283,46.95946],[11.00189,46.96048],[11.00123,46.96206],[11.00149,46.96259],[11.00202,46.96289]]}},{"type":"Feature","properties":{"kind":"piste","difficulty":"easy","name":"32","aerialway":null,"osm":"way/316792620"},"geometry":{"type":"LineString","coordinates":[[10.92458,46.93445],[10.92485,46.9344],[10.92509,46.93388],[10.92661,46.93328]]}},{"type":"Feature","properties":{"kind":"piste","difficulty":"advanced","name":"3","aerialway":null,"osm":"way/316824135"},"geometry":{"type":"LineString","coordinates":[[10.98471,46.94922],[10.98689,46.94952],[10.98775,46.95052]]}},{"type":"Feature","properties":{"kind":"piste","difficulty":"easy","name":null,"aerialway":null,"osm":"way/316827314"},"geometry":{"type":"LineString","coordinates":[[10.9713,46.96073],[10.97347,46.96114],[10.97444,46.96165],[10.97586,46.96267],[10.97754,46.96289],[10.97778,46.96301],[10.97804,46.9634],[10.97868,46.96373],[10.97998,46.96389],[10.98253,46.96484]]}},{"type":"Feature","properties":{"kind":"piste","difficulty":"easy","name":"24","aerialway":null,"osm":"way/317370613"},"geometry":{"type":"LineString","coordinates":[[10.93969,46.95584],[10.93936,46.95581],[10.93923,46.95618],[10.93941,46.95674],[10.94096,46.95724],[10.94436,46.95775],[10.94774,46.95792],[10.9501,46.95726],[10.95071,46.95732],[10.95189,46.95784],[10.95419,46.95807],[10.95429,46.9582]]}},{"type":"Feature","properties":{"kind":"piste","difficulty":"intermediate","name":"18","aerialway":null,"osm":"way/317523713"},"geometry":{"type":"LineString","coordinates":[[10.95808,46.96562],[10.95798,46.96574],[10.95702,46.96587],[10.95669,46.96563],[10.95708,46.96424],[10.95774,46.96378],[10.95904,46.96357],[10.96205,46.96358],[10.96278,46.96373],[10.96505,46.96506],[10.96948,46.96682],[10.97026,46.96727]]}},{"type":"Feature","properties":{"kind":"piste","difficulty":"intermediate","name":null,"aerialway":null,"osm":"way/317697483"},"geometry":{"type":"LineString","coordinates":[[10.94108,46.92616],[10.94123,46.92509],[10.94237,46.92449],[10.94339,46.92415],[10.94396,46.92367],[10.94372,46.92423],[10.94255,46.92461],[10.94196,46.9249],[10.94165,46.9252],[10.94186,46.92616],[10.94108,46.92616]]}},{"type":"Feature","properties":{"kind":"piste","difficulty":"intermediate","name":"36","aerialway":null,"osm":"way/317697484"},"geometry":{"type":"LineString","coordinates":[[10.93869,46.92987],[10.93878,46.92999],[10.93903,46.92991],[10.93933,46.92895],[10.94044,46.92789],[10.94409,46.92507],[10.94438,46.92466],[10.94438,46.92432],[10.94462,46.92396],[10.94428,46.9235],[10.94401,46.92356],[10.94355,46.92492],[10.94302,46.92558],[10.94211,46.92611],[10.94108,46.92616],[10.939,46.92817],[10.93805,46.92957],[10.93809,46.92983],[10.93872,46.92949],[10.9388,46.92953],[10.93865,46.9297],[10.93869,46.92987]]}},{"type":"Feature","properties":{"kind":"piste","difficulty":"advanced","name":"31","aerialway":null,"osm":"way/317701002"},"geometry":{"type":"LineString","coordinates":[[10.92767,46.93358],[10.92852,46.93473],[10.93245,46.9385],[10.93277,46.93924],[10.93275,46.93977],[10.93244,46.94067],[10.93197,46.94061],[10.93177,46.93979],[10.92755,46.93617],[10.92538,46.93395],[10.92767,46.93358]]}},{"type":"Feature","properties":{"kind":"piste","difficulty":"easy","name":"33","aerialway":null,"osm":"way/317701003"},"geometry":{"type":"LineString","coordinates":[[10.93848,46.93019],[10.93915,46.93324],[10.9405,46.93678],[10.9406,46.93755],[10.93984,46.9371],[10.9388,46.93585],[10.93782,46.93292],[10.93773,46.93174],[10.93795,46.93108],[10.938,46.9304],[10.93831,46.93016],[10.93848,46.93019]]}},{"type":"Feature","properties":{"kind":"piste","difficulty":"easy","name":"32","aerialway":null,"osm":"way/317701004"},"geometry":{"type":"LineString","coordinates":[[10.92694,46.92496],[10.92468,46.92486],[10.92519,46.9292],[10.92516,46.93055],[10.92678,46.93123],[10.92702,46.93148],[10.92731,46.93253],[10.92709,46.93288],[10.92656,46.93319],[10.92523,46.93371],[10.92538,46.93395],[10.92767,46.93358],[10.92768,46.93315],[10.92808,46.93188],[10.92891,46.93021],[10.92837,46.92967],[10.92692,46.92596],[10.92694,46.92496]]}},{"type":"Feature","properties":{"kind":"piste","difficulty":"advanced","name":"31","aerialway":null,"osm":"way/317701005"},"geometry":{"type":"LineString","coordinates":[[10.92661,46.93328],[10.92688,46.93451],[10.93223,46.93947],[10.93232,46.9398],[10.93224,46.94051],[10.93192,46.94091],[10.93158,46.94104]]}},{"type":"Feature","properties":{"kind":"piste","difficulty":"easy","name":"39","aerialway":null,"osm":"way/317701411"},"geometry":{"type":"LineString","coordinates":[[10.92748,46.91791],[10.93269,46.91913],[10.9335,46.91877],[10.93424,46.91766],[10.93539,46.91745]]}},{"type":"Feature","properties":{"kind":"piste","difficulty":"easy","name":"38","aerialway":null,"osm":"way/317701958"},"geometry":{"type":"LineString","coordinates":[[10.92576,46.91936],[10.9194,46.92079],[10.9184,46.92062],[10.91847,46.92094],[10.91861,46.92093],[10.9187,46.9214],[10.91946,46.92177],[10.92427,46.92074],[10.92439,46.92233],[10.92467,46.92319],[10.92528,46.9232],[10.92507,46.92158],[10.92597,46.92035],[10.92638,46.92014],[10.9278,46.91987],[10.92955,46.91992],[10.92576,46.91936]]}},{"type":"Feature","properties":{"kind":"piste","difficulty":"advanced","name":"25","aerialway":null,"osm":"way/317762909"},"geometry":{"type":"LineString","coordinates":[[10.94527,46.96053],[10.94455,46.96096],[10.94458,46.96118],[10.94414,46.96178],[10.94315,46.96285],[10.94033,46.96358],[10.93971,46.96385],[10.9396,46.96376],[10.93953,46.96396],[10.93985,46.96412],[10.94133,46.96409],[10.94336,46.96352],[10.9449,46.96213],[10.94569,46.96093],[10.94764,46.95974],[10.94906,46.95823],[10.94989,46.95777],[10.94988,46.95757],[10.94856,46.958],[10.94744,46.95821],[10.94754,46.95922],[10.94527,46.96053]]}},{"type":"Feature","properties":{"kind":"piste","difficulty":"easy","name":"24","aerialway":null,"osm":"way/317762910"},"geometry":{"type":"LineString","coordinates":[[10.94518,46.9574],[10.94634,46.95708],[10.94853,46.95705],[10.94933,46.95686],[10.94982,46.95693],[10.95075,46.95678],[10.94762,46.95643],[10.94687,46.95613],[10.94624,46.95615],[10.94496,46.957],[10.94518,46.9574]]}},{"type":"Feature","properties":{"kind":"piste","difficulty":"intermediate","name":"18","aerialway":null,"osm":"way/317763563"},"geometry":{"type":"LineString","coordinates":[[10.95783,46.96584],[10.95808,46.96567],[10.9572,46.96568],[10.95695,46.96552],[10.95759,46.96414],[10.95809,46.96384],[10.96164,46.96362],[10.96392,46.96431],[10.96358,46.96388],[10.96217,46.96329],[10.96095,46.96315],[10.95948,46.96333],[10.95823,46.96324],[10.95697,46.96367],[10.95676,46.96476],[10.95646,46.96555],[10.95648,46.96579],[10.95677,46.96605],[10.957,46.96609],[10.95783,46.96584]]}},{"type":"Feature","properties":{"kind":"piste","difficulty":"easy","name":"24","aerialway":null,"osm":"way/317764502"},"geometry":{"type":"LineString","coordinates":[[10.95368,46.9579],[10.95186,46.95759],[10.95134,46.95731],[10.95075,46.95678],[10.94982,46.95693],[10.94792,46.95763],[10.94628,46.95769],[10.94528,46.95758],[10.94496,46.957],[10.94306,46.9573],[10.9402,46.95678],[10.93948,46.95656],[10.93957,46.95583],[10.94037,46.95545],[10.94049,46.95527],[10.93924,46.95569],[10.93895,46.95626],[10.93901,46.95675],[10.93927,46.95702],[10.94245,46.95804],[10.94744,46.95821],[10.95027,46.95748],[10.95138,46.9577],[10.95253,46.95821],[10.95385,46.95836],[10.95368,46.9579]]}},{"type":"Feature","properties":{"kind":"piste","difficulty":"easy","name":"15","aerialway":null,"osm":"way/317764812"},"geometry":{"type":"LineString","coordinates":[[10.96079,46.97266],[10.9616,46.97262],[10.96234,46.97279],[10.96355,46.97267],[10.96453,46.97313],[10.96535,46.9733],[10.96591,46.97282],[10.96298,46.97217],[10.9609,46.97233],[10.96048,46.97222],[10.96079,46.97266]]}},{"type":"Feature","properties":{"kind":"piste","difficulty":"intermediate","name":null,"aerialway":null,"osm":"way/317765891"},"geometry":{"type":"LineString","coordinates":[[10.9731,46.97347],[10.97307,46.97308],[10.9726,46.97192],[10.97278,46.97125],[10.97269,46.97066],[10.97251,46.97042],[10.96918,46.96994],[10.96806,46.96951],[10.96828,46.96975],[10.97019,46.97083],[10.97018,46.97112],[10.97174,46.97245],[10.97216,46.97244],[10.97235,46.97258],[10.97251,46.97276],[10.97285,46.97388],[10.97343,46.9745],[10.97449,46.97517],[10.97478,46.97504],[10.97366,46.97439],[10.97339,46.97412],[10.9731,46.97347]]}},{"type":"Feature","properties":{"kind":"piste","difficulty":"advanced","name":"14","aerialway":null,"osm":"way/317766586"},"geometry":{"type":"LineString","coordinates":[[10.96186,46.9754],[10.96091,46.97626],[10.95929,46.97618],[10.95728,46.97571],[10.95649,46.97574],[10.95539,46.97599],[10.95418,46.97596],[10.95389,46.97659],[10.95421,46.97696],[10.95603,46.97731],[10.95727,46.97787],[10.9581,46.97809],[10.96178,46.97838],[10.96421,46.97807],[10.96815,46.97816],[10.96896,46.97793],[10.96974,46.97714],[10.97196,46.97723],[10.97373,46.97754],[10.97468,46.97744],[10.97454,46.9772],[10.97375,46.97718],[10.97382,46.97651],[10.97442,46.97647],[10.96867,46.97622],[10.96186,46.9754]]}},{"type":"Feature","properties":{"kind":"piste","difficulty":"intermediate","name":"19","aerialway":null,"osm":"way/317769906"},"geometry":{"type":"LineString","coordinates":[[10.97314,46.97816],[10.97405,46.97871],[10.9746,46.97926],[10.97551,46.97912],[10.97659,46.97944],[10.97838,46.97974],[10.9801,46.97963],[10.98098,46.97939],[10.9821,46.97887],[10.98024,46.97833],[10.97869,46.97874],[10.97571,46.97889],[10.97473,46.9786],[10.97462,46.9784],[10.97386,46.978],[10.97318,46.97801],[10.97314,46.97816]]}},{"type":"Feature","properties":{"kind":"piste","difficulty":"intermediate","name":"19","aerialway":null,"osm":"way/317769973"},"geometry":{"type":"LineString","coordinates":[[10.97511,46.97546],[10.97596,46.97662],[10.97547,46.97745],[10.97578,46.97849],[10.97725,46.97887],[10.97763,46.9791],[10.9778,46.97941],[10.97906,46.97957],[10.98115,46.9792],[10.98203,46.97883],[10.98201,46.97818],[10.98157,46.97753],[10.98163,46.97688],[10.98182,46.97669],[10.98336,46.97687],[10.98397,46.97679],[10.98483,46.97616],[10.98543,46.97594],[10.98707,46.97562],[10.98966,46.97548],[10.9899,46.97519],[10.98979,46.97497]]}},{"type":"Feature","properties":{"kind":"piste","difficulty":"intermediate","name":"4","aerialway":null,"osm":"way/317805758"},"geometry":{"type":"LineString","coordinates":[[10.96952,46.95075],[10.97054,46.951],[10.97137,46.95175],[10.97155,46.95211],[10.97155,46.95268],[10.97113,46.9528],[10.97127,46.95297],[10.9724,46.95292],[10.97285,46.95335],[10.97326,46.95344],[10.97332,46.95316],[10.97298,46.95312],[10.97239,46.95222],[10.97177,46.95195],[10.97089,46.95106],[10.96934,46.95038],[10.96952,46.95075]]}},{"type":"Feature","properties":{"kind":"piste","difficulty":"intermediate","name":"5","aerialway":null,"osm":"way/317822132"},"geometry":{"type":"LineString","coordinates":[[10.97653,46.95697],[10.97605,46.95651],[10.97533,46.95615],[10.97362,46.95471],[10.97327,46.95462],[10.97337,46.95446],[10.97486,46.95468],[10.97531,46.95558],[10.97559,46.95581],[10.97609,46.95596],[10.97772,46.95607],[10.97653,46.95697]]}},{"type":"Feature","properties":{"kind":"piste","difficulty":"easy","name":"1a","aerialway":null,"osm":"way/317826051"},"geometry":{"type":"LineString","coordinates":[[10.97756,46.95692],[10.97934,46.95645],[10.98024,46.95528],[10.97936,46.95553],[10.97728,46.95673],[10.97739,46.95697],[10.97756,46.95692]]}},{"type":"Feature","properties":{"kind":"piste","difficulty":"easy","name":"1a","aerialway":null,"osm":"way/317826053"},"geometry":{"type":"LineString","coordinates":[[10.98742,46.95085],[10.98727,46.95083],[10.9872,46.95048],[10.98682,46.95064],[10.98585,46.95129],[10.98525,46.95211],[10.98241,46.95405],[10.98047,46.95466],[10.9803,46.95461],[10.98043,46.95427],[10.98326,46.95325],[10.98482,46.95213],[10.98542,46.95131],[10.987,46.95032],[10.98739,46.95033],[10.98758,46.95055],[10.98742,46.95085]]}},{"type":"Feature","properties":{"kind":"piste","difficulty":"intermediate","name":"4 / 5","aerialway":null,"osm":"way/317826055"},"geometry":{"type":"LineString","coordinates":[[10.97891,46.95569],[10.9816,46.95624],[10.98248,46.95681]]}},{"type":"Feature","properties":{"kind":"piste","difficulty":"advanced","name":"3","aerialway":null,"osm":"way/317827733"},"geometry":{"type":"LineString","coordinates":[[10.98363,46.94605],[10.9834,46.94622],[10.98296,46.94733],[10.98269,46.94762],[10.98255,46.94826],[10.98262,46.94849],[10.98376,46.94935],[10.98398,46.94801],[10.98369,46.94822],[10.98331,46.94823],[10.98304,46.9478],[10.98312,46.94746],[10.98343,46.94706],[10.98385,46.94712],[10.984,46.94727],[10.98417,46.94632],[10.9839,46.94628],[10.98363,46.94605]]}},{"type":"Feature","properties":{"kind":"piste","difficulty":"advanced","name":"3","aerialway":null,"osm":"way/317827736"},"geometry":{"type":"LineString","coordinates":[[10.98542,46.95131],[10.98535,46.95106],[10.98488,46.95074],[10.98488,46.94963],[10.98476,46.94949],[10.98395,46.9493],[10.98449,46.94776],[10.98458,46.94844],[10.98503,46.94881],[10.98522,46.94882],[10.9855,46.94961],[10.98537,46.9502],[10.98573,46.9504],[10.98601,46.95029],[10.98666,46.95053],[10.98542,46.95131]]}},{"type":"Feature","properties":{"kind":"piste","difficulty":"advanced","name":"20","aerialway":null,"osm":"way/317835909"},"geometry":{"type":"LineString","coordinates":[[10.97602,46.97666],[10.97586,46.97671],[10.97575,46.97704],[10.97526,46.97739],[10.97566,46.97786],[10.97563,46.97826],[10.97608,46.97831],[10.9775,46.97788],[10.97868,46.97805],[10.97987,46.97794],[10.98149,46.97743],[10.98157,46.97685],[10.98171,46.97673],[10.98402,46.97641],[10.98491,46.97593],[10.98175,46.9765],[10.98101,46.97701],[10.98061,46.97708],[10.97826,46.97664],[10.97602,46.97666]]}},{"type":"Feature","properties":{"kind":"piste","difficulty":"advanced","name":"20","aerialway":null,"osm":"way/317835910"},"geometry":{"type":"LineString","coordinates":[[10.97482,46.97736],[10.97743,46.97765],[10.97841,46.97788],[10.97965,46.97784],[10.98139,46.97728],[10.98157,46.97679],[10.9819,46.97655],[10.98393,46.97623],[10.98727,46.97546],[10.98964,46.97545],[10.98983,46.9752],[10.98979,46.97497]]}},{"type":"Feature","properties":{"kind":"piste","difficulty":"easy","name":"6 / 3b","aerialway":null,"osm":"way/317835911"},"geometry":{"type":"LineString","coordinates":[[10.98742,46.95085],[10.98688,46.95164],[10.98671,46.95214],[10.98666,46.95254],[10.98681,46.95337],[10.98666,46.95451]]}},{"type":"Feature","properties":{"kind":"piste","difficulty":"intermediate","name":"Gaislachalm","aerialway":null,"osm":"way/317837036"},"geometry":{"type":"LineString","coordinates":[[10.99645,46.93777],[10.99586,46.9369],[10.99438,46.93582]]}},{"type":"Feature","properties":{"kind":"piste","difficulty":"advanced","name":"7","aerialway":null,"osm":"way/317890147"},"geometry":{"type":"LineString","coordinates":[[10.98515,46.96555],[10.98606,46.96607],[10.98822,46.96675],[10.99169,46.967],[10.99279,46.96728],[10.99488,46.96721],[10.99636,46.9673],[10.99657,46.96711],[10.99642,46.96697],[10.99229,46.96696],[10.98998,46.96651],[10.98817,46.9665],[10.98681,46.96615],[10.98558,46.96549],[10.98525,46.96544],[10.98515,46.96555]]}},{"type":"Feature","properties":{"kind":"piste","difficulty":"intermediate","name":"Gaislachalm","aerialway":null,"osm":"way/317891880"},"geometry":{"type":"LineString","coordinates":[[10.99998,46.93852],[11.00023,46.93862],[11.00032,46.93891],[11.00014,46.93965],[10.99981,46.94034],[10.99946,46.94073],[10.99935,46.94118],[11.0008,46.9402],[11.00245,46.93979]]}},{"type":"Feature","properties":{"kind":"piste","difficulty":"intermediate","name":"Gaislachalm","aerialway":null,"osm":"way/317891881"},"geometry":{"type":"LineString","coordinates":[[10.99813,46.93895],[11.00006,46.93978]]}},{"type":"Feature","properties":{"kind":"piste","difficulty":"advanced","name":"1b","aerialway":null,"osm":"way/317892368"},"geometry":{"type":"LineString","coordinates":[[10.96712,46.94891],[10.96646,46.94779],[10.96501,46.94617],[10.96516,46.9471],[10.96611,46.9482],[10.96649,46.94898],[10.96712,46.94891]]}},{"type":"Feature","properties":{"kind":"piste","difficulty":"easy","name":"13","aerialway":null,"osm":"way/372224888"},"geometry":{"type":"LineString","coordinates":[[10.97598,46.97526],[10.97548,46.97556],[10.97511,46.97546]]}},{"type":"Feature","properties":{"kind":"piste","difficulty":"easy","name":"38","aerialway":null,"osm":"way/400066573"},"geometry":{"type":"LineString","coordinates":[[11.0711,46.90426],[11.06985,46.9041],[11.06885,46.90456]]}},{"type":"Feature","properties":{"kind":"piste","difficulty":"easy","name":"50","aerialway":null,"osm":"way/432769124"},"geometry":{"type":"LineString","coordinates":[[11.00202,46.96289],[11.00371,46.96335],[11.00398,46.96356]]}},{"type":"Feature","properties":{"kind":"piste","difficulty":"easy","name":"9","aerialway":null,"osm":"way/432769125"},"geometry":{"type":"LineString","coordinates":[[11.00202,46.96289],[11.00315,46.96294],[11.00391,46.96282],[11.00514,46.96186],[11.00585,46.96156]]}},{"type":"Feature","properties":{"kind":"piste","difficulty":"easy","name":"9","aerialway":null,"osm":"way/432769127"},"geometry":{"type":"LineString","coordinates":[[11.00398,46.96356],[11.00409,46.96357],[11.00451,46.96229]]}},{"type":"Feature","properties":{"kind":"piste","difficulty":"easy","name":"6","aerialway":null,"osm":"way/432769132"},"geometry":{"type":"LineString","coordinates":[[10.98666,46.95451],[10.9866,46.95538],[10.98687,46.95595],[10.9869,46.95741],[10.98683,46.95795],[10.98635,46.95885],[10.98647,46.9597],[10.98611,46.96283]]}},{"type":"Feature","properties":{"kind":"piste","difficulty":"advanced","name":"3","aerialway":null,"osm":"way/432769134"},"geometry":{"type":"LineString","coordinates":[[10.99044,46.95002],[10.99078,46.95145],[10.9909,46.95163],[10.9911,46.95166]]}},{"type":"Feature","properties":{"kind":"piste","difficulty":"easy","name":"3a","aerialway":null,"osm":"way/432852838"},"geometry":{"type":"LineString","coordinates":[[10.98413,46.9449],[10.98383,46.945]]}},{"type":"Feature","properties":{"kind":"piste","difficulty":"intermediate","name":"2a","aerialway":null,"osm":"way/432852842"},"geometry":{"type":"LineString","coordinates":[[10.98618,46.94418],[10.98857,46.94335],[10.99106,46.94118],[10.99226,46.94044]]}},{"type":"Feature","properties":{"kind":"piste","difficulty":"intermediate","name":"2a","aerialway":null,"osm":"way/432852843"},"geometry":{"type":"LineString","coordinates":[[10.98618,46.94418],[10.9885,46.94298],[10.98969,46.9415],[10.99066,46.94088],[10.99226,46.94044],[10.99299,46.94094],[10.9911,46.94216],[10.98963,46.94294],[10.98843,46.94413],[10.98656,46.94474],[10.98618,46.94418]]}},{"type":"Feature","properties":{"kind":"piste","difficulty":"easy","name":"2","aerialway":null,"osm":"way/432852844"},"geometry":{"type":"LineString","coordinates":[[11.00182,46.93801],[11.00237,46.93759],[11.00246,46.93678],[11.00294,46.93616]]}},{"type":"Feature","properties":{"kind":"piste","difficulty":"easy","name":"2","aerialway":null,"osm":"way/432852845"},"geometry":{"type":"LineString","coordinates":[[10.9879,46.94041],[10.98776,46.94034],[10.98796,46.93998],[10.98892,46.93975],[10.99107,46.93992],[10.99226,46.94044],[10.99153,46.9407],[10.98948,46.94035],[10.9879,46.94041]]}},{"type":"Feature","properties":{"kind":"piste","difficulty":"easy","name":"2","aerialway":null,"osm":"way/432852846"},"geometry":{"type":"LineString","coordinates":[[10.99306,46.94083],[10.99297,46.9407],[10.9931,46.94058],[10.9935,46.94045],[10.9945,46.93954],[10.99597,46.93898],[10.999,46.9385],[11.00099,46.93799],[11.00203,46.93785],[11.00237,46.93801],[11.0025,46.93828],[11.00254,46.93858],[11.00231,46.93906],[11.00227,46.93958],[11.0018,46.93926],[11.00197,46.9384],[11.00166,46.93825],[11.00059,46.93859],[10.9992,46.93936],[10.99538,46.93992],[10.99362,46.94101],[10.99335,46.94103],[10.99306,46.94083]]}},{"type":"Feature","properties":{"kind":"piste","difficulty":"intermediate","name":"Gaislachalm","aerialway":null,"osm":"way/432852849"},"geometry":{"type":"LineString","coordinates":[[10.99508,46.9395],[10.99626,46.93979],[10.99678,46.94008],[10.99713,46.94048],[10.99719,46.94074],[10.99717,46.9419],[10.99808,46.94216],[10.99817,46.94242],[10.99808,46.94291],[10.99925,46.94408],[10.99993,46.94429],[11.00068,46.94421],[11.00152,46.94392],[11.00252,46.94392],[11.00463,46.9446],[11.00488,46.94455],[11.00554,46.94399],[11.00557,46.94363],[11.00616,46.94307],[11.00683,46.94308]]}},{"type":"Feature","properties":{"kind":"piste","difficulty":"easy","name":"2","aerialway":null,"osm":"way/432852850"},"geometry":{"type":"LineString","coordinates":[[10.98386,46.94597],[10.98379,46.94592],[10.98391,46.94583],[10.98488,46.94542],[10.98618,46.94418]]}},{"type":"Feature","properties":{"kind":"piste","difficulty":"easy","name":"2","aerialway":null,"osm":"way/432852851"},"geometry":{"type":"LineString","coordinates":[[10.98376,46.94476],[10.9843,46.94438],[10.98556,46.94391],[10.98669,46.94321],[10.98711,46.94291],[10.98722,46.94253],[10.98756,46.94297],[10.98745,46.94345],[10.98569,46.9445],[10.98502,46.94472],[10.98376,46.94476]]}},{"type":"Feature","properties":{"kind":"piste","difficulty":"easy","name":"2","aerialway":null,"osm":"way/432852852"},"geometry":{"type":"LineString","coordinates":[[10.98391,46.94583],[10.98431,46.94516],[10.98472,46.94482],[10.98569,46.9445],[10.98618,46.94418],[10.98656,46.94474],[10.98488,46.94573],[10.98391,46.94583]]}},{"type":"Feature","properties":{"kind":"piste","difficulty":"easy","name":"3a","aerialway":null,"osm":"way/432852853"},"geometry":{"type":"LineString","coordinates":[[10.98383,46.945],[10.98434,46.94603],[10.98419,46.94795],[10.98386,46.94933],[10.984,46.95026],[10.98375,46.95075],[10.98354,46.95171],[10.98361,46.95279],[10.9833,46.9533]]}},{"type":"Feature","properties":{"kind":"piste","difficulty":"intermediate","name":"1","aerialway":null,"osm":"way/440156821"},"geometry":{"type":"LineString","coordinates":[[10.97638,46.95713],[10.97589,46.95717],[10.97392,46.95666],[10.97316,46.95605],[10.97229,46.95563],[10.97104,46.95411],[10.97061,46.95329],[10.96999,46.95291],[10.96952,46.95236],[10.9687,46.95096],[10.9683,46.95057],[10.96722,46.95013],[10.96673,46.94958],[10.96628,46.94965],[10.96611,46.9503],[10.96583,46.95065],[10.96467,46.95044],[10.96408,46.9499],[10.96388,46.94944],[10.964,46.94879],[10.96434,46.94817],[10.96467,46.94785],[10.96482,46.9471],[10.96465,46.94669],[10.96435,46.94643],[10.96426,46.94596],[10.96465,46.94452],[10.96461,46.94418],[10.96416,46.9435],[10.9644,46.94267],[10.96498,46.94255],[10.96617,46.9429],[10.96693,46.94328],[10.96797,46.94349],[10.96819,46.94358],[10.96868,46.94421],[10.96878,46.94385],[10.96834,46.94309],[10.9685,46.94294],[10.96756,46.94253],[10.96807,46.94231],[10.96835,46.9424],[10.96878,46.94316],[10.96924,46.94353],[10.96898,46.94431],[10.96853,46.9444],[10.9683,46.94436],[10.96814,46.94392],[10.96783,46.94368],[10.96678,46.9435],[10.96544,46.94307],[10.96484,46.94322],[10.96475,46.94348],[10.96499,46.9444],[10.96477,46.94553],[10.96517,46.94696],[10.96426,46.94924],[10.96424,46.94953],[10.96441,46.94984],[10.96525,46.95041],[10.9657,46.95045],[10.96595,46.95031],[10.96612,46.94981],[10.96603,46.94935],[10.96628,46.94906],[10.96712,46.94891],[10.96818,46.94915],[10.96852,46.94935],[10.96934,46.95038],[10.96981,46.95128],[10.97035,46.95176],[10.97143,46.95318],[10.9717,46.95447],[10.97226,46.95538],[10.97407,46.9565],[10.97638,46.95713]]}},{"type":"Feature","properties":{"kind":"piste","difficulty":"intermediate","name":"4","aerialway":null,"osm":"way/440156826"},"geometry":{"type":"LineString","coordinates":[[10.97871,46.95586],[10.97814,46.95557],[10.97689,46.95403],[10.97624,46.95388],[10.97483,46.95385],[10.97377,46.95436],[10.97352,46.95433],[10.97366,46.95393],[10.97326,46.95344],[10.97332,46.95316],[10.97374,46.95307],[10.97488,46.95332],[10.97761,46.95343],[10.97876,46.95326],[10.98059,46.95358],[10.9828,46.95345],[10.98043,46.95427],[10.9803,46.95461],[10.97883,46.95434],[10.97824,46.95478],[10.97822,46.95491],[10.97972,46.95539],[10.97871,46.95586]]}},{"type":"Feature","properties":{"kind":"piste","difficulty":"intermediate","name":"4","aerialway":null,"osm":"way/440291566"},"geometry":{"type":"LineString","coordinates":[[10.98338,46.95337],[10.98438,46.95379],[10.98517,46.95443],[10.98655,46.95483],[10.98622,46.95539],[10.98528,46.95583],[10.98248,46.95505],[10.98047,46.95466],[10.98241,46.95405],[10.98338,46.95337]]}},{"type":"Feature","properties":{"kind":"piste","difficulty":"intermediate","name":"4 / 5","aerialway":null,"osm":"way/440291567"},"geometry":{"type":"LineString","coordinates":[[10.9801,46.95543],[10.98189,46.95609],[10.98266,46.95652],[10.98248,46.95681],[10.98259,46.95731],[10.98191,46.95702],[10.98147,46.95665],[10.9806,46.95634],[10.9799,46.95625],[10.97934,46.95645],[10.9801,46.95543]]}},{"type":"Feature","properties":{"kind":"piste","difficulty":"intermediate","name":"4","aerialway":null,"osm":"way/440291568"},"geometry":{"type":"LineString","coordinates":[[10.98266,46.95652],[10.98487,46.95638],[10.98528,46.95583],[10.98622,46.95539],[10.98609,46.95588],[10.98564,46.95606],[10.98494,46.95679],[10.98455,46.95697],[10.98259,46.95731],[10.98248,46.95681],[10.98266,46.95652]]}},{"type":"Feature","properties":{"kind":"piste","difficulty":"easy","name":null,"aerialway":null,"osm":"way/440323826"},"geometry":{"type":"LineString","coordinates":[[10.93487,46.94149],[10.93418,46.94163],[10.93378,46.9419],[10.93374,46.94223],[10.93396,46.94265]]}},{"type":"Feature","properties":{"kind":"piste","difficulty":"advanced","name":"31","aerialway":null,"osm":"way/440323830"},"geometry":{"type":"LineString","coordinates":[[10.92458,46.93445],[10.92439,46.93464],[10.92448,46.93474],[10.92536,46.93438],[10.92688,46.93451]]}},{"type":"Feature","properties":{"kind":"piste","difficulty":"easy","name":"35","aerialway":null,"osm":"way/440323831"},"geometry":{"type":"LineString","coordinates":[[10.92661,46.93328],[10.92911,46.93375],[10.93448,46.93401],[10.9352,46.93413],[10.93689,46.93469],[10.93854,46.93483],[10.93925,46.93537]]}},{"type":"Feature","properties":{"kind":"piste","difficulty":"easy","name":"34","aerialway":null,"osm":"way/440323832"},"geometry":{"type":"LineString","coordinates":[[10.93851,46.93005],[10.93865,46.9308],[10.9397,46.9334],[10.94049,46.9348],[10.94105,46.93645],[10.94114,46.93817]]}},{"type":"Feature","properties":{"kind":"piste","difficulty":"easy","name":"33","aerialway":null,"osm":"way/440323833"},"geometry":{"type":"LineString","coordinates":[[10.93973,46.93651],[10.94117,46.93742],[10.94139,46.93772],[10.94143,46.93819],[10.94129,46.93836],[10.94078,46.93855]]}},{"type":"Feature","properties":{"kind":"piste","difficulty":"easy","name":"34","aerialway":null,"osm":"way/440323834"},"geometry":{"type":"LineString","coordinates":[[10.93865,46.9308],[10.93848,46.93019],[10.93878,46.93021],[10.93984,46.93311],[10.94155,46.93593],[10.94169,46.93641],[10.94139,46.93772],[10.94053,46.93644],[10.93951,46.93389],[10.93913,46.93287],[10.93865,46.9308]]}},{"type":"Feature","properties":{"kind":"piste","difficulty":"intermediate","name":"36","aerialway":null,"osm":"way/440323836"},"geometry":{"type":"LineString","coordinates":[[10.93811,46.93],[10.93825,46.92951],[10.93874,46.92939]]}},{"type":"Feature","properties":{"kind":"piste","difficulty":"easy","name":"39","aerialway":null,"osm":"way/440604010"},"geometry":{"type":"LineString","coordinates":[[10.91977,46.91703],[10.92247,46.91701],[10.92748,46.91791]]}},{"type":"Feature","properties":{"kind":"piste","difficulty":"easy","name":null,"aerialway":null,"osm":"way/440604011"},"geometry":{"type":"LineString","coordinates":[[10.92576,46.91936],[10.93298,46.92048],[10.9341,46.92075],[10.93468,46.92117],[10.93594,46.92148],[10.93898,46.92185],[10.93975,46.92215],[10.94302,46.92291],[10.94401,46.92356],[10.94428,46.9235],[10.94421,46.92294],[10.94453,46.92261],[10.9453,46.92252],[10.94585,46.92221],[10.94538,46.92203],[10.93464,46.91992],[10.93273,46.9192],[10.92983,46.91954],[10.92698,46.91911],[10.92576,46.91936]]}},{"type":"Feature","properties":{"kind":"piste","difficulty":"easy","name":"39","aerialway":null,"osm":"way/440604012"},"geometry":{"type":"LineString","coordinates":[[10.92904,46.9195],[10.93141,46.91943],[10.93273,46.9192],[10.93314,46.91896],[10.92712,46.91724],[10.92161,46.91657],[10.92047,46.91657],[10.91992,46.91684],[10.91961,46.91744],[10.92221,46.91792],[10.92698,46.91911],[10.92904,46.9195]]}},{"type":"Feature","properties":{"kind":"piste","difficulty":"easy","name":"39","aerialway":null,"osm":"way/440604013"},"geometry":{"type":"LineString","coordinates":[[10.92904,46.9195],[10.93269,46.91913]]}},{"type":"Feature","properties":{"kind":"piste","difficulty":"easy","name":"38","aerialway":null,"osm":"way/440604014"},"geometry":{"type":"LineString","coordinates":[[10.93269,46.91913],[10.93311,46.9192],[10.93432,46.91986],[10.93522,46.92009],[10.93621,46.92013]]}},{"type":"Feature","properties":{"kind":"piste","difficulty":"easy","name":"38","aerialway":null,"osm":"way/440604015"},"geometry":{"type":"LineString","coordinates":[[10.93522,46.92009],[10.93623,46.92053],[10.93699,46.92108]]}},{"type":"Feature","properties":{"kind":"piste","difficulty":"easy","name":null,"aerialway":null,"osm":"way/440604016"},"geometry":{"type":"LineString","coordinates":[[10.94397,46.9222],[10.94409,46.9237]]}},{"type":"Feature","properties":{"kind":"piste","difficulty":"easy","name":null,"aerialway":null,"osm":"way/440604017"},"geometry":{"type":"LineString","coordinates":[[10.9452,46.92228],[10.94643,46.92207]]}},{"type":"Feature","properties":{"kind":"piste","difficulty":"easy","name":"24","aerialway":null,"osm":"way/441211397"},"geometry":{"type":"LineString","coordinates":[[10.94034,46.95543],[10.94039,46.95522]]}},{"type":"Feature","properties":{"kind":"piste","difficulty":"easy","name":"24","aerialway":null,"osm":"way/441211399"},"geometry":{"type":"LineString","coordinates":[[10.94624,46.9569],[10.94706,46.95716],[10.94807,46.95774],[10.94878,46.95773],[10.94963,46.95754],[10.94984,46.95762],[10.94987,46.95782]]}},{"type":"Feature","properties":{"kind":"piste","difficulty":"easy","name":"23","aerialway":null,"osm":"way/441747774"},"geometry":{"type":"LineString","coordinates":[[10.95677,46.96605],[10.95648,46.96579],[10.95646,46.96555],[10.95676,46.96476],[10.95697,46.96367],[10.95673,46.96351],[10.95638,46.96258],[10.95638,46.96206],[10.95656,46.96155],[10.9565,46.96128],[10.95592,46.96039],[10.95519,46.95986],[10.95487,46.95946],[10.95462,46.95873],[10.95412,46.95827],[10.95393,46.95792],[10.95368,46.9579],[10.95385,46.95836],[10.95423,46.95866],[10.95477,46.95975],[10.95523,46.96027],[10.95575,46.96121],[10.95561,46.96203],[10.95578,46.96308],[10.95632,46.96428],[10.9563,46.96475],[10.9559,46.96576],[10.95631,46.96636],[10.95686,46.96636],[10.95677,46.96605]]}},{"type":"Feature","properties":{"kind":"piste","difficulty":"easy","name":"15","aerialway":null,"osm":"way/441747775"},"geometry":{"type":"LineString","coordinates":[[10.97479,46.97621],[10.97397,46.9755],[10.96868,46.97376],[10.96628,46.97271],[10.96591,46.97282],[10.96514,46.97341],[10.96324,46.97368],[10.96218,46.97341],[10.96093,46.97282],[10.96028,46.97185],[10.96054,46.97144],[10.96032,46.97136],[10.95984,46.97178],[10.95995,46.97197],[10.9598,46.97226],[10.96005,46.97305],[10.9623,46.97448],[10.96232,46.97486],[10.96186,46.9754],[10.96867,46.97622],[10.97442,46.97647],[10.97479,46.97621]]}},{"type":"Feature","properties":{"kind":"piste","difficulty":"intermediate","name":"11","aerialway":null,"osm":"way/441747776"},"geometry":{"type":"LineString","coordinates":[[10.95781,46.9663],[10.9578,46.9666],[10.95872,46.96706],[10.9588,46.96731],[10.95902,46.96747],[10.96253,46.96812],[10.96473,46.96885],[10.96711,46.96914],[10.96723,46.96913],[10.96654,46.96862],[10.96664,46.96857],[10.96773,46.96876],[10.96834,46.96874],[10.9691,46.96893],[10.97018,46.9695],[10.97135,46.96972],[10.97262,46.96915],[10.97559,46.9699],[10.97708,46.96986],[10.97872,46.97048],[10.97953,46.97097],[10.98026,46.9711],[10.98101,46.97076],[10.98214,46.97054],[10.9839,46.9708],[10.98481,46.97036],[10.98437,46.97005],[10.98199,46.96963],[10.97967,46.96876],[10.97865,46.96874],[10.97806,46.96894],[10.97597,46.96841],[10.97482,46.96795],[10.9735,46.96775],[10.97033,46.96685],[10.96729,46.96694],[10.96538,46.96683],[10.96395,46.96662],[10.96239,46.96619],[10.96121,46.96643],[10.96111,46.96667],[10.96091,46.96667],[10.95965,46.96644],[10.95862,46.96584],[10.95821,46.96591],[10.95781,46.9663]]}},{"type":"Feature","properties":{"kind":"piste","difficulty":"intermediate","name":"18","aerialway":null,"osm":"way/441747777"},"geometry":{"type":"LineString","coordinates":[[10.95711,46.96644],[10.95678,46.96578]]}},{"type":"Feature","properties":{"kind":"piste","difficulty":"easy","name":"23","aerialway":null,"osm":"way/441747778"},"geometry":{"type":"LineString","coordinates":[[10.95854,46.96572],[10.9581,46.96538],[10.957,46.96566],[10.9567,46.96558],[10.95634,46.96519]]}},{"type":"Feature","properties":{"kind":"piste","difficulty":"easy","name":"13","aerialway":null,"osm":"way/441747780"},"geometry":{"type":"LineString","coordinates":[[10.95835,46.96601],[10.9577,46.96661]]}},{"type":"Feature","properties":{"kind":"piste","difficulty":"easy","name":"13","aerialway":null,"osm":"way/441747781"},"geometry":{"type":"LineString","coordinates":[[10.97249,46.97367],[10.96213,46.96868],[10.95894,46.9677],[10.95877,46.96752],[10.95902,46.96747],[10.9588,46.96731],[10.95872,46.96706],[10.95847,46.96694],[10.95774,46.96665],[10.95754,46.96671],[10.95696,46.96656],[10.95656,46.96722],[10.95654,46.96777],[10.9567,46.96801],[10.95809,46.96817],[10.9593,46.96942],[10.961,46.97027],[10.96258,46.97078],[10.9663,46.97237],[10.96696,46.97294],[10.96868,46.97376],[10.97397,46.9755],[10.97449,46.97517],[10.97343,46.9745],[10.97285,46.97388],[10.97249,46.97367]]}},{"type":"Feature","properties":{"kind":"piste","difficulty":"easy","name":"15","aerialway":null,"osm":"way/441747782"},"geometry":{"type":"LineString","coordinates":[[10.96014,46.97239],[10.96052,46.97285],[10.9612,46.97325],[10.96347,46.97389],[10.96567,46.97361],[10.96676,46.97378]]}},{"type":"Feature","properties":{"kind":"piste","difficulty":"easy","name":"13","aerialway":null,"osm":"way/441747783"},"geometry":{"type":"LineString","coordinates":[[10.97076,46.97095],[10.97107,46.97176],[10.97125,46.97341],[10.97153,46.97432]]}},{"type":"Feature","properties":{"kind":"piste","difficulty":"easy","name":"15","aerialway":null,"osm":"way/441747784"},"geometry":{"type":"LineString","coordinates":[[10.97503,46.97771],[10.97477,46.97727],[10.97474,46.9765],[10.97429,46.97588],[10.97511,46.97546],[10.97545,46.97547],[10.97557,46.97522],[10.9754,46.97504]]}},{"type":"Feature","properties":{"kind":"piste","difficulty":"advanced","name":"19","aerialway":null,"osm":"way/441747788"},"geometry":{"type":"LineString","coordinates":[[10.98192,46.97667],[10.98197,46.97629],[10.98268,46.97629]]}},{"type":"Feature","properties":{"kind":"piste","difficulty":"intermediate","name":"19","aerialway":null,"osm":"way/441777512"},"geometry":{"type":"LineString","coordinates":[[10.9729,46.97723],[10.973,46.97786],[10.97451,46.97871],[10.97523,46.97898],[10.9778,46.97941]]}},{"type":"Feature","properties":{"kind":"piste","difficulty":"intermediate","name":"21","aerialway":null,"osm":"way/441777515"},"geometry":{"type":"LineString","coordinates":[[10.98707,46.97562],[10.98872,46.97506],[10.99035,46.97482],[10.9907,46.97486],[10.9914,46.97547],[10.9923,46.97535],[10.99286,46.97507],[10.99295,46.97538],[10.99267,46.97586],[10.99273,46.97596],[10.9935,46.97588],[10.99454,46.97509],[10.99467,46.97511],[10.99485,46.97567],[10.9951,46.97573],[10.99621,46.9745],[10.9964,46.97443],[10.99678,46.97473],[10.99711,46.97543],[10.99735,46.97543],[10.99777,46.97495],[10.99825,46.9749],[10.99881,46.97534],[10.99917,46.97601],[10.99929,46.97602],[10.99961,46.97567],[11.00021,46.97403],[11.00033,46.97396],[11.0026,46.97426],[11.00389,46.97419],[11.00451,46.97391],[11.00488,46.97356],[11.00487,46.972],[11.00573,46.97176]]}},{"type":"Feature","properties":{"kind":"piste","difficulty":"advanced","name":"22a","aerialway":null,"osm":"way/441777518"},"geometry":{"type":"LineString","coordinates":[[10.99332,46.97235],[10.99353,46.97186],[10.99385,46.97164],[10.99416,46.97169],[10.99492,46.97223],[10.99527,46.97185],[10.99568,46.97173],[10.99722,46.97279]]}},{"type":"Feature","properties":{"kind":"piste","difficulty":"easy","name":"15","aerialway":null,"osm":"way/451876071"},"geometry":{"type":"LineString","coordinates":[[10.96269,46.97623],[10.96436,46.97643],[10.96703,46.97594]]}},{"type":"Feature","properties":{"kind":"piste","difficulty":"easy","name":null,"aerialway":null,"osm":"way/489337443"},"geometry":{"type":"LineString","coordinates":[[11.05208,46.89892],[11.05195,46.89923]]}},{"type":"Feature","properties":{"kind":"piste","difficulty":"easy","name":null,"aerialway":null,"osm":"way/508236924"},"geometry":{"type":"LineString","coordinates":[[11.05753,46.90323],[11.05733,46.90421]]}},{"type":"Feature","properties":{"kind":"piste","difficulty":"easy","name":"37","aerialway":null,"osm":"way/508236925"},"geometry":{"type":"LineString","coordinates":[[11.0519,46.90202],[11.052,46.90221]]}},{"type":"Feature","properties":{"kind":"piste","difficulty":"easy","name":"35","aerialway":null,"osm":"way/508236926"},"geometry":{"type":"LineString","coordinates":[[11.06516,46.90058],[11.06462,46.90071],[11.06298,46.90059]]}},{"type":"Feature","properties":{"kind":"piste","difficulty":"advanced","name":null,"aerialway":null,"osm":"way/508236927"},"geometry":{"type":"LineString","coordinates":[[11.06298,46.90059],[11.06188,46.90048],[11.06133,46.90066],[11.0605,46.90068],[11.05667,46.90039],[11.05575,46.90046],[11.05323,46.9002]]}},{"type":"Feature","properties":{"kind":"piste","difficulty":"easy","name":null,"aerialway":null,"osm":"way/508236929"},"geometry":{"type":"LineString","coordinates":[[11.05557,46.89928],[11.05275,46.89889],[11.05208,46.89892]]}},{"type":"Feature","properties":{"kind":"piste","difficulty":"intermediate","name":null,"aerialway":null,"osm":"way/508236930"},"geometry":{"type":"LineString","coordinates":[[11.05222,46.89886],[11.0523,46.89841],[11.05208,46.89757]]}},{"type":"Feature","properties":{"kind":"piste","difficulty":"advanced","name":null,"aerialway":null,"osm":"way/508236931"},"geometry":{"type":"LineString","coordinates":[[11.05095,46.89063],[11.04935,46.89102],[11.04607,46.89305],[11.04545,46.89315],[11.04514,46.89305],[11.04503,46.89287],[11.04512,46.89284]]}},{"type":"Feature","properties":{"kind":"piste","difficulty":"easy","name":null,"aerialway":null,"osm":"way/508236932"},"geometry":{"type":"LineString","coordinates":[[11.05095,46.89063],[11.05012,46.89175]]}},{"type":"Feature","properties":{"kind":"piste","difficulty":"easy","name":null,"aerialway":null,"osm":"way/508236934"},"geometry":{"type":"LineString","coordinates":[[11.05712,46.89181],[11.05665,46.89177],[11.0554,46.8913],[11.05439,46.89039],[11.05322,46.88973],[11.05253,46.88916],[11.05229,46.88876],[11.05202,46.88866],[11.05167,46.8888],[11.05137,46.88934],[11.05095,46.89063]]}},{"type":"Feature","properties":{"kind":"piste","difficulty":"intermediate","name":null,"aerialway":null,"osm":"way/513976555"},"geometry":{"type":"LineString","coordinates":[[10.87766,46.91175],[10.88124,46.91196],[10.88377,46.91239],[10.88562,46.91343],[10.88689,46.91503],[10.88709,46.91594],[10.8869,46.91756]]}},{"type":"Feature","properties":{"kind":"piste","difficulty":"intermediate","name":null,"aerialway":null,"osm":"way/513976556"},"geometry":{"type":"LineString","coordinates":[[10.8869,46.91756],[10.88753,46.91883],[10.88911,46.92128],[10.88948,46.92232],[10.88963,46.92238]]}},{"type":"Feature","properties":{"kind":"piste","difficulty":"easy","name":null,"aerialway":null,"osm":"way/513976557"},"geometry":{"type":"LineString","coordinates":[[10.87819,46.92648],[10.87863,46.92655]]}},{"type":"Feature","properties":{"kind":"piste","difficulty":"easy","name":null,"aerialway":null,"osm":"way/513976558"},"geometry":{"type":"LineString","coordinates":[[10.88894,46.92255],[10.88934,46.92251],[10.88948,46.92255],[10.88942,46.92267]]}},{"type":"Feature","properties":{"kind":"piste","difficulty":"easy","name":null,"aerialway":null,"osm":"way/513976559"},"geometry":{"type":"LineString","coordinates":[[10.8796,46.92699],[10.8796,46.92646],[10.87908,46.92581]]}},{"type":"Feature","properties":{"kind":"piste","difficulty":"easy","name":null,"aerialway":null,"osm":"way/513976560"},"geometry":{"type":"LineString","coordinates":[[10.8791,46.92615],[10.8803,46.92601]]}},{"type":"Feature","properties":{"kind":"piste","difficulty":"easy","name":null,"aerialway":null,"osm":"way/518367951"},"geometry":{"type":"LineString","coordinates":[[10.98255,46.965],[10.98271,46.96526],[10.98254,46.9653]]}},{"type":"Feature","properties":{"kind":"piste","difficulty":"intermediate","name":"11","aerialway":null,"osm":"way/520824056"},"geometry":{"type":"LineString","coordinates":[[10.95711,46.96644],[10.95711,46.96632],[10.95733,46.96625],[10.96174,46.96729],[10.96517,46.96777]]}},{"type":"Feature","properties":{"kind":"piste","difficulty":"easy","name":"13","aerialway":null,"osm":"way/520824061"},"geometry":{"type":"LineString","coordinates":[[10.95711,46.96632],[10.95763,46.96648],[10.95788,46.96729],[10.95816,46.96775],[10.96047,46.96818],[10.96127,46.96846],[10.96152,46.9684]]}},{"type":"Feature","properties":{"kind":"piste","difficulty":"intermediate","name":"11","aerialway":null,"osm":"way/520824063"},"geometry":{"type":"LineString","coordinates":[[10.95808,46.96562],[10.95832,46.96582]]}},{"type":"Feature","properties":{"kind":"piste","difficulty":"intermediate","name":"11","aerialway":null,"osm":"way/556506112"},"geometry":{"type":"LineString","coordinates":[[10.96517,46.96777],[10.96813,46.96727],[10.97026,46.96727],[10.97503,46.96822],[10.97592,46.96872],[10.97715,46.96918],[10.97754,46.96961],[10.9787,46.97032],[10.97941,46.9706],[10.97988,46.97066],[10.98221,46.97033],[10.98405,46.97054],[10.98464,46.97035],[10.98505,46.97002],[10.98558,46.96815],[10.98416,46.9666],[10.98279,46.9655],[10.98298,46.96515]]}},{"type":"Feature","properties":{"kind":"piste","difficulty":"intermediate","name":"11","aerialway":null,"osm":"way/556506113"},"geometry":{"type":"LineString","coordinates":[[10.97715,46.96918],[10.97952,46.9692],[10.9801,46.96933],[10.98081,46.96973],[10.98269,46.97008],[10.98352,46.97041]]}},{"type":"Feature","properties":{"kind":"piste","difficulty":"easy","name":"9","aerialway":null,"osm":"way/556506117"},"geometry":{"type":"LineString","coordinates":[[11.00605,46.9615],[11.0066,46.9612],[11.00752,46.96009],[11.00762,46.96013],[11.00741,46.96104],[11.00753,46.96107],[11.00845,46.95968],[11.00942,46.96]]}},{"type":"Feature","properties":{"kind":"piste","difficulty":"easy","name":"9","aerialway":null,"osm":"way/556506118"},"geometry":{"type":"LineString","coordinates":[[11.00585,46.96156],[11.00605,46.9615]]}},{"type":"Feature","properties":{"kind":"piste","difficulty":"easy","name":"30","aerialway":null,"osm":"way/556506121"},"geometry":{"type":"LineString","coordinates":[[10.93254,46.94012],[10.9323,46.94032],[10.93229,46.94098],[10.93246,46.94154],[10.93286,46.94206],[10.93267,46.94257],[10.93278,46.94298],[10.9332,46.94321],[10.93463,46.94298]]}},{"type":"Feature","properties":{"kind":"piste","difficulty":"easy","name":"Schiweg Gletscherbahn-Rifflseebahn","aerialway":null,"osm":"way/576503507"},"geometry":{"type":"LineString","coordinates":[[10.87559,46.95781],[10.87554,46.95812],[10.87482,46.95872],[10.87373,46.95932],[10.8727,46.96019],[10.87262,46.96082],[10.87184,46.96185],[10.87201,46.96309],[10.87116,46.96522],[10.87083,46.96649],[10.86956,46.96758],[10.86921,46.96833]]}},{"type":"Feature","properties":{"kind":"piste","difficulty":"intermediate","name":null,"aerialway":null,"osm":"way/577551825"},"geometry":{"type":"LineString","coordinates":[[11.05208,46.89757],[11.05144,46.89729],[11.05017,46.89707],[11.04828,46.89726]]}},{"type":"Feature","properties":{"kind":"piste","difficulty":"easy","name":null,"aerialway":null,"osm":"way/584358539"},"geometry":{"type":"LineString","coordinates":[[11.00245,46.93979],[11.00305,46.93996],[11.00555,46.93965],[11.00819,46.93805],[11.00831,46.93807],[11.00846,46.93842],[11.00878,46.93857],[11.0096,46.93837],[11.00997,46.93848],[11.01097,46.93916],[11.01115,46.93967],[11.0111,46.94016],[11.00925,46.94104],[11.00805,46.94133],[11.00702,46.94227],[11.00683,46.94262],[11.00685,46.94433],[11.00494,46.94681],[11.0046,46.94781]]}},{"type":"Feature","properties":{"kind":"piste","difficulty":"intermediate","name":"Notwegabfahrt","aerialway":null,"osm":"way/617413828"},"geometry":{"type":"LineString","coordinates":[[10.885,46.92286],[10.88504,46.92244],[10.88571,46.92194],[10.88561,46.92142],[10.8858,46.92118],[10.88624,46.92104],[10.88749,46.92104],[10.88848,46.92051],[10.88851,46.92021]]}},{"type":"Feature","properties":{"kind":"piste","difficulty":"easy","name":"43","aerialway":null,"osm":"way/638176461"},"geometry":{"type":"LineString","coordinates":[[11.07792,46.90431],[11.07813,46.90448],[11.07799,46.90496],[11.07742,46.90575],[11.07713,46.90595],[11.07518,46.90669],[11.07351,46.90692],[11.07242,46.90733],[11.07144,46.90791],[11.07116,46.90892],[11.07079,46.90948],[11.07085,46.91062],[11.07041,46.91159],[11.07018,46.91146],[11.06977,46.91083],[11.06609,46.90935],[11.06541,46.90856],[11.06474,46.90806],[11.06436,46.9075],[11.0637,46.90744]]}},{"type":"Feature","properties":{"kind":"piste","difficulty":"intermediate","name":"44","aerialway":null,"osm":"way/638176462"},"geometry":{"type":"LineString","coordinates":[[11.07124,46.90842],[11.06518,46.90836]]}},{"type":"Feature","properties":{"kind":"piste","difficulty":"easy","name":null,"aerialway":null,"osm":"way/698592887"},"geometry":{"type":"LineString","coordinates":[[10.93552,46.94307],[10.93565,46.94305]]}},{"type":"Feature","properties":{"kind":"piste","difficulty":"easy","name":null,"aerialway":null,"osm":"way/698592888"},"geometry":{"type":"LineString","coordinates":[[10.93565,46.94305],[10.93641,46.94323],[10.93711,46.94388],[10.93841,46.94388],[10.93885,46.94401],[10.93969,46.94473]]}},{"type":"Feature","properties":{"kind":"piste","difficulty":"easy","name":null,"aerialway":null,"osm":"way/698592889"},"geometry":{"type":"LineString","coordinates":[[10.93969,46.94473],[10.93978,46.94482]]}},{"type":"Feature","properties":{"kind":"piste","difficulty":"easy","name":null,"aerialway":null,"osm":"way/698592890"},"geometry":{"type":"LineString","coordinates":[[10.93978,46.94482],[10.94092,46.94592],[10.94181,46.94632]]}},{"type":"Feature","properties":{"kind":"piste","difficulty":"intermediate","name":"Rifflsee Talabfahrt","aerialway":null,"osm":"way/712552152"},"geometry":{"type":"LineString","coordinates":[[10.8549,46.95857],[10.85565,46.95803],[10.85538,46.95778],[10.8556,46.95722],[10.85589,46.9569],[10.85677,46.9566],[10.85691,46.95602],[10.85647,46.95543],[10.85646,46.9545],[10.85679,46.95415],[10.85735,46.95404],[10.85818,46.95419],[10.85918,46.9546],[10.86076,46.95448],[10.86207,46.95478],[10.8637,46.95555],[10.86529,46.95591],[10.86714,46.95651],[10.86761,46.95704],[10.86845,46.9574],[10.8694,46.95869],[10.87013,46.95868],[10.8707,46.95884],[10.87114,46.95859]]}},{"type":"Feature","properties":{"kind":"piste","difficulty":"easy","name":"3b","aerialway":null,"osm":"way/879277527"},"geometry":{"type":"LineString","coordinates":[[10.99712,46.95421],[10.99733,46.9545],[10.99703,46.95448]]}},{"type":"Feature","properties":{"kind":"piste","difficulty":"easy","name":"9","aerialway":null,"osm":"way/1042031110"},"geometry":{"type":"LineString","coordinates":[[11.00638,46.96138],[11.00753,46.96107]]}},{"type":"Feature","properties":{"kind":"piste","difficulty":"unknown","name":"Abfahrt zur Pension Waldesruh","aerialway":null,"osm":"way/1090332420"},"geometry":{"type":"LineString","coordinates":[[11.00475,46.95322],[11.00607,46.95278],[11.00638,46.95282]]}},{"type":"Feature","properties":{"kind":"piste","difficulty":"easy","name":"8","aerialway":null,"osm":"way/1099407959"},"geometry":{"type":"LineString","coordinates":[[11.0046,46.94781],[11.00486,46.94922],[11.00435,46.95097],[11.00449,46.95179],[11.00477,46.95249],[11.00475,46.95363],[11.00485,46.95387]]}},{"type":"Feature","properties":{"kind":"piste","difficulty":"easy","name":null,"aerialway":null,"osm":"way/1115783600"},"geometry":{"type":"LineString","coordinates":[[10.93601,46.94026],[10.93502,46.94139]]}},{"type":"Feature","properties":{"kind":"piste","difficulty":"easy","name":null,"aerialway":null,"osm":"way/1115783601"},"geometry":{"type":"LineString","coordinates":[[10.93502,46.94139],[10.93487,46.94149]]}},{"type":"Feature","properties":{"kind":"piste","difficulty":"intermediate","name":null,"aerialway":null,"osm":"way/1149155802"},"geometry":{"type":"LineString","coordinates":[[11.05017,46.89707],[11.04879,46.89686]]}},{"type":"Feature","properties":{"kind":"piste","difficulty":"intermediate","name":null,"aerialway":null,"osm":"way/1149155804"},"geometry":{"type":"LineString","coordinates":[[11.04879,46.89686],[11.04828,46.89726]]}},{"type":"Feature","properties":{"kind":"piste","difficulty":"intermediate","name":null,"aerialway":null,"osm":"way/1160853526"},"geometry":{"type":"LineString","coordinates":[[10.86769,46.95723],[10.86797,46.95777]]}},{"type":"Feature","properties":{"kind":"piste","difficulty":"intermediate","name":null,"aerialway":null,"osm":"way/1160853527"},"geometry":{"type":"LineString","coordinates":[[10.8688,46.96726],[10.86868,46.96826]]}},{"type":"Feature","properties":{"kind":"piste","difficulty":"easy","name":"7a","aerialway":null,"osm":"way/1179539284"},"geometry":{"type":"LineString","coordinates":[[11.00164,46.96408],[11.00265,46.96334],[11.00376,46.96286]]}},{"type":"Feature","properties":{"kind":"piste","difficulty":"intermediate","name":"7b","aerialway":null,"osm":"way/1179539285"},"geometry":{"type":"LineString","coordinates":[[11.00164,46.96408],[11.00226,46.96377],[11.00385,46.96364]]}},{"type":"Feature","properties":{"kind":"piste","difficulty":"easy","name":"Funslope","aerialway":null,"osm":"way/1179785872"},"geometry":{"type":"LineString","coordinates":[[10.96014,46.97239],[10.95984,46.97267],[10.95996,46.97327],[10.9606,46.97354],[10.96077,46.97374],[10.96094,46.9738],[10.96099,46.9737],[10.96087,46.97374]]}},{"type":"Feature","properties":{"kind":"piste","difficulty":"easy","name":"Funslope","aerialway":null,"osm":"way/1179785873"},"geometry":{"type":"LineString","coordinates":[[10.96087,46.97374],[10.96091,46.97383]]}},{"type":"Feature","properties":{"kind":"piste","difficulty":"easy","name":"Funslope","aerialway":null,"osm":"way/1179785874"},"geometry":{"type":"LineString","coordinates":[[10.96091,46.97383],[10.96131,46.97402],[10.96147,46.97393],[10.96142,46.97384],[10.9614,46.97397]]}},{"type":"Feature","properties":{"kind":"piste","difficulty":"easy","name":"Funslope","aerialway":null,"osm":"way/1179785875"},"geometry":{"type":"LineString","coordinates":[[10.96146,46.97401],[10.96194,46.9745],[10.96194,46.97525],[10.96239,46.97535],[10.9627,46.97581],[10.96302,46.97591],[10.96335,46.97581],[10.96388,46.97598],[10.96485,46.97592],[10.96561,46.97623]]}},{"type":"Feature","properties":{"kind":"piste","difficulty":"easy","name":"Funslope","aerialway":null,"osm":"way/1179785876"},"geometry":{"type":"LineString","coordinates":[[10.9614,46.97397],[10.96146,46.97401]]}},{"type":"Feature","properties":{"kind":"piste","difficulty":"advanced","name":"Rotes Kar","aerialway":null,"osm":"way/1179785877"},"geometry":{"type":"LineString","coordinates":[[10.96496,46.94671],[10.96556,46.94712],[10.96611,46.94775],[10.96697,46.94924]]}},{"type":"Feature","properties":{"kind":"piste","difficulty":"intermediate","name":"11","aerialway":null,"osm":"way/1207862658"},"geometry":{"type":"LineString","coordinates":[[10.98313,46.96502],[10.98346,46.96497]]}},{"type":"Feature","properties":{"kind":"piste","difficulty":"easy","name":"30","aerialway":null,"osm":"way/1208989002"},"geometry":{"type":"LineString","coordinates":[[10.9323,46.94032],[10.93457,46.94047],[10.93499,46.94057],[10.93541,46.94096]]}},{"type":"Feature","properties":{"kind":"piste","difficulty":"advanced","name":"62","aerialway":null,"osm":"way/1225950539"},"geometry":{"type":"LineString","coordinates":[[10.98352,46.95189],[10.98644,46.95139],[10.9868,46.95142],[10.98692,46.95158]]}},{"type":"Feature","properties":{"kind":"piste","difficulty":"advanced","name":"3","aerialway":null,"osm":"way/1225950540"},"geometry":{"type":"LineString","coordinates":[[10.98567,46.95081],[10.98646,46.9511],[10.9868,46.95142]]}},{"type":"Feature","properties":{"kind":"piste","difficulty":"advanced","name":"3","aerialway":null,"osm":"way/1225950541"},"geometry":{"type":"LineString","coordinates":[[10.98363,46.95211],[10.98502,46.95185],[10.98542,46.95131],[10.98365,46.95168],[10.98363,46.95211]]}},{"type":"Feature","properties":{"kind":"piste","difficulty":"advanced","name":"3","aerialway":null,"osm":"way/1225950542"},"geometry":{"type":"LineString","coordinates":[[10.98551,46.95182],[10.98689,46.95153],[10.98742,46.95085],[10.98727,46.95083],[10.98724,46.95051],[10.98704,46.95051],[10.98585,46.95129],[10.98551,46.95182]]}},{"type":"Feature","properties":{"kind":"piste","difficulty":"easy","name":"3b","aerialway":null,"osm":"way/1225950543"},"geometry":{"type":"LineString","coordinates":[[10.98666,46.95451],[10.98703,46.95494],[10.98743,46.95493],[10.98776,46.95467],[10.98832,46.9537],[10.98912,46.95277],[10.99023,46.95205],[10.99172,46.95138],[10.99182,46.95143],[10.99176,46.95224],[10.99185,46.95238],[10.99263,46.95179],[10.99293,46.95206],[10.99297,46.95244],[10.99276,46.95334],[10.99237,46.95387],[10.99372,46.95358],[10.99387,46.95365],[10.99323,46.95418],[10.99317,46.95452],[10.99553,46.95387],[10.99712,46.95421]]}},{"type":"Feature","properties":{"kind":"piste","difficulty":"intermediate","name":"Notwegabfahrt","aerialway":null,"osm":"way/1235253819"},"geometry":{"type":"LineString","coordinates":[[10.87559,46.95781],[10.87507,46.95809],[10.87376,46.95818],[10.87152,46.95882]]}},{"type":"Feature","properties":{"kind":"piste","difficulty":"intermediate","name":null,"aerialway":null,"osm":"way/1235253820"},"geometry":{"type":"LineString","coordinates":[[10.87587,46.95743],[10.87582,46.95764],[10.87559,46.95781]]}},{"type":"Feature","properties":{"kind":"piste","difficulty":"intermediate","name":"21","aerialway":null,"osm":"way/1241398890"},"geometry":{"type":"LineString","coordinates":[[11.00573,46.97176],[11.00804,46.97175],[11.00818,46.9719],[11.00818,46.97237]]}},{"type":"Feature","properties":{"kind":"piste","difficulty":"advanced","name":"22","aerialway":null,"osm":"way/1241398891"},"geometry":{"type":"LineString","coordinates":[[11.00616,46.97174],[11.00799,46.97242]]}},{"type":"Feature","properties":{"kind":"piste","difficulty":"intermediate","name":"21","aerialway":null,"osm":"way/1241398892"},"geometry":{"type":"LineString","coordinates":[[11.00803,46.97238],[11.00867,46.97241],[11.00868,46.9725]]}},{"type":"Feature","properties":{"kind":"piste","difficulty":"intermediate","name":"21","aerialway":null,"osm":"way/1241398893"},"geometry":{"type":"LineString","coordinates":[[11.00817,46.9725],[11.00839,46.97262]]}},{"type":"Feature","properties":{"kind":"piste","difficulty":"intermediate","name":"21","aerialway":null,"osm":"way/1241398894"},"geometry":{"type":"LineString","coordinates":[[11.00818,46.97237],[11.00817,46.9725]]}},{"type":"Feature","properties":{"kind":"piste","difficulty":"intermediate","name":"21","aerialway":null,"osm":"way/1241398895"},"geometry":{"type":"LineString","coordinates":[[11.00818,46.97197],[11.00803,46.97238]]}},{"type":"Feature","properties":{"kind":"piste","difficulty":"advanced","name":"22","aerialway":null,"osm":"way/1241398896"},"geometry":{"type":"LineString","coordinates":[[11.00799,46.97242],[11.00804,46.97243]]}},{"type":"Feature","properties":{"kind":"piste","difficulty":"advanced","name":"70","aerialway":null,"osm":"way/1241398897"},"geometry":{"type":"LineString","coordinates":[[10.97649,46.97684],[10.97859,46.97661],[10.98068,46.97608],[10.9814,46.97625],[10.9819,46.97655]]}},{"type":"Feature","properties":{"kind":"piste","difficulty":"easy","name":"24","aerialway":null,"osm":"way/1241398903"},"geometry":{"type":"LineString","coordinates":[[10.94311,46.95757],[10.94624,46.9569],[10.94634,46.95621],[10.94682,46.95622],[10.94836,46.95679]]}},{"type":"Feature","properties":{"kind":"piste","difficulty":"intermediate","name":null,"aerialway":null,"osm":"way/1315020996"},"geometry":{"type":"LineString","coordinates":[[10.92621,46.92313],[10.92591,46.92233],[10.92593,46.92195],[10.92608,46.92143],[10.92641,46.92096],[10.92681,46.92069],[10.93141,46.91994]]}},{"type":"Feature","properties":{"kind":"piste","difficulty":"intermediate","name":"72","aerialway":null,"osm":"way/1315020997"},"geometry":{"type":"LineString","coordinates":[[10.97822,46.9692],[10.9788,46.96893],[10.97995,46.96874],[10.98156,46.96903],[10.98267,46.96938],[10.98292,46.96966],[10.98312,46.97025]]}},{"type":"Feature","properties":{"kind":"piste","difficulty":"advanced","name":"61","aerialway":null,"osm":"way/1315020998"},"geometry":{"type":"LineString","coordinates":[[10.98379,46.94592],[10.98358,46.94611],[10.98287,46.94782],[10.9832,46.94841],[10.98397,46.94884]]}},{"type":"Feature","properties":{"kind":"piste","difficulty":"advanced","name":"3","aerialway":null,"osm":"way/1315020999"},"geometry":{"type":"LineString","coordinates":[[10.98742,46.95085],[10.98843,46.94984],[10.98884,46.95006],[10.98889,46.95032],[10.9894,46.95086],[10.98967,46.9516],[10.99009,46.95189],[10.99047,46.95192],[10.99173,46.95132],[10.99233,46.95132]]}},{"type":"Feature","properties":{"kind":"piste","difficulty":"advanced","name":"20","aerialway":null,"osm":"way/1323398845"},"geometry":{"type":"LineString","coordinates":[[10.97596,46.97662],[10.97649,46.97684],[10.97881,46.97718],[10.98013,46.97773]]}},{"type":"Feature","properties":{"kind":"piste","difficulty":"easy","name":"15","aerialway":null,"osm":"way/1323398846"},"geometry":{"type":"LineString","coordinates":[[10.97054,46.97619],[10.972,46.97649],[10.97363,46.97718],[10.97454,46.97738]]}},{"type":"Feature","properties":{"kind":"piste","difficulty":"intermediate","name":"19","aerialway":null,"osm":"way/1323398847"},"geometry":{"type":"LineString","coordinates":[[10.97503,46.97771],[10.97507,46.97749],[10.97547,46.97749]]}},{"type":"Feature","properties":{"kind":"piste","difficulty":"easy","name":"10","aerialway":null,"osm":"way/1324327341"},"geometry":{"type":"LineString","coordinates":[[10.99712,46.95421],[10.99779,46.9541],[10.99813,46.95386],[10.99864,46.95321],[10.99895,46.95249],[11.00015,46.95232],[11.00074,46.95189],[11.00163,46.95084],[11.00216,46.94973],[11.00235,46.94965],[11.0026,46.94976],[11.00333,46.95269],[11.00409,46.95342],[11.00485,46.95387]]}},{"type":"Feature","properties":{"kind":"piste","difficulty":"intermediate","name":null,"aerialway":null,"osm":"way/1417462874"},"geometry":{"type":"LineString","coordinates":[[10.86443,46.91702],[10.86542,46.91765],[10.86589,46.91836],[10.86726,46.92081],[10.86834,46.92338],[10.86983,46.92403]]}},{"type":"Feature","properties":{"kind":"piste","difficulty":"easy","name":"Wisbi Run","aerialway":null,"osm":"way/1417462876"},"geometry":{"type":"LineString","coordinates":[[10.86522,46.92336],[10.86786,46.92384],[10.86983,46.92403]]}},{"type":"Feature","properties":{"kind":"piste","difficulty":"easy","name":null,"aerialway":null,"osm":"way/1417463659"},"geometry":{"type":"LineString","coordinates":[[10.87353,46.92463],[10.87411,46.92639],[10.87458,46.92708]]}},{"type":"Feature","properties":{"kind":"piste","difficulty":"freeride","name":null,"aerialway":null,"osm":"way/1419236941"},"geometry":{"type":"LineString","coordinates":[[10.87958,46.9131],[10.87963,46.91414],[10.87927,46.9153],[10.87953,46.91775]]}},{"type":"Feature","properties":{"kind":"piste","difficulty":"freeride","name":null,"aerialway":null,"osm":"way/1419236942"},"geometry":{"type":"LineString","coordinates":[[10.87963,46.91403],[10.87604,46.91516],[10.87477,46.91532],[10.87418,46.91558],[10.87418,46.91588],[10.87382,46.91616]]}},{"type":"Feature","properties":{"kind":"piste","difficulty":"intermediate","name":"22","aerialway":null,"osm":"way/1421304462"},"geometry":{"type":"LineString","coordinates":[[10.99984,46.97224],[11.001,46.97405]]}},{"type":"Feature","properties":{"kind":"piste","difficulty":"intermediate","name":"22","aerialway":null,"osm":"way/1421304463"},"geometry":{"type":"LineString","coordinates":[[10.98727,46.97546],[10.98905,46.97493],[10.9905,46.97477],[10.99089,46.97491],[10.99147,46.9754],[10.9921,46.97531],[10.99247,46.97485],[10.99177,46.97453],[10.99177,46.97416],[10.99221,46.97354],[10.99234,46.97306],[10.99332,46.97235]]}},{"type":"Feature","properties":{"kind":"piste","difficulty":"intermediate","name":"22","aerialway":null,"osm":"way/1421304464"},"geometry":{"type":"LineString","coordinates":[[10.99332,46.97235],[10.99275,46.97177],[10.99145,46.9709],[10.99315,46.9698],[10.99338,46.96898],[10.99372,46.96873],[10.99424,46.96864],[10.99407,46.96915],[10.99408,46.97004],[10.99503,46.97023],[10.99612,46.97019],[10.99631,46.97081],[10.99678,46.97105],[10.99711,46.97169],[10.99727,46.97231],[10.99722,46.97279],[10.9975,46.97285],[10.99947,46.97213],[10.99984,46.97224]]}},{"type":"Feature","properties":{"kind":"piste","difficulty":"easy","name":null,"aerialway":null,"osm":"way/1421306560"},"geometry":{"type":"LineString","coordinates":[[10.87961,46.92665],[10.87919,46.92652],[10.87857,46.92646],[10.87863,46.92655]]}},{"type":"Feature","properties":{"kind":"piste","difficulty":"easy","name":null,"aerialway":null,"osm":"way/1421306561"},"geometry":{"type":"LineString","coordinates":[[10.87876,46.92638],[10.87929,46.92645],[10.87961,46.92665]]}},{"type":"Feature","properties":{"kind":"piste","difficulty":"advanced","name":"Weltcuphang","aerialway":null,"osm":"way/1434030877"},"geometry":{"type":"LineString","coordinates":[[11.06518,46.90836],[11.06419,46.90872],[11.06174,46.90877],[11.05864,46.90846],[11.0573,46.908],[11.05538,46.9079],[11.05309,46.90826],[11.05308,46.90858]]}},{"type":"Feature","properties":{"kind":"piste","difficulty":"easy","name":"Wisbi Run","aerialway":null,"osm":"way/1513212782"},"geometry":{"type":"LineString","coordinates":[[10.86533,46.92325],[10.86991,46.92391],[10.87107,46.92438],[10.86789,46.92419],[10.86463,46.92344],[10.86533,46.92325]]}},{"type":"Feature","properties":{"kind":"piste","difficulty":"intermediate","name":"Rifflsee Talabfahrt","aerialway":null,"osm":"way/1546251905"},"geometry":{"type":"LineString","coordinates":[[10.86868,46.96826],[10.86992,46.96848],[10.86985,46.96861]]}},{"type":"Feature","properties":{"kind":"piste","difficulty":"intermediate","name":null,"aerialway":null,"osm":"way/1552084807"},"geometry":{"type":"LineString","coordinates":[[10.8781,46.91532],[10.87884,46.91548],[10.88094,46.91698],[10.88447,46.92031]]}},{"type":"Feature","properties":{"kind":"piste","difficulty":"intermediate","name":null,"aerialway":null,"osm":"way/1552084808"},"geometry":{"type":"LineString","coordinates":[[10.88924,46.92173],[10.88987,46.922],[10.89052,46.92281],[10.8946,46.92297],[10.89613,46.92312],[10.89719,46.92342],[10.89971,46.92932]]}},{"type":"Feature","properties":{"kind":"piste","difficulty":"advanced","name":null,"aerialway":null,"osm":"way/1552087275"},"geometry":{"type":"LineString","coordinates":[[11.05007,46.89176],[11.04886,46.89211],[11.04756,46.89273],[11.04624,46.89295]]}},{"type":"Feature","properties":{"kind":"piste","difficulty":"advanced","name":"3","aerialway":null,"osm":"relation/11791895"},"geometry":{"type":"MultiLineString","coordinates":[[[10.99041,46.95179],[10.99061,46.95164],[10.99061,46.95143],[10.99028,46.95051],[10.98967,46.94999],[10.9891,46.94988],[10.98914,46.95032],[10.98971,46.95087],[10.98985,46.95152],[10.99014,46.95177],[10.99041,46.95179]],[[10.99047,46.95192],[10.99023,46.95205],[10.98935,46.95167],[10.98924,46.951],[10.98866,46.95051],[10.98869,46.95021],[10.98855,46.95013],[10.98777,46.95064],[10.98728,46.95029],[10.98666,46.95053],[10.98601,46.95029],[10.98593,46.94986],[10.9855,46.94961],[10.98511,46.94823],[10.98449,46.94776],[10.98439,46.94686],[10.98449,46.94647],[10.98553,46.94724],[10.98557,46.9477],[10.98609,46.9486],[10.98815,46.94945],[10.98856,46.94945],[10.98933,46.94898],[10.99017,46.94919],[10.99039,46.94929],[10.99077,46.94989],[10.99273,46.95128],[10.99318,46.95152],[10.99446,46.95171],[10.99508,46.95198],[10.99533,46.95224],[10.99563,46.95313],[10.99589,46.95347],[10.99635,46.95378],[10.99722,46.95404],[10.99712,46.95421],[10.99532,46.9537],[10.99499,46.95327],[10.99494,46.95251],[10.99457,46.95215],[10.99387,46.95197],[10.99301,46.95201],[10.99242,46.95179],[10.99102,46.95071],[10.99093,46.95074],[10.9911,46.95166],[10.99047,46.95192]]]}},{"type":"Feature","properties":{"kind":"piste","difficulty":"easy","name":"3b","aerialway":null,"osm":"relation/11963327"},"geometry":{"type":"MultiLineString","coordinates":[[[10.991,46.95179],[10.99177,46.95139],[10.99176,46.95224],[10.9919,46.95239],[10.99257,46.95182],[10.99281,46.95185],[10.99297,46.95244],[10.9927,46.95349],[10.99237,46.95387],[10.99372,46.95358],[10.99387,46.95365],[10.99323,46.95418],[10.99317,46.95452],[10.99553,46.95387],[10.99712,46.95421]],[[10.98909,46.9528],[10.98951,46.95246],[10.991,46.95179]],[[10.98831,46.9537],[10.98909,46.9528]],[[10.98815,46.95394],[10.98831,46.9537]],[[10.98695,46.95582],[10.98815,46.95394]],[[10.98688,46.95618],[10.98695,46.95582]]]}},{"type":"Feature","properties":{"kind":"piste","difficulty":"easy","name":"10","aerialway":null,"osm":"relation/11963328"},"geometry":{"type":"LineString","coordinates":[[10.99712,46.95421],[10.99774,46.95412],[10.99813,46.95386],[10.99864,46.95321],[10.99895,46.95249],[11.00015,46.95232],[11.00074,46.95189],[11.00163,46.95084],[11.00216,46.94973],[11.00235,46.94965],[11.0026,46.94976],[11.00333,46.95269],[11.00409,46.95342],[11.00485,46.95387]]}},{"type":"Feature","properties":{"kind":"lift","difficulty":null,"name":"Top-Express Obergurgl-Hochgurgl","aerialway":"gondola","osm":"way/23431381"},"geometry":{"type":"LineString","coordinates":[[11.03977,46.86853],[11.06057,46.89775]]}},{"type":"Feature","properties":{"kind":"lift","difficulty":null,"name":"Top Wurmkoglbahn I","aerialway":"chair_lift","osm":"way/23431382"},"geometry":{"type":"LineString","coordinates":[[11.06095,46.89818],[11.07904,46.88466]]}},{"type":"Feature","properties":{"kind":"lift","difficulty":null,"name":"Top Schermer 3000","aerialway":"gondola","osm":"way/23431384"},"geometry":{"type":"LineString","coordinates":[[11.06119,46.89864],[11.08286,46.89079]]}},{"type":"Feature","properties":{"kind":"lift","difficulty":null,"name":"Große Karbahn","aerialway":"chair_lift","osm":"way/23431385"},"geometry":{"type":"LineString","coordinates":[[11.05173,46.89971],[11.06508,46.89984]]}},{"type":"Feature","properties":{"kind":"lift","difficulty":null,"name":"Mittelbergbahn","aerialway":"gondola","osm":"way/23510277"},"geometry":{"type":"LineString","coordinates":[[10.88979,46.92239],[10.88066,46.91453],[10.8647,46.91129]]}},{"type":"Feature","properties":{"kind":"lift","difficulty":null,"name":"Brunnenkogellift","aerialway":"t-bar","osm":"way/23511343"},"geometry":{"type":"LineString","coordinates":[[10.8791,46.92615],[10.85508,46.92216]]}},{"type":"Feature","properties":{"kind":"lift","difficulty":null,"name":"Wildspitzbahn","aerialway":"gondola","osm":"way/23511345"},"geometry":{"type":"LineString","coordinates":[[10.87908,46.92581],[10.86247,46.91279]]}},{"type":"Feature","properties":{"kind":"lift","difficulty":null,"name":"Gletschersee","aerialway":"chair_lift","osm":"way/23511348"},"geometry":{"type":"LineString","coordinates":[[10.88942,46.92267],[10.88045,46.92611]]}},{"type":"Feature","properties":{"kind":"lift","difficulty":null,"name":"Hainbachkar","aerialway":"chair_lift","osm":"way/24189362"},"geometry":{"type":"LineString","coordinates":[[10.9754,46.97504],[10.96165,46.96845]]}},{"type":"Feature","properties":{"kind":"lift","difficulty":null,"name":"Silberbrünnl","aerialway":"chair_lift","osm":"way/24189364"},"geometry":{"type":"LineString","coordinates":[[10.97541,46.97519],[10.95711,46.96644]]}},{"type":"Feature","properties":{"kind":"lift","difficulty":null,"name":"Giggijoch","aerialway":"chair_lift","osm":"way/24189365"},"geometry":{"type":"LineString","coordinates":[[10.97512,46.97607],[10.96062,46.97136]]}},{"type":"Feature","properties":{"kind":"lift","difficulty":null,"name":"Roßkirplbahn","aerialway":"chair_lift","osm":"way/24189366"},"geometry":{"type":"LineString","coordinates":[[10.97527,46.97712],[10.95421,46.97656]]}},{"type":"Feature","properties":{"kind":"lift","difficulty":null,"name":"Langeggbahn","aerialway":"chair_lift","osm":"way/24189367"},"geometry":{"type":"LineString","coordinates":[[10.98676,46.9658],[10.95854,46.96572]]}},{"type":"Feature","properties":{"kind":"lift","difficulty":null,"name":"Tiefenbachbahn","aerialway":"gondola","osm":"way/28523287"},"geometry":{"type":"LineString","coordinates":[[10.94478,46.92295],[10.91854,46.92059]]}},{"type":"Feature","properties":{"kind":"lift","difficulty":null,"name":"Seiterkar","aerialway":"chair_lift","osm":"way/28523289"},"geometry":{"type":"LineString","coordinates":[[10.94527,46.92342],[10.93844,46.92989]]}},{"type":"Feature","properties":{"kind":"lift","difficulty":null,"name":"Schwarze Schneid I","aerialway":"gondola","osm":"way/28523290"},"geometry":{"type":"LineString","coordinates":[[10.93158,46.94104],[10.92458,46.93445]]}},{"type":"Feature","properties":{"kind":"lift","difficulty":null,"name":"Karleskogl","aerialway":"t-bar","osm":"way/28523291"},"geometry":{"type":"LineString","coordinates":[[10.92605,46.93299],[10.92581,46.9244]]}},{"type":"Feature","properties":{"kind":"lift","difficulty":null,"name":"Rifflseebahn","aerialway":"gondola","osm":"way/29006418"},"geometry":{"type":"LineString","coordinates":[[10.86985,46.96861],[10.85384,46.96731]]}},{"type":"Feature","properties":{"kind":"lift","difficulty":null,"name":"Giggijochbahn","aerialway":"gondola","osm":"way/29330800"},"geometry":{"type":"LineString","coordinates":[[11.00868,46.9725],[10.97598,46.97526]]}},{"type":"Feature","properties":{"kind":"lift","difficulty":null,"name":"Seiterjöchl","aerialway":"t-bar","osm":"way/30247778"},"geometry":{"type":"LineString","coordinates":[[10.94304,46.94305],[10.93796,46.93]]}},{"type":"Feature","properties":{"kind":"lift","difficulty":null,"name":"Gletscherexpress","aerialway":"gondola","osm":"way/30247784"},"geometry":{"type":"LineString","coordinates":[[10.94039,46.95522],[10.93274,46.94155]]}},{"type":"Feature","properties":{"kind":"lift","difficulty":null,"name":"Schwarzkogl","aerialway":"chair_lift","osm":"way/30247788"},"geometry":{"type":"LineString","coordinates":[[10.94987,46.95782],[10.93967,46.96367]]}},{"type":"Feature","properties":{"kind":"lift","difficulty":null,"name":"Einzeiger","aerialway":"chair_lift","osm":"way/30247791"},"geometry":{"type":"LineString","coordinates":[[10.95357,46.95762],[10.93969,46.95584]]}},{"type":"Feature","properties":{"kind":"lift","difficulty":null,"name":"Seekogl","aerialway":"chair_lift","osm":"way/30247796"},"geometry":{"type":"LineString","coordinates":[[10.95429,46.9582],[10.95808,46.96562]]}},{"type":"Feature","properties":{"kind":"lift","difficulty":null,"name":"Rotkogl II","aerialway":"gondola","osm":"way/30247801"},"geometry":{"type":"LineString","coordinates":[[10.98268,46.97629],[10.97503,46.97771]]}},{"type":"Feature","properties":{"kind":"lift","difficulty":null,"name":"Stabele","aerialway":"chair_lift","osm":"way/30247809"},"geometry":{"type":"LineString","coordinates":[[10.98249,46.96513],[10.97731,46.95683]]}},{"type":"Feature","properties":{"kind":"lift","difficulty":null,"name":"Gratl","aerialway":"chair_lift","osm":"way/30247815"},"geometry":{"type":"LineString","coordinates":[[10.98648,46.95608],[10.97353,46.95438]]}},{"type":"Feature","properties":{"kind":"lift","difficulty":null,"name":"Hochgurglbahn I","aerialway":"gondola","osm":"way/30752537"},"geometry":{"type":"LineString","coordinates":[[11.04074,46.8978],[11.05195,46.89923]]}},{"type":"Feature","properties":{"kind":"lift","difficulty":null,"name":"Hochgurglbahn II","aerialway":"gondola","osm":"way/30752538"},"geometry":{"type":"LineString","coordinates":[[11.05195,46.89923],[11.07379,46.8867]]}},{"type":"Feature","properties":{"kind":"lift","difficulty":null,"name":"Vorderer Wurmkogllift I","aerialway":"t-bar","osm":"way/30752539"},"geometry":{"type":"LineString","coordinates":[[11.04512,46.89284],[11.06388,46.88877]]}},{"type":"Feature","properties":{"kind":"lift","difficulty":null,"name":"Gaislachkoglbahn I","aerialway":"gondola","osm":"way/30816314"},"geometry":{"type":"LineString","coordinates":[[11.00942,46.96],[10.98799,46.95096]]}},{"type":"Feature","properties":{"kind":"lift","difficulty":null,"name":"Wasserkar","aerialway":"chair_lift","osm":"way/30816315"},"geometry":{"type":"LineString","coordinates":[[10.99703,46.95448],[10.98386,46.94597]]}},{"type":"Feature","properties":{"kind":"lift","difficulty":null,"name":"Heidebahn","aerialway":"chair_lift","osm":"way/30816316"},"geometry":{"type":"LineString","coordinates":[[11.00291,46.93953],[10.98413,46.9449]]}},{"type":"Feature","properties":{"kind":"lift","difficulty":null,"name":"Gaislachalm","aerialway":"t-bar","osm":"way/30816317"},"geometry":{"type":"LineString","coordinates":[[11.00294,46.93616],[10.99609,46.93786]]}},{"type":"Feature","properties":{"kind":"lift","difficulty":null,"name":"Gaislachkoglbahn II","aerialway":"gondola","osm":"way/33181584"},"geometry":{"type":"LineString","coordinates":[[10.98789,46.95123],[10.96719,46.94247]]}},{"type":"Feature","properties":{"kind":"lift","difficulty":null,"name":"Mutkogl","aerialway":"t-bar","osm":"way/44044858"},"geometry":{"type":"LineString","coordinates":[[10.94643,46.92207],[10.9191,46.91691]]}},{"type":"Feature","properties":{"kind":"lift","difficulty":null,"name":"Mini Tiefenbach","aerialway":"platter","osm":"way/44044859"},"geometry":{"type":"LineString","coordinates":[[10.94792,46.92089],[10.94386,46.91917]]}},{"type":"Feature","properties":{"kind":"lift","difficulty":null,"name":"Mittagskogel","aerialway":"platter","osm":"way/47422475"},"geometry":{"type":"LineString","coordinates":[[10.87863,46.92655],[10.8738,46.928]]}},{"type":"Feature","properties":{"kind":"lift","difficulty":null,"name":null,"aerialway":"magic_carpet","osm":"way/95648828"},"geometry":{"type":"LineString","coordinates":[[10.87814,46.92615],[10.87725,46.92612]]}},{"type":"Feature","properties":{"kind":"lift","difficulty":null,"name":"Übungslift Mandarfen","aerialway":"platter","osm":"way/133135170"},"geometry":{"type":"LineString","coordinates":[[10.8695,46.97078],[10.87369,46.97137]]}},{"type":"Feature","properties":{"kind":"lift","difficulty":null,"name":"Schwarze Schneid II","aerialway":"gondola","osm":"way/140592069"},"geometry":{"type":"LineString","coordinates":[[10.92458,46.93445],[10.92951,46.92586]]}},{"type":"Feature","properties":{"kind":"lift","difficulty":null,"name":"Kirchenkarbahn I","aerialway":"gondola","osm":"way/154159139"},"geometry":{"type":"LineString","coordinates":[[11.05329,46.90928],[11.07121,46.90397]]}},{"type":"Feature","properties":{"kind":"lift","difficulty":null,"name":"Krumpwasserlift","aerialway":"t-bar","osm":"way/154159147"},"geometry":{"type":"LineString","coordinates":[[11.05184,46.90218],[11.0584,46.90338]]}},{"type":"Feature","properties":{"kind":"lift","difficulty":null,"name":"Minilift Giggijoch","aerialway":"platter","osm":"way/197171962"},"geometry":{"type":"LineString","coordinates":[[10.97556,46.97483],[10.97345,46.97394]]}},{"type":"Feature","properties":{"kind":"lift","difficulty":null,"name":"Innerwald I","aerialway":"t-bar","osm":"way/348445004"},"geometry":{"type":"LineString","coordinates":[[11.00398,46.96356],[10.99863,46.96209]]}},{"type":"Feature","properties":{"kind":"lift","difficulty":null,"name":"Innerwald II","aerialway":"t-bar","osm":"way/348445005"},"geometry":{"type":"LineString","coordinates":[[11.00396,46.96361],[10.99967,46.96241]]}},{"type":"Feature","properties":{"kind":"lift","difficulty":null,"name":null,"aerialway":"magic_carpet","osm":"way/448535312"},"geometry":{"type":"LineString","coordinates":[[10.97414,46.97658],[10.97385,46.97655]]}},{"type":"Feature","properties":{"kind":"lift","difficulty":null,"name":null,"aerialway":"magic_carpet","osm":"way/448535313"},"geometry":{"type":"LineString","coordinates":[[10.97441,46.97683],[10.97389,46.97677]]}},{"type":"Feature","properties":{"kind":"lift","difficulty":null,"name":null,"aerialway":"magic_carpet","osm":"way/448535315"},"geometry":{"type":"LineString","coordinates":[[10.97453,46.97665],[10.97428,46.97662]]}},{"type":"Feature","properties":{"kind":"lift","difficulty":null,"name":null,"aerialway":"magic_carpet","osm":"way/705220570"},"geometry":{"type":"LineString","coordinates":[[10.97449,46.97674],[10.97423,46.97671]]}},{"type":"Feature","properties":{"kind":"lift","difficulty":null,"name":null,"aerialway":"magic_carpet","osm":"way/705220571"},"geometry":{"type":"LineString","coordinates":[[10.97446,46.97694],[10.9742,46.97691]]}},{"type":"Feature","properties":{"kind":"lift","difficulty":null,"name":null,"aerialway":"rope_tow","osm":"way/777561186"},"geometry":{"type":"LineString","coordinates":[[10.99575,46.93397],[10.99659,46.93415]]}},{"type":"Feature","properties":{"kind":"lift","difficulty":null,"name":"Gletscherband","aerialway":"magic_carpet","osm":"way/978725447"},"geometry":{"type":"LineString","coordinates":[[10.93483,46.94019],[10.93254,46.94012]]}},{"type":"Feature","properties":{"kind":"lift","difficulty":null,"name":"Rotkogl I","aerialway":"gondola","osm":"way/1547800361"},"geometry":{"type":"LineString","coordinates":[[10.98979,46.97497],[10.98268,46.97629]]}}]}